idx,d,units
0,1548,2.0
1,1548,3.0
2,1548,0.0
3,1548,0.0
4,1548,0.0
5,1548,0.0
6,1548,1.0
7,1548,0.0
8,1548,0.0
9,1548,2.0
10,1548,17.0
11,1548,0.0
12,1548,0.0
13,1548,0.0
14,1548,0.0
15,1548,3.0
16,1548,0.0
17,1548,0.0
18,1548,0.0
19,1548,1.0
20,1548,0.0
21,1548,0.0
22,1548,0.0
23,1548,0.0
24,1548,2.0
25,1548,1.0
26,1548,3.0
27,1548,0.0
28,1548,0.0
29,1548,3.0
30,1548,2.0
31,1548,0.0
32,1548,2.0
33,1548,4.0
34,1548,2.0
35,1548,6.0
36,1548,0.0
37,1548,0.0
38,1548,0.0
39,1548,5.0
40,1548,1.0
41,1548,4.0
42,1548,0.0
43,1548,1.0
44,1548,1.0
45,1548,0.0
46,1548,4.0
47,1548,4.0
48,1548,4.0
49,1548,2.0
50,1548,1.0
51,1548,0.0
52,1548,5.0
53,1548,64.0
54,1548,0.0
55,1548,0.0
56,1548,3.0
57,1548,2.0
58,1548,0.0
59,1548,0.0
60,1548,0.0
61,1548,24.0
62,1548,3.0
63,1548,1.0
64,1548,3.0
65,1548,0.0
66,1548,10.0
67,1548,7.0
68,1548,2.0
69,1548,1.0
70,1548,1.0
71,1548,3.0
72,1548,15.0
73,1548,0.0
74,1548,0.0
75,1548,2.0
76,1548,0.0
77,1548,4.0
78,1548,5.0
79,1548,0.0
80,1548,20.0
81,1548,0.0
82,1548,0.0
83,1548,0.0
84,1548,2.0
85,1548,37.0
86,1548,8.0
87,1548,0.0
88,1548,1.0
89,1548,1.0
90,1548,1.0
91,1548,2.0
92,1548,20.0
93,1548,0.0
94,1548,0.0
95,1548,13.0
96,1548,7.0
97,1548,0.0
98,1548,6.0
99,1548,1.0
100,1548,2.0
101,1548,0.0
102,1548,0.0
103,1548,2.0
104,1548,8.0
105,1548,0.0
106,1548,0.0
107,1548,0.0
108,1548,4.0
109,1548,3.0
110,1548,4.0
111,1548,0.0
112,1548,1.0
113,1548,0.0
114,1548,0.0
115,1548,0.0
116,1548,4.0
117,1548,2.0
118,1548,0.0
119,1548,2.0
120,1548,0.0
121,1548,0.0
122,1548,2.0
123,1548,1.0
124,1548,1.0
125,1548,4.0
126,1548,0.0
127,1548,1.0
128,1548,0.0
129,1548,5.0
130,1548,5.0
131,1548,6.0
132,1548,2.0
133,1548,1.0
134,1548,0.0
135,1548,0.0
136,1548,0.0
137,1548,1.0
138,1548,0.0
139,1548,0.0
140,1548,0.0
141,1548,0.0
142,1548,1.0
143,1548,1.0
144,1548,0.0
145,1548,2.0
146,1548,0.0
147,1548,4.0
148,1548,1.0
149,1548,0.0
150,1548,4.0
151,1548,7.0
152,1548,9.0
153,1548,1.0
154,1548,3.0
155,1548,2.0
156,1548,0.0
157,1548,0.0
158,1548,0.0
159,1548,2.0
160,1548,6.0
161,1548,0.0
162,1548,6.0
163,1548,6.0
164,1548,0.0
165,1548,1.0
166,1548,5.0
167,1548,11.0
168,1548,19.0
169,1548,11.0
170,1548,1.0
171,1548,3.0
172,1548,1.0
173,1548,2.0
174,1548,0.0
175,1548,0.0
176,1548,0.0
177,1548,0.0
178,1548,0.0
179,1548,0.0
180,1548,2.0
181,1548,0.0
182,1548,5.0
183,1548,0.0
184,1548,0.0
185,1548,0.0
186,1548,0.0
187,1548,1.0
188,1548,7.0
189,1548,0.0
190,1548,3.0
191,1548,0.0
192,1548,0.0
193,1548,0.0
194,1548,2.0
195,1548,2.0
196,1548,0.0
197,1548,0.0
198,1548,0.0
199,1548,1.0
0,1549,0.0
1,1549,0.0
2,1549,14.0
3,1549,0.0
4,1549,2.0
5,1549,3.0
6,1549,0.0
7,1549,0.0
8,1549,0.0
9,1549,0.0
10,1549,12.0
11,1549,0.0
12,1549,0.0
13,1549,3.0
14,1549,0.0
15,1549,2.0
16,1549,0.0
17,1549,2.0
18,1549,1.0
19,1549,0.0
20,1549,0.0
21,1549,1.0
22,1549,1.0
23,1549,0.0
24,1549,2.0
25,1549,1.0
26,1549,0.0
27,1549,0.0
28,1549,1.0
29,1549,0.0
30,1549,0.0
31,1549,0.0
32,1549,1.0
33,1549,8.0
34,1549,1.0
35,1549,12.0
36,1549,2.0
37,1549,0.0
38,1549,0.0
39,1549,0.0
40,1549,1.0
41,1549,2.0
42,1549,3.0
43,1549,2.0
44,1549,0.0
45,1549,1.0
46,1549,2.0
47,1549,5.0
48,1549,4.0
49,1549,6.0
50,1549,0.0
51,1549,0.0
52,1549,3.0
53,1549,77.0
54,1549,2.0
55,1549,1.0
56,1549,0.0
57,1549,1.0
58,1549,0.0
59,1549,0.0
60,1549,0.0
61,1549,24.0
62,1549,1.0
63,1549,0.0
64,1549,1.0
65,1549,1.0
66,1549,10.0
67,1549,2.0
68,1549,3.0
69,1549,1.0
70,1549,1.0
71,1549,0.0
72,1549,25.0
73,1549,0.0
74,1549,0.0
75,1549,3.0
76,1549,0.0
77,1549,5.0
78,1549,2.0
79,1549,2.0
80,1549,38.0
81,1549,2.0
82,1549,0.0
83,1549,0.0
84,1549,0.0
85,1549,57.0
86,1549,5.0
87,1549,1.0
88,1549,5.0
89,1549,0.0
90,1549,0.0
91,1549,1.0
92,1549,5.0
93,1549,0.0
94,1549,0.0
95,1549,7.0
96,1549,19.0
97,1549,2.0
98,1549,2.0
99,1549,0.0
100,1549,0.0
101,1549,0.0
102,1549,2.0
103,1549,3.0
104,1549,18.0
105,1549,0.0
106,1549,0.0
107,1549,0.0
108,1549,3.0
109,1549,1.0
110,1549,3.0
111,1549,1.0
112,1549,1.0
113,1549,0.0
114,1549,0.0
115,1549,0.0
116,1549,1.0
117,1549,3.0
118,1549,1.0
119,1549,4.0
120,1549,0.0
121,1549,0.0
122,1549,1.0
123,1549,0.0
124,1549,3.0
125,1549,4.0
126,1549,0.0
127,1549,3.0
128,1549,0.0
129,1549,8.0
130,1549,4.0
131,1549,3.0
132,1549,2.0
133,1549,0.0
134,1549,1.0
135,1549,0.0
136,1549,2.0
137,1549,1.0
138,1549,0.0
139,1549,0.0
140,1549,0.0
141,1549,2.0
142,1549,0.0
143,1549,2.0
144,1549,3.0
145,1549,1.0
146,1549,1.0
147,1549,0.0
148,1549,1.0
149,1549,0.0
150,1549,4.0
151,1549,9.0
152,1549,1.0
153,1549,0.0
154,1549,4.0
155,1549,0.0
156,1549,1.0
157,1549,0.0
158,1549,1.0
159,1549,5.0
160,1549,10.0
161,1549,0.0
162,1549,11.0
163,1549,11.0
164,1549,0.0
165,1549,2.0
166,1549,0.0
167,1549,7.0
168,1549,21.0
169,1549,9.0
170,1549,1.0
171,1549,0.0
172,1549,4.0
173,1549,1.0
174,1549,0.0
175,1549,4.0
176,1549,1.0
177,1549,0.0
178,1549,1.0
179,1549,1.0
180,1549,0.0
181,1549,0.0
182,1549,0.0
183,1549,0.0
184,1549,1.0
185,1549,0.0
186,1549,2.0
187,1549,0.0
188,1549,5.0
189,1549,0.0
190,1549,3.0
191,1549,1.0
192,1549,0.0
193,1549,1.0
194,1549,1.0
195,1549,0.0
196,1549,0.0
197,1549,0.0
198,1549,0.0
199,1549,0.0
0,1550,1.0
1,1550,2.0
2,1550,9.0
3,1550,0.0
4,1550,0.0
5,1550,0.0
6,1550,1.0
7,1550,0.0
8,1550,0.0
9,1550,1.0
10,1550,14.0
11,1550,0.0
12,1550,0.0
13,1550,1.0
14,1550,0.0
15,1550,0.0
16,1550,1.0
17,1550,0.0
18,1550,2.0
19,1550,2.0
20,1550,4.0
21,1550,0.0
22,1550,2.0
23,1550,0.0
24,1550,3.0
25,1550,0.0
26,1550,1.0
27,1550,0.0
28,1550,2.0
29,1550,2.0
30,1550,2.0
31,1550,0.0
32,1550,0.0
33,1550,9.0
34,1550,1.0
35,1550,0.0
36,1550,1.0
37,1550,0.0
38,1550,1.0
39,1550,3.0
40,1550,1.0
41,1550,2.0
42,1550,4.0
43,1550,0.0
44,1550,1.0
45,1550,4.0
46,1550,0.0
47,1550,2.0
48,1550,6.0
49,1550,3.0
50,1550,0.0
51,1550,0.0
52,1550,2.0
53,1550,9.0
54,1550,0.0
55,1550,0.0
56,1550,1.0
57,1550,3.0
58,1550,2.0
59,1550,2.0
60,1550,0.0
61,1550,15.0
62,1550,0.0
63,1550,5.0
64,1550,6.0
65,1550,0.0
66,1550,9.0
67,1550,4.0
68,1550,2.0
69,1550,0.0
70,1550,2.0
71,1550,1.0
72,1550,15.0
73,1550,0.0
74,1550,0.0
75,1550,1.0
76,1550,0.0
77,1550,1.0
78,1550,4.0
79,1550,1.0
80,1550,25.0
81,1550,0.0
82,1550,0.0
83,1550,0.0
84,1550,1.0
85,1550,30.0
86,1550,3.0
87,1550,0.0
88,1550,1.0
89,1550,0.0
90,1550,1.0
91,1550,2.0
92,1550,6.0
93,1550,0.0
94,1550,1.0
95,1550,5.0
96,1550,6.0
97,1550,1.0
98,1550,0.0
99,1550,0.0
100,1550,0.0
101,1550,0.0
102,1550,0.0
103,1550,0.0
104,1550,12.0
105,1550,0.0
106,1550,0.0
107,1550,0.0
108,1550,2.0
109,1550,2.0
110,1550,4.0
111,1550,0.0
112,1550,2.0
113,1550,0.0
114,1550,0.0
115,1550,0.0
116,1550,1.0
117,1550,1.0
118,1550,0.0
119,1550,6.0
120,1550,0.0
121,1550,0.0
122,1550,0.0
123,1550,0.0
124,1550,2.0
125,1550,1.0
126,1550,0.0
127,1550,0.0
128,1550,0.0
129,1550,2.0
130,1550,3.0
131,1550,6.0
132,1550,2.0
133,1550,1.0
134,1550,0.0
135,1550,0.0
136,1550,1.0
137,1550,1.0
138,1550,0.0
139,1550,0.0
140,1550,0.0
141,1550,1.0
142,1550,0.0
143,1550,3.0
144,1550,2.0
145,1550,0.0
146,1550,1.0
147,1550,0.0
148,1550,0.0
149,1550,0.0
150,1550,5.0
151,1550,10.0
152,1550,5.0
153,1550,0.0
154,1550,1.0
155,1550,4.0
156,1550,0.0
157,1550,0.0
158,1550,1.0
159,1550,5.0
160,1550,3.0
161,1550,0.0
162,1550,4.0
163,1550,4.0
164,1550,0.0
165,1550,1.0
166,1550,0.0
167,1550,5.0
168,1550,6.0
169,1550,11.0
170,1550,0.0
171,1550,4.0
172,1550,1.0
173,1550,2.0
174,1550,0.0
175,1550,3.0
176,1550,0.0
177,1550,2.0
178,1550,1.0
179,1550,0.0
180,1550,0.0
181,1550,0.0
182,1550,1.0
183,1550,0.0
184,1550,2.0
185,1550,0.0
186,1550,0.0
187,1550,0.0
188,1550,0.0
189,1550,1.0
190,1550,0.0
191,1550,0.0
192,1550,0.0
193,1550,0.0
194,1550,2.0
195,1550,0.0
196,1550,0.0
197,1550,0.0
198,1550,1.0
199,1550,0.0
0,1551,0.0
1,1551,1.0
2,1551,10.0
3,1551,2.0
4,1551,0.0
5,1551,0.0
6,1551,2.0
7,1551,0.0
8,1551,0.0
9,1551,1.0
10,1551,5.0
11,1551,0.0
12,1551,0.0
13,1551,0.0
14,1551,0.0
15,1551,3.0
16,1551,1.0
17,1551,0.0
18,1551,0.0
19,1551,1.0
20,1551,0.0
21,1551,0.0
22,1551,0.0
23,1551,0.0
24,1551,1.0
25,1551,0.0
26,1551,1.0
27,1551,1.0
28,1551,1.0
29,1551,0.0
30,1551,2.0
31,1551,0.0
32,1551,0.0
33,1551,3.0
34,1551,3.0
35,1551,0.0
36,1551,0.0
37,1551,0.0
38,1551,2.0
39,1551,0.0
40,1551,4.0
41,1551,1.0
42,1551,0.0
43,1551,0.0
44,1551,1.0
45,1551,0.0
46,1551,0.0
47,1551,1.0
48,1551,3.0
49,1551,0.0
50,1551,0.0
51,1551,0.0
52,1551,3.0
53,1551,10.0
54,1551,1.0
55,1551,0.0
56,1551,0.0
57,1551,0.0
58,1551,0.0
59,1551,1.0
60,1551,0.0
61,1551,13.0
62,1551,1.0
63,1551,1.0
64,1551,2.0
65,1551,0.0
66,1551,6.0
67,1551,5.0
68,1551,8.0
69,1551,0.0
70,1551,0.0
71,1551,2.0
72,1551,6.0
73,1551,0.0
74,1551,0.0
75,1551,1.0
76,1551,0.0
77,1551,1.0
78,1551,2.0
79,1551,2.0
80,1551,12.0
81,1551,1.0
82,1551,0.0
83,1551,0.0
84,1551,3.0
85,1551,28.0
86,1551,1.0
87,1551,0.0
88,1551,5.0
89,1551,0.0
90,1551,0.0
91,1551,0.0
92,1551,9.0
93,1551,0.0
94,1551,2.0
95,1551,5.0
96,1551,6.0
97,1551,0.0
98,1551,0.0
99,1551,0.0
100,1551,0.0
101,1551,0.0
102,1551,1.0
103,1551,1.0
104,1551,8.0
105,1551,2.0
106,1551,0.0
107,1551,0.0
108,1551,2.0
109,1551,2.0
110,1551,7.0
111,1551,0.0
112,1551,0.0
113,1551,0.0
114,1551,0.0
115,1551,0.0
116,1551,0.0
117,1551,1.0
118,1551,1.0
119,1551,4.0
120,1551,0.0
121,1551,1.0
122,1551,0.0
123,1551,0.0
124,1551,0.0
125,1551,1.0
126,1551,0.0
127,1551,1.0
128,1551,0.0
129,1551,0.0
130,1551,0.0
131,1551,1.0
132,1551,0.0
133,1551,0.0
134,1551,0.0
135,1551,0.0
136,1551,2.0
137,1551,1.0
138,1551,0.0
139,1551,0.0
140,1551,0.0
141,1551,1.0
142,1551,0.0
143,1551,0.0
144,1551,5.0
145,1551,0.0
146,1551,1.0
147,1551,0.0
148,1551,0.0
149,1551,1.0
150,1551,1.0
151,1551,4.0
152,1551,5.0
153,1551,2.0
154,1551,1.0
155,1551,1.0
156,1551,1.0
157,1551,0.0
158,1551,0.0
159,1551,2.0
160,1551,3.0
161,1551,0.0
162,1551,4.0
163,1551,0.0
164,1551,0.0
165,1551,1.0
166,1551,0.0
167,1551,1.0
168,1551,8.0
169,1551,9.0
170,1551,0.0
171,1551,4.0
172,1551,0.0
173,1551,4.0
174,1551,0.0
175,1551,1.0
176,1551,1.0
177,1551,1.0
178,1551,1.0
179,1551,0.0
180,1551,2.0
181,1551,0.0
182,1551,1.0
183,1551,0.0
184,1551,0.0
185,1551,0.0
186,1551,0.0
187,1551,0.0
188,1551,0.0
189,1551,0.0
190,1551,0.0
191,1551,0.0
192,1551,0.0
193,1551,2.0
194,1551,2.0
195,1551,0.0
196,1551,3.0
197,1551,0.0
198,1551,0.0
199,1551,1.0
0,1552,2.0
1,1552,1.0
2,1552,7.0
3,1552,0.0
4,1552,0.0
5,1552,2.0
6,1552,2.0
7,1552,0.0
8,1552,0.0
9,1552,1.0
10,1552,9.0
11,1552,0.0
12,1552,0.0
13,1552,0.0
14,1552,0.0
15,1552,0.0
16,1552,3.0
17,1552,1.0
18,1552,0.0
19,1552,1.0
20,1552,0.0
21,1552,0.0
22,1552,0.0
23,1552,0.0
24,1552,0.0
25,1552,0.0
26,1552,0.0
27,1552,1.0
28,1552,0.0
29,1552,0.0
30,1552,0.0
31,1552,0.0
32,1552,0.0
33,1552,2.0
34,1552,5.0
35,1552,0.0
36,1552,0.0
37,1552,0.0
38,1552,0.0
39,1552,5.0
40,1552,0.0
41,1552,2.0
42,1552,5.0
43,1552,1.0
44,1552,2.0
45,1552,0.0
46,1552,0.0
47,1552,1.0
48,1552,5.0
49,1552,0.0
50,1552,0.0
51,1552,0.0
52,1552,2.0
53,1552,22.0
54,1552,0.0
55,1552,0.0
56,1552,0.0
57,1552,0.0
58,1552,1.0
59,1552,1.0
60,1552,0.0
61,1552,11.0
62,1552,1.0
63,1552,4.0
64,1552,1.0
65,1552,1.0
66,1552,0.0
67,1552,1.0
68,1552,6.0
69,1552,1.0
70,1552,4.0
71,1552,4.0
72,1552,9.0
73,1552,0.0
74,1552,0.0
75,1552,0.0
76,1552,0.0
77,1552,0.0
78,1552,2.0
79,1552,3.0
80,1552,17.0
81,1552,1.0
82,1552,0.0
83,1552,0.0
84,1552,3.0
85,1552,28.0
86,1552,1.0
87,1552,0.0
88,1552,5.0
89,1552,0.0
90,1552,0.0
91,1552,3.0
92,1552,7.0
93,1552,2.0
94,1552,0.0
95,1552,5.0
96,1552,7.0
97,1552,0.0
98,1552,0.0
99,1552,1.0
100,1552,0.0
101,1552,0.0
102,1552,0.0
103,1552,1.0
104,1552,2.0
105,1552,2.0
106,1552,0.0
107,1552,0.0
108,1552,2.0
109,1552,4.0
110,1552,3.0
111,1552,2.0
112,1552,6.0
113,1552,0.0
114,1552,0.0
115,1552,0.0
116,1552,1.0
117,1552,0.0
118,1552,0.0
119,1552,6.0
120,1552,0.0
121,1552,2.0
122,1552,1.0
123,1552,0.0
124,1552,0.0
125,1552,1.0
126,1552,0.0
127,1552,2.0
128,1552,0.0
129,1552,2.0
130,1552,1.0
131,1552,3.0
132,1552,2.0
133,1552,0.0
134,1552,1.0
135,1552,0.0
136,1552,0.0
137,1552,0.0
138,1552,0.0
139,1552,0.0
140,1552,0.0
141,1552,0.0
142,1552,0.0
143,1552,1.0
144,1552,0.0
145,1552,0.0
146,1552,5.0
147,1552,0.0
148,1552,0.0
149,1552,1.0
150,1552,6.0
151,1552,0.0
152,1552,0.0
153,1552,2.0
154,1552,2.0
155,1552,1.0
156,1552,0.0
157,1552,0.0
158,1552,2.0
159,1552,7.0
160,1552,3.0
161,1552,0.0
162,1552,0.0
163,1552,0.0
164,1552,0.0
165,1552,1.0
166,1552,0.0
167,1552,3.0
168,1552,2.0
169,1552,5.0
170,1552,0.0
171,1552,8.0
172,1552,1.0
173,1552,2.0
174,1552,0.0
175,1552,2.0
176,1552,1.0
177,1552,0.0
178,1552,1.0
179,1552,0.0
180,1552,0.0
181,1552,0.0
182,1552,2.0
183,1552,0.0
184,1552,3.0
185,1552,0.0
186,1552,0.0
187,1552,0.0
188,1552,2.0
189,1552,0.0
190,1552,1.0
191,1552,0.0
192,1552,0.0
193,1552,0.0
194,1552,3.0
195,1552,1.0
196,1552,0.0
197,1552,0.0
198,1552,1.0
199,1552,0.0
0,1553,3.0
1,1553,1.0
2,1553,1.0
3,1553,0.0
4,1553,3.0
5,1553,0.0
6,1553,0.0
7,1553,0.0
8,1553,0.0
9,1553,4.0
10,1553,7.0
11,1553,0.0
12,1553,0.0
13,1553,2.0
14,1553,0.0
15,1553,0.0
16,1553,0.0
17,1553,1.0
18,1553,3.0
19,1553,0.0
20,1553,0.0
21,1553,0.0
22,1553,4.0
23,1553,1.0
24,1553,1.0
25,1553,0.0
26,1553,0.0
27,1553,0.0
28,1553,3.0
29,1553,2.0
30,1553,0.0
31,1553,0.0
32,1553,0.0
33,1553,1.0
34,1553,0.0
35,1553,2.0
36,1553,0.0
37,1553,0.0
38,1553,1.0
39,1553,1.0
40,1553,1.0
41,1553,1.0
42,1553,5.0
43,1553,0.0
44,1553,1.0
45,1553,0.0
46,1553,4.0
47,1553,1.0
48,1553,7.0
49,1553,0.0
50,1553,1.0
51,1553,0.0
52,1553,2.0
53,1553,41.0
54,1553,2.0
55,1553,1.0
56,1553,5.0
57,1553,3.0
58,1553,2.0
59,1553,2.0
60,1553,0.0
61,1553,18.0
62,1553,3.0
63,1553,1.0
64,1553,1.0
65,1553,0.0
66,1553,5.0
67,1553,3.0
68,1553,4.0
69,1553,0.0
70,1553,2.0
71,1553,4.0
72,1553,3.0
73,1553,0.0
74,1553,0.0
75,1553,2.0
76,1553,0.0
77,1553,5.0
78,1553,0.0
79,1553,0.0
80,1553,20.0
81,1553,0.0
82,1553,0.0
83,1553,0.0
84,1553,5.0
85,1553,37.0
86,1553,0.0
87,1553,0.0
88,1553,2.0
89,1553,1.0
90,1553,1.0
91,1553,4.0
92,1553,10.0
93,1553,0.0
94,1553,2.0
95,1553,6.0
96,1553,2.0
97,1553,0.0
98,1553,0.0
99,1553,0.0
100,1553,1.0
101,1553,0.0
102,1553,0.0
103,1553,0.0
104,1553,7.0
105,1553,2.0
106,1553,0.0
107,1553,0.0
108,1553,3.0
109,1553,7.0
110,1553,3.0
111,1553,1.0
112,1553,3.0
113,1553,0.0
114,1553,0.0
115,1553,0.0
116,1553,0.0
117,1553,0.0
118,1553,1.0
119,1553,2.0
120,1553,0.0
121,1553,0.0
122,1553,1.0
123,1553,1.0
124,1553,1.0
125,1553,3.0
126,1553,0.0
127,1553,3.0
128,1553,0.0
129,1553,3.0
130,1553,1.0
131,1553,0.0
132,1553,3.0
133,1553,1.0
134,1553,0.0
135,1553,0.0
136,1553,0.0
137,1553,0.0
138,1553,0.0
139,1553,1.0
140,1553,0.0
141,1553,0.0
142,1553,0.0
143,1553,1.0
144,1553,2.0
145,1553,1.0
146,1553,0.0
147,1553,0.0
148,1553,0.0
149,1553,0.0
150,1553,6.0
151,1553,0.0
152,1553,0.0
153,1553,1.0
154,1553,0.0
155,1553,1.0
156,1553,0.0
157,1553,5.0
158,1553,2.0
159,1553,3.0
160,1553,3.0
161,1553,0.0
162,1553,1.0
163,1553,0.0
164,1553,0.0
165,1553,0.0
166,1553,0.0
167,1553,0.0
168,1553,6.0
169,1553,4.0
170,1553,0.0
171,1553,6.0
172,1553,5.0
173,1553,3.0
174,1553,0.0
175,1553,0.0
176,1553,0.0
177,1553,1.0
178,1553,0.0
179,1553,0.0
180,1553,1.0
181,1553,0.0
182,1553,2.0
183,1553,0.0
184,1553,1.0
185,1553,0.0
186,1553,0.0
187,1553,0.0
188,1553,1.0
189,1553,0.0
190,1553,0.0
191,1553,0.0
192,1553,0.0
193,1553,3.0
194,1553,1.0
195,1553,1.0
196,1553,0.0
197,1553,0.0
198,1553,0.0
199,1553,0.0
0,1554,1.0
1,1554,1.0
2,1554,12.0
3,1554,2.0
4,1554,0.0
5,1554,1.0
6,1554,2.0
7,1554,0.0
8,1554,1.0
9,1554,1.0
10,1554,16.0
11,1554,1.0
12,1554,0.0
13,1554,0.0
14,1554,0.0
15,1554,7.0
16,1554,0.0
17,1554,0.0
18,1554,2.0
19,1554,0.0
20,1554,0.0
21,1554,1.0
22,1554,4.0
23,1554,1.0
24,1554,2.0
25,1554,0.0
26,1554,0.0
27,1554,0.0
28,1554,2.0
29,1554,0.0
30,1554,1.0
31,1554,0.0
32,1554,1.0
33,1554,5.0
34,1554,2.0
35,1554,9.0
36,1554,1.0
37,1554,0.0
38,1554,0.0
39,1554,2.0
40,1554,1.0
41,1554,1.0
42,1554,0.0
43,1554,0.0
44,1554,0.0
45,1554,0.0
46,1554,3.0
47,1554,2.0
48,1554,9.0
49,1554,1.0
50,1554,0.0
51,1554,0.0
52,1554,0.0
53,1554,40.0
54,1554,1.0
55,1554,2.0
56,1554,4.0
57,1554,3.0
58,1554,1.0
59,1554,1.0
60,1554,0.0
61,1554,18.0
62,1554,6.0
63,1554,1.0
64,1554,4.0
65,1554,1.0
66,1554,15.0
67,1554,0.0
68,1554,5.0
69,1554,1.0
70,1554,4.0
71,1554,3.0
72,1554,11.0
73,1554,0.0
74,1554,0.0
75,1554,1.0
76,1554,0.0
77,1554,3.0
78,1554,1.0
79,1554,0.0
80,1554,33.0
81,1554,1.0
82,1554,0.0
83,1554,0.0
84,1554,7.0
85,1554,41.0
86,1554,2.0
87,1554,0.0
88,1554,3.0
89,1554,0.0
90,1554,1.0
91,1554,2.0
92,1554,14.0
93,1554,0.0
94,1554,3.0
95,1554,13.0
96,1554,4.0
97,1554,0.0
98,1554,0.0
99,1554,3.0
100,1554,1.0
101,1554,0.0
102,1554,0.0
103,1554,3.0
104,1554,5.0
105,1554,0.0
106,1554,0.0
107,1554,0.0
108,1554,3.0
109,1554,4.0
110,1554,12.0
111,1554,2.0
112,1554,3.0
113,1554,0.0
114,1554,0.0
115,1554,0.0
116,1554,1.0
117,1554,1.0
118,1554,1.0
119,1554,10.0
120,1554,0.0
121,1554,2.0
122,1554,1.0
123,1554,0.0
124,1554,2.0
125,1554,5.0
126,1554,0.0
127,1554,0.0
128,1554,0.0
129,1554,2.0
130,1554,2.0
131,1554,3.0
132,1554,1.0
133,1554,1.0
134,1554,0.0
135,1554,0.0
136,1554,1.0
137,1554,1.0
138,1554,0.0
139,1554,1.0
140,1554,0.0
141,1554,0.0
142,1554,0.0
143,1554,5.0
144,1554,0.0
145,1554,5.0
146,1554,2.0
147,1554,0.0
148,1554,0.0
149,1554,2.0
150,1554,3.0
151,1554,12.0
152,1554,5.0
153,1554,7.0
154,1554,5.0
155,1554,1.0
156,1554,0.0
157,1554,0.0
158,1554,2.0
159,1554,5.0
160,1554,5.0
161,1554,0.0
162,1554,2.0
163,1554,14.0
164,1554,0.0
165,1554,3.0
166,1554,0.0
167,1554,2.0
168,1554,6.0
169,1554,7.0
170,1554,1.0
171,1554,3.0
172,1554,2.0
173,1554,2.0
174,1554,0.0
175,1554,0.0
176,1554,2.0
177,1554,2.0
178,1554,0.0
179,1554,0.0
180,1554,4.0
181,1554,0.0
182,1554,2.0
183,1554,0.0
184,1554,1.0
185,1554,0.0
186,1554,0.0
187,1554,0.0
188,1554,7.0
189,1554,0.0
190,1554,0.0
191,1554,1.0
192,1554,0.0
193,1554,0.0
194,1554,2.0
195,1554,0.0
196,1554,2.0
197,1554,0.0
198,1554,1.0
199,1554,0.0
0,1555,3.0
1,1555,2.0
2,1555,13.0
3,1555,2.0
4,1555,0.0
5,1555,0.0
6,1555,3.0
7,1555,0.0
8,1555,0.0
9,1555,8.0
10,1555,20.0
11,1555,0.0
12,1555,0.0
13,1555,2.0
14,1555,0.0
15,1555,1.0
16,1555,1.0
17,1555,2.0
18,1555,0.0
19,1555,3.0
20,1555,0.0
21,1555,1.0
22,1555,3.0
23,1555,2.0
24,1555,1.0
25,1555,0.0
26,1555,2.0
27,1555,0.0
28,1555,2.0
29,1555,1.0
30,1555,0.0
31,1555,0.0
32,1555,0.0
33,1555,18.0
34,1555,3.0
35,1555,1.0
36,1555,0.0
37,1555,0.0
38,1555,1.0
39,1555,4.0
40,1555,1.0
41,1555,4.0
42,1555,6.0
43,1555,3.0
44,1555,1.0
45,1555,0.0
46,1555,6.0
47,1555,0.0
48,1555,6.0
49,1555,0.0
50,1555,0.0
51,1555,0.0
52,1555,1.0
53,1555,82.0
54,1555,0.0
55,1555,1.0
56,1555,3.0
57,1555,2.0
58,1555,2.0
59,1555,1.0
60,1555,0.0
61,1555,33.0
62,1555,7.0
63,1555,1.0
64,1555,5.0
65,1555,0.0
66,1555,9.0
67,1555,8.0
68,1555,6.0
69,1555,0.0
70,1555,2.0
71,1555,9.0
72,1555,12.0
73,1555,0.0
74,1555,3.0
75,1555,1.0
76,1555,0.0
77,1555,6.0
78,1555,1.0
79,1555,2.0
80,1555,19.0
81,1555,0.0
82,1555,0.0
83,1555,0.0
84,1555,3.0
85,1555,50.0
86,1555,8.0
87,1555,0.0
88,1555,4.0
89,1555,2.0
90,1555,0.0
91,1555,9.0
92,1555,18.0
93,1555,0.0
94,1555,1.0
95,1555,12.0
96,1555,8.0
97,1555,0.0
98,1555,0.0
99,1555,0.0
100,1555,2.0
101,1555,0.0
102,1555,1.0
103,1555,3.0
104,1555,2.0
105,1555,0.0
106,1555,0.0
107,1555,0.0
108,1555,3.0
109,1555,12.0
110,1555,25.0
111,1555,0.0
112,1555,2.0
113,1555,0.0
114,1555,0.0
115,1555,1.0
116,1555,3.0
117,1555,2.0
118,1555,0.0
119,1555,3.0
120,1555,0.0
121,1555,1.0
122,1555,4.0
123,1555,0.0
124,1555,2.0
125,1555,2.0
126,1555,0.0
127,1555,1.0
128,1555,0.0
129,1555,2.0
130,1555,4.0
131,1555,1.0
132,1555,1.0
133,1555,1.0
134,1555,0.0
135,1555,0.0
136,1555,0.0
137,1555,4.0
138,1555,0.0
139,1555,0.0
140,1555,0.0
141,1555,0.0
142,1555,0.0
143,1555,4.0
144,1555,4.0
145,1555,0.0
146,1555,0.0
147,1555,0.0
148,1555,0.0
149,1555,7.0
150,1555,10.0
151,1555,9.0
152,1555,4.0
153,1555,2.0
154,1555,6.0
155,1555,1.0
156,1555,0.0
157,1555,0.0
158,1555,2.0
159,1555,2.0
160,1555,9.0
161,1555,0.0
162,1555,8.0
163,1555,8.0
164,1555,0.0
165,1555,2.0
166,1555,0.0
167,1555,15.0
168,1555,12.0
169,1555,6.0
170,1555,0.0
171,1555,6.0
172,1555,1.0
173,1555,1.0
174,1555,0.0
175,1555,1.0
176,1555,2.0
177,1555,2.0
178,1555,1.0
179,1555,2.0
180,1555,3.0
181,1555,0.0
182,1555,4.0
183,1555,0.0
184,1555,1.0
185,1555,0.0
186,1555,0.0
187,1555,2.0
188,1555,8.0
189,1555,1.0
190,1555,0.0
191,1555,1.0
192,1555,0.0
193,1555,1.0
194,1555,2.0
195,1555,1.0
196,1555,1.0
197,1555,0.0
198,1555,0.0
199,1555,0.0
0,1556,0.0
1,1556,1.0
2,1556,7.0
3,1556,1.0
4,1556,1.0
5,1556,0.0
6,1556,2.0
7,1556,1.0
8,1556,0.0
9,1556,2.0
10,1556,10.0
11,1556,0.0
12,1556,0.0
13,1556,0.0
14,1556,0.0
15,1556,0.0
16,1556,4.0
17,1556,1.0
18,1556,1.0
19,1556,1.0
20,1556,0.0
21,1556,0.0
22,1556,4.0
23,1556,0.0
24,1556,2.0
25,1556,0.0
26,1556,2.0
27,1556,0.0
28,1556,4.0
29,1556,1.0
30,1556,2.0
31,1556,0.0
32,1556,2.0
33,1556,7.0
34,1556,1.0
35,1556,0.0
36,1556,0.0
37,1556,0.0
38,1556,0.0
39,1556,6.0
40,1556,0.0
41,1556,4.0
42,1556,1.0
43,1556,0.0
44,1556,1.0
45,1556,0.0
46,1556,1.0
47,1556,0.0
48,1556,8.0
49,1556,0.0
50,1556,0.0
51,1556,0.0
52,1556,0.0
53,1556,59.0
54,1556,3.0
55,1556,0.0
56,1556,5.0
57,1556,1.0
58,1556,0.0
59,1556,4.0
60,1556,0.0
61,1556,30.0
62,1556,2.0
63,1556,2.0
64,1556,0.0
65,1556,3.0
66,1556,9.0
67,1556,4.0
68,1556,2.0
69,1556,0.0
70,1556,2.0
71,1556,3.0
72,1556,25.0
73,1556,0.0
74,1556,0.0
75,1556,2.0
76,1556,0.0
77,1556,0.0
78,1556,4.0
79,1556,1.0
80,1556,38.0
81,1556,1.0
82,1556,0.0
83,1556,0.0
84,1556,5.0
85,1556,55.0
86,1556,6.0
87,1556,0.0
88,1556,5.0
89,1556,0.0
90,1556,1.0
91,1556,14.0
92,1556,12.0
93,1556,0.0
94,1556,1.0
95,1556,15.0
96,1556,9.0
97,1556,3.0
98,1556,0.0
99,1556,0.0
100,1556,2.0
101,1556,0.0
102,1556,3.0
103,1556,2.0
104,1556,12.0
105,1556,11.0
106,1556,0.0
107,1556,0.0
108,1556,3.0
109,1556,12.0
110,1556,25.0
111,1556,4.0
112,1556,2.0
113,1556,0.0
114,1556,0.0
115,1556,0.0
116,1556,1.0
117,1556,0.0
118,1556,1.0
119,1556,10.0
120,1556,0.0
121,1556,2.0
122,1556,2.0
123,1556,0.0
124,1556,1.0
125,1556,1.0
126,1556,0.0
127,1556,1.0
128,1556,0.0
129,1556,9.0
130,1556,2.0
131,1556,5.0
132,1556,2.0
133,1556,1.0
134,1556,0.0
135,1556,0.0
136,1556,0.0
137,1556,0.0
138,1556,0.0
139,1556,0.0
140,1556,2.0
141,1556,2.0
142,1556,0.0
143,1556,2.0
144,1556,0.0
145,1556,0.0
146,1556,0.0
147,1556,0.0
148,1556,1.0
149,1556,1.0
150,1556,18.0
151,1556,8.0
152,1556,25.0
153,1556,2.0
154,1556,1.0
155,1556,1.0
156,1556,0.0
157,1556,1.0
158,1556,3.0
159,1556,6.0
160,1556,1.0
161,1556,0.0
162,1556,11.0
163,1556,1.0
164,1556,0.0
165,1556,3.0
166,1556,4.0
167,1556,5.0
168,1556,13.0
169,1556,7.0
170,1556,0.0
171,1556,4.0
172,1556,2.0
173,1556,0.0
174,1556,0.0
175,1556,0.0
176,1556,0.0
177,1556,0.0
178,1556,3.0
179,1556,1.0
180,1556,4.0
181,1556,0.0
182,1556,5.0
183,1556,0.0
184,1556,0.0
185,1556,0.0
186,1556,0.0
187,1556,0.0
188,1556,5.0
189,1556,0.0
190,1556,2.0
191,1556,1.0
192,1556,1.0
193,1556,0.0
194,1556,1.0
195,1556,0.0
196,1556,0.0
197,1556,0.0
198,1556,1.0
199,1556,2.0
0,1557,0.0
1,1557,1.0
2,1557,5.0
3,1557,0.0
4,1557,2.0
5,1557,0.0
6,1557,1.0
7,1557,0.0
8,1557,0.0
9,1557,8.0
10,1557,6.0
11,1557,2.0
12,1557,1.0
13,1557,1.0
14,1557,0.0
15,1557,1.0
16,1557,0.0
17,1557,0.0
18,1557,0.0
19,1557,1.0
20,1557,0.0
21,1557,0.0
22,1557,1.0
23,1557,0.0
24,1557,0.0
25,1557,4.0
26,1557,2.0
27,1557,0.0
28,1557,0.0
29,1557,2.0
30,1557,1.0
31,1557,0.0
32,1557,0.0
33,1557,4.0
34,1557,0.0
35,1557,7.0
36,1557,0.0
37,1557,0.0
38,1557,1.0
39,1557,1.0
40,1557,0.0
41,1557,1.0
42,1557,1.0
43,1557,0.0
44,1557,2.0
45,1557,5.0
46,1557,1.0
47,1557,0.0
48,1557,4.0
49,1557,0.0
50,1557,0.0
51,1557,0.0
52,1557,0.0
53,1557,63.0
54,1557,2.0
55,1557,0.0
56,1557,3.0
57,1557,3.0
58,1557,0.0
59,1557,2.0
60,1557,0.0
61,1557,15.0
62,1557,2.0
63,1557,1.0
64,1557,1.0
65,1557,0.0
66,1557,8.0
67,1557,3.0
68,1557,2.0
69,1557,1.0
70,1557,3.0
71,1557,2.0
72,1557,16.0
73,1557,0.0
74,1557,1.0
75,1557,1.0
76,1557,0.0
77,1557,3.0
78,1557,3.0
79,1557,1.0
80,1557,25.0
81,1557,2.0
82,1557,0.0
83,1557,0.0
84,1557,1.0
85,1557,44.0
86,1557,6.0
87,1557,0.0
88,1557,6.0
89,1557,0.0
90,1557,1.0
91,1557,1.0
92,1557,10.0
93,1557,0.0
94,1557,7.0
95,1557,18.0
96,1557,3.0
97,1557,1.0
98,1557,0.0
99,1557,0.0
100,1557,2.0
101,1557,0.0
102,1557,0.0
103,1557,0.0
104,1557,7.0
105,1557,3.0
106,1557,0.0
107,1557,0.0
108,1557,2.0
109,1557,10.0
110,1557,29.0
111,1557,2.0
112,1557,0.0
113,1557,0.0
114,1557,0.0
115,1557,1.0
116,1557,1.0
117,1557,1.0
118,1557,2.0
119,1557,4.0
120,1557,1.0
121,1557,2.0
122,1557,2.0
123,1557,1.0
124,1557,1.0
125,1557,0.0
126,1557,0.0
127,1557,1.0
128,1557,0.0
129,1557,2.0
130,1557,4.0
131,1557,3.0
132,1557,3.0
133,1557,1.0
134,1557,0.0
135,1557,2.0
136,1557,1.0
137,1557,0.0
138,1557,0.0
139,1557,0.0
140,1557,1.0
141,1557,0.0
142,1557,0.0
143,1557,0.0
144,1557,0.0
145,1557,0.0
146,1557,1.0
147,1557,0.0
148,1557,0.0
149,1557,2.0
150,1557,6.0
151,1557,5.0
152,1557,7.0
153,1557,2.0
154,1557,3.0
155,1557,3.0
156,1557,0.0
157,1557,2.0
158,1557,0.0
159,1557,2.0
160,1557,4.0
161,1557,0.0
162,1557,4.0
163,1557,2.0
164,1557,0.0
165,1557,2.0
166,1557,1.0
167,1557,4.0
168,1557,6.0
169,1557,0.0
170,1557,2.0
171,1557,1.0
172,1557,0.0
173,1557,0.0
174,1557,0.0
175,1557,1.0
176,1557,2.0
177,1557,0.0
178,1557,2.0
179,1557,0.0
180,1557,3.0
181,1557,0.0
182,1557,2.0
183,1557,0.0
184,1557,3.0
185,1557,0.0
186,1557,0.0
187,1557,0.0
188,1557,0.0
189,1557,1.0
190,1557,0.0
191,1557,1.0
192,1557,0.0
193,1557,0.0
194,1557,0.0
195,1557,2.0
196,1557,0.0
197,1557,0.0
198,1557,0.0
199,1557,0.0
0,1558,0.0
1,1558,4.0
2,1558,4.0
3,1558,1.0
4,1558,0.0
5,1558,0.0
6,1558,2.0
7,1558,0.0
8,1558,0.0
9,1558,4.0
10,1558,10.0
11,1558,0.0
12,1558,0.0
13,1558,0.0
14,1558,0.0
15,1558,3.0
16,1558,2.0
17,1558,3.0
18,1558,0.0
19,1558,0.0
20,1558,0.0
21,1558,0.0
22,1558,4.0
23,1558,0.0
24,1558,3.0
25,1558,0.0
26,1558,0.0
27,1558,2.0
28,1558,0.0
29,1558,1.0
30,1558,1.0
31,1558,0.0
32,1558,2.0
33,1558,5.0
34,1558,0.0
35,1558,5.0
36,1558,1.0
37,1558,0.0
38,1558,0.0
39,1558,2.0
40,1558,0.0
41,1558,3.0
42,1558,4.0
43,1558,0.0
44,1558,0.0
45,1558,4.0
46,1558,0.0
47,1558,0.0
48,1558,0.0
49,1558,0.0
50,1558,2.0
51,1558,0.0
52,1558,1.0
53,1558,61.0
54,1558,1.0
55,1558,2.0
56,1558,0.0
57,1558,0.0
58,1558,0.0
59,1558,1.0
60,1558,0.0
61,1558,19.0
62,1558,2.0
63,1558,2.0
64,1558,3.0
65,1558,0.0
66,1558,1.0
67,1558,5.0
68,1558,2.0
69,1558,1.0
70,1558,0.0
71,1558,3.0
72,1558,19.0
73,1558,0.0
74,1558,2.0
75,1558,1.0
76,1558,0.0
77,1558,4.0
78,1558,4.0
79,1558,1.0
80,1558,20.0
81,1558,2.0
82,1558,0.0
83,1558,0.0
84,1558,1.0
85,1558,33.0
86,1558,3.0
87,1558,0.0
88,1558,4.0
89,1558,1.0
90,1558,0.0
91,1558,4.0
92,1558,8.0
93,1558,0.0
94,1558,2.0
95,1558,5.0
96,1558,8.0
97,1558,0.0
98,1558,0.0
99,1558,0.0
100,1558,6.0
101,1558,0.0
102,1558,0.0
103,1558,0.0
104,1558,4.0
105,1558,0.0
106,1558,0.0
107,1558,0.0
108,1558,0.0
109,1558,8.0
110,1558,19.0
111,1558,0.0
112,1558,2.0
113,1558,0.0
114,1558,0.0
115,1558,0.0
116,1558,1.0
117,1558,2.0
118,1558,0.0
119,1558,4.0
120,1558,1.0
121,1558,4.0
122,1558,3.0
123,1558,0.0
124,1558,2.0
125,1558,0.0
126,1558,0.0
127,1558,0.0
128,1558,0.0
129,1558,1.0
130,1558,2.0
131,1558,5.0
132,1558,0.0
133,1558,0.0
134,1558,2.0
135,1558,0.0
136,1558,0.0
137,1558,0.0
138,1558,0.0
139,1558,1.0
140,1558,0.0
141,1558,1.0
142,1558,0.0
143,1558,3.0
144,1558,2.0
145,1558,2.0
146,1558,1.0
147,1558,3.0
148,1558,1.0
149,1558,1.0
150,1558,7.0
151,1558,6.0
152,1558,8.0
153,1558,0.0
154,1558,3.0
155,1558,1.0
156,1558,0.0
157,1558,2.0
158,1558,0.0
159,1558,3.0
160,1558,1.0
161,1558,0.0
162,1558,2.0
163,1558,11.0
164,1558,0.0
165,1558,2.0
166,1558,4.0
167,1558,8.0
168,1558,14.0
169,1558,0.0
170,1558,0.0
171,1558,7.0
172,1558,4.0
173,1558,0.0
174,1558,0.0
175,1558,0.0
176,1558,1.0
177,1558,0.0
178,1558,0.0
179,1558,0.0
180,1558,1.0
181,1558,0.0
182,1558,1.0
183,1558,0.0
184,1558,0.0
185,1558,0.0
186,1558,0.0
187,1558,0.0
188,1558,4.0
189,1558,0.0
190,1558,0.0
191,1558,0.0
192,1558,0.0
193,1558,1.0
194,1558,1.0
195,1558,2.0
196,1558,0.0
197,1558,0.0
198,1558,1.0
199,1558,0.0
0,1559,0.0
1,1559,3.0
2,1559,4.0
3,1559,0.0
4,1559,1.0
5,1559,0.0
6,1559,0.0
7,1559,0.0
8,1559,0.0
9,1559,1.0
10,1559,10.0
11,1559,0.0
12,1559,0.0
13,1559,2.0
14,1559,0.0
15,1559,5.0
16,1559,0.0
17,1559,0.0
18,1559,3.0
19,1559,0.0
20,1559,0.0
21,1559,0.0
22,1559,0.0
23,1559,0.0
24,1559,1.0
25,1559,0.0
26,1559,3.0
27,1559,1.0
28,1559,1.0
29,1559,0.0
30,1559,7.0
31,1559,0.0
32,1559,0.0
33,1559,6.0
34,1559,0.0
35,1559,0.0
36,1559,0.0
37,1559,1.0
38,1559,4.0
39,1559,2.0
40,1559,3.0
41,1559,4.0
42,1559,0.0
43,1559,0.0
44,1559,0.0
45,1559,0.0
46,1559,0.0
47,1559,0.0
48,1559,0.0
49,1559,2.0
50,1559,0.0
51,1559,0.0
52,1559,0.0
53,1559,50.0
54,1559,8.0
55,1559,2.0
56,1559,1.0
57,1559,0.0
58,1559,1.0
59,1559,2.0
60,1559,0.0
61,1559,18.0
62,1559,1.0
63,1559,0.0
64,1559,4.0
65,1559,0.0
66,1559,7.0
67,1559,2.0
68,1559,4.0
69,1559,0.0
70,1559,1.0
71,1559,3.0
72,1559,17.0
73,1559,0.0
74,1559,0.0
75,1559,1.0
76,1559,0.0
77,1559,2.0
78,1559,2.0
79,1559,0.0
80,1559,11.0
81,1559,0.0
82,1559,0.0
83,1559,0.0
84,1559,4.0
85,1559,32.0
86,1559,2.0
87,1559,1.0
88,1559,2.0
89,1559,1.0
90,1559,0.0
91,1559,1.0
92,1559,11.0
93,1559,0.0
94,1559,2.0
95,1559,4.0
96,1559,9.0
97,1559,0.0
98,1559,0.0
99,1559,0.0
100,1559,1.0
101,1559,0.0
102,1559,1.0
103,1559,0.0
104,1559,5.0
105,1559,1.0
106,1559,0.0
107,1559,0.0
108,1559,1.0
109,1559,2.0
110,1559,9.0
111,1559,4.0
112,1559,0.0
113,1559,0.0
114,1559,0.0
115,1559,1.0
116,1559,0.0
117,1559,0.0
118,1559,0.0
119,1559,4.0
120,1559,1.0
121,1559,1.0
122,1559,1.0
123,1559,1.0
124,1559,1.0
125,1559,0.0
126,1559,0.0
127,1559,11.0
128,1559,0.0
129,1559,11.0
130,1559,1.0
131,1559,1.0
132,1559,0.0
133,1559,0.0
134,1559,0.0
135,1559,0.0
136,1559,0.0
137,1559,0.0
138,1559,0.0
139,1559,0.0
140,1559,1.0
141,1559,0.0
142,1559,0.0
143,1559,3.0
144,1559,3.0
145,1559,1.0
146,1559,1.0
147,1559,5.0
148,1559,0.0
149,1559,1.0
150,1559,1.0
151,1559,6.0
152,1559,2.0
153,1559,1.0
154,1559,4.0
155,1559,1.0
156,1559,1.0
157,1559,2.0
158,1559,1.0
159,1559,2.0
160,1559,7.0
161,1559,0.0
162,1559,3.0
163,1559,4.0
164,1559,0.0
165,1559,1.0
166,1559,1.0
167,1559,3.0
168,1559,2.0
169,1559,1.0
170,1559,0.0
171,1559,5.0
172,1559,1.0
173,1559,2.0
174,1559,0.0
175,1559,0.0
176,1559,1.0
177,1559,4.0
178,1559,0.0
179,1559,0.0
180,1559,4.0
181,1559,0.0
182,1559,1.0
183,1559,0.0
184,1559,0.0
185,1559,0.0
186,1559,0.0
187,1559,0.0
188,1559,3.0
189,1559,1.0
190,1559,0.0
191,1559,1.0
192,1559,0.0
193,1559,0.0
194,1559,1.0
195,1559,1.0
196,1559,0.0
197,1559,0.0
198,1559,0.0
199,1559,0.0
0,1560,0.0
1,1560,1.0
2,1560,22.0
3,1560,2.0
4,1560,2.0
5,1560,0.0
6,1560,2.0
7,1560,0.0
8,1560,0.0
9,1560,14.0
10,1560,15.0
11,1560,0.0
12,1560,0.0
13,1560,1.0
14,1560,0.0
15,1560,5.0
16,1560,0.0
17,1560,0.0
18,1560,0.0
19,1560,3.0
20,1560,0.0
21,1560,0.0
22,1560,3.0
23,1560,2.0
24,1560,5.0
25,1560,0.0
26,1560,0.0
27,1560,0.0
28,1560,2.0
29,1560,0.0
30,1560,1.0
31,1560,0.0
32,1560,0.0
33,1560,11.0
34,1560,1.0
35,1560,0.0
36,1560,0.0
37,1560,3.0
38,1560,2.0
39,1560,5.0
40,1560,0.0
41,1560,3.0
42,1560,0.0
43,1560,0.0
44,1560,0.0
45,1560,4.0
46,1560,4.0
47,1560,5.0
48,1560,0.0
49,1560,1.0
50,1560,2.0
51,1560,0.0
52,1560,1.0
53,1560,33.0
54,1560,1.0
55,1560,0.0
56,1560,2.0
57,1560,0.0
58,1560,2.0
59,1560,0.0
60,1560,0.0
61,1560,16.0
62,1560,4.0
63,1560,4.0
64,1560,4.0
65,1560,0.0
66,1560,0.0
67,1560,4.0
68,1560,4.0
69,1560,1.0
70,1560,2.0
71,1560,3.0
72,1560,14.0
73,1560,0.0
74,1560,0.0
75,1560,1.0
76,1560,0.0
77,1560,3.0
78,1560,6.0
79,1560,0.0
80,1560,22.0
81,1560,1.0
82,1560,0.0
83,1560,0.0
84,1560,2.0
85,1560,32.0
86,1560,4.0
87,1560,4.0
88,1560,3.0
89,1560,1.0
90,1560,1.0
91,1560,5.0
92,1560,12.0
93,1560,0.0
94,1560,4.0
95,1560,9.0
96,1560,4.0
97,1560,0.0
98,1560,0.0
99,1560,0.0
100,1560,3.0
101,1560,1.0
102,1560,2.0
103,1560,2.0
104,1560,3.0
105,1560,1.0
106,1560,0.0
107,1560,0.0
108,1560,1.0
109,1560,3.0
110,1560,11.0
111,1560,1.0
112,1560,0.0
113,1560,0.0
114,1560,0.0
115,1560,1.0
116,1560,4.0
117,1560,1.0
118,1560,0.0
119,1560,4.0
120,1560,0.0
121,1560,1.0
122,1560,0.0
123,1560,0.0
124,1560,1.0
125,1560,0.0
126,1560,0.0
127,1560,0.0
128,1560,0.0
129,1560,0.0
130,1560,1.0
131,1560,0.0
132,1560,0.0
133,1560,0.0
134,1560,1.0
135,1560,0.0
136,1560,1.0
137,1560,0.0
138,1560,0.0
139,1560,1.0
140,1560,0.0
141,1560,1.0
142,1560,0.0
143,1560,1.0
144,1560,1.0
145,1560,0.0
146,1560,2.0
147,1560,1.0
148,1560,0.0
149,1560,0.0
150,1560,5.0
151,1560,10.0
152,1560,2.0
153,1560,1.0
154,1560,0.0
155,1560,1.0
156,1560,0.0
157,1560,0.0
158,1560,0.0
159,1560,3.0
160,1560,1.0
161,1560,0.0
162,1560,1.0
163,1560,10.0
164,1560,0.0
165,1560,1.0
166,1560,2.0
167,1560,4.0
168,1560,11.0
169,1560,4.0
170,1560,0.0
171,1560,8.0
172,1560,1.0
173,1560,2.0
174,1560,0.0
175,1560,0.0
176,1560,0.0
177,1560,1.0
178,1560,1.0
179,1560,0.0
180,1560,0.0
181,1560,0.0
182,1560,3.0
183,1560,0.0
184,1560,2.0
185,1560,0.0
186,1560,0.0
187,1560,0.0
188,1560,4.0
189,1560,2.0
190,1560,0.0
191,1560,0.0
192,1560,0.0
193,1560,0.0
194,1560,3.0
195,1560,1.0
196,1560,1.0
197,1560,0.0
198,1560,7.0
199,1560,1.0
0,1561,2.0
1,1561,0.0
2,1561,1.0
3,1561,1.0
4,1561,0.0
5,1561,0.0
6,1561,0.0
7,1561,0.0
8,1561,0.0
9,1561,3.0
10,1561,5.0
11,1561,0.0
12,1561,3.0
13,1561,2.0
14,1561,0.0
15,1561,4.0
16,1561,2.0
17,1561,0.0
18,1561,0.0
19,1561,0.0
20,1561,0.0
21,1561,3.0
22,1561,0.0
23,1561,0.0
24,1561,2.0
25,1561,0.0
26,1561,0.0
27,1561,0.0
28,1561,1.0
29,1561,0.0
30,1561,1.0
31,1561,0.0
32,1561,0.0
33,1561,0.0
34,1561,1.0
35,1561,6.0
36,1561,2.0
37,1561,7.0
38,1561,0.0
39,1561,2.0
40,1561,0.0
41,1561,3.0
42,1561,0.0
43,1561,1.0
44,1561,1.0
45,1561,2.0
46,1561,6.0
47,1561,4.0
48,1561,0.0
49,1561,1.0
50,1561,0.0
51,1561,0.0
52,1561,1.0
53,1561,50.0
54,1561,3.0
55,1561,0.0
56,1561,1.0
57,1561,0.0
58,1561,3.0
59,1561,4.0
60,1561,0.0
61,1561,26.0
62,1561,0.0
63,1561,3.0
64,1561,3.0
65,1561,0.0
66,1561,0.0
67,1561,3.0
68,1561,3.0
69,1561,0.0
70,1561,5.0
71,1561,7.0
72,1561,13.0
73,1561,0.0
74,1561,0.0
75,1561,2.0
76,1561,0.0
77,1561,2.0
78,1561,3.0
79,1561,1.0
80,1561,25.0
81,1561,0.0
82,1561,0.0
83,1561,0.0
84,1561,3.0
85,1561,58.0
86,1561,2.0
87,1561,0.0
88,1561,0.0
89,1561,1.0
90,1561,0.0
91,1561,12.0
92,1561,10.0
93,1561,0.0
94,1561,0.0
95,1561,13.0
96,1561,4.0
97,1561,0.0
98,1561,0.0
99,1561,0.0
100,1561,1.0
101,1561,0.0
102,1561,0.0
103,1561,2.0
104,1561,8.0
105,1561,1.0
106,1561,0.0
107,1561,0.0
108,1561,0.0
109,1561,2.0
110,1561,9.0
111,1561,2.0
112,1561,1.0
113,1561,0.0
114,1561,0.0
115,1561,0.0
116,1561,0.0
117,1561,1.0
118,1561,0.0
119,1561,3.0
120,1561,0.0
121,1561,2.0
122,1561,0.0
123,1561,1.0
124,1561,1.0
125,1561,0.0
126,1561,0.0
127,1561,0.0
128,1561,0.0
129,1561,2.0
130,1561,2.0
131,1561,2.0
132,1561,1.0
133,1561,0.0
134,1561,1.0
135,1561,9.0
136,1561,1.0
137,1561,0.0
138,1561,0.0
139,1561,0.0
140,1561,0.0
141,1561,0.0
142,1561,0.0
143,1561,2.0
144,1561,2.0
145,1561,1.0
146,1561,1.0
147,1561,0.0
148,1561,0.0
149,1561,3.0
150,1561,6.0
151,1561,6.0
152,1561,4.0
153,1561,2.0
154,1561,0.0
155,1561,1.0
156,1561,0.0
157,1561,0.0
158,1561,2.0
159,1561,3.0
160,1561,9.0
161,1561,0.0
162,1561,1.0
163,1561,1.0
164,1561,0.0
165,1561,4.0
166,1561,0.0
167,1561,9.0
168,1561,2.0
169,1561,2.0
170,1561,0.0
171,1561,2.0
172,1561,0.0
173,1561,1.0
174,1561,0.0
175,1561,0.0
176,1561,2.0
177,1561,3.0
178,1561,0.0
179,1561,1.0
180,1561,4.0
181,1561,0.0
182,1561,0.0
183,1561,1.0
184,1561,0.0
185,1561,1.0
186,1561,0.0
187,1561,0.0
188,1561,6.0
189,1561,1.0
190,1561,1.0
191,1561,0.0
192,1561,0.0
193,1561,2.0
194,1561,2.0
195,1561,0.0
196,1561,1.0
197,1561,0.0
198,1561,0.0
199,1561,0.0
0,1562,0.0
1,1562,2.0
2,1562,13.0
3,1562,1.0
4,1562,3.0
5,1562,0.0
6,1562,1.0
7,1562,0.0
8,1562,0.0
9,1562,7.0
10,1562,7.0
11,1562,0.0
12,1562,1.0
13,1562,0.0
14,1562,0.0
15,1562,6.0
16,1562,1.0
17,1562,0.0
18,1562,4.0
19,1562,2.0
20,1562,0.0
21,1562,2.0
22,1562,0.0
23,1562,0.0
24,1562,3.0
25,1562,0.0
26,1562,2.0
27,1562,0.0
28,1562,0.0
29,1562,0.0
30,1562,0.0
31,1562,0.0
32,1562,3.0
33,1562,9.0
34,1562,1.0
35,1562,6.0
36,1562,0.0
37,1562,7.0
38,1562,3.0
39,1562,6.0
40,1562,0.0
41,1562,1.0
42,1562,5.0
43,1562,2.0
44,1562,1.0
45,1562,1.0
46,1562,3.0
47,1562,1.0
48,1562,2.0
49,1562,0.0
50,1562,0.0
51,1562,0.0
52,1562,2.0
53,1562,79.0
54,1562,2.0
55,1562,0.0
56,1562,0.0
57,1562,2.0
58,1562,0.0
59,1562,0.0
60,1562,0.0
61,1562,38.0
62,1562,5.0
63,1562,1.0
64,1562,3.0
65,1562,0.0
66,1562,5.0
67,1562,5.0
68,1562,1.0
69,1562,0.0
70,1562,0.0
71,1562,3.0
72,1562,30.0
73,1562,0.0
74,1562,0.0
75,1562,1.0
76,1562,0.0
77,1562,6.0
78,1562,5.0
79,1562,0.0
80,1562,27.0
81,1562,1.0
82,1562,0.0
83,1562,1.0
84,1562,5.0
85,1562,75.0
86,1562,2.0
87,1562,0.0
88,1562,3.0
89,1562,0.0
90,1562,0.0
91,1562,6.0
92,1562,17.0
93,1562,0.0
94,1562,2.0
95,1562,9.0
96,1562,8.0
97,1562,0.0
98,1562,0.0
99,1562,0.0
100,1562,4.0
101,1562,0.0
102,1562,1.0
103,1562,0.0
104,1562,8.0
105,1562,0.0
106,1562,0.0
107,1562,0.0
108,1562,4.0
109,1562,4.0
110,1562,16.0
111,1562,0.0
112,1562,2.0
113,1562,0.0
114,1562,0.0
115,1562,0.0
116,1562,0.0
117,1562,1.0
118,1562,0.0
119,1562,6.0
120,1562,2.0
121,1562,1.0
122,1562,0.0
123,1562,1.0
124,1562,1.0
125,1562,0.0
126,1562,0.0
127,1562,1.0
128,1562,1.0
129,1562,2.0
130,1562,7.0
131,1562,5.0
132,1562,0.0
133,1562,0.0
134,1562,0.0
135,1562,0.0
136,1562,1.0
137,1562,0.0
138,1562,0.0
139,1562,0.0
140,1562,0.0
141,1562,0.0
142,1562,0.0
143,1562,3.0
144,1562,5.0
145,1562,1.0
146,1562,1.0
147,1562,0.0
148,1562,1.0
149,1562,2.0
150,1562,9.0
151,1562,16.0
152,1562,12.0
153,1562,0.0
154,1562,2.0
155,1562,3.0
156,1562,0.0
157,1562,0.0
158,1562,5.0
159,1562,3.0
160,1562,3.0
161,1562,0.0
162,1562,0.0
163,1562,8.0
164,1562,0.0
165,1562,2.0
166,1562,0.0
167,1562,9.0
168,1562,9.0
169,1562,0.0
170,1562,1.0
171,1562,10.0
172,1562,2.0
173,1562,4.0
174,1562,0.0
175,1562,1.0
176,1562,3.0
177,1562,1.0
178,1562,1.0
179,1562,0.0
180,1562,0.0
181,1562,0.0
182,1562,3.0
183,1562,1.0
184,1562,1.0
185,1562,0.0
186,1562,0.0
187,1562,0.0
188,1562,6.0
189,1562,0.0
190,1562,0.0
191,1562,1.0
192,1562,0.0
193,1562,1.0
194,1562,1.0
195,1562,0.0
196,1562,2.0
197,1562,1.0
198,1562,0.0
199,1562,0.0
0,1563,0.0
1,1563,1.0
2,1563,6.0
3,1563,0.0
4,1563,0.0
5,1563,0.0
6,1563,3.0
7,1563,2.0
8,1563,0.0
9,1563,2.0
10,1563,6.0
11,1563,0.0
12,1563,1.0
13,1563,2.0
14,1563,0.0
15,1563,3.0
16,1563,2.0
17,1563,0.0
18,1563,2.0
19,1563,1.0
20,1563,0.0
21,1563,1.0
22,1563,1.0
23,1563,0.0
24,1563,2.0
25,1563,0.0
26,1563,1.0
27,1563,0.0
28,1563,0.0
29,1563,1.0
30,1563,2.0
31,1563,0.0
32,1563,2.0
33,1563,8.0
34,1563,0.0
35,1563,0.0
36,1563,0.0
37,1563,2.0
38,1563,2.0
39,1563,3.0
40,1563,0.0
41,1563,3.0
42,1563,0.0
43,1563,1.0
44,1563,0.0
45,1563,0.0
46,1563,5.0
47,1563,0.0
48,1563,4.0
49,1563,0.0
50,1563,0.0
51,1563,0.0
52,1563,0.0
53,1563,48.0
54,1563,0.0
55,1563,0.0
56,1563,0.0
57,1563,1.0
58,1563,2.0
59,1563,1.0
60,1563,0.0
61,1563,41.0
62,1563,6.0
63,1563,4.0
64,1563,5.0
65,1563,0.0
66,1563,4.0
67,1563,2.0
68,1563,2.0
69,1563,0.0
70,1563,3.0
71,1563,4.0
72,1563,21.0
73,1563,0.0
74,1563,0.0
75,1563,0.0
76,1563,0.0
77,1563,0.0
78,1563,3.0
79,1563,0.0
80,1563,34.0
81,1563,0.0
82,1563,0.0
83,1563,1.0
84,1563,3.0
85,1563,59.0
86,1563,2.0
87,1563,0.0
88,1563,0.0
89,1563,1.0
90,1563,0.0
91,1563,12.0
92,1563,9.0
93,1563,1.0
94,1563,1.0
95,1563,6.0
96,1563,5.0
97,1563,1.0
98,1563,0.0
99,1563,1.0
100,1563,1.0
101,1563,1.0
102,1563,0.0
103,1563,0.0
104,1563,8.0
105,1563,1.0
106,1563,0.0
107,1563,0.0
108,1563,3.0
109,1563,8.0
110,1563,2.0
111,1563,4.0
112,1563,2.0
113,1563,0.0
114,1563,0.0
115,1563,0.0
116,1563,1.0
117,1563,0.0
118,1563,0.0
119,1563,5.0
120,1563,1.0
121,1563,2.0
122,1563,1.0
123,1563,0.0
124,1563,1.0
125,1563,0.0
126,1563,0.0
127,1563,0.0
128,1563,0.0
129,1563,0.0
130,1563,0.0
131,1563,5.0
132,1563,1.0
133,1563,0.0
134,1563,0.0
135,1563,0.0
136,1563,2.0
137,1563,0.0
138,1563,0.0
139,1563,0.0
140,1563,0.0
141,1563,0.0
142,1563,1.0
143,1563,2.0
144,1563,2.0
145,1563,1.0
146,1563,0.0
147,1563,1.0
148,1563,1.0
149,1563,3.0
150,1563,12.0
151,1563,11.0
152,1563,17.0
153,1563,0.0
154,1563,0.0
155,1563,3.0
156,1563,0.0
157,1563,0.0
158,1563,0.0
159,1563,3.0
160,1563,8.0
161,1563,0.0
162,1563,1.0
163,1563,1.0
164,1563,0.0
165,1563,1.0
166,1563,0.0
167,1563,11.0
168,1563,20.0
169,1563,3.0
170,1563,0.0
171,1563,3.0
172,1563,1.0
173,1563,0.0
174,1563,0.0
175,1563,1.0
176,1563,2.0
177,1563,1.0
178,1563,0.0
179,1563,1.0
180,1563,2.0
181,1563,0.0
182,1563,1.0
183,1563,0.0
184,1563,0.0
185,1563,0.0
186,1563,0.0
187,1563,0.0
188,1563,7.0
189,1563,0.0
190,1563,0.0
191,1563,1.0
192,1563,0.0
193,1563,0.0
194,1563,0.0
195,1563,2.0
196,1563,0.0
197,1563,0.0
198,1563,0.0
199,1563,0.0
0,1564,4.0
1,1564,1.0
2,1564,5.0
3,1564,1.0
4,1564,0.0
5,1564,0.0
6,1564,0.0
7,1564,0.0
8,1564,0.0
9,1564,0.0
10,1564,1.0
11,1564,1.0
12,1564,1.0
13,1564,0.0
14,1564,0.0
15,1564,2.0
16,1564,1.0
17,1564,0.0
18,1564,0.0
19,1564,3.0
20,1564,0.0
21,1564,0.0
22,1564,3.0
23,1564,0.0
24,1564,2.0
25,1564,1.0
26,1564,2.0
27,1564,0.0
28,1564,0.0
29,1564,0.0
30,1564,7.0
31,1564,0.0
32,1564,0.0
33,1564,5.0
34,1564,3.0
35,1564,0.0
36,1564,0.0
37,1564,2.0
38,1564,0.0
39,1564,1.0
40,1564,0.0
41,1564,0.0
42,1564,1.0
43,1564,0.0
44,1564,0.0
45,1564,0.0
46,1564,2.0
47,1564,4.0
48,1564,8.0
49,1564,2.0
50,1564,0.0
51,1564,0.0
52,1564,1.0
53,1564,76.0
54,1564,0.0
55,1564,1.0
56,1564,4.0
57,1564,1.0
58,1564,0.0
59,1564,1.0
60,1564,0.0
61,1564,21.0
62,1564,2.0
63,1564,0.0
64,1564,2.0
65,1564,0.0
66,1564,5.0
67,1564,3.0
68,1564,3.0
69,1564,0.0
70,1564,4.0
71,1564,3.0
72,1564,19.0
73,1564,0.0
74,1564,0.0
75,1564,2.0
76,1564,0.0
77,1564,0.0
78,1564,3.0
79,1564,2.0
80,1564,24.0
81,1564,0.0
82,1564,0.0
83,1564,0.0
84,1564,2.0
85,1564,59.0
86,1564,3.0
87,1564,3.0
88,1564,5.0
89,1564,1.0
90,1564,0.0
91,1564,11.0
92,1564,39.0
93,1564,3.0
94,1564,1.0
95,1564,3.0
96,1564,6.0
97,1564,1.0
98,1564,0.0
99,1564,0.0
100,1564,1.0
101,1564,1.0
102,1564,0.0
103,1564,1.0
104,1564,9.0
105,1564,3.0
106,1564,0.0
107,1564,0.0
108,1564,3.0
109,1564,7.0
110,1564,10.0
111,1564,5.0
112,1564,1.0
113,1564,0.0
114,1564,0.0
115,1564,0.0
116,1564,2.0
117,1564,2.0
118,1564,0.0
119,1564,6.0
120,1564,1.0
121,1564,0.0
122,1564,2.0
123,1564,0.0
124,1564,1.0
125,1564,0.0
126,1564,0.0
127,1564,0.0
128,1564,0.0
129,1564,3.0
130,1564,4.0
131,1564,3.0
132,1564,2.0
133,1564,0.0
134,1564,2.0
135,1564,0.0
136,1564,0.0
137,1564,0.0
138,1564,0.0
139,1564,0.0
140,1564,1.0
141,1564,1.0
142,1564,0.0
143,1564,3.0
144,1564,1.0
145,1564,0.0
146,1564,1.0
147,1564,3.0
148,1564,1.0
149,1564,2.0
150,1564,6.0
151,1564,16.0
152,1564,4.0
153,1564,0.0
154,1564,1.0
155,1564,1.0
156,1564,0.0
157,1564,1.0
158,1564,3.0
159,1564,4.0
160,1564,7.0
161,1564,0.0
162,1564,0.0
163,1564,2.0
164,1564,0.0
165,1564,0.0
166,1564,2.0
167,1564,12.0
168,1564,5.0
169,1564,6.0
170,1564,1.0
171,1564,10.0
172,1564,0.0
173,1564,1.0
174,1564,0.0
175,1564,0.0
176,1564,0.0
177,1564,3.0
178,1564,1.0
179,1564,0.0
180,1564,1.0
181,1564,0.0
182,1564,2.0
183,1564,0.0
184,1564,1.0
185,1564,0.0
186,1564,0.0
187,1564,0.0
188,1564,5.0
189,1564,0.0
190,1564,0.0
191,1564,0.0
192,1564,0.0
193,1564,3.0
194,1564,2.0
195,1564,2.0
196,1564,1.0
197,1564,0.0
198,1564,0.0
199,1564,0.0
0,1565,0.0
1,1565,1.0
2,1565,6.0
3,1565,1.0
4,1565,1.0
5,1565,0.0
6,1565,1.0
7,1565,0.0
8,1565,2.0
9,1565,2.0
10,1565,1.0
11,1565,0.0
12,1565,0.0
13,1565,1.0
14,1565,0.0
15,1565,0.0
16,1565,0.0
17,1565,0.0
18,1565,0.0
19,1565,2.0
20,1565,0.0
21,1565,0.0
22,1565,0.0
23,1565,0.0
24,1565,0.0
25,1565,0.0
26,1565,1.0
27,1565,0.0
28,1565,0.0
29,1565,0.0
30,1565,2.0
31,1565,0.0
32,1565,1.0
33,1565,6.0
34,1565,0.0
35,1565,8.0
36,1565,0.0
37,1565,7.0
38,1565,1.0
39,1565,0.0
40,1565,0.0
41,1565,3.0
42,1565,0.0
43,1565,0.0
44,1565,1.0
45,1565,0.0
46,1565,3.0
47,1565,0.0
48,1565,2.0
49,1565,0.0
50,1565,0.0
51,1565,0.0
52,1565,0.0
53,1565,36.0
54,1565,0.0
55,1565,0.0
56,1565,1.0
57,1565,0.0
58,1565,5.0
59,1565,4.0
60,1565,0.0
61,1565,20.0
62,1565,3.0
63,1565,2.0
64,1565,4.0
65,1565,0.0
66,1565,5.0
67,1565,5.0
68,1565,1.0
69,1565,0.0
70,1565,1.0
71,1565,0.0
72,1565,7.0
73,1565,0.0
74,1565,0.0
75,1565,0.0
76,1565,0.0
77,1565,1.0
78,1565,4.0
79,1565,2.0
80,1565,16.0
81,1565,2.0
82,1565,0.0
83,1565,0.0
84,1565,2.0
85,1565,56.0
86,1565,1.0
87,1565,0.0
88,1565,5.0
89,1565,1.0
90,1565,0.0
91,1565,3.0
92,1565,29.0
93,1565,0.0
94,1565,0.0
95,1565,10.0
96,1565,16.0
97,1565,0.0
98,1565,0.0
99,1565,0.0
100,1565,1.0
101,1565,0.0
102,1565,1.0
103,1565,1.0
104,1565,3.0
105,1565,1.0
106,1565,0.0
107,1565,0.0
108,1565,2.0
109,1565,6.0
110,1565,3.0
111,1565,1.0
112,1565,1.0
113,1565,0.0
114,1565,0.0
115,1565,0.0
116,1565,4.0
117,1565,2.0
118,1565,0.0
119,1565,3.0
120,1565,0.0
121,1565,0.0
122,1565,1.0
123,1565,1.0
124,1565,0.0
125,1565,0.0
126,1565,0.0
127,1565,1.0
128,1565,0.0
129,1565,1.0
130,1565,2.0
131,1565,2.0
132,1565,4.0
133,1565,0.0
134,1565,0.0
135,1565,0.0
136,1565,0.0
137,1565,0.0
138,1565,0.0
139,1565,0.0
140,1565,0.0
141,1565,3.0
142,1565,0.0
143,1565,1.0
144,1565,0.0
145,1565,0.0
146,1565,0.0
147,1565,3.0
148,1565,1.0
149,1565,1.0
150,1565,5.0
151,1565,15.0
152,1565,15.0
153,1565,0.0
154,1565,1.0
155,1565,3.0
156,1565,0.0
157,1565,1.0
158,1565,0.0
159,1565,6.0
160,1565,2.0
161,1565,0.0
162,1565,0.0
163,1565,11.0
164,1565,0.0
165,1565,1.0
166,1565,2.0
167,1565,9.0
168,1565,4.0
169,1565,10.0
170,1565,1.0
171,1565,2.0
172,1565,1.0
173,1565,0.0
174,1565,0.0
175,1565,0.0
176,1565,1.0
177,1565,3.0
178,1565,1.0
179,1565,0.0
180,1565,0.0
181,1565,0.0
182,1565,2.0
183,1565,0.0
184,1565,3.0
185,1565,0.0
186,1565,0.0
187,1565,0.0
188,1565,2.0
189,1565,0.0
190,1565,0.0
191,1565,0.0
192,1565,0.0
193,1565,0.0
194,1565,3.0
195,1565,1.0
196,1565,2.0
197,1565,0.0
198,1565,0.0
199,1565,0.0
0,1566,4.0
1,1566,1.0
2,1566,3.0
3,1566,1.0
4,1566,0.0
5,1566,0.0
6,1566,2.0
7,1566,1.0
8,1566,0.0
9,1566,3.0
10,1566,5.0
11,1566,1.0
12,1566,0.0
13,1566,0.0
14,1566,0.0
15,1566,4.0
16,1566,1.0
17,1566,0.0
18,1566,0.0
19,1566,3.0
20,1566,0.0
21,1566,0.0
22,1566,2.0
23,1566,0.0
24,1566,2.0
25,1566,0.0
26,1566,1.0
27,1566,0.0
28,1566,0.0
29,1566,0.0
30,1566,2.0
31,1566,0.0
32,1566,0.0
33,1566,2.0
34,1566,2.0
35,1566,5.0
36,1566,0.0
37,1566,3.0
38,1566,1.0
39,1566,3.0
40,1566,0.0
41,1566,5.0
42,1566,3.0
43,1566,0.0
44,1566,0.0
45,1566,4.0
46,1566,4.0
47,1566,2.0
48,1566,2.0
49,1566,2.0
50,1566,0.0
51,1566,0.0
52,1566,1.0
53,1566,43.0
54,1566,0.0
55,1566,0.0
56,1566,0.0
57,1566,0.0
58,1566,2.0
59,1566,0.0
60,1566,0.0
61,1566,12.0
62,1566,2.0
63,1566,0.0
64,1566,1.0
65,1566,0.0
66,1566,3.0
67,1566,3.0
68,1566,3.0
69,1566,0.0
70,1566,2.0
71,1566,0.0
72,1566,12.0
73,1566,0.0
74,1566,0.0
75,1566,2.0
76,1566,0.0
77,1566,1.0
78,1566,2.0
79,1566,1.0
80,1566,16.0
81,1566,0.0
82,1566,0.0
83,1566,0.0
84,1566,8.0
85,1566,56.0
86,1566,3.0
87,1566,0.0
88,1566,3.0
89,1566,1.0
90,1566,1.0
91,1566,3.0
92,1566,27.0
93,1566,0.0
94,1566,2.0
95,1566,3.0
96,1566,6.0
97,1566,1.0
98,1566,0.0
99,1566,0.0
100,1566,3.0
101,1566,0.0
102,1566,0.0
103,1566,0.0
104,1566,5.0
105,1566,0.0
106,1566,0.0
107,1566,0.0
108,1566,1.0
109,1566,4.0
110,1566,4.0
111,1566,1.0
112,1566,1.0
113,1566,0.0
114,1566,0.0
115,1566,0.0
116,1566,3.0
117,1566,0.0
118,1566,0.0
119,1566,3.0
120,1566,0.0
121,1566,1.0
122,1566,1.0
123,1566,0.0
124,1566,0.0
125,1566,0.0
126,1566,0.0
127,1566,1.0
128,1566,0.0
129,1566,0.0
130,1566,3.0
131,1566,0.0
132,1566,0.0
133,1566,0.0
134,1566,1.0
135,1566,0.0
136,1566,0.0
137,1566,3.0
138,1566,0.0
139,1566,0.0
140,1566,0.0
141,1566,0.0
142,1566,0.0
143,1566,3.0
144,1566,2.0
145,1566,0.0
146,1566,0.0
147,1566,1.0
148,1566,0.0
149,1566,2.0
150,1566,3.0
151,1566,8.0
152,1566,5.0
153,1566,2.0
154,1566,0.0
155,1566,0.0
156,1566,0.0
157,1566,0.0
158,1566,0.0
159,1566,1.0
160,1566,6.0
161,1566,0.0
162,1566,1.0
163,1566,13.0
164,1566,0.0
165,1566,1.0
166,1566,5.0
167,1566,4.0
168,1566,3.0
169,1566,4.0
170,1566,0.0
171,1566,0.0
172,1566,1.0
173,1566,1.0
174,1566,0.0
175,1566,1.0
176,1566,1.0
177,1566,4.0
178,1566,0.0
179,1566,0.0
180,1566,3.0
181,1566,0.0
182,1566,2.0
183,1566,0.0
184,1566,0.0
185,1566,0.0
186,1566,0.0
187,1566,0.0
188,1566,5.0
189,1566,1.0
190,1566,0.0
191,1566,0.0
192,1566,0.0
193,1566,0.0
194,1566,1.0
195,1566,2.0
196,1566,1.0
197,1566,0.0
198,1566,0.0
199,1566,0.0
0,1567,3.0
1,1567,0.0
2,1567,10.0
3,1567,0.0
4,1567,2.0
5,1567,0.0
6,1567,2.0
7,1567,0.0
8,1567,0.0
9,1567,4.0
10,1567,18.0
11,1567,1.0
12,1567,0.0
13,1567,1.0
14,1567,0.0
15,1567,4.0
16,1567,0.0
17,1567,0.0
18,1567,0.0
19,1567,1.0
20,1567,0.0
21,1567,0.0
22,1567,2.0
23,1567,0.0
24,1567,2.0
25,1567,0.0
26,1567,1.0
27,1567,0.0
28,1567,1.0
29,1567,0.0
30,1567,4.0
31,1567,0.0
32,1567,1.0
33,1567,10.0
34,1567,0.0
35,1567,0.0
36,1567,0.0
37,1567,1.0
38,1567,1.0
39,1567,1.0
40,1567,0.0
41,1567,1.0
42,1567,0.0
43,1567,1.0
44,1567,0.0
45,1567,0.0
46,1567,3.0
47,1567,1.0
48,1567,0.0
49,1567,1.0
50,1567,0.0
51,1567,0.0
52,1567,1.0
53,1567,28.0
54,1567,0.0
55,1567,1.0
56,1567,0.0
57,1567,0.0
58,1567,0.0
59,1567,1.0
60,1567,0.0
61,1567,18.0
62,1567,1.0
63,1567,1.0
64,1567,4.0
65,1567,0.0
66,1567,4.0
67,1567,8.0
68,1567,2.0
69,1567,0.0
70,1567,1.0
71,1567,0.0
72,1567,12.0
73,1567,0.0
74,1567,0.0
75,1567,1.0
76,1567,0.0
77,1567,4.0
78,1567,1.0
79,1567,0.0
80,1567,16.0
81,1567,0.0
82,1567,0.0
83,1567,0.0
84,1567,3.0
85,1567,30.0
86,1567,5.0
87,1567,0.0
88,1567,3.0
89,1567,0.0
90,1567,0.0
91,1567,5.0
92,1567,26.0
93,1567,0.0
94,1567,1.0
95,1567,6.0
96,1567,4.0
97,1567,0.0
98,1567,0.0
99,1567,0.0
100,1567,0.0
101,1567,0.0
102,1567,3.0
103,1567,0.0
104,1567,5.0
105,1567,2.0
106,1567,0.0
107,1567,0.0
108,1567,2.0
109,1567,3.0
110,1567,4.0
111,1567,2.0
112,1567,0.0
113,1567,0.0
114,1567,0.0
115,1567,1.0
116,1567,2.0
117,1567,1.0
118,1567,0.0
119,1567,2.0
120,1567,1.0
121,1567,0.0
122,1567,3.0
123,1567,0.0
124,1567,1.0
125,1567,2.0
126,1567,0.0
127,1567,0.0
128,1567,0.0
129,1567,0.0
130,1567,3.0
131,1567,0.0
132,1567,2.0
133,1567,0.0
134,1567,0.0
135,1567,0.0
136,1567,2.0
137,1567,5.0
138,1567,0.0
139,1567,0.0
140,1567,0.0
141,1567,2.0
142,1567,1.0
143,1567,1.0
144,1567,1.0
145,1567,2.0
146,1567,0.0
147,1567,1.0
148,1567,0.0
149,1567,3.0
150,1567,1.0
151,1567,9.0
152,1567,14.0
153,1567,0.0
154,1567,2.0
155,1567,0.0
156,1567,0.0
157,1567,1.0
158,1567,1.0
159,1567,5.0
160,1567,1.0
161,1567,0.0
162,1567,4.0
163,1567,10.0
164,1567,0.0
165,1567,2.0
166,1567,0.0
167,1567,3.0
168,1567,1.0
169,1567,2.0
170,1567,0.0
171,1567,3.0
172,1567,3.0
173,1567,5.0
174,1567,0.0
175,1567,1.0
176,1567,2.0
177,1567,1.0
178,1567,0.0
179,1567,0.0
180,1567,3.0
181,1567,0.0
182,1567,2.0
183,1567,0.0
184,1567,1.0
185,1567,1.0
186,1567,0.0
187,1567,0.0
188,1567,2.0
189,1567,0.0
190,1567,0.0
191,1567,0.0
192,1567,0.0
193,1567,0.0
194,1567,1.0
195,1567,0.0
196,1567,1.0
197,1567,0.0
198,1567,0.0
199,1567,0.0
0,1568,1.0
1,1568,1.0
2,1568,6.0
3,1568,0.0
4,1568,2.0
5,1568,0.0
6,1568,1.0
7,1568,0.0
8,1568,0.0
9,1568,6.0
10,1568,12.0
11,1568,0.0
12,1568,0.0
13,1568,1.0
14,1568,0.0
15,1568,2.0
16,1568,1.0
17,1568,0.0
18,1568,1.0
19,1568,0.0
20,1568,0.0
21,1568,0.0
22,1568,1.0
23,1568,1.0
24,1568,0.0
25,1568,0.0
26,1568,1.0
27,1568,0.0
28,1568,0.0
29,1568,0.0
30,1568,1.0
31,1568,0.0
32,1568,0.0
33,1568,4.0
34,1568,1.0
35,1568,0.0
36,1568,0.0
37,1568,3.0
38,1568,0.0
39,1568,2.0
40,1568,0.0
41,1568,3.0
42,1568,1.0
43,1568,0.0
44,1568,0.0
45,1568,3.0
46,1568,0.0
47,1568,0.0
48,1568,3.0
49,1568,0.0
50,1568,1.0
51,1568,0.0
52,1568,3.0
53,1568,53.0
54,1568,0.0
55,1568,0.0
56,1568,2.0
57,1568,0.0
58,1568,2.0
59,1568,4.0
60,1568,0.0
61,1568,24.0
62,1568,1.0
63,1568,1.0
64,1568,2.0
65,1568,0.0
66,1568,4.0
67,1568,0.0
68,1568,4.0
69,1568,1.0
70,1568,2.0
71,1568,6.0
72,1568,20.0
73,1568,0.0
74,1568,2.0
75,1568,2.0
76,1568,0.0
77,1568,2.0
78,1568,3.0
79,1568,1.0
80,1568,19.0
81,1568,2.0
82,1568,0.0
83,1568,0.0
84,1568,3.0
85,1568,78.0
86,1568,6.0
87,1568,1.0
88,1568,1.0
89,1568,0.0
90,1568,0.0
91,1568,2.0
92,1568,49.0
93,1568,0.0
94,1568,4.0
95,1568,14.0
96,1568,9.0
97,1568,0.0
98,1568,0.0
99,1568,0.0
100,1568,2.0
101,1568,0.0
102,1568,0.0
103,1568,4.0
104,1568,4.0
105,1568,0.0
106,1568,0.0
107,1568,0.0
108,1568,0.0
109,1568,3.0
110,1568,3.0
111,1568,0.0
112,1568,0.0
113,1568,0.0
114,1568,0.0
115,1568,1.0
116,1568,0.0
117,1568,1.0
118,1568,0.0
119,1568,9.0
120,1568,0.0
121,1568,0.0
122,1568,0.0
123,1568,0.0
124,1568,2.0
125,1568,3.0
126,1568,0.0
127,1568,0.0
128,1568,0.0
129,1568,2.0
130,1568,5.0
131,1568,2.0
132,1568,0.0
133,1568,0.0
134,1568,0.0
135,1568,0.0
136,1568,0.0
137,1568,0.0
138,1568,0.0
139,1568,1.0
140,1568,1.0
141,1568,0.0
142,1568,0.0
143,1568,2.0
144,1568,1.0
145,1568,1.0
146,1568,2.0
147,1568,0.0
148,1568,0.0
149,1568,0.0
150,1568,5.0
151,1568,54.0
152,1568,10.0
153,1568,0.0
154,1568,3.0
155,1568,1.0
156,1568,0.0
157,1568,4.0
158,1568,1.0
159,1568,4.0
160,1568,3.0
161,1568,0.0
162,1568,4.0
163,1568,20.0
164,1568,4.0
165,1568,0.0
166,1568,5.0
167,1568,6.0
168,1568,2.0
169,1568,5.0
170,1568,0.0
171,1568,1.0
172,1568,0.0
173,1568,3.0
174,1568,0.0
175,1568,0.0
176,1568,0.0
177,1568,0.0
178,1568,2.0
179,1568,1.0
180,1568,0.0
181,1568,0.0
182,1568,2.0
183,1568,0.0
184,1568,2.0
185,1568,0.0
186,1568,0.0
187,1568,0.0
188,1568,7.0
189,1568,0.0
190,1568,0.0
191,1568,1.0
192,1568,0.0
193,1568,0.0
194,1568,1.0
195,1568,2.0
196,1568,0.0
197,1568,0.0
198,1568,0.0
199,1568,0.0
0,1569,1.0
1,1569,0.0
2,1569,2.0
3,1569,1.0
4,1569,1.0
5,1569,0.0
6,1569,0.0
7,1569,1.0
8,1569,0.0
9,1569,3.0
10,1569,22.0
11,1569,0.0
12,1569,2.0
13,1569,0.0
14,1569,0.0
15,1569,7.0
16,1569,1.0
17,1569,0.0
18,1569,4.0
19,1569,3.0
20,1569,0.0
21,1569,0.0
22,1569,3.0
23,1569,1.0
24,1569,0.0
25,1569,0.0
26,1569,0.0
27,1569,1.0
28,1569,0.0
29,1569,0.0
30,1569,1.0
31,1569,0.0
32,1569,1.0
33,1569,6.0
34,1569,0.0
35,1569,6.0
36,1569,0.0
37,1569,3.0
38,1569,0.0
39,1569,1.0
40,1569,0.0
41,1569,5.0
42,1569,5.0
43,1569,3.0
44,1569,0.0
45,1569,0.0
46,1569,4.0
47,1569,3.0
48,1569,4.0
49,1569,4.0
50,1569,0.0
51,1569,0.0
52,1569,3.0
53,1569,47.0
54,1569,3.0
55,1569,1.0
56,1569,4.0
57,1569,0.0
58,1569,0.0
59,1569,2.0
60,1569,0.0
61,1569,25.0
62,1569,4.0
63,1569,2.0
64,1569,4.0
65,1569,0.0
66,1569,3.0
67,1569,4.0
68,1569,6.0
69,1569,0.0
70,1569,1.0
71,1569,4.0
72,1569,27.0
73,1569,0.0
74,1569,0.0
75,1569,0.0
76,1569,0.0
77,1569,2.0
78,1569,0.0
79,1569,1.0
80,1569,20.0
81,1569,2.0
82,1569,0.0
83,1569,0.0
84,1569,5.0
85,1569,52.0
86,1569,2.0
87,1569,1.0
88,1569,3.0
89,1569,1.0
90,1569,0.0
91,1569,6.0
92,1569,51.0
93,1569,1.0
94,1569,2.0
95,1569,9.0
96,1569,8.0
97,1569,0.0
98,1569,0.0
99,1569,1.0
100,1569,2.0
101,1569,0.0
102,1569,0.0
103,1569,1.0
104,1569,7.0
105,1569,2.0
106,1569,0.0
107,1569,0.0
108,1569,4.0
109,1569,5.0
110,1569,5.0
111,1569,4.0
112,1569,0.0
113,1569,0.0
114,1569,0.0
115,1569,1.0
116,1569,2.0
117,1569,0.0
118,1569,0.0
119,1569,6.0
120,1569,0.0
121,1569,0.0
122,1569,4.0
123,1569,0.0
124,1569,1.0
125,1569,5.0
126,1569,0.0
127,1569,1.0
128,1569,0.0
129,1569,1.0
130,1569,10.0
131,1569,4.0
132,1569,1.0
133,1569,1.0
134,1569,1.0
135,1569,0.0
136,1569,1.0
137,1569,3.0
138,1569,0.0
139,1569,0.0
140,1569,0.0
141,1569,2.0
142,1569,0.0
143,1569,3.0
144,1569,3.0
145,1569,2.0
146,1569,2.0
147,1569,0.0
148,1569,1.0
149,1569,0.0
150,1569,5.0
151,1569,22.0
152,1569,21.0
153,1569,3.0
154,1569,2.0
155,1569,1.0
156,1569,0.0
157,1569,0.0
158,1569,3.0
159,1569,5.0
160,1569,8.0
161,1569,0.0
162,1569,5.0
163,1569,36.0
164,1569,2.0
165,1569,2.0
166,1569,5.0
167,1569,7.0
168,1569,4.0
169,1569,8.0
170,1569,0.0
171,1569,4.0
172,1569,1.0
173,1569,2.0
174,1569,0.0
175,1569,0.0
176,1569,1.0
177,1569,1.0
178,1569,0.0
179,1569,0.0
180,1569,1.0
181,1569,0.0
182,1569,4.0
183,1569,1.0
184,1569,0.0
185,1569,0.0
186,1569,0.0
187,1569,0.0
188,1569,7.0
189,1569,1.0
190,1569,0.0
191,1569,0.0
192,1569,0.0
193,1569,2.0
194,1569,1.0
195,1569,2.0
196,1569,0.0
197,1569,0.0
198,1569,1.0
199,1569,0.0
0,1570,0.0
1,1570,2.0
2,1570,4.0
3,1570,1.0
4,1570,5.0
5,1570,0.0
6,1570,1.0
7,1570,0.0
8,1570,0.0
9,1570,8.0
10,1570,9.0
11,1570,0.0
12,1570,1.0
13,1570,4.0
14,1570,0.0
15,1570,4.0
16,1570,1.0
17,1570,1.0
18,1570,2.0
19,1570,3.0
20,1570,0.0
21,1570,0.0
22,1570,0.0
23,1570,0.0
24,1570,2.0
25,1570,0.0
26,1570,2.0
27,1570,0.0
28,1570,0.0
29,1570,0.0
30,1570,1.0
31,1570,0.0
32,1570,2.0
33,1570,4.0
34,1570,0.0
35,1570,4.0
36,1570,0.0
37,1570,3.0
38,1570,0.0
39,1570,0.0
40,1570,0.0
41,1570,2.0
42,1570,0.0
43,1570,1.0
44,1570,0.0
45,1570,0.0
46,1570,7.0
47,1570,6.0
48,1570,6.0
49,1570,0.0
50,1570,0.0
51,1570,0.0
52,1570,2.0
53,1570,63.0
54,1570,0.0
55,1570,2.0
56,1570,0.0
57,1570,0.0
58,1570,1.0
59,1570,2.0
60,1570,0.0
61,1570,16.0
62,1570,3.0
63,1570,2.0
64,1570,4.0
65,1570,0.0
66,1570,10.0
67,1570,0.0
68,1570,0.0
69,1570,0.0
70,1570,1.0
71,1570,7.0
72,1570,23.0
73,1570,0.0
74,1570,1.0
75,1570,0.0
76,1570,0.0
77,1570,3.0
78,1570,4.0
79,1570,0.0
80,1570,24.0
81,1570,1.0
82,1570,0.0
83,1570,0.0
84,1570,5.0
85,1570,78.0
86,1570,6.0
87,1570,1.0
88,1570,0.0
89,1570,1.0
90,1570,1.0
91,1570,2.0
92,1570,47.0
93,1570,0.0
94,1570,1.0
95,1570,5.0
96,1570,8.0
97,1570,2.0
98,1570,0.0
99,1570,0.0
100,1570,1.0
101,1570,1.0
102,1570,2.0
103,1570,1.0
104,1570,7.0
105,1570,3.0
106,1570,0.0
107,1570,0.0
108,1570,1.0
109,1570,6.0
110,1570,7.0
111,1570,2.0
112,1570,3.0
113,1570,0.0
114,1570,0.0
115,1570,0.0
116,1570,0.0
117,1570,0.0
118,1570,0.0
119,1570,2.0
120,1570,1.0
121,1570,0.0
122,1570,3.0
123,1570,0.0
124,1570,1.0
125,1570,0.0
126,1570,0.0
127,1570,0.0
128,1570,0.0
129,1570,0.0
130,1570,4.0
131,1570,3.0
132,1570,4.0
133,1570,0.0
134,1570,0.0
135,1570,0.0
136,1570,0.0
137,1570,2.0
138,1570,0.0
139,1570,0.0
140,1570,1.0
141,1570,0.0
142,1570,0.0
143,1570,3.0
144,1570,1.0
145,1570,0.0
146,1570,0.0
147,1570,5.0
148,1570,0.0
149,1570,1.0
150,1570,25.0
151,1570,26.0
152,1570,17.0
153,1570,0.0
154,1570,2.0
155,1570,0.0
156,1570,0.0
157,1570,0.0
158,1570,2.0
159,1570,7.0
160,1570,7.0
161,1570,0.0
162,1570,15.0
163,1570,25.0
164,1570,5.0
165,1570,3.0
166,1570,4.0
167,1570,12.0
168,1570,13.0
169,1570,9.0
170,1570,0.0
171,1570,5.0
172,1570,1.0
173,1570,0.0
174,1570,0.0
175,1570,2.0
176,1570,1.0
177,1570,2.0
178,1570,1.0
179,1570,0.0
180,1570,2.0
181,1570,0.0
182,1570,4.0
183,1570,1.0
184,1570,0.0
185,1570,0.0
186,1570,0.0
187,1570,0.0
188,1570,2.0
189,1570,0.0
190,1570,0.0
191,1570,1.0
192,1570,0.0
193,1570,2.0
194,1570,3.0
195,1570,2.0
196,1570,0.0
197,1570,0.0
198,1570,1.0
199,1570,0.0
0,1571,0.0
1,1571,0.0
2,1571,8.0
3,1571,0.0
4,1571,0.0
5,1571,0.0
6,1571,0.0
7,1571,1.0
8,1571,0.0
9,1571,3.0
10,1571,4.0
11,1571,0.0
12,1571,4.0
13,1571,1.0
14,1571,0.0
15,1571,1.0
16,1571,2.0
17,1571,0.0
18,1571,3.0
19,1571,2.0
20,1571,0.0
21,1571,0.0
22,1571,0.0
23,1571,0.0
24,1571,1.0
25,1571,0.0
26,1571,1.0
27,1571,0.0
28,1571,0.0
29,1571,0.0
30,1571,3.0
31,1571,0.0
32,1571,0.0
33,1571,3.0
34,1571,0.0
35,1571,3.0
36,1571,0.0
37,1571,2.0
38,1571,0.0
39,1571,3.0
40,1571,0.0
41,1571,2.0
42,1571,0.0
43,1571,1.0
44,1571,0.0
45,1571,0.0
46,1571,2.0
47,1571,3.0
48,1571,4.0
49,1571,2.0
50,1571,0.0
51,1571,0.0
52,1571,0.0
53,1571,53.0
54,1571,0.0
55,1571,2.0
56,1571,2.0
57,1571,0.0
58,1571,0.0
59,1571,0.0
60,1571,0.0
61,1571,0.0
62,1571,1.0
63,1571,6.0
64,1571,5.0
65,1571,0.0
66,1571,7.0
67,1571,1.0
68,1571,1.0
69,1571,2.0
70,1571,1.0
71,1571,2.0
72,1571,20.0
73,1571,0.0
74,1571,1.0
75,1571,0.0
76,1571,0.0
77,1571,0.0
78,1571,2.0
79,1571,1.0
80,1571,18.0
81,1571,3.0
82,1571,0.0
83,1571,0.0
84,1571,2.0
85,1571,53.0
86,1571,4.0
87,1571,1.0
88,1571,1.0
89,1571,0.0
90,1571,0.0
91,1571,6.0
92,1571,33.0
93,1571,0.0
94,1571,2.0
95,1571,12.0
96,1571,6.0
97,1571,4.0
98,1571,0.0
99,1571,0.0
100,1571,1.0
101,1571,1.0
102,1571,0.0
103,1571,0.0
104,1571,1.0
105,1571,3.0
106,1571,0.0
107,1571,0.0
108,1571,2.0
109,1571,7.0
110,1571,15.0
111,1571,0.0
112,1571,0.0
113,1571,0.0
114,1571,0.0
115,1571,0.0
116,1571,2.0
117,1571,1.0
118,1571,0.0
119,1571,4.0
120,1571,0.0
121,1571,2.0
122,1571,1.0
123,1571,3.0
124,1571,2.0
125,1571,2.0
126,1571,0.0
127,1571,0.0
128,1571,0.0
129,1571,2.0
130,1571,9.0
131,1571,1.0
132,1571,0.0
133,1571,0.0
134,1571,0.0
135,1571,0.0
136,1571,0.0
137,1571,2.0
138,1571,0.0
139,1571,0.0
140,1571,1.0
141,1571,0.0
142,1571,0.0
143,1571,0.0
144,1571,3.0
145,1571,0.0
146,1571,0.0
147,1571,3.0
148,1571,0.0
149,1571,0.0
150,1571,6.0
151,1571,14.0
152,1571,12.0
153,1571,0.0
154,1571,0.0
155,1571,4.0
156,1571,0.0
157,1571,3.0
158,1571,0.0
159,1571,4.0
160,1571,7.0
161,1571,0.0
162,1571,11.0
163,1571,7.0
164,1571,0.0
165,1571,3.0
166,1571,2.0
167,1571,10.0
168,1571,10.0
169,1571,5.0
170,1571,0.0
171,1571,3.0
172,1571,2.0
173,1571,0.0
174,1571,0.0
175,1571,0.0
176,1571,1.0
177,1571,2.0
178,1571,0.0
179,1571,0.0
180,1571,1.0
181,1571,1.0
182,1571,1.0
183,1571,0.0
184,1571,2.0
185,1571,0.0
186,1571,0.0
187,1571,0.0
188,1571,0.0
189,1571,2.0
190,1571,0.0
191,1571,2.0
192,1571,0.0
193,1571,0.0
194,1571,0.0
195,1571,2.0
196,1571,0.0
197,1571,0.0
198,1571,0.0
199,1571,0.0
0,1572,0.0
1,1572,0.0
2,1572,3.0
3,1572,4.0
4,1572,3.0
5,1572,0.0
6,1572,1.0
7,1572,0.0
8,1572,0.0
9,1572,2.0
10,1572,9.0
11,1572,0.0
12,1572,0.0
13,1572,0.0
14,1572,0.0
15,1572,4.0
16,1572,1.0
17,1572,0.0
18,1572,0.0
19,1572,0.0
20,1572,0.0
21,1572,0.0
22,1572,0.0
23,1572,0.0
24,1572,1.0
25,1572,0.0
26,1572,0.0
27,1572,1.0
28,1572,0.0
29,1572,0.0
30,1572,2.0
31,1572,0.0
32,1572,0.0
33,1572,9.0
34,1572,0.0
35,1572,4.0
36,1572,0.0
37,1572,4.0
38,1572,0.0
39,1572,2.0
40,1572,0.0
41,1572,1.0
42,1572,1.0
43,1572,0.0
44,1572,1.0
45,1572,1.0
46,1572,1.0
47,1572,2.0
48,1572,1.0
49,1572,1.0
50,1572,0.0
51,1572,0.0
52,1572,1.0
53,1572,29.0
54,1572,0.0
55,1572,1.0
56,1572,1.0
57,1572,0.0
58,1572,5.0
59,1572,1.0
60,1572,0.0
61,1572,0.0
62,1572,3.0
63,1572,0.0
64,1572,0.0
65,1572,0.0
66,1572,2.0
67,1572,3.0
68,1572,4.0
69,1572,0.0
70,1572,0.0
71,1572,4.0
72,1572,20.0
73,1572,0.0
74,1572,0.0
75,1572,4.0
76,1572,0.0
77,1572,4.0
78,1572,3.0
79,1572,0.0
80,1572,12.0
81,1572,0.0
82,1572,0.0
83,1572,0.0
84,1572,5.0
85,1572,25.0
86,1572,3.0
87,1572,0.0
88,1572,0.0
89,1572,0.0
90,1572,0.0
91,1572,5.0
92,1572,41.0
93,1572,1.0
94,1572,2.0
95,1572,5.0
96,1572,7.0
97,1572,1.0
98,1572,0.0
99,1572,0.0
100,1572,6.0
101,1572,2.0
102,1572,0.0
103,1572,0.0
104,1572,4.0
105,1572,0.0
106,1572,0.0
107,1572,0.0
108,1572,1.0
109,1572,5.0
110,1572,2.0
111,1572,3.0
112,1572,0.0
113,1572,0.0
114,1572,0.0
115,1572,0.0
116,1572,0.0
117,1572,2.0
118,1572,0.0
119,1572,3.0
120,1572,0.0
121,1572,1.0
122,1572,1.0
123,1572,0.0
124,1572,2.0
125,1572,0.0
126,1572,0.0
127,1572,0.0
128,1572,0.0
129,1572,1.0
130,1572,2.0
131,1572,0.0
132,1572,0.0
133,1572,0.0
134,1572,0.0
135,1572,0.0
136,1572,1.0
137,1572,0.0
138,1572,0.0
139,1572,0.0
140,1572,1.0
141,1572,1.0
142,1572,0.0
143,1572,1.0
144,1572,0.0
145,1572,0.0
146,1572,0.0
147,1572,6.0
148,1572,0.0
149,1572,0.0
150,1572,9.0
151,1572,19.0
152,1572,21.0
153,1572,2.0
154,1572,0.0
155,1572,0.0
156,1572,0.0
157,1572,4.0
158,1572,0.0
159,1572,4.0
160,1572,3.0
161,1572,0.0
162,1572,4.0
163,1572,15.0
164,1572,1.0
165,1572,0.0
166,1572,0.0
167,1572,6.0
168,1572,5.0
169,1572,2.0
170,1572,0.0
171,1572,4.0
172,1572,2.0
173,1572,2.0
174,1572,0.0
175,1572,1.0
176,1572,0.0
177,1572,2.0
178,1572,0.0
179,1572,0.0
180,1572,0.0
181,1572,0.0
182,1572,0.0
183,1572,0.0
184,1572,0.0
185,1572,0.0
186,1572,0.0
187,1572,0.0
188,1572,2.0
189,1572,0.0
190,1572,0.0
191,1572,0.0
192,1572,0.0
193,1572,3.0
194,1572,2.0
195,1572,0.0
196,1572,0.0
197,1572,0.0
198,1572,2.0
199,1572,0.0
0,1573,0.0
1,1573,3.0
2,1573,7.0
3,1573,0.0
4,1573,0.0
5,1573,0.0
6,1573,0.0
7,1573,0.0
8,1573,0.0
9,1573,2.0
10,1573,5.0
11,1573,0.0
12,1573,0.0
13,1573,1.0
14,1573,0.0
15,1573,1.0
16,1573,0.0
17,1573,0.0
18,1573,2.0
19,1573,8.0
20,1573,0.0
21,1573,0.0
22,1573,0.0
23,1573,0.0
24,1573,1.0
25,1573,0.0
26,1573,3.0
27,1573,0.0
28,1573,0.0
29,1573,0.0
30,1573,2.0
31,1573,0.0
32,1573,0.0
33,1573,2.0
34,1573,0.0
35,1573,4.0
36,1573,0.0
37,1573,5.0
38,1573,0.0
39,1573,1.0
40,1573,0.0
41,1573,2.0
42,1573,0.0
43,1573,0.0
44,1573,1.0
45,1573,0.0
46,1573,1.0
47,1573,1.0
48,1573,2.0
49,1573,3.0
50,1573,0.0
51,1573,0.0
52,1573,3.0
53,1573,34.0
54,1573,0.0
55,1573,0.0
56,1573,2.0
57,1573,0.0
58,1573,1.0
59,1573,1.0
60,1573,0.0
61,1573,18.0
62,1573,1.0
63,1573,4.0
64,1573,2.0
65,1573,0.0
66,1573,1.0
67,1573,3.0
68,1573,4.0
69,1573,0.0
70,1573,0.0
71,1573,0.0
72,1573,12.0
73,1573,0.0
74,1573,0.0
75,1573,3.0
76,1573,0.0
77,1573,1.0
78,1573,0.0
79,1573,0.0
80,1573,17.0
81,1573,2.0
82,1573,0.0
83,1573,0.0
84,1573,7.0
85,1573,39.0
86,1573,2.0
87,1573,1.0
88,1573,0.0
89,1573,0.0
90,1573,1.0
91,1573,0.0
92,1573,36.0
93,1573,0.0
94,1573,0.0
95,1573,17.0
96,1573,4.0
97,1573,1.0
98,1573,0.0
99,1573,0.0
100,1573,0.0
101,1573,0.0
102,1573,0.0
103,1573,0.0
104,1573,5.0
105,1573,0.0
106,1573,0.0
107,1573,0.0
108,1573,2.0
109,1573,3.0
110,1573,2.0
111,1573,1.0
112,1573,1.0
113,1573,0.0
114,1573,0.0
115,1573,0.0
116,1573,1.0
117,1573,1.0
118,1573,0.0
119,1573,4.0
120,1573,1.0
121,1573,1.0
122,1573,0.0
123,1573,0.0
124,1573,2.0
125,1573,0.0
126,1573,0.0
127,1573,0.0
128,1573,0.0
129,1573,0.0
130,1573,3.0
131,1573,0.0
132,1573,1.0
133,1573,0.0
134,1573,0.0
135,1573,1.0
136,1573,0.0
137,1573,3.0
138,1573,0.0
139,1573,0.0
140,1573,0.0
141,1573,0.0
142,1573,1.0
143,1573,3.0
144,1573,2.0
145,1573,0.0
146,1573,1.0
147,1573,3.0
148,1573,1.0
149,1573,0.0
150,1573,9.0
151,1573,13.0
152,1573,15.0
153,1573,2.0
154,1573,2.0
155,1573,2.0
156,1573,0.0
157,1573,1.0
158,1573,0.0
159,1573,1.0
160,1573,5.0
161,1573,0.0
162,1573,8.0
163,1573,15.0
164,1573,0.0
165,1573,0.0
166,1573,0.0
167,1573,4.0
168,1573,14.0
169,1573,2.0
170,1573,0.0
171,1573,4.0
172,1573,1.0
173,1573,1.0
174,1573,0.0
175,1573,0.0
176,1573,0.0
177,1573,0.0
178,1573,0.0
179,1573,0.0
180,1573,0.0
181,1573,0.0
182,1573,0.0
183,1573,0.0
184,1573,0.0
185,1573,0.0
186,1573,0.0
187,1573,0.0
188,1573,4.0
189,1573,0.0
190,1573,0.0
191,1573,0.0
192,1573,0.0
193,1573,1.0
194,1573,2.0
195,1573,0.0
196,1573,1.0
197,1573,0.0
198,1573,0.0
199,1573,0.0
0,1574,0.0
1,1574,4.0
2,1574,2.0
3,1574,0.0
4,1574,0.0
5,1574,0.0
6,1574,0.0
7,1574,0.0
8,1574,0.0
9,1574,1.0
10,1574,14.0
11,1574,0.0
12,1574,0.0
13,1574,2.0
14,1574,0.0
15,1574,4.0
16,1574,1.0
17,1574,1.0
18,1574,1.0
19,1574,1.0
20,1574,0.0
21,1574,0.0
22,1574,16.0
23,1574,0.0
24,1574,0.0
25,1574,0.0
26,1574,0.0
27,1574,0.0
28,1574,0.0
29,1574,0.0
30,1574,3.0
31,1574,0.0
32,1574,0.0
33,1574,0.0
34,1574,0.0
35,1574,3.0
36,1574,0.0
37,1574,3.0
38,1574,1.0
39,1574,2.0
40,1574,0.0
41,1574,2.0
42,1574,0.0
43,1574,0.0
44,1574,0.0
45,1574,1.0
46,1574,5.0
47,1574,1.0
48,1574,4.0
49,1574,0.0
50,1574,1.0
51,1574,0.0
52,1574,1.0
53,1574,29.0
54,1574,0.0
55,1574,2.0
56,1574,0.0
57,1574,0.0
58,1574,0.0
59,1574,1.0
60,1574,0.0
61,1574,16.0
62,1574,1.0
63,1574,0.0
64,1574,2.0
65,1574,0.0
66,1574,8.0
67,1574,0.0
68,1574,4.0
69,1574,0.0
70,1574,2.0
71,1574,1.0
72,1574,22.0
73,1574,0.0
74,1574,1.0
75,1574,0.0
76,1574,0.0
77,1574,3.0
78,1574,2.0
79,1574,2.0
80,1574,24.0
81,1574,0.0
82,1574,0.0
83,1574,0.0
84,1574,2.0
85,1574,53.0
86,1574,5.0
87,1574,1.0
88,1574,6.0
89,1574,2.0
90,1574,0.0
91,1574,2.0
92,1574,31.0
93,1574,0.0
94,1574,3.0
95,1574,1.0
96,1574,10.0
97,1574,4.0
98,1574,0.0
99,1574,0.0
100,1574,1.0
101,1574,1.0
102,1574,1.0
103,1574,2.0
104,1574,3.0
105,1574,3.0
106,1574,0.0
107,1574,0.0
108,1574,0.0
109,1574,6.0
110,1574,4.0
111,1574,4.0
112,1574,0.0
113,1574,0.0
114,1574,0.0
115,1574,1.0
116,1574,2.0
117,1574,1.0
118,1574,0.0
119,1574,4.0
120,1574,0.0
121,1574,0.0
122,1574,4.0
123,1574,0.0
124,1574,2.0
125,1574,1.0
126,1574,0.0
127,1574,1.0
128,1574,0.0
129,1574,2.0
130,1574,3.0
131,1574,2.0
132,1574,1.0
133,1574,0.0
134,1574,0.0
135,1574,0.0
136,1574,0.0
137,1574,0.0
138,1574,0.0
139,1574,0.0
140,1574,0.0
141,1574,0.0
142,1574,1.0
143,1574,3.0
144,1574,4.0
145,1574,0.0
146,1574,0.0
147,1574,1.0
148,1574,1.0
149,1574,0.0
150,1574,7.0
151,1574,9.0
152,1574,16.0
153,1574,1.0
154,1574,2.0
155,1574,0.0
156,1574,0.0
157,1574,0.0
158,1574,3.0
159,1574,2.0
160,1574,11.0
161,1574,0.0
162,1574,12.0
163,1574,13.0
164,1574,0.0
165,1574,0.0
166,1574,0.0
167,1574,11.0
168,1574,10.0
169,1574,5.0
170,1574,0.0
171,1574,0.0
172,1574,0.0
173,1574,2.0
174,1574,0.0
175,1574,1.0
176,1574,0.0
177,1574,0.0
178,1574,2.0
179,1574,0.0
180,1574,2.0
181,1574,0.0
182,1574,5.0
183,1574,0.0
184,1574,0.0
185,1574,0.0
186,1574,0.0
187,1574,0.0
188,1574,4.0
189,1574,0.0
190,1574,0.0
191,1574,0.0
192,1574,1.0
193,1574,0.0
194,1574,1.0
195,1574,1.0
196,1574,1.0
197,1574,0.0
198,1574,0.0
199,1574,0.0
0,1575,0.0
1,1575,3.0
2,1575,13.0
3,1575,0.0
4,1575,0.0
5,1575,0.0
6,1575,0.0
7,1575,1.0
8,1575,0.0
9,1575,4.0
10,1575,17.0
11,1575,0.0
12,1575,0.0
13,1575,3.0
14,1575,0.0
15,1575,6.0
16,1575,1.0
17,1575,1.0
18,1575,4.0
19,1575,0.0
20,1575,0.0
21,1575,0.0
22,1575,0.0
23,1575,1.0
24,1575,0.0
25,1575,0.0
26,1575,1.0
27,1575,0.0
28,1575,0.0
29,1575,0.0
30,1575,2.0
31,1575,0.0
32,1575,3.0
33,1575,0.0
34,1575,0.0
35,1575,9.0
36,1575,0.0
37,1575,1.0
38,1575,0.0
39,1575,3.0
40,1575,0.0
41,1575,0.0
42,1575,3.0
43,1575,0.0
44,1575,0.0
45,1575,0.0
46,1575,3.0
47,1575,0.0
48,1575,1.0
49,1575,0.0
50,1575,0.0
51,1575,0.0
52,1575,2.0
53,1575,62.0
54,1575,0.0
55,1575,0.0
56,1575,1.0
57,1575,0.0
58,1575,0.0
59,1575,4.0
60,1575,2.0
61,1575,17.0
62,1575,7.0
63,1575,1.0
64,1575,3.0
65,1575,0.0
66,1575,5.0
67,1575,1.0
68,1575,1.0
69,1575,1.0
70,1575,1.0
71,1575,5.0
72,1575,23.0
73,1575,0.0
74,1575,0.0
75,1575,0.0
76,1575,0.0
77,1575,4.0
78,1575,4.0
79,1575,0.0
80,1575,20.0
81,1575,1.0
82,1575,0.0
83,1575,0.0
84,1575,5.0
85,1575,47.0
86,1575,5.0
87,1575,0.0
88,1575,2.0
89,1575,0.0
90,1575,0.0
91,1575,4.0
92,1575,59.0
93,1575,0.0
94,1575,1.0
95,1575,7.0
96,1575,3.0
97,1575,0.0
98,1575,0.0
99,1575,0.0
100,1575,0.0
101,1575,0.0
102,1575,0.0
103,1575,3.0
104,1575,6.0
105,1575,5.0
106,1575,0.0
107,1575,0.0
108,1575,4.0
109,1575,4.0
110,1575,6.0
111,1575,4.0
112,1575,0.0
113,1575,0.0
114,1575,0.0
115,1575,1.0
116,1575,0.0
117,1575,1.0
118,1575,0.0
119,1575,4.0
120,1575,0.0
121,1575,1.0
122,1575,2.0
123,1575,0.0
124,1575,3.0
125,1575,4.0
126,1575,0.0
127,1575,0.0
128,1575,0.0
129,1575,1.0
130,1575,2.0
131,1575,2.0
132,1575,3.0
133,1575,0.0
134,1575,0.0
135,1575,0.0
136,1575,0.0
137,1575,0.0
138,1575,0.0
139,1575,1.0
140,1575,1.0
141,1575,2.0
142,1575,1.0
143,1575,5.0
144,1575,2.0
145,1575,4.0
146,1575,0.0
147,1575,0.0
148,1575,0.0
149,1575,4.0
150,1575,7.0
151,1575,16.0
152,1575,11.0
153,1575,1.0
154,1575,2.0
155,1575,2.0
156,1575,0.0
157,1575,0.0
158,1575,0.0
159,1575,4.0
160,1575,4.0
161,1575,0.0
162,1575,12.0
163,1575,29.0
164,1575,0.0
165,1575,0.0
166,1575,0.0
167,1575,5.0
168,1575,9.0
169,1575,2.0
170,1575,1.0
171,1575,4.0
172,1575,0.0
173,1575,1.0
174,1575,0.0
175,1575,0.0
176,1575,1.0
177,1575,2.0
178,1575,1.0
179,1575,0.0
180,1575,0.0
181,1575,0.0
182,1575,4.0
183,1575,0.0
184,1575,1.0
185,1575,0.0
186,1575,0.0
187,1575,1.0
188,1575,5.0
189,1575,0.0
190,1575,0.0
191,1575,0.0
192,1575,0.0
193,1575,1.0
194,1575,2.0
195,1575,1.0
196,1575,2.0
197,1575,0.0
198,1575,1.0
199,1575,0.0
0,1576,0.0
1,1576,2.0
2,1576,6.0
3,1576,0.0
4,1576,0.0
5,1576,0.0
6,1576,0.0
7,1576,0.0
8,1576,0.0
9,1576,2.0
10,1576,27.0
11,1576,0.0
12,1576,1.0
13,1576,4.0
14,1576,0.0
15,1576,1.0
16,1576,2.0
17,1576,2.0
18,1576,0.0
19,1576,2.0
20,1576,0.0
21,1576,0.0
22,1576,0.0
23,1576,0.0
24,1576,2.0
25,1576,0.0
26,1576,0.0
27,1576,0.0
28,1576,0.0
29,1576,0.0
30,1576,1.0
31,1576,0.0
32,1576,0.0
33,1576,1.0
34,1576,0.0
35,1576,1.0
36,1576,0.0
37,1576,0.0
38,1576,2.0
39,1576,2.0
40,1576,0.0
41,1576,3.0
42,1576,9.0
43,1576,0.0
44,1576,3.0
45,1576,1.0
46,1576,0.0
47,1576,0.0
48,1576,2.0
49,1576,3.0
50,1576,0.0
51,1576,0.0
52,1576,3.0
53,1576,52.0
54,1576,0.0
55,1576,0.0
56,1576,2.0
57,1576,0.0
58,1576,0.0
59,1576,0.0
60,1576,1.0
61,1576,36.0
62,1576,2.0
63,1576,0.0
64,1576,3.0
65,1576,0.0
66,1576,4.0
67,1576,6.0
68,1576,7.0
69,1576,0.0
70,1576,3.0
71,1576,3.0
72,1576,13.0
73,1576,0.0
74,1576,0.0
75,1576,0.0
76,1576,0.0
77,1576,5.0
78,1576,2.0
79,1576,0.0
80,1576,29.0
81,1576,2.0
82,1576,0.0
83,1576,0.0
84,1576,6.0
85,1576,67.0
86,1576,6.0
87,1576,0.0
88,1576,2.0
89,1576,0.0
90,1576,0.0
91,1576,10.0
92,1576,46.0
93,1576,1.0
94,1576,3.0
95,1576,14.0
96,1576,7.0
97,1576,1.0
98,1576,0.0
99,1576,1.0
100,1576,0.0
101,1576,1.0
102,1576,1.0
103,1576,0.0
104,1576,9.0
105,1576,0.0
106,1576,0.0
107,1576,0.0
108,1576,1.0
109,1576,7.0
110,1576,10.0
111,1576,2.0
112,1576,0.0
113,1576,0.0
114,1576,0.0
115,1576,0.0
116,1576,0.0
117,1576,0.0
118,1576,0.0
119,1576,6.0
120,1576,1.0
121,1576,1.0
122,1576,2.0
123,1576,0.0
124,1576,2.0
125,1576,2.0
126,1576,0.0
127,1576,1.0
128,1576,0.0
129,1576,0.0
130,1576,4.0
131,1576,3.0
132,1576,1.0
133,1576,0.0
134,1576,1.0
135,1576,0.0
136,1576,0.0
137,1576,0.0
138,1576,0.0
139,1576,0.0
140,1576,1.0
141,1576,0.0
142,1576,0.0
143,1576,0.0
144,1576,3.0
145,1576,2.0
146,1576,1.0
147,1576,2.0
148,1576,0.0
149,1576,2.0
150,1576,9.0
151,1576,26.0
152,1576,18.0
153,1576,3.0
154,1576,1.0
155,1576,1.0
156,1576,0.0
157,1576,3.0
158,1576,1.0
159,1576,5.0
160,1576,6.0
161,1576,0.0
162,1576,13.0
163,1576,20.0
164,1576,0.0
165,1576,3.0
166,1576,2.0
167,1576,12.0
168,1576,14.0
169,1576,3.0
170,1576,0.0
171,1576,7.0
172,1576,2.0
173,1576,3.0
174,1576,0.0
175,1576,3.0
176,1576,1.0
177,1576,1.0
178,1576,3.0
179,1576,0.0
180,1576,2.0
181,1576,1.0
182,1576,3.0
183,1576,0.0
184,1576,1.0
185,1576,1.0
186,1576,0.0
187,1576,0.0
188,1576,6.0
189,1576,1.0
190,1576,1.0
191,1576,0.0
192,1576,0.0
193,1576,0.0
194,1576,3.0
195,1576,2.0
196,1576,3.0
197,1576,0.0
198,1576,1.0
199,1576,0.0
0,1577,1.0
1,1577,1.0
2,1577,3.0
3,1577,1.0
4,1577,1.0
5,1577,0.0
6,1577,0.0
7,1577,1.0
8,1577,0.0
9,1577,2.0
10,1577,12.0
11,1577,0.0
12,1577,2.0
13,1577,0.0
14,1577,0.0
15,1577,4.0
16,1577,1.0
17,1577,0.0
18,1577,4.0
19,1577,5.0
20,1577,0.0
21,1577,0.0
22,1577,0.0
23,1577,0.0
24,1577,2.0
25,1577,0.0
26,1577,0.0
27,1577,0.0
28,1577,0.0
29,1577,0.0
30,1577,0.0
31,1577,0.0
32,1577,0.0
33,1577,3.0
34,1577,0.0
35,1577,2.0
36,1577,0.0
37,1577,0.0
38,1577,1.0
39,1577,1.0
40,1577,0.0
41,1577,2.0
42,1577,0.0
43,1577,0.0
44,1577,1.0
45,1577,0.0
46,1577,2.0
47,1577,1.0
48,1577,7.0
49,1577,0.0
50,1577,0.0
51,1577,0.0
52,1577,0.0
53,1577,67.0
54,1577,7.0
55,1577,0.0
56,1577,0.0
57,1577,0.0
58,1577,0.0
59,1577,1.0
60,1577,0.0
61,1577,31.0
62,1577,4.0
63,1577,1.0
64,1577,3.0
65,1577,1.0
66,1577,1.0
67,1577,1.0
68,1577,6.0
69,1577,0.0
70,1577,2.0
71,1577,8.0
72,1577,26.0
73,1577,0.0
74,1577,0.0
75,1577,1.0
76,1577,0.0
77,1577,2.0
78,1577,3.0
79,1577,3.0
80,1577,21.0
81,1577,1.0
82,1577,0.0
83,1577,0.0
84,1577,3.0
85,1577,81.0
86,1577,3.0
87,1577,1.0
88,1577,2.0
89,1577,0.0
90,1577,0.0
91,1577,9.0
92,1577,38.0
93,1577,0.0
94,1577,1.0
95,1577,6.0
96,1577,0.0
97,1577,1.0
98,1577,0.0
99,1577,0.0
100,1577,1.0
101,1577,1.0
102,1577,0.0
103,1577,0.0
104,1577,4.0
105,1577,0.0
106,1577,0.0
107,1577,0.0
108,1577,1.0
109,1577,2.0
110,1577,0.0
111,1577,1.0
112,1577,1.0
113,1577,0.0
114,1577,0.0
115,1577,0.0
116,1577,3.0
117,1577,0.0
118,1577,0.0
119,1577,5.0
120,1577,0.0
121,1577,0.0
122,1577,0.0
123,1577,1.0
124,1577,2.0
125,1577,2.0
126,1577,0.0
127,1577,1.0
128,1577,0.0
129,1577,2.0
130,1577,3.0
131,1577,2.0
132,1577,1.0
133,1577,0.0
134,1577,0.0
135,1577,0.0
136,1577,0.0
137,1577,1.0
138,1577,0.0
139,1577,1.0
140,1577,1.0
141,1577,0.0
142,1577,0.0
143,1577,0.0
144,1577,1.0
145,1577,0.0
146,1577,1.0
147,1577,6.0
148,1577,0.0
149,1577,0.0
150,1577,16.0
151,1577,15.0
152,1577,3.0
153,1577,1.0
154,1577,4.0
155,1577,3.0
156,1577,0.0
157,1577,1.0
158,1577,3.0
159,1577,4.0
160,1577,7.0
161,1577,0.0
162,1577,13.0
163,1577,10.0
164,1577,0.0
165,1577,5.0
166,1577,3.0
167,1577,14.0
168,1577,12.0
169,1577,9.0
170,1577,0.0
171,1577,3.0
172,1577,0.0
173,1577,1.0
174,1577,0.0
175,1577,5.0
176,1577,0.0
177,1577,4.0
178,1577,1.0
179,1577,0.0
180,1577,2.0
181,1577,0.0
182,1577,2.0
183,1577,0.0
184,1577,0.0
185,1577,0.0
186,1577,0.0
187,1577,0.0
188,1577,5.0
189,1577,0.0
190,1577,1.0
191,1577,0.0
192,1577,0.0
193,1577,4.0
194,1577,1.0
195,1577,1.0
196,1577,1.0
197,1577,0.0
198,1577,1.0
199,1577,0.0
0,1578,3.0
1,1578,1.0
2,1578,1.0
3,1578,2.0
4,1578,1.0
5,1578,0.0
6,1578,0.0
7,1578,0.0
8,1578,0.0
9,1578,7.0
10,1578,29.0
11,1578,0.0
12,1578,0.0
13,1578,0.0
14,1578,0.0
15,1578,4.0
16,1578,0.0
17,1578,1.0
18,1578,2.0
19,1578,2.0
20,1578,0.0
21,1578,6.0
22,1578,4.0
23,1578,2.0
24,1578,0.0
25,1578,0.0
26,1578,1.0
27,1578,1.0
28,1578,0.0
29,1578,0.0
30,1578,0.0
31,1578,0.0
32,1578,0.0
33,1578,7.0
34,1578,2.0
35,1578,4.0
36,1578,0.0
37,1578,4.0
38,1578,1.0
39,1578,1.0
40,1578,0.0
41,1578,1.0
42,1578,0.0
43,1578,0.0
44,1578,0.0
45,1578,1.0
46,1578,1.0
47,1578,2.0
48,1578,5.0
49,1578,0.0
50,1578,0.0
51,1578,0.0
52,1578,0.0
53,1578,69.0
54,1578,0.0
55,1578,1.0
56,1578,1.0
57,1578,0.0
58,1578,1.0
59,1578,0.0
60,1578,1.0
61,1578,45.0
62,1578,0.0
63,1578,0.0
64,1578,2.0
65,1578,0.0
66,1578,6.0
67,1578,4.0
68,1578,4.0
69,1578,0.0
70,1578,1.0
71,1578,5.0
72,1578,20.0
73,1578,0.0
74,1578,0.0
75,1578,0.0
76,1578,0.0
77,1578,0.0
78,1578,2.0
79,1578,2.0
80,1578,23.0
81,1578,2.0
82,1578,0.0
83,1578,0.0
84,1578,4.0
85,1578,53.0
86,1578,3.0
87,1578,0.0
88,1578,4.0
89,1578,0.0
90,1578,2.0
91,1578,3.0
92,1578,35.0
93,1578,2.0
94,1578,0.0
95,1578,6.0
96,1578,1.0
97,1578,2.0
98,1578,0.0
99,1578,1.0
100,1578,0.0
101,1578,0.0
102,1578,0.0
103,1578,0.0
104,1578,5.0
105,1578,0.0
106,1578,0.0
107,1578,0.0
108,1578,0.0
109,1578,6.0
110,1578,4.0
111,1578,1.0
112,1578,5.0
113,1578,0.0
114,1578,0.0
115,1578,0.0
116,1578,0.0
117,1578,0.0
118,1578,0.0
119,1578,6.0
120,1578,1.0
121,1578,1.0
122,1578,0.0
123,1578,0.0
124,1578,2.0
125,1578,0.0
126,1578,0.0
127,1578,0.0
128,1578,0.0
129,1578,3.0
130,1578,5.0
131,1578,4.0
132,1578,3.0
133,1578,0.0
134,1578,1.0
135,1578,0.0
136,1578,1.0
137,1578,0.0
138,1578,0.0
139,1578,0.0
140,1578,0.0
141,1578,0.0
142,1578,0.0
143,1578,2.0
144,1578,3.0
145,1578,0.0
146,1578,0.0
147,1578,5.0
148,1578,0.0
149,1578,0.0
150,1578,5.0
151,1578,8.0
152,1578,7.0
153,1578,1.0
154,1578,1.0
155,1578,0.0
156,1578,1.0
157,1578,2.0
158,1578,1.0
159,1578,5.0
160,1578,4.0
161,1578,0.0
162,1578,11.0
163,1578,7.0
164,1578,0.0
165,1578,4.0
166,1578,5.0
167,1578,8.0
168,1578,7.0
169,1578,8.0
170,1578,1.0
171,1578,2.0
172,1578,2.0
173,1578,6.0
174,1578,0.0
175,1578,3.0
176,1578,1.0
177,1578,2.0
178,1578,0.0
179,1578,0.0
180,1578,0.0
181,1578,0.0
182,1578,1.0
183,1578,1.0
184,1578,2.0
185,1578,0.0
186,1578,0.0
187,1578,0.0
188,1578,6.0
189,1578,0.0
190,1578,0.0
191,1578,0.0
192,1578,0.0
193,1578,0.0
194,1578,3.0
195,1578,0.0
196,1578,1.0
197,1578,0.0
198,1578,0.0
199,1578,0.0
0,1579,0.0
1,1579,0.0
2,1579,1.0
3,1579,0.0
4,1579,0.0
5,1579,0.0
6,1579,2.0
7,1579,0.0
8,1579,0.0
9,1579,0.0
10,1579,5.0
11,1579,0.0
12,1579,0.0
13,1579,0.0
14,1579,0.0
15,1579,2.0
16,1579,1.0
17,1579,2.0
18,1579,1.0
19,1579,2.0
20,1579,0.0
21,1579,0.0
22,1579,0.0
23,1579,0.0
24,1579,0.0
25,1579,0.0
26,1579,0.0
27,1579,0.0
28,1579,0.0
29,1579,0.0
30,1579,4.0
31,1579,0.0
32,1579,3.0
33,1579,1.0
34,1579,2.0
35,1579,4.0
36,1579,0.0
37,1579,4.0
38,1579,1.0
39,1579,3.0
40,1579,0.0
41,1579,1.0
42,1579,0.0
43,1579,0.0
44,1579,0.0
45,1579,1.0
46,1579,3.0
47,1579,0.0
48,1579,0.0
49,1579,1.0
50,1579,0.0
51,1579,0.0
52,1579,4.0
53,1579,31.0
54,1579,3.0
55,1579,0.0
56,1579,3.0
57,1579,0.0
58,1579,1.0
59,1579,3.0
60,1579,2.0
61,1579,12.0
62,1579,1.0
63,1579,0.0
64,1579,3.0
65,1579,0.0
66,1579,6.0
67,1579,2.0
68,1579,7.0
69,1579,2.0
70,1579,1.0
71,1579,2.0
72,1579,12.0
73,1579,0.0
74,1579,0.0
75,1579,1.0
76,1579,0.0
77,1579,2.0
78,1579,2.0
79,1579,0.0
80,1579,7.0
81,1579,2.0
82,1579,0.0
83,1579,0.0
84,1579,4.0
85,1579,40.0
86,1579,1.0
87,1579,0.0
88,1579,3.0
89,1579,0.0
90,1579,0.0
91,1579,4.0
92,1579,22.0
93,1579,1.0
94,1579,2.0
95,1579,2.0
96,1579,9.0
97,1579,0.0
98,1579,0.0
99,1579,0.0
100,1579,1.0
101,1579,0.0
102,1579,0.0
103,1579,0.0
104,1579,1.0
105,1579,0.0
106,1579,0.0
107,1579,0.0
108,1579,1.0
109,1579,4.0
110,1579,6.0
111,1579,2.0
112,1579,0.0
113,1579,0.0
114,1579,0.0
115,1579,0.0
116,1579,4.0
117,1579,1.0
118,1579,0.0
119,1579,2.0
120,1579,0.0
121,1579,1.0
122,1579,0.0
123,1579,0.0
124,1579,1.0
125,1579,1.0
126,1579,0.0
127,1579,0.0
128,1579,0.0
129,1579,0.0
130,1579,2.0
131,1579,2.0
132,1579,0.0
133,1579,0.0
134,1579,1.0
135,1579,0.0
136,1579,0.0
137,1579,1.0
138,1579,0.0
139,1579,0.0
140,1579,0.0
141,1579,0.0
142,1579,1.0
143,1579,0.0
144,1579,5.0
145,1579,0.0
146,1579,0.0
147,1579,3.0
148,1579,0.0
149,1579,0.0
150,1579,7.0
151,1579,4.0
152,1579,0.0
153,1579,1.0
154,1579,1.0
155,1579,1.0
156,1579,1.0
157,1579,0.0
158,1579,2.0
159,1579,2.0
160,1579,5.0
161,1579,0.0
162,1579,8.0
163,1579,4.0
164,1579,0.0
165,1579,1.0
166,1579,0.0
167,1579,12.0
168,1579,5.0
169,1579,4.0
170,1579,0.0
171,1579,8.0
172,1579,4.0
173,1579,2.0
174,1579,0.0
175,1579,3.0
176,1579,1.0
177,1579,3.0
178,1579,1.0
179,1579,5.0
180,1579,0.0
181,1579,0.0
182,1579,0.0
183,1579,1.0
184,1579,0.0
185,1579,0.0
186,1579,0.0
187,1579,0.0
188,1579,2.0
189,1579,0.0
190,1579,0.0
191,1579,0.0
192,1579,1.0
193,1579,0.0
194,1579,1.0
195,1579,0.0
196,1579,0.0
197,1579,0.0
198,1579,1.0
199,1579,1.0
0,1580,3.0
1,1580,1.0
2,1580,5.0
3,1580,0.0
4,1580,3.0
5,1580,0.0
6,1580,0.0
7,1580,1.0
8,1580,0.0
9,1580,1.0
10,1580,3.0
11,1580,0.0
12,1580,0.0
13,1580,0.0
14,1580,0.0
15,1580,2.0
16,1580,0.0
17,1580,0.0
18,1580,1.0
19,1580,3.0
20,1580,0.0
21,1580,0.0
22,1580,0.0
23,1580,0.0
24,1580,0.0
25,1580,0.0
26,1580,3.0
27,1580,0.0
28,1580,2.0
29,1580,0.0
30,1580,4.0
31,1580,0.0
32,1580,1.0
33,1580,4.0
34,1580,0.0
35,1580,11.0
36,1580,0.0
37,1580,1.0
38,1580,1.0
39,1580,1.0
40,1580,0.0
41,1580,1.0
42,1580,0.0
43,1580,0.0
44,1580,1.0
45,1580,0.0
46,1580,1.0
47,1580,2.0
48,1580,4.0
49,1580,3.0
50,1580,5.0
51,1580,0.0
52,1580,2.0
53,1580,61.0
54,1580,0.0
55,1580,1.0
56,1580,0.0
57,1580,0.0
58,1580,2.0
59,1580,4.0
60,1580,0.0
61,1580,20.0
62,1580,0.0
63,1580,0.0
64,1580,1.0
65,1580,2.0
66,1580,1.0
67,1580,1.0
68,1580,6.0
69,1580,0.0
70,1580,2.0
71,1580,7.0
72,1580,5.0
73,1580,0.0
74,1580,2.0
75,1580,0.0
76,1580,0.0
77,1580,1.0
78,1580,8.0
79,1580,1.0
80,1580,5.0
81,1580,2.0
82,1580,0.0
83,1580,0.0
84,1580,2.0
85,1580,35.0
86,1580,3.0
87,1580,1.0
88,1580,2.0
89,1580,0.0
90,1580,1.0
91,1580,4.0
92,1580,26.0
93,1580,0.0
94,1580,2.0
95,1580,6.0
96,1580,6.0
97,1580,1.0
98,1580,0.0
99,1580,2.0
100,1580,0.0
101,1580,1.0
102,1580,0.0
103,1580,0.0
104,1580,1.0
105,1580,0.0
106,1580,0.0
107,1580,0.0
108,1580,0.0
109,1580,7.0
110,1580,9.0
111,1580,1.0
112,1580,1.0
113,1580,0.0
114,1580,0.0
115,1580,0.0
116,1580,3.0
117,1580,0.0
118,1580,0.0
119,1580,5.0
120,1580,0.0
121,1580,1.0
122,1580,3.0
123,1580,1.0
124,1580,0.0
125,1580,0.0
126,1580,0.0
127,1580,0.0
128,1580,0.0
129,1580,1.0
130,1580,3.0
131,1580,2.0
132,1580,1.0
133,1580,0.0
134,1580,0.0
135,1580,0.0
136,1580,0.0
137,1580,0.0
138,1580,0.0
139,1580,3.0
140,1580,0.0
141,1580,0.0
142,1580,1.0
143,1580,1.0
144,1580,4.0
145,1580,0.0
146,1580,1.0
147,1580,0.0
148,1580,0.0
149,1580,1.0
150,1580,10.0
151,1580,3.0
152,1580,0.0
153,1580,0.0
154,1580,0.0
155,1580,2.0
156,1580,0.0
157,1580,1.0
158,1580,3.0
159,1580,6.0
160,1580,6.0
161,1580,0.0
162,1580,5.0
163,1580,3.0
164,1580,1.0
165,1580,0.0
166,1580,1.0
167,1580,6.0
168,1580,11.0
169,1580,6.0
170,1580,0.0
171,1580,5.0
172,1580,0.0
173,1580,0.0
174,1580,0.0
175,1580,1.0
176,1580,1.0
177,1580,2.0
178,1580,0.0
179,1580,0.0
180,1580,2.0
181,1580,0.0
182,1580,3.0
183,1580,0.0
184,1580,0.0
185,1580,0.0
186,1580,0.0
187,1580,0.0
188,1580,3.0
189,1580,0.0
190,1580,0.0
191,1580,0.0
192,1580,1.0
193,1580,0.0
194,1580,1.0
195,1580,0.0
196,1580,0.0
197,1580,0.0
198,1580,2.0
199,1580,0.0
0,1581,2.0
1,1581,3.0
2,1581,7.0
3,1581,3.0
4,1581,2.0
5,1581,0.0
6,1581,1.0
7,1581,0.0
8,1581,0.0
9,1581,1.0
10,1581,13.0
11,1581,0.0
12,1581,0.0
13,1581,0.0
14,1581,0.0
15,1581,4.0
16,1581,0.0
17,1581,1.0
18,1581,2.0
19,1581,2.0
20,1581,0.0
21,1581,1.0
22,1581,0.0
23,1581,0.0
24,1581,2.0
25,1581,0.0
26,1581,0.0
27,1581,0.0
28,1581,1.0
29,1581,0.0
30,1581,2.0
31,1581,0.0
32,1581,0.0
33,1581,2.0
34,1581,1.0
35,1581,10.0
36,1581,0.0
37,1581,2.0
38,1581,0.0
39,1581,0.0
40,1581,0.0
41,1581,2.0
42,1581,0.0
43,1581,0.0
44,1581,0.0
45,1581,0.0
46,1581,0.0
47,1581,1.0
48,1581,3.0
49,1581,1.0
50,1581,0.0
51,1581,0.0
52,1581,0.0
53,1581,33.0
54,1581,8.0
55,1581,1.0
56,1581,1.0
57,1581,0.0
58,1581,1.0
59,1581,0.0
60,1581,2.0
61,1581,13.0
62,1581,1.0
63,1581,0.0
64,1581,1.0
65,1581,1.0
66,1581,7.0
67,1581,4.0
68,1581,5.0
69,1581,0.0
70,1581,2.0
71,1581,0.0
72,1581,16.0
73,1581,0.0
74,1581,1.0
75,1581,2.0
76,1581,0.0
77,1581,2.0
78,1581,2.0
79,1581,3.0
80,1581,0.0
81,1581,1.0
82,1581,0.0
83,1581,0.0
84,1581,1.0
85,1581,44.0
86,1581,5.0
87,1581,0.0
88,1581,0.0
89,1581,0.0
90,1581,0.0
91,1581,5.0
92,1581,38.0
93,1581,0.0
94,1581,0.0
95,1581,5.0
96,1581,10.0
97,1581,0.0
98,1581,0.0
99,1581,0.0
100,1581,1.0
101,1581,1.0
102,1581,1.0
103,1581,0.0
104,1581,2.0
105,1581,1.0
106,1581,0.0
107,1581,0.0
108,1581,3.0
109,1581,5.0
110,1581,0.0
111,1581,1.0
112,1581,1.0
113,1581,0.0
114,1581,0.0
115,1581,0.0
116,1581,0.0
117,1581,0.0
118,1581,0.0
119,1581,13.0
120,1581,0.0
121,1581,0.0
122,1581,0.0
123,1581,0.0
124,1581,1.0
125,1581,0.0
126,1581,0.0
127,1581,1.0
128,1581,0.0
129,1581,0.0
130,1581,4.0
131,1581,1.0
132,1581,1.0
133,1581,0.0
134,1581,0.0
135,1581,0.0
136,1581,1.0
137,1581,0.0
138,1581,0.0
139,1581,0.0
140,1581,0.0
141,1581,0.0
142,1581,0.0
143,1581,3.0
144,1581,1.0
145,1581,0.0
146,1581,1.0
147,1581,0.0
148,1581,0.0
149,1581,1.0
150,1581,8.0
151,1581,13.0
152,1581,0.0
153,1581,2.0
154,1581,0.0
155,1581,0.0
156,1581,0.0
157,1581,1.0
158,1581,5.0
159,1581,6.0
160,1581,9.0
161,1581,0.0
162,1581,6.0
163,1581,11.0
164,1581,1.0
165,1581,1.0
166,1581,0.0
167,1581,4.0
168,1581,5.0
169,1581,7.0
170,1581,1.0
171,1581,6.0
172,1581,0.0
173,1581,0.0
174,1581,0.0
175,1581,2.0
176,1581,2.0
177,1581,1.0
178,1581,0.0
179,1581,1.0
180,1581,0.0
181,1581,0.0
182,1581,6.0
183,1581,0.0
184,1581,0.0
185,1581,0.0
186,1581,0.0
187,1581,0.0
188,1581,0.0
189,1581,0.0
190,1581,0.0
191,1581,0.0
192,1581,0.0
193,1581,1.0
194,1581,4.0
195,1581,0.0
196,1581,0.0
197,1581,0.0
198,1581,2.0
199,1581,1.0
0,1582,0.0
1,1582,0.0
2,1582,8.0
3,1582,1.0
4,1582,1.0
5,1582,0.0
6,1582,1.0
7,1582,0.0
8,1582,0.0
9,1582,1.0
10,1582,8.0
11,1582,0.0
12,1582,0.0
13,1582,0.0
14,1582,0.0
15,1582,0.0
16,1582,0.0
17,1582,1.0
18,1582,12.0
19,1582,1.0
20,1582,0.0
21,1582,3.0
22,1582,1.0
23,1582,0.0
24,1582,2.0
25,1582,0.0
26,1582,0.0
27,1582,0.0
28,1582,1.0
29,1582,0.0
30,1582,0.0
31,1582,0.0
32,1582,0.0
33,1582,0.0
34,1582,1.0
35,1582,4.0
36,1582,2.0
37,1582,2.0
38,1582,0.0
39,1582,2.0
40,1582,0.0
41,1582,1.0
42,1582,0.0
43,1582,0.0
44,1582,0.0
45,1582,1.0
46,1582,2.0
47,1582,0.0
48,1582,0.0
49,1582,0.0
50,1582,0.0
51,1582,0.0
52,1582,0.0
53,1582,38.0
54,1582,0.0
55,1582,0.0
56,1582,0.0
57,1582,0.0
58,1582,7.0
59,1582,2.0
60,1582,1.0
61,1582,15.0
62,1582,1.0
63,1582,0.0
64,1582,0.0
65,1582,0.0
66,1582,4.0
67,1582,0.0
68,1582,4.0
69,1582,0.0
70,1582,1.0
71,1582,1.0
72,1582,12.0
73,1582,0.0
74,1582,2.0
75,1582,1.0
76,1582,0.0
77,1582,5.0
78,1582,1.0
79,1582,2.0
80,1582,0.0
81,1582,0.0
82,1582,0.0
83,1582,0.0
84,1582,2.0
85,1582,46.0
86,1582,1.0
87,1582,0.0
88,1582,2.0
89,1582,0.0
90,1582,0.0
91,1582,4.0
92,1582,33.0
93,1582,0.0
94,1582,1.0
95,1582,2.0
96,1582,3.0
97,1582,0.0
98,1582,0.0
99,1582,0.0
100,1582,0.0
101,1582,0.0
102,1582,0.0
103,1582,0.0
104,1582,0.0
105,1582,1.0
106,1582,0.0
107,1582,0.0
108,1582,2.0
109,1582,10.0
110,1582,3.0
111,1582,1.0
112,1582,1.0
113,1582,0.0
114,1582,0.0
115,1582,0.0
116,1582,0.0
117,1582,1.0
118,1582,0.0
119,1582,3.0
120,1582,0.0
121,1582,0.0
122,1582,2.0
123,1582,0.0
124,1582,0.0
125,1582,0.0
126,1582,0.0
127,1582,4.0
128,1582,0.0
129,1582,4.0
130,1582,3.0
131,1582,2.0
132,1582,2.0
133,1582,0.0
134,1582,1.0
135,1582,0.0
136,1582,0.0
137,1582,1.0
138,1582,0.0
139,1582,1.0
140,1582,2.0
141,1582,1.0
142,1582,0.0
143,1582,3.0
144,1582,1.0
145,1582,0.0
146,1582,0.0
147,1582,2.0
148,1582,0.0
149,1582,0.0
150,1582,18.0
151,1582,17.0
152,1582,0.0
153,1582,0.0
154,1582,0.0
155,1582,3.0
156,1582,0.0
157,1582,0.0
158,1582,0.0
159,1582,0.0
160,1582,9.0
161,1582,0.0
162,1582,9.0
163,1582,18.0
164,1582,3.0
165,1582,0.0
166,1582,0.0
167,1582,10.0
168,1582,12.0
169,1582,5.0
170,1582,0.0
171,1582,1.0
172,1582,1.0
173,1582,0.0
174,1582,0.0
175,1582,2.0
176,1582,2.0
177,1582,3.0
178,1582,2.0
179,1582,0.0
180,1582,0.0
181,1582,0.0
182,1582,4.0
183,1582,0.0
184,1582,2.0
185,1582,0.0
186,1582,0.0
187,1582,0.0
188,1582,0.0
189,1582,0.0
190,1582,0.0
191,1582,0.0
192,1582,0.0
193,1582,0.0
194,1582,6.0
195,1582,0.0
196,1582,1.0
197,1582,0.0
198,1582,1.0
199,1582,1.0
0,1583,3.0
1,1583,1.0
2,1583,5.0
3,1583,0.0
4,1583,0.0
5,1583,0.0
6,1583,2.0
7,1583,0.0
8,1583,0.0
9,1583,0.0
10,1583,12.0
11,1583,0.0
12,1583,0.0
13,1583,0.0
14,1583,0.0
15,1583,14.0
16,1583,2.0
17,1583,0.0
18,1583,3.0
19,1583,3.0
20,1583,0.0
21,1583,0.0
22,1583,5.0
23,1583,0.0
24,1583,2.0
25,1583,0.0
26,1583,3.0
27,1583,0.0
28,1583,1.0
29,1583,0.0
30,1583,1.0
31,1583,0.0
32,1583,1.0
33,1583,3.0
34,1583,2.0
35,1583,4.0
36,1583,0.0
37,1583,2.0
38,1583,1.0
39,1583,1.0
40,1583,0.0
41,1583,1.0
42,1583,2.0
43,1583,0.0
44,1583,0.0
45,1583,1.0
46,1583,6.0
47,1583,1.0
48,1583,3.0
49,1583,0.0
50,1583,0.0
51,1583,0.0
52,1583,1.0
53,1583,81.0
54,1583,0.0
55,1583,1.0
56,1583,2.0
57,1583,0.0
58,1583,0.0
59,1583,0.0
60,1583,2.0
61,1583,23.0
62,1583,9.0
63,1583,2.0
64,1583,2.0
65,1583,0.0
66,1583,8.0
67,1583,9.0
68,1583,4.0
69,1583,0.0
70,1583,0.0
71,1583,6.0
72,1583,16.0
73,1583,0.0
74,1583,1.0
75,1583,0.0
76,1583,0.0
77,1583,1.0
78,1583,4.0
79,1583,0.0
80,1583,0.0
81,1583,2.0
82,1583,0.0
83,1583,0.0
84,1583,8.0
85,1583,84.0
86,1583,2.0
87,1583,0.0
88,1583,2.0
89,1583,0.0
90,1583,1.0
91,1583,1.0
92,1583,46.0
93,1583,0.0
94,1583,0.0
95,1583,9.0
96,1583,9.0
97,1583,0.0
98,1583,0.0
99,1583,0.0
100,1583,1.0
101,1583,0.0
102,1583,0.0
103,1583,0.0
104,1583,6.0
105,1583,5.0
106,1583,0.0
107,1583,0.0
108,1583,0.0
109,1583,4.0
110,1583,4.0
111,1583,1.0
112,1583,0.0
113,1583,0.0
114,1583,0.0
115,1583,0.0
116,1583,2.0
117,1583,1.0
118,1583,0.0
119,1583,8.0
120,1583,1.0
121,1583,1.0
122,1583,0.0
123,1583,0.0
124,1583,3.0
125,1583,0.0
126,1583,0.0
127,1583,0.0
128,1583,0.0
129,1583,3.0
130,1583,4.0
131,1583,1.0
132,1583,2.0
133,1583,0.0
134,1583,1.0
135,1583,1.0
136,1583,0.0
137,1583,2.0
138,1583,0.0
139,1583,1.0
140,1583,0.0
141,1583,0.0
142,1583,0.0
143,1583,3.0
144,1583,2.0
145,1583,0.0
146,1583,1.0
147,1583,4.0
148,1583,0.0
149,1583,2.0
150,1583,6.0
151,1583,12.0
152,1583,0.0
153,1583,1.0
154,1583,1.0
155,1583,1.0
156,1583,0.0
157,1583,5.0
158,1583,0.0
159,1583,3.0
160,1583,9.0
161,1583,0.0
162,1583,7.0
163,1583,12.0
164,1583,3.0
165,1583,3.0
166,1583,9.0
167,1583,5.0
168,1583,14.0
169,1583,9.0
170,1583,1.0
171,1583,0.0
172,1583,1.0
173,1583,1.0
174,1583,0.0
175,1583,2.0
176,1583,2.0
177,1583,1.0
178,1583,2.0
179,1583,0.0
180,1583,1.0
181,1583,1.0
182,1583,3.0
183,1583,0.0
184,1583,1.0
185,1583,0.0
186,1583,0.0
187,1583,0.0
188,1583,6.0
189,1583,0.0
190,1583,0.0
191,1583,0.0
192,1583,0.0
193,1583,3.0
194,1583,2.0
195,1583,1.0
196,1583,0.0
197,1583,0.0
198,1583,1.0
199,1583,0.0
0,1584,0.0
1,1584,0.0
2,1584,5.0
3,1584,10.0
4,1584,0.0
5,1584,0.0
6,1584,2.0
7,1584,0.0
8,1584,0.0
9,1584,6.0
10,1584,16.0
11,1584,0.0
12,1584,0.0
13,1584,0.0
14,1584,0.0
15,1584,0.0
16,1584,1.0
17,1584,0.0
18,1584,1.0
19,1584,1.0
20,1584,0.0
21,1584,0.0
22,1584,13.0
23,1584,1.0
24,1584,0.0
25,1584,0.0
26,1584,0.0
27,1584,0.0
28,1584,7.0
29,1584,0.0
30,1584,3.0
31,1584,0.0
32,1584,0.0
33,1584,2.0
34,1584,0.0
35,1584,5.0
36,1584,2.0
37,1584,2.0
38,1584,0.0
39,1584,6.0
40,1584,0.0
41,1584,0.0
42,1584,0.0
43,1584,1.0
44,1584,4.0
45,1584,1.0
46,1584,2.0
47,1584,1.0
48,1584,5.0
49,1584,4.0
50,1584,2.0
51,1584,0.0
52,1584,2.0
53,1584,60.0
54,1584,1.0
55,1584,0.0
56,1584,3.0
57,1584,0.0
58,1584,0.0
59,1584,1.0
60,1584,3.0
61,1584,39.0
62,1584,4.0
63,1584,1.0
64,1584,4.0
65,1584,0.0
66,1584,4.0
67,1584,4.0
68,1584,2.0
69,1584,1.0
70,1584,2.0
71,1584,4.0
72,1584,33.0
73,1584,0.0
74,1584,0.0
75,1584,0.0
76,1584,0.0
77,1584,2.0
78,1584,5.0
79,1584,2.0
80,1584,0.0
81,1584,2.0
82,1584,0.0
83,1584,0.0
84,1584,6.0
85,1584,84.0
86,1584,2.0
87,1584,0.0
88,1584,6.0
89,1584,0.0
90,1584,0.0
91,1584,0.0
92,1584,37.0
93,1584,0.0
94,1584,2.0
95,1584,7.0
96,1584,4.0
97,1584,1.0
98,1584,0.0
99,1584,0.0
100,1584,0.0
101,1584,1.0
102,1584,1.0
103,1584,0.0
104,1584,9.0
105,1584,2.0
106,1584,0.0
107,1584,0.0
108,1584,4.0
109,1584,5.0
110,1584,3.0
111,1584,7.0
112,1584,3.0
113,1584,0.0
114,1584,0.0
115,1584,0.0
116,1584,0.0
117,1584,2.0
118,1584,0.0
119,1584,7.0
120,1584,0.0
121,1584,3.0
122,1584,2.0
123,1584,0.0
124,1584,2.0
125,1584,0.0
126,1584,0.0
127,1584,1.0
128,1584,0.0
129,1584,1.0
130,1584,4.0
131,1584,2.0
132,1584,3.0
133,1584,0.0
134,1584,0.0
135,1584,0.0
136,1584,0.0
137,1584,1.0
138,1584,0.0
139,1584,2.0
140,1584,1.0
141,1584,2.0
142,1584,1.0
143,1584,0.0
144,1584,4.0
145,1584,0.0
146,1584,1.0
147,1584,1.0
148,1584,1.0
149,1584,1.0
150,1584,24.0
151,1584,13.0
152,1584,0.0
153,1584,1.0
154,1584,0.0
155,1584,0.0
156,1584,0.0
157,1584,3.0
158,1584,2.0
159,1584,6.0
160,1584,4.0
161,1584,0.0
162,1584,10.0
163,1584,20.0
164,1584,3.0
165,1584,2.0
166,1584,11.0
167,1584,15.0
168,1584,12.0
169,1584,15.0
170,1584,0.0
171,1584,5.0
172,1584,1.0
173,1584,2.0
174,1584,0.0
175,1584,1.0
176,1584,0.0
177,1584,1.0
178,1584,1.0
179,1584,2.0
180,1584,3.0
181,1584,0.0
182,1584,1.0
183,1584,1.0
184,1584,3.0
185,1584,0.0
186,1584,0.0
187,1584,0.0
188,1584,3.0
189,1584,0.0
190,1584,0.0
191,1584,0.0
192,1584,1.0
193,1584,0.0
194,1584,2.0
195,1584,3.0
196,1584,0.0
197,1584,0.0
198,1584,2.0
199,1584,0.0
0,1585,0.0
1,1585,1.0
2,1585,23.0
3,1585,1.0
4,1585,2.0
5,1585,0.0
6,1585,1.0
7,1585,1.0
8,1585,0.0
9,1585,1.0
10,1585,2.0
11,1585,0.0
12,1585,0.0
13,1585,2.0
14,1585,0.0
15,1585,1.0
16,1585,2.0
17,1585,2.0
18,1585,0.0
19,1585,0.0
20,1585,0.0
21,1585,0.0
22,1585,1.0
23,1585,0.0
24,1585,4.0
25,1585,0.0
26,1585,1.0
27,1585,0.0
28,1585,2.0
29,1585,0.0
30,1585,3.0
31,1585,0.0
32,1585,3.0
33,1585,17.0
34,1585,1.0
35,1585,8.0
36,1585,0.0
37,1585,6.0
38,1585,0.0
39,1585,3.0
40,1585,0.0
41,1585,5.0
42,1585,3.0
43,1585,1.0
44,1585,0.0
45,1585,0.0
46,1585,2.0
47,1585,1.0
48,1585,1.0
49,1585,2.0
50,1585,1.0
51,1585,0.0
52,1585,1.0
53,1585,46.0
54,1585,0.0
55,1585,1.0
56,1585,2.0
57,1585,0.0
58,1585,0.0
59,1585,3.0
60,1585,1.0
61,1585,25.0
62,1585,1.0
63,1585,6.0
64,1585,4.0
65,1585,0.0
66,1585,8.0
67,1585,5.0
68,1585,1.0
69,1585,0.0
70,1585,2.0
71,1585,2.0
72,1585,21.0
73,1585,0.0
74,1585,0.0
75,1585,0.0
76,1585,0.0
77,1585,0.0
78,1585,2.0
79,1585,1.0
80,1585,0.0
81,1585,4.0
82,1585,0.0
83,1585,0.0
84,1585,3.0
85,1585,68.0
86,1585,1.0
87,1585,1.0
88,1585,1.0
89,1585,0.0
90,1585,1.0
91,1585,6.0
92,1585,30.0
93,1585,0.0
94,1585,1.0
95,1585,5.0
96,1585,5.0
97,1585,1.0
98,1585,0.0
99,1585,1.0
100,1585,0.0
101,1585,0.0
102,1585,0.0
103,1585,0.0
104,1585,5.0
105,1585,2.0
106,1585,0.0
107,1585,0.0
108,1585,4.0
109,1585,3.0
110,1585,3.0
111,1585,1.0
112,1585,0.0
113,1585,0.0
114,1585,0.0
115,1585,0.0
116,1585,1.0
117,1585,2.0
118,1585,0.0
119,1585,6.0
120,1585,0.0
121,1585,0.0
122,1585,1.0
123,1585,0.0
124,1585,1.0
125,1585,0.0
126,1585,0.0
127,1585,0.0
128,1585,0.0
129,1585,2.0
130,1585,2.0
131,1585,0.0
132,1585,1.0
133,1585,0.0
134,1585,1.0
135,1585,0.0
136,1585,0.0
137,1585,0.0
138,1585,0.0
139,1585,0.0
140,1585,0.0
141,1585,0.0
142,1585,0.0
143,1585,1.0
144,1585,1.0
145,1585,0.0
146,1585,0.0
147,1585,3.0
148,1585,1.0
149,1585,0.0
150,1585,3.0
151,1585,1.0
152,1585,1.0
153,1585,0.0
154,1585,5.0
155,1585,1.0
156,1585,0.0
157,1585,1.0
158,1585,2.0
159,1585,4.0
160,1585,3.0
161,1585,0.0
162,1585,19.0
163,1585,4.0
164,1585,5.0
165,1585,2.0
166,1585,5.0
167,1585,6.0
168,1585,5.0
169,1585,3.0
170,1585,0.0
171,1585,2.0
172,1585,3.0
173,1585,1.0
174,1585,0.0
175,1585,1.0
176,1585,0.0
177,1585,3.0
178,1585,0.0
179,1585,3.0
180,1585,1.0
181,1585,0.0
182,1585,4.0
183,1585,0.0
184,1585,0.0
185,1585,0.0
186,1585,0.0
187,1585,1.0
188,1585,3.0
189,1585,0.0
190,1585,0.0
191,1585,0.0
192,1585,0.0
193,1585,1.0
194,1585,2.0
195,1585,0.0
196,1585,0.0
197,1585,0.0
198,1585,0.0
199,1585,0.0
0,1586,0.0
1,1586,0.0
2,1586,12.0
3,1586,0.0
4,1586,0.0
5,1586,0.0
6,1586,1.0
7,1586,1.0
8,1586,0.0
9,1586,4.0
10,1586,11.0
11,1586,0.0
12,1586,0.0
13,1586,4.0
14,1586,0.0
15,1586,3.0
16,1586,0.0
17,1586,0.0
18,1586,2.0
19,1586,2.0
20,1586,0.0
21,1586,0.0
22,1586,0.0
23,1586,2.0
24,1586,0.0
25,1586,0.0
26,1586,2.0
27,1586,0.0
28,1586,2.0
29,1586,0.0
30,1586,4.0
31,1586,0.0
32,1586,2.0
33,1586,8.0
34,1586,0.0
35,1586,6.0
36,1586,0.0
37,1586,6.0
38,1586,1.0
39,1586,2.0
40,1586,0.0
41,1586,1.0
42,1586,4.0
43,1586,1.0
44,1586,0.0
45,1586,1.0
46,1586,1.0
47,1586,1.0
48,1586,0.0
49,1586,0.0
50,1586,0.0
51,1586,0.0
52,1586,0.0
53,1586,58.0
54,1586,2.0
55,1586,1.0
56,1586,3.0
57,1586,0.0
58,1586,2.0
59,1586,1.0
60,1586,1.0
61,1586,9.0
62,1586,3.0
63,1586,0.0
64,1586,5.0
65,1586,0.0
66,1586,3.0
67,1586,6.0
68,1586,6.0
69,1586,1.0
70,1586,0.0
71,1586,2.0
72,1586,9.0
73,1586,0.0
74,1586,0.0
75,1586,0.0
76,1586,0.0
77,1586,0.0
78,1586,0.0
79,1586,3.0
80,1586,0.0
81,1586,0.0
82,1586,0.0
83,1586,0.0
84,1586,7.0
85,1586,37.0
86,1586,2.0
87,1586,0.0
88,1586,0.0
89,1586,2.0
90,1586,0.0
91,1586,7.0
92,1586,22.0
93,1586,0.0
94,1586,0.0
95,1586,11.0
96,1586,4.0
97,1586,2.0
98,1586,0.0
99,1586,1.0
100,1586,0.0
101,1586,0.0
102,1586,0.0
103,1586,0.0
104,1586,2.0
105,1586,2.0
106,1586,0.0
107,1586,0.0
108,1586,2.0
109,1586,2.0
110,1586,0.0
111,1586,1.0
112,1586,1.0
113,1586,0.0
114,1586,0.0
115,1586,0.0
116,1586,3.0
117,1586,0.0
118,1586,0.0
119,1586,4.0
120,1586,0.0
121,1586,0.0
122,1586,3.0
123,1586,0.0
124,1586,2.0
125,1586,0.0
126,1586,0.0
127,1586,5.0
128,1586,0.0
129,1586,0.0
130,1586,2.0
131,1586,0.0
132,1586,2.0
133,1586,0.0
134,1586,0.0
135,1586,0.0
136,1586,0.0
137,1586,2.0
138,1586,0.0
139,1586,0.0
140,1586,0.0
141,1586,0.0
142,1586,1.0
143,1586,1.0
144,1586,3.0
145,1586,0.0
146,1586,1.0
147,1586,0.0
148,1586,0.0
149,1586,0.0
150,1586,9.0
151,1586,1.0
152,1586,1.0
153,1586,2.0
154,1586,0.0
155,1586,2.0
156,1586,1.0
157,1586,2.0
158,1586,2.0
159,1586,5.0
160,1586,9.0
161,1586,0.0
162,1586,32.0
163,1586,0.0
164,1586,2.0
165,1586,1.0
166,1586,0.0
167,1586,1.0
168,1586,9.0
169,1586,5.0
170,1586,0.0
171,1586,4.0
172,1586,2.0
173,1586,1.0
174,1586,0.0
175,1586,1.0
176,1586,1.0
177,1586,4.0
178,1586,2.0
179,1586,0.0
180,1586,3.0
181,1586,0.0
182,1586,2.0
183,1586,0.0
184,1586,2.0
185,1586,0.0
186,1586,0.0
187,1586,0.0
188,1586,2.0
189,1586,0.0
190,1586,0.0
191,1586,0.0
192,1586,1.0
193,1586,0.0
194,1586,0.0
195,1586,0.0
196,1586,1.0
197,1586,0.0
198,1586,0.0
199,1586,0.0
0,1587,0.0
1,1587,0.0
2,1587,16.0
3,1587,1.0
4,1587,2.0
5,1587,0.0
6,1587,1.0
7,1587,0.0
8,1587,0.0
9,1587,1.0
10,1587,14.0
11,1587,0.0
12,1587,0.0
13,1587,1.0
14,1587,0.0
15,1587,3.0
16,1587,3.0
17,1587,1.0
18,1587,4.0
19,1587,2.0
20,1587,0.0
21,1587,1.0
22,1587,1.0
23,1587,0.0
24,1587,3.0
25,1587,1.0
26,1587,1.0
27,1587,1.0
28,1587,0.0
29,1587,0.0
30,1587,4.0
31,1587,0.0
32,1587,2.0
33,1587,0.0
34,1587,0.0
35,1587,6.0
36,1587,0.0
37,1587,5.0
38,1587,0.0
39,1587,3.0
40,1587,0.0
41,1587,2.0
42,1587,1.0
43,1587,0.0
44,1587,0.0
45,1587,0.0
46,1587,1.0
47,1587,0.0
48,1587,6.0
49,1587,0.0
50,1587,0.0
51,1587,0.0
52,1587,1.0
53,1587,33.0
54,1587,2.0
55,1587,0.0
56,1587,3.0
57,1587,0.0
58,1587,0.0
59,1587,3.0
60,1587,2.0
61,1587,21.0
62,1587,2.0
63,1587,1.0
64,1587,2.0
65,1587,0.0
66,1587,6.0
67,1587,3.0
68,1587,5.0
69,1587,0.0
70,1587,2.0
71,1587,6.0
72,1587,12.0
73,1587,0.0
74,1587,1.0
75,1587,1.0
76,1587,0.0
77,1587,1.0
78,1587,2.0
79,1587,2.0
80,1587,0.0
81,1587,1.0
82,1587,0.0
83,1587,0.0
84,1587,5.0
85,1587,50.0
86,1587,3.0
87,1587,0.0
88,1587,0.0
89,1587,0.0
90,1587,1.0
91,1587,10.0
92,1587,22.0
93,1587,0.0
94,1587,1.0
95,1587,6.0
96,1587,4.0
97,1587,1.0
98,1587,0.0
99,1587,1.0
100,1587,2.0
101,1587,1.0
102,1587,3.0
103,1587,0.0
104,1587,2.0
105,1587,2.0
106,1587,0.0
107,1587,0.0
108,1587,1.0
109,1587,6.0
110,1587,0.0
111,1587,1.0
112,1587,2.0
113,1587,0.0
114,1587,0.0
115,1587,1.0
116,1587,1.0
117,1587,0.0
118,1587,0.0
119,1587,8.0
120,1587,1.0
121,1587,0.0
122,1587,0.0
123,1587,0.0
124,1587,1.0
125,1587,5.0
126,1587,0.0
127,1587,0.0
128,1587,0.0
129,1587,0.0
130,1587,2.0
131,1587,2.0
132,1587,4.0
133,1587,1.0
134,1587,0.0
135,1587,1.0
136,1587,0.0
137,1587,2.0
138,1587,0.0
139,1587,0.0
140,1587,1.0
141,1587,0.0
142,1587,1.0
143,1587,1.0
144,1587,3.0
145,1587,0.0
146,1587,1.0
147,1587,3.0
148,1587,1.0
149,1587,3.0
150,1587,10.0
151,1587,0.0
152,1587,0.0
153,1587,3.0
154,1587,3.0
155,1587,1.0
156,1587,0.0
157,1587,0.0
158,1587,0.0
159,1587,4.0
160,1587,3.0
161,1587,0.0
162,1587,10.0
163,1587,0.0
164,1587,2.0
165,1587,0.0
166,1587,5.0
167,1587,2.0
168,1587,6.0
169,1587,13.0
170,1587,0.0
171,1587,9.0
172,1587,4.0
173,1587,0.0
174,1587,0.0
175,1587,2.0
176,1587,3.0
177,1587,0.0
178,1587,0.0
179,1587,0.0
180,1587,1.0
181,1587,0.0
182,1587,3.0
183,1587,0.0
184,1587,0.0
185,1587,0.0
186,1587,0.0
187,1587,0.0
188,1587,2.0
189,1587,0.0
190,1587,2.0
191,1587,0.0
192,1587,0.0
193,1587,0.0
194,1587,1.0
195,1587,2.0
196,1587,0.0
197,1587,0.0
198,1587,0.0
199,1587,1.0
0,1588,0.0
1,1588,2.0
2,1588,5.0
3,1588,0.0
4,1588,0.0
5,1588,0.0
6,1588,0.0
7,1588,1.0
8,1588,1.0
9,1588,3.0
10,1588,7.0
11,1588,0.0
12,1588,2.0
13,1588,3.0
14,1588,0.0
15,1588,0.0
16,1588,0.0
17,1588,0.0
18,1588,0.0
19,1588,0.0
20,1588,0.0
21,1588,0.0
22,1588,3.0
23,1588,0.0
24,1588,3.0
25,1588,0.0
26,1588,2.0
27,1588,0.0
28,1588,3.0
29,1588,0.0
30,1588,0.0
31,1588,0.0
32,1588,0.0
33,1588,0.0
34,1588,0.0
35,1588,4.0
36,1588,0.0
37,1588,0.0
38,1588,1.0
39,1588,2.0
40,1588,0.0
41,1588,1.0
42,1588,4.0
43,1588,0.0
44,1588,0.0
45,1588,0.0
46,1588,0.0
47,1588,0.0
48,1588,1.0
49,1588,1.0
50,1588,0.0
51,1588,0.0
52,1588,6.0
53,1588,48.0
54,1588,1.0
55,1588,0.0
56,1588,0.0
57,1588,0.0
58,1588,2.0
59,1588,2.0
60,1588,1.0
61,1588,27.0
62,1588,3.0
63,1588,6.0
64,1588,1.0
65,1588,0.0
66,1588,4.0
67,1588,0.0
68,1588,6.0
69,1588,1.0
70,1588,1.0
71,1588,3.0
72,1588,16.0
73,1588,0.0
74,1588,1.0
75,1588,0.0
76,1588,0.0
77,1588,2.0
78,1588,1.0
79,1588,2.0
80,1588,0.0
81,1588,0.0
82,1588,0.0
83,1588,0.0
84,1588,2.0
85,1588,48.0
86,1588,5.0
87,1588,1.0
88,1588,0.0
89,1588,0.0
90,1588,0.0
91,1588,6.0
92,1588,43.0
93,1588,0.0
94,1588,1.0
95,1588,3.0
96,1588,1.0
97,1588,0.0
98,1588,2.0
99,1588,0.0
100,1588,4.0
101,1588,0.0
102,1588,1.0
103,1588,0.0
104,1588,0.0
105,1588,1.0
106,1588,0.0
107,1588,0.0
108,1588,1.0
109,1588,10.0
110,1588,0.0
111,1588,5.0
112,1588,0.0
113,1588,0.0
114,1588,0.0
115,1588,1.0
116,1588,1.0
117,1588,0.0
118,1588,0.0
119,1588,5.0
120,1588,0.0
121,1588,2.0
122,1588,1.0
123,1588,0.0
124,1588,0.0
125,1588,1.0
126,1588,0.0
127,1588,2.0
128,1588,0.0
129,1588,3.0
130,1588,3.0
131,1588,0.0
132,1588,1.0
133,1588,0.0
134,1588,0.0
135,1588,0.0
136,1588,0.0
137,1588,0.0
138,1588,0.0
139,1588,0.0
140,1588,0.0
141,1588,2.0
142,1588,0.0
143,1588,2.0
144,1588,5.0
145,1588,0.0
146,1588,1.0
147,1588,1.0
148,1588,2.0
149,1588,0.0
150,1588,7.0
151,1588,0.0
152,1588,0.0
153,1588,2.0
154,1588,1.0
155,1588,1.0
156,1588,0.0
157,1588,2.0
158,1588,2.0
159,1588,4.0
160,1588,5.0
161,1588,0.0
162,1588,7.0
163,1588,0.0
164,1588,3.0
165,1588,0.0
166,1588,3.0
167,1588,7.0
168,1588,12.0
169,1588,12.0
170,1588,0.0
171,1588,5.0
172,1588,2.0
173,1588,4.0
174,1588,0.0
175,1588,0.0
176,1588,0.0
177,1588,0.0
178,1588,1.0
179,1588,0.0
180,1588,0.0
181,1588,0.0
182,1588,3.0
183,1588,0.0
184,1588,1.0
185,1588,0.0
186,1588,0.0
187,1588,0.0
188,1588,2.0
189,1588,3.0
190,1588,2.0
191,1588,0.0
192,1588,1.0
193,1588,0.0
194,1588,2.0
195,1588,1.0
196,1588,0.0
197,1588,0.0
198,1588,1.0
199,1588,0.0
0,1589,0.0
1,1589,2.0
2,1589,7.0
3,1589,0.0
4,1589,0.0
5,1589,0.0
6,1589,1.0
7,1589,0.0
8,1589,1.0
9,1589,8.0
10,1589,11.0
11,1589,0.0
12,1589,0.0
13,1589,1.0
14,1589,0.0
15,1589,0.0
16,1589,0.0
17,1589,1.0
18,1589,4.0
19,1589,1.0
20,1589,0.0
21,1589,0.0
22,1589,2.0
23,1589,0.0
24,1589,4.0
25,1589,1.0
26,1589,2.0
27,1589,0.0
28,1589,3.0
29,1589,0.0
30,1589,3.0
31,1589,0.0
32,1589,0.0
33,1589,5.0
34,1589,0.0
35,1589,3.0
36,1589,1.0
37,1589,2.0
38,1589,0.0
39,1589,4.0
40,1589,0.0
41,1589,3.0
42,1589,0.0
43,1589,0.0
44,1589,0.0
45,1589,0.0
46,1589,1.0
47,1589,2.0
48,1589,3.0
49,1589,3.0
50,1589,0.0
51,1589,0.0
52,1589,1.0
53,1589,50.0
54,1589,0.0
55,1589,0.0
56,1589,3.0
57,1589,0.0
58,1589,2.0
59,1589,1.0
60,1589,0.0
61,1589,23.0
62,1589,2.0
63,1589,2.0
64,1589,2.0
65,1589,0.0
66,1589,10.0
67,1589,2.0
68,1589,4.0
69,1589,0.0
70,1589,3.0
71,1589,7.0
72,1589,15.0
73,1589,0.0
74,1589,0.0
75,1589,0.0
76,1589,0.0
77,1589,2.0
78,1589,3.0
79,1589,0.0
80,1589,0.0
81,1589,0.0
82,1589,0.0
83,1589,0.0
84,1589,5.0
85,1589,46.0
86,1589,1.0
87,1589,0.0
88,1589,0.0
89,1589,0.0
90,1589,0.0
91,1589,8.0
92,1589,29.0
93,1589,0.0
94,1589,3.0
95,1589,6.0
96,1589,6.0
97,1589,1.0
98,1589,4.0
99,1589,0.0
100,1589,1.0
101,1589,0.0
102,1589,1.0
103,1589,0.0
104,1589,1.0
105,1589,1.0
106,1589,0.0
107,1589,0.0
108,1589,2.0
109,1589,6.0
110,1589,0.0
111,1589,4.0
112,1589,1.0
113,1589,0.0
114,1589,0.0
115,1589,0.0
116,1589,1.0
117,1589,0.0
118,1589,0.0
119,1589,6.0
120,1589,1.0
121,1589,1.0
122,1589,0.0
123,1589,0.0
124,1589,1.0
125,1589,0.0
126,1589,0.0
127,1589,0.0
128,1589,0.0
129,1589,1.0
130,1589,2.0
131,1589,1.0
132,1589,2.0
133,1589,1.0
134,1589,0.0
135,1589,0.0
136,1589,0.0
137,1589,1.0
138,1589,0.0
139,1589,0.0
140,1589,0.0
141,1589,2.0
142,1589,1.0
143,1589,2.0
144,1589,2.0
145,1589,0.0
146,1589,0.0
147,1589,0.0
148,1589,2.0
149,1589,0.0
150,1589,8.0
151,1589,0.0
152,1589,0.0
153,1589,0.0
154,1589,1.0
155,1589,0.0
156,1589,1.0
157,1589,1.0
158,1589,0.0
159,1589,3.0
160,1589,2.0
161,1589,0.0
162,1589,5.0
163,1589,0.0
164,1589,1.0
165,1589,0.0
166,1589,6.0
167,1589,5.0
168,1589,3.0
169,1589,6.0
170,1589,0.0
171,1589,7.0
172,1589,0.0
173,1589,2.0
174,1589,0.0
175,1589,2.0
176,1589,0.0
177,1589,1.0
178,1589,0.0
179,1589,0.0
180,1589,3.0
181,1589,1.0
182,1589,2.0
183,1589,0.0
184,1589,0.0
185,1589,1.0
186,1589,0.0
187,1589,0.0
188,1589,7.0
189,1589,1.0
190,1589,0.0
191,1589,0.0
192,1589,0.0
193,1589,2.0
194,1589,3.0
195,1589,0.0
196,1589,0.0
197,1589,0.0
198,1589,1.0
199,1589,0.0
0,1590,0.0
1,1590,1.0
2,1590,5.0
3,1590,0.0
4,1590,1.0
5,1590,0.0
6,1590,0.0
7,1590,0.0
8,1590,0.0
9,1590,1.0
10,1590,25.0
11,1590,0.0
12,1590,2.0
13,1590,1.0
14,1590,0.0
15,1590,7.0
16,1590,1.0
17,1590,1.0
18,1590,2.0
19,1590,0.0
20,1590,0.0
21,1590,0.0
22,1590,10.0
23,1590,0.0
24,1590,0.0
25,1590,0.0
26,1590,0.0
27,1590,0.0
28,1590,4.0
29,1590,0.0
30,1590,3.0
31,1590,0.0
32,1590,0.0
33,1590,6.0
34,1590,2.0
35,1590,0.0
36,1590,0.0
37,1590,5.0
38,1590,2.0
39,1590,1.0
40,1590,0.0
41,1590,1.0
42,1590,2.0
43,1590,0.0
44,1590,1.0
45,1590,0.0
46,1590,8.0
47,1590,3.0
48,1590,7.0
49,1590,0.0
50,1590,0.0
51,1590,0.0
52,1590,5.0
53,1590,54.0
54,1590,0.0
55,1590,1.0
56,1590,4.0
57,1590,0.0
58,1590,2.0
59,1590,2.0
60,1590,0.0
61,1590,43.0
62,1590,6.0
63,1590,1.0
64,1590,6.0
65,1590,0.0
66,1590,3.0
67,1590,3.0
68,1590,6.0
69,1590,1.0
70,1590,0.0
71,1590,1.0
72,1590,23.0
73,1590,0.0
74,1590,4.0
75,1590,3.0
76,1590,0.0
77,1590,4.0
78,1590,3.0
79,1590,0.0
80,1590,0.0
81,1590,0.0
82,1590,0.0
83,1590,0.0
84,1590,4.0
85,1590,69.0
86,1590,5.0
87,1590,0.0
88,1590,0.0
89,1590,2.0
90,1590,0.0
91,1590,6.0
92,1590,34.0
93,1590,0.0
94,1590,1.0
95,1590,5.0
96,1590,22.0
97,1590,2.0
98,1590,3.0
99,1590,0.0
100,1590,0.0
101,1590,0.0
102,1590,1.0
103,1590,0.0
104,1590,1.0
105,1590,3.0
106,1590,0.0
107,1590,0.0
108,1590,5.0
109,1590,4.0
110,1590,0.0
111,1590,3.0
112,1590,1.0
113,1590,0.0
114,1590,0.0
115,1590,1.0
116,1590,2.0
117,1590,2.0
118,1590,0.0
119,1590,10.0
120,1590,0.0
121,1590,3.0
122,1590,4.0
123,1590,0.0
124,1590,1.0
125,1590,4.0
126,1590,0.0
127,1590,1.0
128,1590,0.0
129,1590,3.0
130,1590,0.0
131,1590,6.0
132,1590,2.0
133,1590,1.0
134,1590,0.0
135,1590,0.0
136,1590,0.0
137,1590,0.0
138,1590,0.0
139,1590,0.0
140,1590,0.0
141,1590,0.0
142,1590,0.0
143,1590,4.0
144,1590,1.0
145,1590,0.0
146,1590,0.0
147,1590,2.0
148,1590,1.0
149,1590,6.0
150,1590,16.0
151,1590,8.0
152,1590,13.0
153,1590,3.0
154,1590,1.0
155,1590,0.0
156,1590,1.0
157,1590,3.0
158,1590,0.0
159,1590,8.0
160,1590,2.0
161,1590,0.0
162,1590,10.0
163,1590,5.0
164,1590,0.0
165,1590,0.0
166,1590,6.0
167,1590,13.0
168,1590,8.0
169,1590,1.0
170,1590,0.0
171,1590,2.0
172,1590,0.0
173,1590,3.0
174,1590,0.0
175,1590,4.0
176,1590,2.0
177,1590,2.0
178,1590,1.0
179,1590,3.0
180,1590,0.0
181,1590,0.0
182,1590,7.0
183,1590,1.0
184,1590,0.0
185,1590,0.0
186,1590,0.0
187,1590,0.0
188,1590,6.0
189,1590,1.0
190,1590,0.0
191,1590,0.0
192,1590,0.0
193,1590,2.0
194,1590,4.0
195,1590,1.0
196,1590,5.0
197,1590,0.0
198,1590,1.0
199,1590,1.0
0,1591,1.0
1,1591,3.0
2,1591,6.0
3,1591,0.0
4,1591,0.0
5,1591,0.0
6,1591,0.0
7,1591,1.0
8,1591,0.0
9,1591,0.0
10,1591,8.0
11,1591,0.0
12,1591,2.0
13,1591,1.0
14,1591,0.0
15,1591,2.0
16,1591,0.0
17,1591,1.0
18,1591,3.0
19,1591,0.0
20,1591,0.0
21,1591,0.0
22,1591,6.0
23,1591,1.0
24,1591,1.0
25,1591,0.0
26,1591,2.0
27,1591,0.0
28,1591,1.0
29,1591,0.0
30,1591,3.0
31,1591,3.0
32,1591,0.0
33,1591,5.0
34,1591,0.0
35,1591,8.0
36,1591,0.0
37,1591,6.0
38,1591,1.0
39,1591,2.0
40,1591,0.0
41,1591,2.0
42,1591,6.0
43,1591,0.0
44,1591,2.0
45,1591,0.0
46,1591,3.0
47,1591,3.0
48,1591,6.0
49,1591,0.0
50,1591,0.0
51,1591,0.0
52,1591,1.0
53,1591,102.0
54,1591,0.0
55,1591,0.0
56,1591,2.0
57,1591,0.0
58,1591,7.0
59,1591,4.0
60,1591,0.0
61,1591,51.0
62,1591,5.0
63,1591,0.0
64,1591,7.0
65,1591,0.0
66,1591,2.0
67,1591,10.0
68,1591,6.0
69,1591,1.0
70,1591,2.0
71,1591,3.0
72,1591,21.0
73,1591,0.0
74,1591,0.0
75,1591,0.0
76,1591,0.0
77,1591,2.0
78,1591,0.0
79,1591,1.0
80,1591,0.0
81,1591,1.0
82,1591,0.0
83,1591,0.0
84,1591,6.0
85,1591,64.0
86,1591,7.0
87,1591,0.0
88,1591,0.0
89,1591,0.0
90,1591,0.0
91,1591,10.0
92,1591,45.0
93,1591,0.0
94,1591,0.0
95,1591,11.0
96,1591,3.0
97,1591,0.0
98,1591,5.0
99,1591,0.0
100,1591,0.0
101,1591,1.0
102,1591,0.0
103,1591,0.0
104,1591,4.0
105,1591,1.0
106,1591,0.0
107,1591,0.0
108,1591,4.0
109,1591,5.0
110,1591,0.0
111,1591,2.0
112,1591,0.0
113,1591,0.0
114,1591,0.0
115,1591,0.0
116,1591,3.0
117,1591,2.0
118,1591,0.0
119,1591,7.0
120,1591,0.0
121,1591,0.0
122,1591,0.0
123,1591,0.0
124,1591,4.0
125,1591,2.0
126,1591,0.0
127,1591,0.0
128,1591,0.0
129,1591,0.0
130,1591,5.0
131,1591,3.0
132,1591,1.0
133,1591,0.0
134,1591,0.0
135,1591,0.0
136,1591,0.0
137,1591,2.0
138,1591,0.0
139,1591,1.0
140,1591,3.0
141,1591,0.0
142,1591,0.0
143,1591,1.0
144,1591,2.0
145,1591,0.0
146,1591,2.0
147,1591,4.0
148,1591,1.0
149,1591,0.0
150,1591,18.0
151,1591,14.0
152,1591,4.0
153,1591,3.0
154,1591,1.0
155,1591,4.0
156,1591,1.0
157,1591,7.0
158,1591,2.0
159,1591,11.0
160,1591,6.0
161,1591,0.0
162,1591,6.0
163,1591,5.0
164,1591,0.0
165,1591,0.0
166,1591,4.0
167,1591,12.0
168,1591,13.0
169,1591,9.0
170,1591,0.0
171,1591,0.0
172,1591,3.0
173,1591,1.0
174,1591,0.0
175,1591,7.0
176,1591,0.0
177,1591,1.0
178,1591,1.0
179,1591,1.0
180,1591,3.0
181,1591,0.0
182,1591,2.0
183,1591,0.0
184,1591,2.0
185,1591,0.0
186,1591,0.0
187,1591,0.0
188,1591,2.0
189,1591,0.0
190,1591,0.0
191,1591,0.0
192,1591,0.0
193,1591,0.0
194,1591,1.0
195,1591,4.0
196,1591,0.0
197,1591,0.0
198,1591,1.0
199,1591,0.0
0,1592,1.0
1,1592,0.0
2,1592,4.0
3,1592,2.0
4,1592,0.0
5,1592,0.0
6,1592,0.0
7,1592,0.0
8,1592,0.0
9,1592,2.0
10,1592,8.0
11,1592,0.0
12,1592,0.0
13,1592,0.0
14,1592,0.0
15,1592,3.0
16,1592,1.0
17,1592,0.0
18,1592,2.0
19,1592,0.0
20,1592,0.0
21,1592,0.0
22,1592,0.0
23,1592,2.0
24,1592,0.0
25,1592,2.0
26,1592,0.0
27,1592,0.0
28,1592,0.0
29,1592,0.0
30,1592,6.0
31,1592,3.0
32,1592,0.0
33,1592,3.0
34,1592,1.0
35,1592,5.0
36,1592,0.0
37,1592,4.0
38,1592,0.0
39,1592,6.0
40,1592,0.0
41,1592,1.0
42,1592,1.0
43,1592,0.0
44,1592,1.0
45,1592,0.0
46,1592,4.0
47,1592,2.0
48,1592,4.0
49,1592,3.0
50,1592,0.0
51,1592,0.0
52,1592,0.0
53,1592,54.0
54,1592,0.0
55,1592,0.0
56,1592,1.0
57,1592,0.0
58,1592,0.0
59,1592,1.0
60,1592,0.0
61,1592,0.0
62,1592,5.0
63,1592,3.0
64,1592,3.0
65,1592,0.0
66,1592,4.0
67,1592,1.0
68,1592,6.0
69,1592,1.0
70,1592,2.0
71,1592,3.0
72,1592,18.0
73,1592,0.0
74,1592,0.0
75,1592,0.0
76,1592,0.0
77,1592,2.0
78,1592,1.0
79,1592,0.0
80,1592,0.0
81,1592,0.0
82,1592,0.0
83,1592,0.0
84,1592,8.0
85,1592,46.0
86,1592,2.0
87,1592,0.0
88,1592,0.0
89,1592,0.0
90,1592,2.0
91,1592,2.0
92,1592,22.0
93,1592,0.0
94,1592,7.0
95,1592,3.0
96,1592,1.0
97,1592,0.0
98,1592,3.0
99,1592,0.0
100,1592,1.0
101,1592,0.0
102,1592,1.0
103,1592,0.0
104,1592,10.0
105,1592,0.0
106,1592,0.0
107,1592,0.0
108,1592,1.0
109,1592,3.0
110,1592,0.0
111,1592,1.0
112,1592,3.0
113,1592,0.0
114,1592,0.0
115,1592,0.0
116,1592,0.0
117,1592,1.0
118,1592,0.0
119,1592,4.0
120,1592,0.0
121,1592,0.0
122,1592,1.0
123,1592,0.0
124,1592,0.0
125,1592,5.0
126,1592,0.0
127,1592,0.0
128,1592,0.0
129,1592,3.0
130,1592,8.0
131,1592,0.0
132,1592,0.0
133,1592,0.0
134,1592,2.0
135,1592,0.0
136,1592,0.0
137,1592,1.0
138,1592,0.0
139,1592,1.0
140,1592,0.0
141,1592,0.0
142,1592,1.0
143,1592,1.0
144,1592,1.0
145,1592,0.0
146,1592,0.0
147,1592,6.0
148,1592,0.0
149,1592,0.0
150,1592,14.0
151,1592,3.0
152,1592,6.0
153,1592,2.0
154,1592,0.0
155,1592,0.0
156,1592,1.0
157,1592,0.0
158,1592,0.0
159,1592,5.0
160,1592,4.0
161,1592,0.0
162,1592,8.0
163,1592,8.0
164,1592,0.0
165,1592,0.0
166,1592,0.0
167,1592,6.0
168,1592,10.0
169,1592,5.0
170,1592,0.0
171,1592,0.0
172,1592,2.0
173,1592,2.0
174,1592,0.0
175,1592,1.0
176,1592,0.0
177,1592,5.0
178,1592,1.0
179,1592,0.0
180,1592,3.0
181,1592,0.0
182,1592,4.0
183,1592,0.0
184,1592,0.0
185,1592,0.0
186,1592,0.0
187,1592,0.0
188,1592,0.0
189,1592,0.0
190,1592,0.0
191,1592,0.0
192,1592,1.0
193,1592,1.0
194,1592,2.0
195,1592,0.0
196,1592,1.0
197,1592,0.0
198,1592,0.0
199,1592,1.0
0,1593,0.0
1,1593,0.0
2,1593,4.0
3,1593,1.0
4,1593,0.0
5,1593,0.0
6,1593,1.0
7,1593,1.0
8,1593,0.0
9,1593,1.0
10,1593,11.0
11,1593,0.0
12,1593,3.0
13,1593,0.0
14,1593,0.0
15,1593,11.0
16,1593,1.0
17,1593,2.0
18,1593,5.0
19,1593,0.0
20,1593,0.0
21,1593,2.0
22,1593,1.0
23,1593,0.0
24,1593,1.0
25,1593,0.0
26,1593,0.0
27,1593,0.0
28,1593,1.0
29,1593,0.0
30,1593,5.0
31,1593,5.0
32,1593,0.0
33,1593,1.0
34,1593,1.0
35,1593,4.0
36,1593,0.0
37,1593,0.0
38,1593,0.0
39,1593,4.0
40,1593,0.0
41,1593,1.0
42,1593,1.0
43,1593,1.0
44,1593,0.0
45,1593,0.0
46,1593,5.0
47,1593,6.0
48,1593,2.0
49,1593,0.0
50,1593,0.0
51,1593,0.0
52,1593,0.0
53,1593,45.0
54,1593,0.0
55,1593,0.0
56,1593,1.0
57,1593,0.0
58,1593,2.0
59,1593,3.0
60,1593,0.0
61,1593,0.0
62,1593,5.0
63,1593,3.0
64,1593,3.0
65,1593,1.0
66,1593,13.0
67,1593,3.0
68,1593,5.0
69,1593,0.0
70,1593,0.0
71,1593,3.0
72,1593,8.0
73,1593,0.0
74,1593,0.0
75,1593,0.0
76,1593,0.0
77,1593,6.0
78,1593,7.0
79,1593,0.0
80,1593,0.0
81,1593,1.0
82,1593,0.0
83,1593,0.0
84,1593,6.0
85,1593,59.0
86,1593,2.0
87,1593,0.0
88,1593,2.0
89,1593,0.0
90,1593,1.0
91,1593,6.0
92,1593,36.0
93,1593,0.0
94,1593,0.0
95,1593,5.0
96,1593,8.0
97,1593,2.0
98,1593,9.0
99,1593,0.0
100,1593,0.0
101,1593,0.0
102,1593,0.0
103,1593,0.0
104,1593,6.0
105,1593,2.0
106,1593,0.0
107,1593,0.0
108,1593,1.0
109,1593,4.0
110,1593,0.0
111,1593,3.0
112,1593,4.0
113,1593,0.0
114,1593,0.0
115,1593,0.0
116,1593,0.0
117,1593,0.0
118,1593,0.0
119,1593,7.0
120,1593,0.0
121,1593,1.0
122,1593,2.0
123,1593,3.0
124,1593,1.0
125,1593,0.0
126,1593,0.0
127,1593,2.0
128,1593,0.0
129,1593,3.0
130,1593,1.0
131,1593,1.0
132,1593,2.0
133,1593,0.0
134,1593,0.0
135,1593,0.0
136,1593,0.0
137,1593,1.0
138,1593,0.0
139,1593,0.0
140,1593,0.0
141,1593,2.0
142,1593,0.0
143,1593,2.0
144,1593,4.0
145,1593,4.0
146,1593,0.0
147,1593,3.0
148,1593,0.0
149,1593,0.0
150,1593,11.0
151,1593,3.0
152,1593,0.0
153,1593,2.0
154,1593,2.0
155,1593,1.0
156,1593,0.0
157,1593,1.0
158,1593,1.0
159,1593,4.0
160,1593,3.0
161,1593,0.0
162,1593,22.0
163,1593,6.0
164,1593,0.0
165,1593,0.0
166,1593,0.0
167,1593,8.0
168,1593,7.0
169,1593,6.0
170,1593,0.0
171,1593,9.0
172,1593,2.0
173,1593,8.0
174,1593,0.0
175,1593,0.0
176,1593,0.0
177,1593,2.0
178,1593,1.0
179,1593,0.0
180,1593,0.0
181,1593,0.0
182,1593,0.0
183,1593,1.0
184,1593,1.0
185,1593,0.0
186,1593,0.0
187,1593,0.0
188,1593,1.0
189,1593,2.0
190,1593,0.0
191,1593,1.0
192,1593,0.0
193,1593,1.0
194,1593,0.0
195,1593,0.0
196,1593,0.0
197,1593,0.0
198,1593,1.0
199,1593,1.0
0,1594,3.0
1,1594,1.0
2,1594,18.0
3,1594,0.0
4,1594,1.0
5,1594,0.0
6,1594,0.0
7,1594,0.0
8,1594,0.0
9,1594,3.0
10,1594,8.0
11,1594,1.0
12,1594,0.0
13,1594,0.0
14,1594,0.0
15,1594,0.0
16,1594,1.0
17,1594,0.0
18,1594,1.0
19,1594,3.0
20,1594,0.0
21,1594,0.0
22,1594,2.0
23,1594,0.0
24,1594,0.0
25,1594,0.0
26,1594,0.0
27,1594,0.0
28,1594,0.0
29,1594,0.0
30,1594,1.0
31,1594,1.0
32,1594,0.0
33,1594,10.0
34,1594,3.0
35,1594,5.0
36,1594,0.0
37,1594,7.0
38,1594,0.0
39,1594,3.0
40,1594,0.0
41,1594,6.0
42,1594,0.0
43,1594,1.0
44,1594,0.0
45,1594,0.0
46,1594,3.0
47,1594,0.0
48,1594,3.0
49,1594,0.0
50,1594,0.0
51,1594,0.0
52,1594,0.0
53,1594,63.0
54,1594,0.0
55,1594,0.0
56,1594,2.0
57,1594,0.0
58,1594,1.0
59,1594,2.0
60,1594,0.0
61,1594,0.0
62,1594,1.0
63,1594,3.0
64,1594,0.0
65,1594,0.0
66,1594,4.0
67,1594,1.0
68,1594,1.0
69,1594,0.0
70,1594,0.0
71,1594,5.0
72,1594,17.0
73,1594,0.0
74,1594,0.0
75,1594,1.0
76,1594,0.0
77,1594,0.0
78,1594,0.0
79,1594,0.0
80,1594,0.0
81,1594,2.0
82,1594,0.0
83,1594,0.0
84,1594,4.0
85,1594,58.0
86,1594,7.0
87,1594,0.0
88,1594,2.0
89,1594,0.0
90,1594,0.0
91,1594,3.0
92,1594,39.0
93,1594,0.0
94,1594,0.0
95,1594,1.0
96,1594,4.0
97,1594,0.0
98,1594,5.0
99,1594,0.0
100,1594,0.0
101,1594,0.0
102,1594,1.0
103,1594,0.0
104,1594,1.0
105,1594,0.0
106,1594,0.0
107,1594,0.0
108,1594,1.0
109,1594,9.0
110,1594,0.0
111,1594,0.0
112,1594,4.0
113,1594,0.0
114,1594,0.0
115,1594,1.0
116,1594,1.0
117,1594,1.0
118,1594,0.0
119,1594,5.0
120,1594,0.0
121,1594,1.0
122,1594,0.0
123,1594,0.0
124,1594,0.0
125,1594,2.0
126,1594,0.0
127,1594,0.0
128,1594,0.0
129,1594,3.0
130,1594,4.0
131,1594,1.0
132,1594,5.0
133,1594,0.0
134,1594,0.0
135,1594,7.0
136,1594,0.0
137,1594,1.0
138,1594,0.0
139,1594,0.0
140,1594,1.0
141,1594,0.0
142,1594,1.0
143,1594,2.0
144,1594,0.0
145,1594,4.0
146,1594,1.0
147,1594,4.0
148,1594,0.0
149,1594,0.0
150,1594,13.0
151,1594,8.0
152,1594,2.0
153,1594,0.0
154,1594,1.0
155,1594,0.0
156,1594,0.0
157,1594,0.0
158,1594,0.0
159,1594,3.0
160,1594,7.0
161,1594,0.0
162,1594,9.0
163,1594,13.0
164,1594,0.0
165,1594,0.0
166,1594,2.0
167,1594,6.0
168,1594,3.0
169,1594,7.0
170,1594,1.0
171,1594,3.0
172,1594,0.0
173,1594,2.0
174,1594,0.0
175,1594,0.0
176,1594,0.0
177,1594,0.0
178,1594,0.0
179,1594,1.0
180,1594,0.0
181,1594,0.0
182,1594,0.0
183,1594,0.0
184,1594,2.0
185,1594,0.0
186,1594,0.0
187,1594,3.0
188,1594,1.0
189,1594,0.0
190,1594,0.0
191,1594,1.0
192,1594,0.0
193,1594,2.0
194,1594,0.0
195,1594,1.0
196,1594,0.0
197,1594,0.0
198,1594,1.0
199,1594,0.0
0,1595,2.0
1,1595,1.0
2,1595,13.0
3,1595,2.0
4,1595,0.0
5,1595,0.0
6,1595,1.0
7,1595,0.0
8,1595,0.0
9,1595,1.0
10,1595,8.0
11,1595,0.0
12,1595,0.0
13,1595,2.0
14,1595,0.0
15,1595,2.0
16,1595,0.0
17,1595,0.0
18,1595,4.0
19,1595,0.0
20,1595,0.0
21,1595,0.0
22,1595,0.0
23,1595,0.0
24,1595,1.0
25,1595,0.0
26,1595,3.0
27,1595,0.0
28,1595,1.0
29,1595,0.0
30,1595,1.0
31,1595,5.0
32,1595,0.0
33,1595,1.0
34,1595,0.0
35,1595,1.0
36,1595,0.0
37,1595,2.0
38,1595,0.0
39,1595,0.0
40,1595,0.0
41,1595,2.0
42,1595,7.0
43,1595,0.0
44,1595,1.0
45,1595,4.0
46,1595,5.0
47,1595,0.0
48,1595,1.0
49,1595,1.0
50,1595,0.0
51,1595,0.0
52,1595,0.0
53,1595,56.0
54,1595,0.0
55,1595,1.0
56,1595,1.0
57,1595,0.0
58,1595,1.0
59,1595,1.0
60,1595,2.0
61,1595,0.0
62,1595,0.0
63,1595,0.0
64,1595,3.0
65,1595,1.0
66,1595,3.0
67,1595,10.0
68,1595,6.0
69,1595,1.0
70,1595,1.0
71,1595,2.0
72,1595,34.0
73,1595,0.0
74,1595,1.0
75,1595,0.0
76,1595,0.0
77,1595,3.0
78,1595,0.0
79,1595,0.0
80,1595,0.0
81,1595,0.0
82,1595,0.0
83,1595,0.0
84,1595,5.0
85,1595,67.0
86,1595,1.0
87,1595,0.0
88,1595,0.0
89,1595,0.0
90,1595,1.0
91,1595,4.0
92,1595,47.0
93,1595,0.0
94,1595,2.0
95,1595,17.0
96,1595,10.0
97,1595,1.0
98,1595,0.0
99,1595,2.0
100,1595,3.0
101,1595,2.0
102,1595,1.0
103,1595,0.0
104,1595,0.0
105,1595,2.0
106,1595,0.0
107,1595,0.0
108,1595,2.0
109,1595,3.0
110,1595,0.0
111,1595,1.0
112,1595,1.0
113,1595,0.0
114,1595,0.0
115,1595,0.0
116,1595,0.0
117,1595,3.0
118,1595,0.0
119,1595,4.0
120,1595,2.0
121,1595,0.0
122,1595,0.0
123,1595,2.0
124,1595,0.0
125,1595,1.0
126,1595,0.0
127,1595,1.0
128,1595,0.0
129,1595,1.0
130,1595,2.0
131,1595,1.0
132,1595,0.0
133,1595,0.0
134,1595,1.0
135,1595,0.0
136,1595,0.0
137,1595,3.0
138,1595,0.0
139,1595,0.0
140,1595,0.0
141,1595,0.0
142,1595,0.0
143,1595,3.0
144,1595,1.0
145,1595,0.0
146,1595,3.0
147,1595,3.0
148,1595,1.0
149,1595,0.0
150,1595,5.0
151,1595,17.0
152,1595,6.0
153,1595,1.0
154,1595,0.0
155,1595,1.0
156,1595,0.0
157,1595,0.0
158,1595,2.0
159,1595,4.0
160,1595,3.0
161,1595,0.0
162,1595,12.0
163,1595,7.0
164,1595,0.0
165,1595,0.0
166,1595,5.0
167,1595,8.0
168,1595,4.0
169,1595,4.0
170,1595,0.0
171,1595,0.0
172,1595,0.0
173,1595,2.0
174,1595,0.0
175,1595,0.0
176,1595,0.0
177,1595,2.0
178,1595,0.0
179,1595,0.0
180,1595,1.0
181,1595,0.0
182,1595,2.0
183,1595,0.0
184,1595,0.0
185,1595,0.0
186,1595,0.0
187,1595,0.0
188,1595,5.0
189,1595,0.0
190,1595,0.0
191,1595,0.0
192,1595,2.0
193,1595,0.0
194,1595,1.0
195,1595,1.0
196,1595,1.0
197,1595,1.0
198,1595,0.0
199,1595,0.0
0,1596,0.0
1,1596,1.0
2,1596,12.0
3,1596,0.0
4,1596,3.0
5,1596,0.0
6,1596,3.0
7,1596,0.0
8,1596,0.0
9,1596,1.0
10,1596,22.0
11,1596,0.0
12,1596,0.0
13,1596,0.0
14,1596,0.0
15,1596,3.0
16,1596,2.0
17,1596,0.0
18,1596,10.0
19,1596,0.0
20,1596,0.0
21,1596,0.0
22,1596,6.0
23,1596,0.0
24,1596,0.0
25,1596,1.0
26,1596,2.0
27,1596,0.0
28,1596,2.0
29,1596,0.0
30,1596,0.0
31,1596,2.0
32,1596,0.0
33,1596,12.0
34,1596,0.0
35,1596,2.0
36,1596,0.0
37,1596,1.0
38,1596,0.0
39,1596,3.0
40,1596,0.0
41,1596,4.0
42,1596,5.0
43,1596,0.0
44,1596,1.0
45,1596,0.0
46,1596,4.0
47,1596,1.0
48,1596,1.0
49,1596,1.0
50,1596,0.0
51,1596,0.0
52,1596,0.0
53,1596,52.0
54,1596,0.0
55,1596,0.0
56,1596,0.0
57,1596,0.0
58,1596,2.0
59,1596,2.0
60,1596,1.0
61,1596,0.0
62,1596,4.0
63,1596,1.0
64,1596,1.0
65,1596,0.0
66,1596,10.0
67,1596,4.0
68,1596,5.0
69,1596,0.0
70,1596,2.0
71,1596,6.0
72,1596,9.0
73,1596,0.0
74,1596,0.0
75,1596,1.0
76,1596,0.0
77,1596,1.0
78,1596,7.0
79,1596,0.0
80,1596,0.0
81,1596,1.0
82,1596,0.0
83,1596,0.0
84,1596,6.0
85,1596,60.0
86,1596,3.0
87,1596,1.0
88,1596,2.0
89,1596,0.0
90,1596,0.0
91,1596,7.0
92,1596,75.0
93,1596,0.0
94,1596,1.0
95,1596,6.0
96,1596,11.0
97,1596,4.0
98,1596,6.0
99,1596,2.0
100,1596,1.0
101,1596,0.0
102,1596,2.0
103,1596,0.0
104,1596,4.0
105,1596,5.0
106,1596,0.0
107,1596,0.0
108,1596,2.0
109,1596,4.0
110,1596,6.0
111,1596,2.0
112,1596,0.0
113,1596,0.0
114,1596,0.0
115,1596,1.0
116,1596,1.0
117,1596,2.0
118,1596,0.0
119,1596,3.0
120,1596,0.0
121,1596,2.0
122,1596,1.0
123,1596,1.0
124,1596,0.0
125,1596,2.0
126,1596,0.0
127,1596,1.0
128,1596,0.0
129,1596,2.0
130,1596,2.0
131,1596,4.0
132,1596,2.0
133,1596,0.0
134,1596,1.0
135,1596,0.0
136,1596,3.0
137,1596,4.0
138,1596,0.0
139,1596,2.0
140,1596,0.0
141,1596,2.0
142,1596,1.0
143,1596,2.0
144,1596,1.0
145,1596,1.0
146,1596,1.0
147,1596,3.0
148,1596,1.0
149,1596,1.0
150,1596,10.0
151,1596,13.0
152,1596,1.0
153,1596,3.0
154,1596,0.0
155,1596,1.0
156,1596,0.0
157,1596,1.0
158,1596,1.0
159,1596,2.0
160,1596,2.0
161,1596,0.0
162,1596,18.0
163,1596,8.0
164,1596,0.0
165,1596,0.0
166,1596,2.0
167,1596,8.0
168,1596,2.0
169,1596,17.0
170,1596,0.0
171,1596,0.0
172,1596,3.0
173,1596,0.0
174,1596,0.0
175,1596,2.0
176,1596,0.0
177,1596,4.0
178,1596,0.0
179,1596,0.0
180,1596,1.0
181,1596,0.0
182,1596,1.0
183,1596,0.0
184,1596,2.0
185,1596,1.0
186,1596,0.0
187,1596,1.0
188,1596,1.0
189,1596,1.0
190,1596,0.0
191,1596,3.0
192,1596,0.0
193,1596,0.0
194,1596,0.0
195,1596,0.0
196,1596,0.0
197,1596,0.0
198,1596,1.0
199,1596,0.0
0,1597,0.0
1,1597,0.0
2,1597,16.0
3,1597,1.0
4,1597,1.0
5,1597,0.0
6,1597,1.0
7,1597,1.0
8,1597,0.0
9,1597,2.0
10,1597,16.0
11,1597,0.0
12,1597,0.0
13,1597,0.0
14,1597,0.0
15,1597,0.0
16,1597,1.0
17,1597,0.0
18,1597,3.0
19,1597,1.0
20,1597,0.0
21,1597,0.0
22,1597,6.0
23,1597,0.0
24,1597,1.0
25,1597,0.0
26,1597,2.0
27,1597,0.0
28,1597,5.0
29,1597,0.0
30,1597,0.0
31,1597,1.0
32,1597,1.0
33,1597,5.0
34,1597,1.0
35,1597,3.0
36,1597,0.0
37,1597,1.0
38,1597,2.0
39,1597,4.0
40,1597,0.0
41,1597,9.0
42,1597,4.0
43,1597,0.0
44,1597,1.0
45,1597,0.0
46,1597,8.0
47,1597,2.0
48,1597,3.0
49,1597,1.0
50,1597,0.0
51,1597,0.0
52,1597,0.0
53,1597,93.0
54,1597,0.0
55,1597,0.0
56,1597,3.0
57,1597,0.0
58,1597,1.0
59,1597,2.0
60,1597,0.0
61,1597,0.0
62,1597,5.0
63,1597,2.0
64,1597,4.0
65,1597,0.0
66,1597,11.0
67,1597,3.0
68,1597,2.0
69,1597,0.0
70,1597,1.0
71,1597,6.0
72,1597,13.0
73,1597,0.0
74,1597,4.0
75,1597,1.0
76,1597,0.0
77,1597,3.0
78,1597,3.0
79,1597,0.0
80,1597,0.0
81,1597,3.0
82,1597,0.0
83,1597,0.0
84,1597,6.0
85,1597,66.0
86,1597,3.0
87,1597,0.0
88,1597,5.0
89,1597,0.0
90,1597,0.0
91,1597,7.0
92,1597,49.0
93,1597,6.0
94,1597,4.0
95,1597,4.0
96,1597,10.0
97,1597,2.0
98,1597,4.0
99,1597,2.0
100,1597,1.0
101,1597,2.0
102,1597,1.0
103,1597,0.0
104,1597,6.0
105,1597,1.0
106,1597,0.0
107,1597,0.0
108,1597,3.0
109,1597,6.0
110,1597,5.0
111,1597,2.0
112,1597,0.0
113,1597,0.0
114,1597,0.0
115,1597,0.0
116,1597,2.0
117,1597,5.0
118,1597,0.0
119,1597,5.0
120,1597,1.0
121,1597,1.0
122,1597,3.0
123,1597,0.0
124,1597,2.0
125,1597,0.0
126,1597,0.0
127,1597,1.0
128,1597,0.0
129,1597,4.0
130,1597,3.0
131,1597,2.0
132,1597,7.0
133,1597,0.0
134,1597,0.0
135,1597,0.0
136,1597,0.0
137,1597,3.0
138,1597,0.0
139,1597,2.0
140,1597,1.0
141,1597,3.0
142,1597,0.0
143,1597,1.0
144,1597,3.0
145,1597,2.0
146,1597,2.0
147,1597,3.0
148,1597,1.0
149,1597,0.0
150,1597,8.0
151,1597,7.0
152,1597,3.0
153,1597,1.0
154,1597,3.0
155,1597,1.0
156,1597,0.0
157,1597,0.0
158,1597,3.0
159,1597,7.0
160,1597,1.0
161,1597,0.0
162,1597,13.0
163,1597,5.0
164,1597,0.0
165,1597,0.0
166,1597,6.0
167,1597,7.0
168,1597,10.0
169,1597,11.0
170,1597,0.0
171,1597,4.0
172,1597,0.0
173,1597,0.0
174,1597,0.0
175,1597,4.0
176,1597,0.0
177,1597,1.0
178,1597,3.0
179,1597,0.0
180,1597,1.0
181,1597,0.0
182,1597,3.0
183,1597,0.0
184,1597,3.0
185,1597,0.0
186,1597,0.0
187,1597,0.0
188,1597,4.0
189,1597,0.0
190,1597,0.0
191,1597,2.0
192,1597,0.0
193,1597,2.0
194,1597,1.0
195,1597,1.0
196,1597,3.0
197,1597,0.0
198,1597,0.0
199,1597,0.0
0,1598,1.0
1,1598,2.0
2,1598,21.0
3,1598,0.0
4,1598,0.0
5,1598,0.0
6,1598,0.0
7,1598,0.0
8,1598,1.0
9,1598,8.0
10,1598,10.0
11,1598,0.0
12,1598,5.0
13,1598,1.0
14,1598,0.0
15,1598,5.0
16,1598,4.0
17,1598,4.0
18,1598,3.0
19,1598,6.0
20,1598,0.0
21,1598,0.0
22,1598,6.0
23,1598,0.0
24,1598,1.0
25,1598,1.0
26,1598,1.0
27,1598,0.0
28,1598,5.0
29,1598,0.0
30,1598,0.0
31,1598,2.0
32,1598,1.0
33,1598,5.0
34,1598,0.0
35,1598,10.0
36,1598,0.0
37,1598,6.0
38,1598,1.0
39,1598,6.0
40,1598,0.0
41,1598,3.0
42,1598,0.0
43,1598,1.0
44,1598,2.0
45,1598,1.0
46,1598,2.0
47,1598,0.0
48,1598,2.0
49,1598,3.0
50,1598,1.0
51,1598,0.0
52,1598,0.0
53,1598,98.0
54,1598,0.0
55,1598,0.0
56,1598,4.0
57,1598,0.0
58,1598,0.0
59,1598,0.0
60,1598,0.0
61,1598,0.0
62,1598,4.0
63,1598,4.0
64,1598,4.0
65,1598,1.0
66,1598,3.0
67,1598,4.0
68,1598,6.0
69,1598,1.0
70,1598,2.0
71,1598,4.0
72,1598,33.0
73,1598,0.0
74,1598,0.0
75,1598,1.0
76,1598,0.0
77,1598,2.0
78,1598,2.0
79,1598,1.0
80,1598,0.0
81,1598,2.0
82,1598,0.0
83,1598,0.0
84,1598,4.0
85,1598,86.0
86,1598,3.0
87,1598,0.0
88,1598,1.0
89,1598,1.0
90,1598,1.0
91,1598,11.0
92,1598,44.0
93,1598,0.0
94,1598,0.0
95,1598,10.0
96,1598,19.0
97,1598,0.0
98,1598,6.0
99,1598,0.0
100,1598,0.0
101,1598,0.0
102,1598,0.0
103,1598,0.0
104,1598,9.0
105,1598,4.0
106,1598,0.0
107,1598,0.0
108,1598,1.0
109,1598,3.0
110,1598,17.0
111,1598,6.0
112,1598,0.0
113,1598,0.0
114,1598,0.0
115,1598,1.0
116,1598,1.0
117,1598,2.0
118,1598,0.0
119,1598,5.0
120,1598,1.0
121,1598,3.0
122,1598,2.0
123,1598,2.0
124,1598,2.0
125,1598,4.0
126,1598,0.0
127,1598,0.0
128,1598,0.0
129,1598,3.0
130,1598,3.0
131,1598,1.0
132,1598,3.0
133,1598,0.0
134,1598,1.0
135,1598,0.0
136,1598,1.0
137,1598,2.0
138,1598,0.0
139,1598,2.0
140,1598,0.0
141,1598,1.0
142,1598,0.0
143,1598,0.0
144,1598,5.0
145,1598,4.0
146,1598,0.0
147,1598,7.0
148,1598,0.0
149,1598,2.0
150,1598,9.0
151,1598,5.0
152,1598,8.0
153,1598,4.0
154,1598,5.0
155,1598,0.0
156,1598,0.0
157,1598,4.0
158,1598,2.0
159,1598,5.0
160,1598,2.0
161,1598,0.0
162,1598,10.0
163,1598,1.0
164,1598,0.0
165,1598,0.0
166,1598,3.0
167,1598,15.0
168,1598,9.0
169,1598,11.0
170,1598,1.0
171,1598,8.0
172,1598,0.0
173,1598,0.0
174,1598,0.0
175,1598,0.0
176,1598,0.0
177,1598,2.0
178,1598,0.0
179,1598,0.0
180,1598,2.0
181,1598,1.0
182,1598,4.0
183,1598,3.0
184,1598,0.0
185,1598,0.0
186,1598,0.0
187,1598,0.0
188,1598,2.0
189,1598,0.0
190,1598,0.0
191,1598,0.0
192,1598,1.0
193,1598,1.0
194,1598,0.0
195,1598,0.0
196,1598,0.0
197,1598,0.0
198,1598,0.0
199,1598,1.0
0,1599,1.0
1,1599,0.0
2,1599,24.0
3,1599,0.0
4,1599,0.0
5,1599,0.0
6,1599,0.0
7,1599,0.0
8,1599,0.0
9,1599,2.0
10,1599,10.0
11,1599,0.0
12,1599,1.0
13,1599,2.0
14,1599,0.0
15,1599,1.0
16,1599,0.0
17,1599,0.0
18,1599,0.0
19,1599,3.0
20,1599,0.0
21,1599,0.0
22,1599,4.0
23,1599,0.0
24,1599,0.0
25,1599,0.0
26,1599,1.0
27,1599,0.0
28,1599,2.0
29,1599,0.0
30,1599,0.0
31,1599,3.0
32,1599,1.0
33,1599,8.0
34,1599,0.0
35,1599,2.0
36,1599,0.0
37,1599,7.0
38,1599,0.0
39,1599,5.0
40,1599,0.0
41,1599,9.0
42,1599,0.0
43,1599,2.0
44,1599,1.0
45,1599,0.0
46,1599,1.0
47,1599,2.0
48,1599,9.0
49,1599,15.0
50,1599,0.0
51,1599,0.0
52,1599,0.0
53,1599,31.0
54,1599,0.0
55,1599,0.0
56,1599,0.0
57,1599,0.0
58,1599,0.0
59,1599,2.0
60,1599,4.0
61,1599,0.0
62,1599,3.0
63,1599,1.0
64,1599,10.0
65,1599,0.0
66,1599,4.0
67,1599,2.0
68,1599,11.0
69,1599,2.0
70,1599,4.0
71,1599,4.0
72,1599,12.0
73,1599,0.0
74,1599,1.0
75,1599,4.0
76,1599,0.0
77,1599,7.0
78,1599,2.0
79,1599,1.0
80,1599,0.0
81,1599,1.0
82,1599,0.0
83,1599,0.0
84,1599,4.0
85,1599,44.0
86,1599,3.0
87,1599,1.0
88,1599,8.0
89,1599,1.0
90,1599,2.0
91,1599,9.0
92,1599,32.0
93,1599,0.0
94,1599,1.0
95,1599,17.0
96,1599,16.0
97,1599,0.0
98,1599,6.0
99,1599,0.0
100,1599,4.0
101,1599,2.0
102,1599,0.0
103,1599,0.0
104,1599,7.0
105,1599,4.0
106,1599,0.0
107,1599,0.0
108,1599,2.0
109,1599,4.0
110,1599,7.0
111,1599,4.0
112,1599,1.0
113,1599,0.0
114,1599,0.0
115,1599,0.0
116,1599,0.0
117,1599,0.0
118,1599,0.0
119,1599,7.0
120,1599,1.0
121,1599,1.0
122,1599,3.0
123,1599,1.0
124,1599,2.0
125,1599,0.0
126,1599,0.0
127,1599,1.0
128,1599,0.0
129,1599,2.0
130,1599,2.0
131,1599,1.0
132,1599,1.0
133,1599,0.0
134,1599,0.0
135,1599,0.0
136,1599,1.0
137,1599,2.0
138,1599,0.0
139,1599,0.0
140,1599,0.0
141,1599,1.0
142,1599,0.0
143,1599,1.0
144,1599,1.0
145,1599,1.0
146,1599,0.0
147,1599,0.0
148,1599,1.0
149,1599,1.0
150,1599,11.0
151,1599,0.0
152,1599,6.0
153,1599,0.0
154,1599,1.0
155,1599,5.0
156,1599,0.0
157,1599,1.0
158,1599,0.0
159,1599,6.0
160,1599,7.0
161,1599,0.0
162,1599,8.0
163,1599,0.0
164,1599,0.0
165,1599,0.0
166,1599,2.0
167,1599,13.0
168,1599,10.0
169,1599,10.0
170,1599,0.0
171,1599,10.0
172,1599,2.0
173,1599,1.0
174,1599,0.0
175,1599,0.0
176,1599,0.0
177,1599,0.0
178,1599,0.0
179,1599,1.0
180,1599,2.0
181,1599,0.0
182,1599,1.0
183,1599,0.0
184,1599,1.0
185,1599,0.0
186,1599,0.0
187,1599,1.0
188,1599,4.0
189,1599,0.0
190,1599,0.0
191,1599,0.0
192,1599,0.0
193,1599,2.0
194,1599,1.0
195,1599,3.0
196,1599,1.0
197,1599,0.0
198,1599,0.0
199,1599,0.0
0,1600,2.0
1,1600,2.0
2,1600,15.0
3,1600,0.0
4,1600,1.0
5,1600,0.0
6,1600,1.0
7,1600,0.0
8,1600,0.0
9,1600,1.0
10,1600,15.0
11,1600,0.0
12,1600,2.0
13,1600,1.0
14,1600,0.0
15,1600,1.0
16,1600,0.0
17,1600,1.0
18,1600,0.0
19,1600,1.0
20,1600,0.0
21,1600,0.0
22,1600,0.0
23,1600,0.0
24,1600,3.0
25,1600,0.0
26,1600,2.0
27,1600,0.0
28,1600,3.0
29,1600,0.0
30,1600,0.0
31,1600,2.0
32,1600,0.0
33,1600,0.0
34,1600,2.0
35,1600,9.0
36,1600,0.0
37,1600,5.0
38,1600,1.0
39,1600,7.0
40,1600,0.0
41,1600,5.0
42,1600,4.0
43,1600,0.0
44,1600,1.0
45,1600,0.0
46,1600,5.0
47,1600,1.0
48,1600,2.0
49,1600,3.0
50,1600,0.0
51,1600,0.0
52,1600,0.0
53,1600,48.0
54,1600,0.0
55,1600,0.0
56,1600,1.0
57,1600,0.0
58,1600,2.0
59,1600,2.0
60,1600,2.0
61,1600,0.0
62,1600,0.0
63,1600,2.0
64,1600,2.0
65,1600,1.0
66,1600,2.0
67,1600,5.0
68,1600,6.0
69,1600,1.0
70,1600,0.0
71,1600,7.0
72,1600,24.0
73,1600,0.0
74,1600,0.0
75,1600,0.0
76,1600,0.0
77,1600,2.0
78,1600,2.0
79,1600,1.0
80,1600,0.0
81,1600,0.0
82,1600,0.0
83,1600,0.0
84,1600,5.0
85,1600,39.0
86,1600,1.0
87,1600,1.0
88,1600,1.0
89,1600,0.0
90,1600,2.0
91,1600,0.0
92,1600,24.0
93,1600,0.0
94,1600,2.0
95,1600,4.0
96,1600,6.0
97,1600,0.0
98,1600,4.0
99,1600,0.0
100,1600,3.0
101,1600,0.0
102,1600,0.0
103,1600,0.0
104,1600,10.0
105,1600,2.0
106,1600,0.0
107,1600,0.0
108,1600,2.0
109,1600,3.0
110,1600,3.0
111,1600,1.0
112,1600,0.0
113,1600,0.0
114,1600,0.0
115,1600,1.0
116,1600,1.0
117,1600,1.0
118,1600,0.0
119,1600,5.0
120,1600,0.0
121,1600,4.0
122,1600,0.0
123,1600,0.0
124,1600,0.0
125,1600,1.0
126,1600,0.0
127,1600,3.0
128,1600,0.0
129,1600,0.0
130,1600,0.0
131,1600,3.0
132,1600,1.0
133,1600,0.0
134,1600,2.0
135,1600,0.0
136,1600,2.0
137,1600,2.0
138,1600,0.0
139,1600,0.0
140,1600,0.0
141,1600,2.0
142,1600,0.0
143,1600,1.0
144,1600,1.0
145,1600,5.0
146,1600,1.0
147,1600,3.0
148,1600,0.0
149,1600,0.0
150,1600,8.0
151,1600,8.0
152,1600,10.0
153,1600,2.0
154,1600,2.0
155,1600,1.0
156,1600,0.0
157,1600,4.0
158,1600,2.0
159,1600,2.0
160,1600,0.0
161,1600,0.0
162,1600,8.0
163,1600,2.0
164,1600,3.0
165,1600,0.0
166,1600,2.0
167,1600,4.0
168,1600,3.0
169,1600,8.0
170,1600,0.0
171,1600,1.0
172,1600,1.0
173,1600,5.0
174,1600,0.0
175,1600,0.0
176,1600,0.0
177,1600,0.0
178,1600,0.0
179,1600,3.0
180,1600,0.0
181,1600,1.0
182,1600,0.0
183,1600,0.0
184,1600,1.0
185,1600,0.0
186,1600,0.0
187,1600,0.0
188,1600,2.0
189,1600,0.0
190,1600,0.0
191,1600,0.0
192,1600,0.0
193,1600,2.0
194,1600,0.0
195,1600,1.0
196,1600,0.0
197,1600,0.0
198,1600,0.0
199,1600,1.0
0,1601,0.0
1,1601,0.0
2,1601,23.0
3,1601,0.0
4,1601,1.0
5,1601,0.0
6,1601,1.0
7,1601,0.0
8,1601,0.0
9,1601,5.0
10,1601,9.0
11,1601,0.0
12,1601,1.0
13,1601,0.0
14,1601,0.0
15,1601,1.0
16,1601,2.0
17,1601,6.0
18,1601,2.0
19,1601,0.0
20,1601,0.0
21,1601,0.0
22,1601,10.0
23,1601,0.0
24,1601,0.0
25,1601,0.0
26,1601,0.0
27,1601,1.0
28,1601,3.0
29,1601,0.0
30,1601,0.0
31,1601,1.0
32,1601,0.0
33,1601,12.0
34,1601,0.0
35,1601,8.0
36,1601,0.0
37,1601,3.0
38,1601,8.0
39,1601,3.0
40,1601,0.0
41,1601,4.0
42,1601,0.0
43,1601,0.0
44,1601,0.0
45,1601,0.0
46,1601,1.0
47,1601,1.0
48,1601,1.0
49,1601,0.0
50,1601,0.0
51,1601,0.0
52,1601,0.0
53,1601,37.0
54,1601,0.0
55,1601,0.0
56,1601,3.0
57,1601,0.0
58,1601,0.0
59,1601,4.0
60,1601,3.0
61,1601,0.0
62,1601,3.0
63,1601,1.0
64,1601,1.0
65,1601,1.0
66,1601,4.0
67,1601,4.0
68,1601,3.0
69,1601,0.0
70,1601,3.0
71,1601,3.0
72,1601,11.0
73,1601,0.0
74,1601,0.0
75,1601,0.0
76,1601,0.0
77,1601,0.0
78,1601,6.0
79,1601,0.0
80,1601,0.0
81,1601,0.0
82,1601,0.0
83,1601,0.0
84,1601,0.0
85,1601,51.0
86,1601,5.0
87,1601,1.0
88,1601,1.0
89,1601,0.0
90,1601,0.0
91,1601,1.0
92,1601,34.0
93,1601,0.0
94,1601,0.0
95,1601,4.0
96,1601,11.0
97,1601,0.0
98,1601,3.0
99,1601,1.0
100,1601,1.0
101,1601,0.0
102,1601,1.0
103,1601,0.0
104,1601,6.0
105,1601,5.0
106,1601,0.0
107,1601,0.0
108,1601,4.0
109,1601,5.0
110,1601,6.0
111,1601,3.0
112,1601,3.0
113,1601,0.0
114,1601,0.0
115,1601,0.0
116,1601,4.0
117,1601,0.0
118,1601,0.0
119,1601,3.0
120,1601,0.0
121,1601,0.0
122,1601,1.0
123,1601,0.0
124,1601,1.0
125,1601,4.0
126,1601,0.0
127,1601,1.0
128,1601,0.0
129,1601,1.0
130,1601,1.0
131,1601,2.0
132,1601,0.0
133,1601,1.0
134,1601,0.0
135,1601,0.0
136,1601,0.0
137,1601,0.0
138,1601,0.0
139,1601,0.0
140,1601,1.0
141,1601,2.0
142,1601,0.0
143,1601,1.0
144,1601,1.0
145,1601,1.0
146,1601,1.0
147,1601,5.0
148,1601,0.0
149,1601,0.0
150,1601,10.0
151,1601,15.0
152,1601,6.0
153,1601,1.0
154,1601,2.0
155,1601,2.0
156,1601,0.0
157,1601,0.0
158,1601,1.0
159,1601,4.0
160,1601,3.0
161,1601,0.0
162,1601,4.0
163,1601,13.0
164,1601,2.0
165,1601,0.0
166,1601,3.0
167,1601,3.0
168,1601,4.0
169,1601,8.0
170,1601,0.0
171,1601,1.0
172,1601,0.0
173,1601,2.0
174,1601,0.0
175,1601,2.0
176,1601,0.0
177,1601,1.0
178,1601,1.0
179,1601,2.0
180,1601,0.0
181,1601,0.0
182,1601,2.0
183,1601,0.0
184,1601,1.0
185,1601,0.0
186,1601,0.0
187,1601,1.0
188,1601,1.0
189,1601,0.0
190,1601,0.0
191,1601,1.0
192,1601,2.0
193,1601,0.0
194,1601,0.0
195,1601,0.0
196,1601,0.0
197,1601,2.0
198,1601,0.0
199,1601,0.0
0,1602,4.0
1,1602,1.0
2,1602,15.0
3,1602,0.0
4,1602,3.0
5,1602,0.0
6,1602,0.0
7,1602,0.0
8,1602,0.0
9,1602,4.0
10,1602,7.0
11,1602,0.0
12,1602,3.0
13,1602,0.0
14,1602,0.0
15,1602,8.0
16,1602,1.0
17,1602,0.0
18,1602,4.0
19,1602,0.0
20,1602,0.0
21,1602,0.0
22,1602,0.0
23,1602,0.0
24,1602,2.0
25,1602,2.0
26,1602,0.0
27,1602,0.0
28,1602,2.0
29,1602,0.0
30,1602,0.0
31,1602,2.0
32,1602,1.0
33,1602,2.0
34,1602,0.0
35,1602,5.0
36,1602,0.0
37,1602,7.0
38,1602,0.0
39,1602,3.0
40,1602,0.0
41,1602,0.0
42,1602,1.0
43,1602,0.0
44,1602,3.0
45,1602,0.0
46,1602,0.0
47,1602,2.0
48,1602,0.0
49,1602,3.0
50,1602,0.0
51,1602,0.0
52,1602,0.0
53,1602,36.0
54,1602,0.0
55,1602,0.0
56,1602,0.0
57,1602,0.0
58,1602,0.0
59,1602,0.0
60,1602,0.0
61,1602,0.0
62,1602,5.0
63,1602,2.0
64,1602,5.0
65,1602,1.0
66,1602,6.0
67,1602,3.0
68,1602,1.0
69,1602,0.0
70,1602,1.0
71,1602,2.0
72,1602,6.0
73,1602,0.0
74,1602,2.0
75,1602,1.0
76,1602,0.0
77,1602,2.0
78,1602,2.0
79,1602,0.0
80,1602,0.0
81,1602,0.0
82,1602,0.0
83,1602,0.0
84,1602,4.0
85,1602,44.0
86,1602,6.0
87,1602,1.0
88,1602,2.0
89,1602,1.0
90,1602,0.0
91,1602,7.0
92,1602,41.0
93,1602,0.0
94,1602,2.0
95,1602,5.0
96,1602,2.0
97,1602,0.0
98,1602,4.0
99,1602,0.0
100,1602,1.0
101,1602,0.0
102,1602,1.0
103,1602,0.0
104,1602,4.0
105,1602,0.0
106,1602,0.0
107,1602,0.0
108,1602,1.0
109,1602,2.0
110,1602,5.0
111,1602,2.0
112,1602,2.0
113,1602,0.0
114,1602,0.0
115,1602,0.0
116,1602,0.0
117,1602,1.0
118,1602,0.0
119,1602,3.0
120,1602,0.0
121,1602,1.0
122,1602,2.0
123,1602,0.0
124,1602,2.0
125,1602,1.0
126,1602,0.0
127,1602,0.0
128,1602,0.0
129,1602,0.0
130,1602,0.0
131,1602,1.0
132,1602,2.0
133,1602,0.0
134,1602,0.0
135,1602,0.0
136,1602,0.0
137,1602,1.0
138,1602,0.0
139,1602,2.0
140,1602,0.0
141,1602,0.0
142,1602,1.0
143,1602,4.0
144,1602,0.0
145,1602,1.0
146,1602,0.0
147,1602,3.0
148,1602,0.0
149,1602,1.0
150,1602,5.0
151,1602,11.0
152,1602,8.0
153,1602,0.0
154,1602,8.0
155,1602,0.0
156,1602,0.0
157,1602,1.0
158,1602,0.0
159,1602,3.0
160,1602,4.0
161,1602,0.0
162,1602,7.0
163,1602,8.0
164,1602,1.0
165,1602,0.0
166,1602,2.0
167,1602,4.0
168,1602,5.0
169,1602,5.0
170,1602,2.0
171,1602,4.0
172,1602,1.0
173,1602,3.0
174,1602,0.0
175,1602,2.0
176,1602,0.0
177,1602,1.0
178,1602,0.0
179,1602,0.0
180,1602,0.0
181,1602,0.0
182,1602,4.0
183,1602,0.0
184,1602,0.0
185,1602,0.0
186,1602,0.0
187,1602,2.0
188,1602,7.0
189,1602,1.0
190,1602,0.0
191,1602,1.0
192,1602,0.0
193,1602,1.0
194,1602,1.0
195,1602,0.0
196,1602,0.0
197,1602,0.0
198,1602,0.0
199,1602,0.0
0,1603,4.0
1,1603,3.0
2,1603,13.0
3,1603,1.0
4,1603,0.0
5,1603,0.0
6,1603,2.0
7,1603,0.0
8,1603,0.0
9,1603,1.0
10,1603,17.0
11,1603,0.0
12,1603,0.0
13,1603,1.0
14,1603,0.0
15,1603,12.0
16,1603,0.0
17,1603,2.0
18,1603,4.0
19,1603,3.0
20,1603,0.0
21,1603,0.0
22,1603,2.0
23,1603,0.0
24,1603,1.0
25,1603,0.0
26,1603,0.0
27,1603,0.0
28,1603,5.0
29,1603,0.0
30,1603,0.0
31,1603,0.0
32,1603,2.0
33,1603,3.0
34,1603,0.0
35,1603,5.0
36,1603,0.0
37,1603,5.0
38,1603,3.0
39,1603,1.0
40,1603,0.0
41,1603,5.0
42,1603,1.0
43,1603,0.0
44,1603,1.0
45,1603,4.0
46,1603,1.0
47,1603,0.0
48,1603,1.0
49,1603,1.0
50,1603,0.0
51,1603,0.0
52,1603,0.0
53,1603,58.0
54,1603,0.0
55,1603,0.0
56,1603,2.0
57,1603,0.0
58,1603,0.0
59,1603,0.0
60,1603,0.0
61,1603,0.0
62,1603,3.0
63,1603,1.0
64,1603,2.0
65,1603,1.0
66,1603,2.0
67,1603,4.0
68,1603,5.0
69,1603,0.0
70,1603,3.0
71,1603,1.0
72,1603,14.0
73,1603,0.0
74,1603,3.0
75,1603,0.0
76,1603,0.0
77,1603,2.0
78,1603,3.0
79,1603,0.0
80,1603,0.0
81,1603,2.0
82,1603,0.0
83,1603,0.0
84,1603,5.0
85,1603,48.0
86,1603,1.0
87,1603,2.0
88,1603,0.0
89,1603,1.0
90,1603,0.0
91,1603,7.0
92,1603,26.0
93,1603,1.0
94,1603,0.0
95,1603,9.0
96,1603,2.0
97,1603,0.0
98,1603,3.0
99,1603,2.0
100,1603,0.0
101,1603,0.0
102,1603,0.0
103,1603,0.0
104,1603,6.0
105,1603,5.0
106,1603,0.0
107,1603,0.0
108,1603,3.0
109,1603,3.0
110,1603,17.0
111,1603,2.0
112,1603,1.0
113,1603,0.0
114,1603,0.0
115,1603,0.0
116,1603,0.0
117,1603,2.0
118,1603,0.0
119,1603,1.0
120,1603,0.0
121,1603,0.0
122,1603,1.0
123,1603,1.0
124,1603,3.0
125,1603,1.0
126,1603,0.0
127,1603,0.0
128,1603,0.0
129,1603,1.0
130,1603,0.0
131,1603,1.0
132,1603,3.0
133,1603,0.0
134,1603,1.0
135,1603,0.0
136,1603,3.0
137,1603,0.0
138,1603,0.0
139,1603,1.0
140,1603,0.0
141,1603,2.0
142,1603,0.0
143,1603,1.0
144,1603,2.0
145,1603,3.0
146,1603,0.0
147,1603,4.0
148,1603,0.0
149,1603,3.0
150,1603,14.0
151,1603,14.0
152,1603,21.0
153,1603,1.0
154,1603,1.0
155,1603,1.0
156,1603,0.0
157,1603,5.0
158,1603,0.0
159,1603,3.0
160,1603,4.0
161,1603,0.0
162,1603,8.0
163,1603,7.0
164,1603,5.0
165,1603,0.0
166,1603,1.0
167,1603,4.0
168,1603,11.0
169,1603,7.0
170,1603,0.0
171,1603,2.0
172,1603,0.0
173,1603,2.0
174,1603,0.0
175,1603,4.0
176,1603,0.0
177,1603,1.0
178,1603,1.0
179,1603,0.0
180,1603,3.0
181,1603,0.0
182,1603,3.0
183,1603,0.0
184,1603,0.0
185,1603,0.0
186,1603,0.0
187,1603,0.0
188,1603,3.0
189,1603,2.0
190,1603,0.0
191,1603,0.0
192,1603,0.0
193,1603,2.0
194,1603,0.0
195,1603,0.0
196,1603,2.0
197,1603,0.0
198,1603,0.0
199,1603,0.0
0,1604,3.0
1,1604,1.0
2,1604,21.0
3,1604,4.0
4,1604,0.0
5,1604,0.0
6,1604,2.0
7,1604,1.0
8,1604,0.0
9,1604,5.0
10,1604,13.0
11,1604,0.0
12,1604,0.0
13,1604,1.0
14,1604,0.0
15,1604,1.0
16,1604,0.0
17,1604,1.0
18,1604,1.0
19,1604,0.0
20,1604,0.0
21,1604,0.0
22,1604,4.0
23,1604,0.0
24,1604,0.0
25,1604,0.0
26,1604,2.0
27,1604,1.0
28,1604,1.0
29,1604,0.0
30,1604,0.0
31,1604,1.0
32,1604,6.0
33,1604,3.0
34,1604,0.0
35,1604,3.0
36,1604,0.0
37,1604,1.0
38,1604,2.0
39,1604,2.0
40,1604,0.0
41,1604,1.0
42,1604,2.0
43,1604,0.0
44,1604,0.0
45,1604,0.0
46,1604,2.0
47,1604,2.0
48,1604,2.0
49,1604,1.0
50,1604,0.0
51,1604,0.0
52,1604,0.0
53,1604,99.0
54,1604,0.0
55,1604,0.0
56,1604,1.0
57,1604,0.0
58,1604,4.0
59,1604,0.0
60,1604,3.0
61,1604,0.0
62,1604,6.0
63,1604,2.0
64,1604,3.0
65,1604,0.0
66,1604,1.0
67,1604,4.0
68,1604,3.0
69,1604,0.0
70,1604,0.0
71,1604,2.0
72,1604,16.0
73,1604,0.0
74,1604,0.0
75,1604,0.0
76,1604,0.0
77,1604,0.0
78,1604,5.0
79,1604,0.0
80,1604,0.0
81,1604,0.0
82,1604,0.0
83,1604,0.0
84,1604,2.0
85,1604,74.0
86,1604,4.0
87,1604,0.0
88,1604,2.0
89,1604,0.0
90,1604,1.0
91,1604,3.0
92,1604,55.0
93,1604,0.0
94,1604,2.0
95,1604,26.0
96,1604,7.0
97,1604,0.0
98,1604,2.0
99,1604,1.0
100,1604,1.0
101,1604,0.0
102,1604,1.0
103,1604,0.0
104,1604,5.0
105,1604,8.0
106,1604,0.0
107,1604,0.0
108,1604,3.0
109,1604,1.0
110,1604,10.0
111,1604,3.0
112,1604,2.0
113,1604,0.0
114,1604,0.0
115,1604,0.0
116,1604,1.0
117,1604,3.0
118,1604,0.0
119,1604,10.0
120,1604,0.0
121,1604,1.0
122,1604,4.0
123,1604,0.0
124,1604,2.0
125,1604,4.0
126,1604,0.0
127,1604,0.0
128,1604,0.0
129,1604,0.0
130,1604,4.0
131,1604,1.0
132,1604,4.0
133,1604,0.0
134,1604,1.0
135,1604,0.0
136,1604,0.0
137,1604,4.0
138,1604,0.0
139,1604,0.0
140,1604,2.0
141,1604,1.0
142,1604,1.0
143,1604,2.0
144,1604,2.0
145,1604,4.0
146,1604,2.0
147,1604,7.0
148,1604,1.0
149,1604,0.0
150,1604,27.0
151,1604,8.0
152,1604,11.0
153,1604,0.0
154,1604,0.0
155,1604,1.0
156,1604,3.0
157,1604,0.0
158,1604,4.0
159,1604,3.0
160,1604,3.0
161,1604,0.0
162,1604,9.0
163,1604,16.0
164,1604,2.0
165,1604,0.0
166,1604,9.0
167,1604,13.0
168,1604,13.0
169,1604,10.0
170,1604,1.0
171,1604,5.0
172,1604,0.0
173,1604,1.0
174,1604,0.0
175,1604,1.0
176,1604,2.0
177,1604,0.0
178,1604,0.0
179,1604,1.0
180,1604,4.0
181,1604,0.0
182,1604,0.0
183,1604,0.0
184,1604,1.0
185,1604,0.0
186,1604,0.0
187,1604,0.0
188,1604,5.0
189,1604,0.0
190,1604,0.0
191,1604,0.0
192,1604,0.0
193,1604,0.0
194,1604,0.0
195,1604,0.0
196,1604,0.0
197,1604,0.0
198,1604,0.0
199,1604,1.0
0,1605,1.0
1,1605,0.0
2,1605,17.0
3,1605,2.0
4,1605,0.0
5,1605,0.0
6,1605,3.0
7,1605,0.0
8,1605,0.0
9,1605,4.0
10,1605,5.0
11,1605,0.0
12,1605,0.0
13,1605,0.0
14,1605,0.0
15,1605,4.0
16,1605,4.0
17,1605,1.0
18,1605,0.0
19,1605,2.0
20,1605,0.0
21,1605,0.0
22,1605,0.0
23,1605,0.0
24,1605,0.0
25,1605,0.0
26,1605,1.0
27,1605,2.0
28,1605,1.0
29,1605,0.0
30,1605,0.0
31,1605,2.0
32,1605,0.0
33,1605,4.0
34,1605,0.0
35,1605,10.0
36,1605,0.0
37,1605,1.0
38,1605,0.0
39,1605,2.0
40,1605,0.0
41,1605,2.0
42,1605,1.0
43,1605,1.0
44,1605,0.0
45,1605,0.0
46,1605,5.0
47,1605,0.0
48,1605,6.0
49,1605,4.0
50,1605,0.0
51,1605,0.0
52,1605,0.0
53,1605,63.0
54,1605,0.0
55,1605,0.0
56,1605,4.0
57,1605,0.0
58,1605,0.0
59,1605,4.0
60,1605,1.0
61,1605,0.0
62,1605,14.0
63,1605,0.0
64,1605,1.0
65,1605,0.0
66,1605,1.0
67,1605,1.0
68,1605,3.0
69,1605,1.0
70,1605,2.0
71,1605,7.0
72,1605,28.0
73,1605,0.0
74,1605,0.0
75,1605,0.0
76,1605,0.0
77,1605,0.0
78,1605,4.0
79,1605,0.0
80,1605,0.0
81,1605,1.0
82,1605,0.0
83,1605,0.0
84,1605,1.0
85,1605,82.0
86,1605,5.0
87,1605,0.0
88,1605,7.0
89,1605,1.0
90,1605,0.0
91,1605,3.0
92,1605,26.0
93,1605,0.0
94,1605,1.0
95,1605,9.0
96,1605,3.0
97,1605,0.0
98,1605,8.0
99,1605,0.0
100,1605,1.0
101,1605,1.0
102,1605,0.0
103,1605,0.0
104,1605,10.0
105,1605,3.0
106,1605,0.0
107,1605,0.0
108,1605,4.0
109,1605,7.0
110,1605,29.0
111,1605,3.0
112,1605,1.0
113,1605,0.0
114,1605,0.0
115,1605,0.0
116,1605,1.0
117,1605,1.0
118,1605,0.0
119,1605,9.0
120,1605,0.0
121,1605,3.0
122,1605,1.0
123,1605,1.0
124,1605,2.0
125,1605,2.0
126,1605,0.0
127,1605,3.0
128,1605,0.0
129,1605,0.0
130,1605,8.0
131,1605,0.0
132,1605,0.0
133,1605,0.0
134,1605,0.0
135,1605,0.0
136,1605,1.0
137,1605,0.0
138,1605,0.0
139,1605,1.0
140,1605,0.0
141,1605,0.0
142,1605,1.0
143,1605,1.0
144,1605,1.0
145,1605,1.0
146,1605,1.0
147,1605,4.0
148,1605,1.0
149,1605,0.0
150,1605,20.0
151,1605,15.0
152,1605,18.0
153,1605,4.0
154,1605,3.0
155,1605,1.0
156,1605,0.0
157,1605,0.0
158,1605,2.0
159,1605,4.0
160,1605,2.0
161,1605,0.0
162,1605,14.0
163,1605,16.0
164,1605,3.0
165,1605,0.0
166,1605,6.0
167,1605,10.0
168,1605,18.0
169,1605,3.0
170,1605,2.0
171,1605,2.0
172,1605,3.0
173,1605,0.0
174,1605,0.0
175,1605,1.0
176,1605,2.0
177,1605,2.0
178,1605,1.0
179,1605,0.0
180,1605,2.0
181,1605,1.0
182,1605,5.0
183,1605,0.0
184,1605,2.0
185,1605,0.0
186,1605,0.0
187,1605,1.0
188,1605,1.0
189,1605,0.0
190,1605,0.0
191,1605,2.0
192,1605,0.0
193,1605,1.0
194,1605,2.0
195,1605,1.0
196,1605,0.0
197,1605,0.0
198,1605,0.0
199,1605,0.0
0,1606,0.0
1,1606,2.0
2,1606,19.0
3,1606,0.0
4,1606,1.0
5,1606,0.0
6,1606,1.0
7,1606,0.0
8,1606,0.0
9,1606,2.0
10,1606,19.0
11,1606,0.0
12,1606,0.0
13,1606,0.0
14,1606,0.0
15,1606,2.0
16,1606,2.0
17,1606,0.0
18,1606,0.0
19,1606,1.0
20,1606,0.0
21,1606,0.0
22,1606,1.0
23,1606,0.0
24,1606,0.0
25,1606,0.0
26,1606,0.0
27,1606,0.0
28,1606,1.0
29,1606,0.0
30,1606,0.0
31,1606,3.0
32,1606,0.0
33,1606,2.0
34,1606,1.0
35,1606,5.0
36,1606,0.0
37,1606,0.0
38,1606,3.0
39,1606,0.0
40,1606,0.0
41,1606,3.0
42,1606,0.0
43,1606,0.0
44,1606,1.0
45,1606,3.0
46,1606,0.0
47,1606,2.0
48,1606,2.0
49,1606,1.0
50,1606,0.0
51,1606,0.0
52,1606,0.0
53,1606,44.0
54,1606,0.0
55,1606,0.0
56,1606,2.0
57,1606,0.0
58,1606,1.0
59,1606,1.0
60,1606,1.0
61,1606,0.0
62,1606,1.0
63,1606,1.0
64,1606,0.0
65,1606,1.0
66,1606,2.0
67,1606,1.0
68,1606,6.0
69,1606,1.0
70,1606,0.0
71,1606,3.0
72,1606,6.0
73,1606,0.0
74,1606,0.0
75,1606,1.0
76,1606,0.0
77,1606,1.0
78,1606,0.0
79,1606,0.0
80,1606,0.0
81,1606,1.0
82,1606,0.0
83,1606,0.0
84,1606,4.0
85,1606,38.0
86,1606,3.0
87,1606,0.0
88,1606,3.0
89,1606,1.0
90,1606,0.0
91,1606,9.0
92,1606,6.0
93,1606,0.0
94,1606,0.0
95,1606,9.0
96,1606,5.0
97,1606,0.0
98,1606,1.0
99,1606,0.0
100,1606,1.0
101,1606,1.0
102,1606,0.0
103,1606,0.0
104,1606,1.0
105,1606,0.0
106,1606,0.0
107,1606,0.0
108,1606,5.0
109,1606,4.0
110,1606,16.0
111,1606,2.0
112,1606,2.0
113,1606,0.0
114,1606,0.0
115,1606,0.0
116,1606,1.0
117,1606,1.0
118,1606,0.0
119,1606,0.0
120,1606,1.0
121,1606,1.0
122,1606,1.0
123,1606,1.0
124,1606,1.0
125,1606,0.0
126,1606,0.0
127,1606,1.0
128,1606,0.0
129,1606,3.0
130,1606,1.0
131,1606,1.0
132,1606,1.0
133,1606,0.0
134,1606,0.0
135,1606,0.0
136,1606,1.0
137,1606,2.0
138,1606,0.0
139,1606,0.0
140,1606,0.0
141,1606,2.0
142,1606,0.0
143,1606,2.0
144,1606,3.0
145,1606,6.0
146,1606,0.0
147,1606,7.0
148,1606,0.0
149,1606,0.0
150,1606,13.0
151,1606,15.0
152,1606,17.0
153,1606,1.0
154,1606,6.0
155,1606,1.0
156,1606,1.0
157,1606,1.0
158,1606,0.0
159,1606,3.0
160,1606,4.0
161,1606,0.0
162,1606,7.0
163,1606,13.0
164,1606,1.0
165,1606,0.0
166,1606,4.0
167,1606,10.0
168,1606,8.0
169,1606,0.0
170,1606,1.0
171,1606,2.0
172,1606,4.0
173,1606,2.0
174,1606,0.0
175,1606,3.0
176,1606,1.0
177,1606,0.0
178,1606,1.0
179,1606,0.0
180,1606,2.0
181,1606,0.0
182,1606,2.0
183,1606,0.0
184,1606,1.0
185,1606,0.0
186,1606,0.0
187,1606,0.0
188,1606,3.0
189,1606,0.0
190,1606,1.0
191,1606,1.0
192,1606,0.0
193,1606,3.0
194,1606,0.0
195,1606,0.0
196,1606,0.0
197,1606,0.0
198,1606,1.0
199,1606,1.0
0,1607,0.0
1,1607,3.0
2,1607,12.0
3,1607,0.0
4,1607,1.0
5,1607,0.0
6,1607,0.0
7,1607,2.0
8,1607,0.0
9,1607,0.0
10,1607,11.0
11,1607,0.0
12,1607,6.0
13,1607,0.0
14,1607,0.0
15,1607,7.0
16,1607,2.0
17,1607,1.0
18,1607,2.0
19,1607,0.0
20,1607,0.0
21,1607,0.0
22,1607,19.0
23,1607,0.0
24,1607,0.0
25,1607,0.0
26,1607,0.0
27,1607,0.0
28,1607,0.0
29,1607,0.0
30,1607,0.0
31,1607,0.0
32,1607,0.0
33,1607,8.0
34,1607,0.0
35,1607,3.0
36,1607,0.0
37,1607,5.0
38,1607,0.0
39,1607,1.0
40,1607,0.0
41,1607,0.0
42,1607,0.0
43,1607,0.0
44,1607,0.0
45,1607,0.0
46,1607,4.0
47,1607,0.0
48,1607,3.0
49,1607,1.0
50,1607,0.0
51,1607,0.0
52,1607,0.0
53,1607,55.0
54,1607,0.0
55,1607,0.0
56,1607,1.0
57,1607,0.0
58,1607,0.0
59,1607,2.0
60,1607,0.0
61,1607,0.0
62,1607,2.0
63,1607,3.0
64,1607,0.0
65,1607,1.0
66,1607,5.0
67,1607,2.0
68,1607,2.0
69,1607,1.0
70,1607,1.0
71,1607,3.0
72,1607,20.0
73,1607,0.0
74,1607,0.0
75,1607,0.0
76,1607,0.0
77,1607,0.0
78,1607,0.0
79,1607,0.0
80,1607,0.0
81,1607,1.0
82,1607,0.0
83,1607,0.0
84,1607,2.0
85,1607,65.0
86,1607,2.0
87,1607,0.0
88,1607,1.0
89,1607,1.0
90,1607,1.0
91,1607,4.0
92,1607,20.0
93,1607,0.0
94,1607,1.0
95,1607,12.0
96,1607,10.0
97,1607,0.0
98,1607,2.0
99,1607,0.0
100,1607,0.0
101,1607,1.0
102,1607,3.0
103,1607,0.0
104,1607,1.0
105,1607,0.0
106,1607,0.0
107,1607,0.0
108,1607,1.0
109,1607,7.0
110,1607,22.0
111,1607,1.0
112,1607,0.0
113,1607,0.0
114,1607,0.0
115,1607,0.0
116,1607,2.0
117,1607,3.0
118,1607,0.0
119,1607,1.0
120,1607,0.0
121,1607,3.0
122,1607,1.0
123,1607,1.0
124,1607,1.0
125,1607,3.0
126,1607,0.0
127,1607,1.0
128,1607,0.0
129,1607,0.0
130,1607,0.0
131,1607,1.0
132,1607,2.0
133,1607,0.0
134,1607,1.0
135,1607,0.0
136,1607,1.0
137,1607,0.0
138,1607,0.0
139,1607,0.0
140,1607,0.0
141,1607,0.0
142,1607,0.0
143,1607,2.0
144,1607,1.0
145,1607,0.0
146,1607,1.0
147,1607,4.0
148,1607,1.0
149,1607,0.0
150,1607,14.0
151,1607,12.0
152,1607,12.0
153,1607,1.0
154,1607,1.0
155,1607,1.0
156,1607,0.0
157,1607,1.0
158,1607,1.0
159,1607,3.0
160,1607,4.0
161,1607,0.0
162,1607,9.0
163,1607,21.0
164,1607,1.0
165,1607,0.0
166,1607,2.0
167,1607,9.0
168,1607,10.0
169,1607,3.0
170,1607,0.0
171,1607,1.0
172,1607,0.0
173,1607,2.0
174,1607,0.0
175,1607,0.0
176,1607,1.0
177,1607,2.0
178,1607,1.0
179,1607,0.0
180,1607,0.0
181,1607,0.0
182,1607,0.0
183,1607,1.0
184,1607,5.0
185,1607,0.0
186,1607,2.0
187,1607,0.0
188,1607,3.0
189,1607,0.0
190,1607,1.0
191,1607,0.0
192,1607,0.0
193,1607,6.0
194,1607,1.0
195,1607,0.0
196,1607,0.0
197,1607,0.0
198,1607,0.0
199,1607,1.0
0,1608,0.0
1,1608,2.0
2,1608,19.0
3,1608,0.0
4,1608,0.0
5,1608,0.0
6,1608,0.0
7,1608,0.0
8,1608,0.0
9,1608,11.0
10,1608,5.0
11,1608,0.0
12,1608,0.0
13,1608,1.0
14,1608,0.0
15,1608,1.0
16,1608,0.0
17,1608,0.0
18,1608,1.0
19,1608,2.0
20,1608,0.0
21,1608,1.0
22,1608,0.0
23,1608,2.0
24,1608,1.0
25,1608,0.0
26,1608,1.0
27,1608,0.0
28,1608,2.0
29,1608,0.0
30,1608,0.0
31,1608,1.0
32,1608,1.0
33,1608,6.0
34,1608,0.0
35,1608,5.0
36,1608,0.0
37,1608,2.0
38,1608,1.0
39,1608,1.0
40,1608,0.0
41,1608,3.0
42,1608,0.0
43,1608,0.0
44,1608,0.0
45,1608,6.0
46,1608,1.0
47,1608,1.0
48,1608,2.0
49,1608,2.0
50,1608,0.0
51,1608,0.0
52,1608,0.0
53,1608,44.0
54,1608,0.0
55,1608,0.0
56,1608,1.0
57,1608,0.0
58,1608,2.0
59,1608,1.0
60,1608,3.0
61,1608,0.0
62,1608,1.0
63,1608,0.0
64,1608,2.0
65,1608,0.0
66,1608,4.0
67,1608,1.0
68,1608,1.0
69,1608,0.0
70,1608,0.0
71,1608,5.0
72,1608,13.0
73,1608,0.0
74,1608,0.0
75,1608,0.0
76,1608,0.0
77,1608,0.0
78,1608,0.0
79,1608,1.0
80,1608,0.0
81,1608,3.0
82,1608,0.0
83,1608,0.0
84,1608,4.0
85,1608,40.0
86,1608,0.0
87,1608,0.0
88,1608,0.0
89,1608,0.0
90,1608,0.0
91,1608,3.0
92,1608,30.0
93,1608,0.0
94,1608,4.0
95,1608,8.0
96,1608,2.0
97,1608,0.0
98,1608,1.0
99,1608,1.0
100,1608,0.0
101,1608,0.0
102,1608,0.0
103,1608,0.0
104,1608,7.0
105,1608,0.0
106,1608,0.0
107,1608,0.0
108,1608,3.0
109,1608,5.0
110,1608,6.0
111,1608,2.0
112,1608,0.0
113,1608,0.0
114,1608,0.0
115,1608,0.0
116,1608,3.0
117,1608,1.0
118,1608,0.0
119,1608,5.0
120,1608,0.0
121,1608,0.0
122,1608,2.0
123,1608,0.0
124,1608,2.0
125,1608,0.0
126,1608,0.0
127,1608,1.0
128,1608,0.0
129,1608,4.0
130,1608,1.0
131,1608,0.0
132,1608,2.0
133,1608,0.0
134,1608,0.0
135,1608,1.0
136,1608,0.0
137,1608,2.0
138,1608,0.0
139,1608,2.0
140,1608,0.0
141,1608,2.0
142,1608,1.0
143,1608,3.0
144,1608,1.0
145,1608,5.0
146,1608,0.0
147,1608,1.0
148,1608,0.0
149,1608,1.0
150,1608,11.0
151,1608,34.0
152,1608,15.0
153,1608,1.0
154,1608,0.0
155,1608,0.0
156,1608,1.0
157,1608,0.0
158,1608,0.0
159,1608,2.0
160,1608,4.0
161,1608,0.0
162,1608,11.0
163,1608,12.0
164,1608,0.0
165,1608,0.0
166,1608,0.0
167,1608,11.0
168,1608,10.0
169,1608,6.0
170,1608,0.0
171,1608,1.0
172,1608,2.0
173,1608,3.0
174,1608,0.0
175,1608,2.0
176,1608,1.0
177,1608,0.0
178,1608,0.0
179,1608,0.0
180,1608,2.0
181,1608,0.0
182,1608,0.0
183,1608,0.0
184,1608,0.0
185,1608,0.0
186,1608,0.0
187,1608,0.0
188,1608,4.0
189,1608,0.0
190,1608,0.0
191,1608,2.0
192,1608,1.0
193,1608,3.0
194,1608,1.0
195,1608,0.0
196,1608,0.0
197,1608,2.0
198,1608,0.0
199,1608,1.0
0,1609,2.0
1,1609,1.0
2,1609,9.0
3,1609,0.0
4,1609,0.0
5,1609,0.0
6,1609,0.0
7,1609,1.0
8,1609,0.0
9,1609,3.0
10,1609,11.0
11,1609,0.0
12,1609,0.0
13,1609,0.0
14,1609,0.0
15,1609,0.0
16,1609,1.0
17,1609,0.0
18,1609,3.0
19,1609,0.0
20,1609,0.0
21,1609,0.0
22,1609,0.0
23,1609,0.0
24,1609,0.0
25,1609,0.0
26,1609,1.0
27,1609,0.0
28,1609,1.0
29,1609,0.0
30,1609,0.0
31,1609,1.0
32,1609,0.0
33,1609,6.0
34,1609,0.0
35,1609,11.0
36,1609,0.0
37,1609,5.0
38,1609,0.0
39,1609,4.0
40,1609,0.0
41,1609,2.0
42,1609,3.0
43,1609,1.0
44,1609,0.0
45,1609,0.0
46,1609,3.0
47,1609,1.0
48,1609,1.0
49,1609,2.0
50,1609,0.0
51,1609,0.0
52,1609,0.0
53,1609,56.0
54,1609,0.0
55,1609,0.0
56,1609,4.0
57,1609,0.0
58,1609,3.0
59,1609,3.0
60,1609,1.0
61,1609,0.0
62,1609,3.0
63,1609,2.0
64,1609,2.0
65,1609,0.0
66,1609,4.0
67,1609,1.0
68,1609,2.0
69,1609,0.0
70,1609,1.0
71,1609,2.0
72,1609,23.0
73,1609,0.0
74,1609,0.0
75,1609,0.0
76,1609,0.0
77,1609,2.0
78,1609,0.0
79,1609,1.0
80,1609,0.0
81,1609,1.0
82,1609,0.0
83,1609,0.0
84,1609,3.0
85,1609,60.0
86,1609,3.0
87,1609,0.0
88,1609,3.0
89,1609,0.0
90,1609,2.0
91,1609,8.0
92,1609,26.0
93,1609,0.0
94,1609,1.0
95,1609,1.0
96,1609,13.0
97,1609,0.0
98,1609,4.0
99,1609,0.0
100,1609,0.0
101,1609,1.0
102,1609,0.0
103,1609,0.0
104,1609,6.0
105,1609,0.0
106,1609,0.0
107,1609,0.0
108,1609,1.0
109,1609,2.0
110,1609,1.0
111,1609,4.0
112,1609,3.0
113,1609,0.0
114,1609,0.0
115,1609,0.0
116,1609,1.0
117,1609,0.0
118,1609,0.0
119,1609,5.0
120,1609,0.0
121,1609,0.0
122,1609,0.0
123,1609,0.0
124,1609,0.0
125,1609,0.0
126,1609,0.0
127,1609,0.0
128,1609,0.0
129,1609,0.0
130,1609,4.0
131,1609,2.0
132,1609,1.0
133,1609,0.0
134,1609,0.0
135,1609,0.0
136,1609,1.0
137,1609,0.0
138,1609,0.0
139,1609,0.0
140,1609,0.0
141,1609,0.0
142,1609,1.0
143,1609,1.0
144,1609,2.0
145,1609,1.0
146,1609,0.0
147,1609,4.0
148,1609,0.0
149,1609,0.0
150,1609,14.0
151,1609,11.0
152,1609,18.0
153,1609,0.0
154,1609,1.0
155,1609,1.0
156,1609,1.0
157,1609,0.0
158,1609,1.0
159,1609,2.0
160,1609,1.0
161,1609,0.0
162,1609,3.0
163,1609,11.0
164,1609,2.0
165,1609,0.0
166,1609,2.0
167,1609,8.0
168,1609,7.0
169,1609,6.0
170,1609,0.0
171,1609,2.0
172,1609,0.0
173,1609,1.0
174,1609,0.0
175,1609,1.0
176,1609,1.0
177,1609,0.0
178,1609,2.0
179,1609,1.0
180,1609,2.0
181,1609,0.0
182,1609,0.0
183,1609,0.0
184,1609,3.0
185,1609,0.0
186,1609,0.0
187,1609,0.0
188,1609,1.0
189,1609,0.0
190,1609,0.0
191,1609,0.0
192,1609,0.0
193,1609,2.0
194,1609,1.0
195,1609,1.0
196,1609,0.0
197,1609,0.0
198,1609,1.0
199,1609,0.0
0,1610,0.0
1,1610,1.0
2,1610,21.0
3,1610,0.0
4,1610,0.0
5,1610,0.0
6,1610,0.0
7,1610,0.0
8,1610,0.0
9,1610,4.0
10,1610,10.0
11,1610,0.0
12,1610,0.0
13,1610,0.0
14,1610,0.0
15,1610,3.0
16,1610,1.0
17,1610,1.0
18,1610,1.0
19,1610,1.0
20,1610,0.0
21,1610,0.0
22,1610,2.0
23,1610,0.0
24,1610,0.0
25,1610,0.0
26,1610,1.0
27,1610,0.0
28,1610,0.0
29,1610,0.0
30,1610,0.0
31,1610,2.0
32,1610,0.0
33,1610,4.0
34,1610,0.0
35,1610,5.0
36,1610,1.0
37,1610,2.0
38,1610,0.0
39,1610,0.0
40,1610,0.0
41,1610,1.0
42,1610,1.0
43,1610,1.0
44,1610,1.0
45,1610,0.0
46,1610,5.0
47,1610,0.0
48,1610,2.0
49,1610,1.0
50,1610,1.0
51,1610,0.0
52,1610,0.0
53,1610,44.0
54,1610,0.0
55,1610,0.0
56,1610,0.0
57,1610,0.0
58,1610,1.0
59,1610,4.0
60,1610,0.0
61,1610,0.0
62,1610,3.0
63,1610,1.0
64,1610,1.0
65,1610,1.0
66,1610,2.0
67,1610,0.0
68,1610,2.0
69,1610,0.0
70,1610,3.0
71,1610,4.0
72,1610,13.0
73,1610,0.0
74,1610,0.0
75,1610,0.0
76,1610,0.0
77,1610,6.0
78,1610,0.0
79,1610,1.0
80,1610,0.0
81,1610,1.0
82,1610,0.0
83,1610,1.0
84,1610,5.0
85,1610,48.0
86,1610,5.0
87,1610,0.0
88,1610,0.0
89,1610,1.0
90,1610,0.0
91,1610,10.0
92,1610,34.0
93,1610,0.0
94,1610,4.0
95,1610,3.0
96,1610,13.0
97,1610,1.0
98,1610,1.0
99,1610,0.0
100,1610,1.0
101,1610,0.0
102,1610,3.0
103,1610,0.0
104,1610,2.0
105,1610,0.0
106,1610,0.0
107,1610,0.0
108,1610,2.0
109,1610,5.0
110,1610,2.0
111,1610,4.0
112,1610,2.0
113,1610,0.0
114,1610,0.0
115,1610,0.0
116,1610,2.0
117,1610,2.0
118,1610,0.0
119,1610,7.0
120,1610,1.0
121,1610,0.0
122,1610,0.0
123,1610,0.0
124,1610,1.0
125,1610,0.0
126,1610,0.0
127,1610,1.0
128,1610,0.0
129,1610,5.0
130,1610,3.0
131,1610,1.0
132,1610,1.0
133,1610,0.0
134,1610,0.0
135,1610,0.0
136,1610,0.0
137,1610,3.0
138,1610,0.0
139,1610,2.0
140,1610,1.0
141,1610,0.0
142,1610,0.0
143,1610,0.0
144,1610,2.0
145,1610,0.0
146,1610,1.0
147,1610,4.0
148,1610,0.0
149,1610,0.0
150,1610,14.0
151,1610,18.0
152,1610,16.0
153,1610,0.0
154,1610,2.0
155,1610,1.0
156,1610,1.0
157,1610,2.0
158,1610,0.0
159,1610,1.0
160,1610,1.0
161,1610,0.0
162,1610,9.0
163,1610,6.0
164,1610,2.0
165,1610,0.0
166,1610,9.0
167,1610,13.0
168,1610,8.0
169,1610,4.0
170,1610,0.0
171,1610,1.0
172,1610,0.0
173,1610,2.0
174,1610,0.0
175,1610,2.0
176,1610,0.0
177,1610,1.0
178,1610,3.0
179,1610,0.0
180,1610,0.0
181,1610,0.0
182,1610,2.0
183,1610,0.0
184,1610,0.0
185,1610,0.0
186,1610,0.0
187,1610,0.0
188,1610,0.0
189,1610,0.0
190,1610,0.0
191,1610,1.0
192,1610,0.0
193,1610,1.0
194,1610,0.0
195,1610,0.0
196,1610,0.0
197,1610,0.0
198,1610,1.0
199,1610,1.0
0,1611,6.0
1,1611,0.0
2,1611,16.0
3,1611,0.0
4,1611,0.0
5,1611,0.0
6,1611,0.0
7,1611,2.0
8,1611,0.0
9,1611,1.0
10,1611,20.0
11,1611,0.0
12,1611,0.0
13,1611,3.0
14,1611,0.0
15,1611,7.0
16,1611,3.0
17,1611,0.0
18,1611,4.0
19,1611,0.0
20,1611,0.0
21,1611,1.0
22,1611,0.0
23,1611,0.0
24,1611,0.0
25,1611,0.0
26,1611,1.0
27,1611,0.0
28,1611,3.0
29,1611,0.0
30,1611,0.0
31,1611,2.0
32,1611,3.0
33,1611,6.0
34,1611,0.0
35,1611,4.0
36,1611,0.0
37,1611,0.0
38,1611,2.0
39,1611,0.0
40,1611,0.0
41,1611,1.0
42,1611,1.0
43,1611,3.0
44,1611,1.0
45,1611,0.0
46,1611,3.0
47,1611,5.0
48,1611,1.0
49,1611,3.0
50,1611,0.0
51,1611,0.0
52,1611,0.0
53,1611,50.0
54,1611,0.0
55,1611,0.0
56,1611,2.0
57,1611,0.0
58,1611,0.0
59,1611,2.0
60,1611,1.0
61,1611,0.0
62,1611,7.0
63,1611,1.0
64,1611,0.0
65,1611,0.0
66,1611,2.0
67,1611,5.0
68,1611,1.0
69,1611,0.0
70,1611,2.0
71,1611,3.0
72,1611,18.0
73,1611,0.0
74,1611,0.0
75,1611,4.0
76,1611,0.0
77,1611,2.0
78,1611,0.0
79,1611,0.0
80,1611,0.0
81,1611,0.0
82,1611,0.0
83,1611,0.0
84,1611,1.0
85,1611,83.0
86,1611,5.0
87,1611,0.0
88,1611,0.0
89,1611,1.0
90,1611,0.0
91,1611,3.0
92,1611,44.0
93,1611,1.0
94,1611,14.0
95,1611,6.0
96,1611,8.0
97,1611,2.0
98,1611,3.0
99,1611,0.0
100,1611,0.0
101,1611,0.0
102,1611,0.0
103,1611,0.0
104,1611,4.0
105,1611,2.0
106,1611,0.0
107,1611,0.0
108,1611,3.0
109,1611,3.0
110,1611,2.0
111,1611,4.0
112,1611,3.0
113,1611,0.0
114,1611,0.0
115,1611,0.0
116,1611,1.0
117,1611,2.0
118,1611,0.0
119,1611,6.0
120,1611,0.0
121,1611,2.0
122,1611,2.0
123,1611,1.0
124,1611,0.0
125,1611,2.0
126,1611,0.0
127,1611,1.0
128,1611,0.0
129,1611,4.0
130,1611,2.0
131,1611,1.0
132,1611,2.0
133,1611,0.0
134,1611,0.0
135,1611,0.0
136,1611,0.0
137,1611,2.0
138,1611,0.0
139,1611,1.0
140,1611,1.0
141,1611,4.0
142,1611,1.0
143,1611,1.0
144,1611,2.0
145,1611,3.0
146,1611,0.0
147,1611,3.0
148,1611,1.0
149,1611,0.0
150,1611,16.0
151,1611,24.0
152,1611,11.0
153,1611,2.0
154,1611,0.0
155,1611,3.0
156,1611,1.0
157,1611,1.0
158,1611,1.0
159,1611,11.0
160,1611,3.0
161,1611,0.0
162,1611,6.0
163,1611,16.0
164,1611,1.0
165,1611,0.0
166,1611,8.0
167,1611,4.0
168,1611,8.0
169,1611,14.0
170,1611,1.0
171,1611,1.0
172,1611,0.0
173,1611,1.0
174,1611,0.0
175,1611,1.0
176,1611,0.0
177,1611,1.0
178,1611,2.0
179,1611,0.0
180,1611,2.0
181,1611,1.0
182,1611,2.0
183,1611,2.0
184,1611,0.0
185,1611,0.0
186,1611,0.0
187,1611,2.0
188,1611,0.0
189,1611,0.0
190,1611,0.0
191,1611,0.0
192,1611,2.0
193,1611,2.0
194,1611,4.0
195,1611,2.0
196,1611,1.0
197,1611,0.0
198,1611,0.0
199,1611,0.0
0,1612,0.0
1,1612,0.0
2,1612,28.0
3,1612,0.0
4,1612,0.0
5,1612,0.0
6,1612,1.0
7,1612,0.0
8,1612,0.0
9,1612,6.0
10,1612,9.0
11,1612,0.0
12,1612,2.0
13,1612,1.0
14,1612,0.0
15,1612,6.0
16,1612,0.0
17,1612,0.0
18,1612,2.0
19,1612,1.0
20,1612,0.0
21,1612,0.0
22,1612,0.0
23,1612,2.0
24,1612,1.0
25,1612,0.0
26,1612,3.0
27,1612,1.0
28,1612,2.0
29,1612,0.0
30,1612,0.0
31,1612,3.0
32,1612,1.0
33,1612,3.0
34,1612,0.0
35,1612,5.0
36,1612,0.0
37,1612,3.0
38,1612,1.0
39,1612,2.0
40,1612,0.0
41,1612,2.0
42,1612,3.0
43,1612,0.0
44,1612,0.0
45,1612,0.0
46,1612,1.0
47,1612,1.0
48,1612,5.0
49,1612,0.0
50,1612,0.0
51,1612,0.0
52,1612,0.0
53,1612,84.0
54,1612,0.0
55,1612,0.0
56,1612,1.0
57,1612,0.0
58,1612,0.0
59,1612,0.0
60,1612,0.0
61,1612,0.0
62,1612,11.0
63,1612,2.0
64,1612,0.0
65,1612,2.0
66,1612,3.0
67,1612,3.0
68,1612,2.0
69,1612,0.0
70,1612,2.0
71,1612,3.0
72,1612,23.0
73,1612,0.0
74,1612,0.0
75,1612,0.0
76,1612,0.0
77,1612,1.0
78,1612,0.0
79,1612,0.0
80,1612,0.0
81,1612,4.0
82,1612,0.0
83,1612,0.0
84,1612,4.0
85,1612,61.0
86,1612,7.0
87,1612,0.0
88,1612,0.0
89,1612,1.0
90,1612,0.0
91,1612,8.0
92,1612,43.0
93,1612,0.0
94,1612,0.0
95,1612,9.0
96,1612,6.0
97,1612,2.0
98,1612,5.0
99,1612,0.0
100,1612,0.0
101,1612,0.0
102,1612,0.0
103,1612,0.0
104,1612,9.0
105,1612,6.0
106,1612,0.0
107,1612,0.0
108,1612,4.0
109,1612,5.0
110,1612,0.0
111,1612,3.0
112,1612,2.0
113,1612,0.0
114,1612,0.0
115,1612,0.0
116,1612,3.0
117,1612,2.0
118,1612,0.0
119,1612,4.0
120,1612,0.0
121,1612,3.0
122,1612,4.0
123,1612,2.0
124,1612,2.0
125,1612,2.0
126,1612,0.0
127,1612,2.0
128,1612,0.0
129,1612,1.0
130,1612,3.0
131,1612,4.0
132,1612,3.0
133,1612,1.0
134,1612,1.0
135,1612,0.0
136,1612,0.0
137,1612,1.0
138,1612,0.0
139,1612,0.0
140,1612,0.0
141,1612,0.0
142,1612,0.0
143,1612,3.0
144,1612,0.0
145,1612,3.0
146,1612,0.0
147,1612,5.0
148,1612,0.0
149,1612,0.0
150,1612,30.0
151,1612,23.0
152,1612,10.0
153,1612,5.0
154,1612,4.0
155,1612,0.0
156,1612,0.0
157,1612,2.0
158,1612,2.0
159,1612,8.0
160,1612,1.0
161,1612,0.0
162,1612,18.0
163,1612,11.0
164,1612,3.0
165,1612,0.0
166,1612,9.0
167,1612,11.0
168,1612,14.0
169,1612,18.0
170,1612,2.0
171,1612,4.0
172,1612,2.0
173,1612,2.0
174,1612,0.0
175,1612,1.0
176,1612,1.0
177,1612,4.0
178,1612,0.0
179,1612,2.0
180,1612,0.0
181,1612,0.0
182,1612,3.0
183,1612,0.0
184,1612,1.0
185,1612,1.0
186,1612,0.0
187,1612,0.0
188,1612,0.0
189,1612,0.0
190,1612,0.0
191,1612,0.0
192,1612,0.0
193,1612,4.0
194,1612,2.0
195,1612,1.0
196,1612,0.0
197,1612,0.0
198,1612,0.0
199,1612,1.0
0,1613,0.0
1,1613,0.0
2,1613,18.0
3,1613,0.0
4,1613,1.0
5,1613,0.0
6,1613,1.0
7,1613,0.0
8,1613,0.0
9,1613,3.0
10,1613,1.0
11,1613,0.0
12,1613,0.0
13,1613,3.0
14,1613,0.0
15,1613,2.0
16,1613,1.0
17,1613,1.0
18,1613,1.0
19,1613,4.0
20,1613,0.0
21,1613,3.0
22,1613,0.0
23,1613,0.0
24,1613,0.0
25,1613,0.0
26,1613,1.0
27,1613,1.0
28,1613,1.0
29,1613,0.0
30,1613,5.0
31,1613,0.0
32,1613,0.0
33,1613,1.0
34,1613,0.0
35,1613,4.0
36,1613,0.0
37,1613,1.0
38,1613,0.0
39,1613,1.0
40,1613,0.0
41,1613,2.0
42,1613,0.0
43,1613,1.0
44,1613,1.0
45,1613,0.0
46,1613,4.0
47,1613,2.0
48,1613,1.0
49,1613,2.0
50,1613,0.0
51,1613,0.0
52,1613,0.0
53,1613,62.0
54,1613,0.0
55,1613,0.0
56,1613,1.0
57,1613,0.0
58,1613,0.0
59,1613,3.0
60,1613,0.0
61,1613,0.0
62,1613,2.0
63,1613,2.0
64,1613,1.0
65,1613,0.0
66,1613,8.0
67,1613,0.0
68,1613,3.0
69,1613,1.0
70,1613,5.0
71,1613,1.0
72,1613,12.0
73,1613,0.0
74,1613,0.0
75,1613,0.0
76,1613,0.0
77,1613,0.0
78,1613,0.0
79,1613,0.0
80,1613,0.0
81,1613,1.0
82,1613,0.0
83,1613,1.0
84,1613,3.0
85,1613,44.0
86,1613,3.0
87,1613,1.0
88,1613,0.0
89,1613,0.0
90,1613,0.0
91,1613,2.0
92,1613,17.0
93,1613,0.0
94,1613,1.0
95,1613,5.0
96,1613,11.0
97,1613,0.0
98,1613,2.0
99,1613,2.0
100,1613,2.0
101,1613,0.0
102,1613,1.0
103,1613,0.0
104,1613,4.0
105,1613,5.0
106,1613,0.0
107,1613,0.0
108,1613,2.0
109,1613,3.0
110,1613,0.0
111,1613,2.0
112,1613,1.0
113,1613,0.0
114,1613,0.0
115,1613,0.0
116,1613,0.0
117,1613,0.0
118,1613,0.0
119,1613,0.0
120,1613,0.0
121,1613,0.0
122,1613,0.0
123,1613,0.0
124,1613,2.0
125,1613,0.0
126,1613,0.0
127,1613,1.0
128,1613,0.0
129,1613,2.0
130,1613,2.0
131,1613,0.0
132,1613,0.0
133,1613,0.0
134,1613,1.0
135,1613,0.0
136,1613,1.0
137,1613,2.0
138,1613,0.0
139,1613,1.0
140,1613,1.0
141,1613,0.0
142,1613,0.0
143,1613,1.0
144,1613,1.0
145,1613,0.0
146,1613,0.0
147,1613,2.0
148,1613,1.0
149,1613,0.0
150,1613,7.0
151,1613,19.0
152,1613,3.0
153,1613,5.0
154,1613,0.0
155,1613,0.0
156,1613,0.0
157,1613,0.0
158,1613,0.0
159,1613,4.0
160,1613,3.0
161,1613,0.0
162,1613,2.0
163,1613,9.0
164,1613,1.0
165,1613,0.0
166,1613,3.0
167,1613,5.0
168,1613,11.0
169,1613,9.0
170,1613,0.0
171,1613,18.0
172,1613,4.0
173,1613,0.0
174,1613,0.0
175,1613,5.0
176,1613,0.0
177,1613,1.0
178,1613,0.0
179,1613,0.0
180,1613,0.0
181,1613,0.0
182,1613,2.0
183,1613,0.0
184,1613,2.0
185,1613,0.0
186,1613,0.0
187,1613,0.0
188,1613,0.0
189,1613,0.0
190,1613,0.0
191,1613,1.0
192,1613,0.0
193,1613,0.0
194,1613,3.0
195,1613,0.0
196,1613,0.0
197,1613,0.0
198,1613,1.0
199,1613,0.0
0,1614,0.0
1,1614,0.0
2,1614,13.0
3,1614,3.0
4,1614,0.0
5,1614,0.0
6,1614,1.0
7,1614,0.0
8,1614,0.0
9,1614,2.0
10,1614,7.0
11,1614,1.0
12,1614,0.0
13,1614,0.0
14,1614,0.0
15,1614,3.0
16,1614,1.0
17,1614,0.0
18,1614,0.0
19,1614,2.0
20,1614,0.0
21,1614,0.0
22,1614,2.0
23,1614,1.0
24,1614,1.0
25,1614,0.0
26,1614,0.0
27,1614,0.0
28,1614,1.0
29,1614,0.0
30,1614,5.0
31,1614,1.0
32,1614,0.0
33,1614,6.0
34,1614,0.0
35,1614,2.0
36,1614,0.0
37,1614,0.0
38,1614,0.0
39,1614,2.0
40,1614,0.0
41,1614,0.0
42,1614,0.0
43,1614,1.0
44,1614,0.0
45,1614,0.0
46,1614,1.0
47,1614,5.0
48,1614,1.0
49,1614,2.0
50,1614,0.0
51,1614,0.0
52,1614,0.0
53,1614,52.0
54,1614,0.0
55,1614,0.0
56,1614,0.0
57,1614,0.0
58,1614,1.0
59,1614,2.0
60,1614,3.0
61,1614,0.0
62,1614,5.0
63,1614,0.0
64,1614,2.0
65,1614,0.0
66,1614,0.0
67,1614,1.0
68,1614,2.0
69,1614,0.0
70,1614,1.0
71,1614,4.0
72,1614,33.0
73,1614,0.0
74,1614,0.0
75,1614,1.0
76,1614,0.0
77,1614,0.0
78,1614,0.0
79,1614,0.0
80,1614,0.0
81,1614,2.0
82,1614,0.0
83,1614,0.0
84,1614,2.0
85,1614,55.0
86,1614,2.0
87,1614,0.0
88,1614,1.0
89,1614,0.0
90,1614,0.0
91,1614,4.0
92,1614,33.0
93,1614,0.0
94,1614,1.0
95,1614,9.0
96,1614,5.0
97,1614,0.0
98,1614,1.0
99,1614,0.0
100,1614,0.0
101,1614,0.0
102,1614,1.0
103,1614,0.0
104,1614,1.0
105,1614,3.0
106,1614,0.0
107,1614,0.0
108,1614,0.0
109,1614,2.0
110,1614,0.0
111,1614,0.0
112,1614,2.0
113,1614,0.0
114,1614,0.0
115,1614,0.0
116,1614,1.0
117,1614,1.0
118,1614,0.0
119,1614,11.0
120,1614,1.0
121,1614,0.0
122,1614,1.0
123,1614,0.0
124,1614,2.0
125,1614,0.0
126,1614,0.0
127,1614,0.0
128,1614,0.0
129,1614,4.0
130,1614,2.0
131,1614,2.0
132,1614,1.0
133,1614,0.0
134,1614,0.0
135,1614,0.0
136,1614,0.0
137,1614,1.0
138,1614,0.0
139,1614,0.0
140,1614,1.0
141,1614,2.0
142,1614,0.0
143,1614,1.0
144,1614,0.0
145,1614,2.0
146,1614,0.0
147,1614,4.0
148,1614,0.0
149,1614,0.0
150,1614,21.0
151,1614,26.0
152,1614,19.0
153,1614,1.0
154,1614,1.0
155,1614,0.0
156,1614,0.0
157,1614,0.0
158,1614,3.0
159,1614,4.0
160,1614,0.0
161,1614,0.0
162,1614,11.0
163,1614,19.0
164,1614,1.0
165,1614,0.0
166,1614,6.0
167,1614,1.0
168,1614,8.0
169,1614,3.0
170,1614,0.0
171,1614,0.0
172,1614,0.0
173,1614,1.0
174,1614,0.0
175,1614,0.0
176,1614,0.0
177,1614,2.0
178,1614,0.0
179,1614,1.0
180,1614,1.0
181,1614,0.0
182,1614,0.0
183,1614,0.0
184,1614,1.0
185,1614,0.0
186,1614,0.0
187,1614,1.0
188,1614,0.0
189,1614,1.0
190,1614,0.0
191,1614,0.0
192,1614,1.0
193,1614,1.0
194,1614,2.0
195,1614,0.0
196,1614,0.0
197,1614,0.0
198,1614,0.0
199,1614,0.0
0,1615,0.0
1,1615,2.0
2,1615,16.0
3,1615,3.0
4,1615,0.0
5,1615,0.0
6,1615,0.0
7,1615,1.0
8,1615,0.0
9,1615,4.0
10,1615,12.0
11,1615,0.0
12,1615,0.0
13,1615,1.0
14,1615,0.0
15,1615,1.0
16,1615,0.0
17,1615,0.0
18,1615,2.0
19,1615,0.0
20,1615,0.0
21,1615,0.0
22,1615,2.0
23,1615,0.0
24,1615,1.0
25,1615,0.0
26,1615,1.0
27,1615,0.0
28,1615,1.0
29,1615,0.0
30,1615,1.0
31,1615,0.0
32,1615,2.0
33,1615,9.0
34,1615,0.0
35,1615,8.0
36,1615,0.0
37,1615,0.0
38,1615,0.0
39,1615,4.0
40,1615,0.0
41,1615,1.0
42,1615,1.0
43,1615,0.0
44,1615,0.0
45,1615,3.0
46,1615,1.0
47,1615,1.0
48,1615,4.0
49,1615,1.0
50,1615,0.0
51,1615,0.0
52,1615,0.0
53,1615,55.0
54,1615,0.0
55,1615,0.0
56,1615,3.0
57,1615,0.0
58,1615,1.0
59,1615,4.0
60,1615,0.0
61,1615,0.0
62,1615,0.0
63,1615,4.0
64,1615,2.0
65,1615,0.0
66,1615,4.0
67,1615,3.0
68,1615,1.0
69,1615,0.0
70,1615,3.0
71,1615,8.0
72,1615,22.0
73,1615,0.0
74,1615,0.0
75,1615,2.0
76,1615,0.0
77,1615,0.0
78,1615,0.0
79,1615,0.0
80,1615,0.0
81,1615,0.0
82,1615,0.0
83,1615,0.0
84,1615,2.0
85,1615,49.0
86,1615,1.0
87,1615,1.0
88,1615,1.0
89,1615,0.0
90,1615,1.0
91,1615,4.0
92,1615,49.0
93,1615,0.0
94,1615,2.0
95,1615,6.0
96,1615,7.0
97,1615,0.0
98,1615,4.0
99,1615,1.0
100,1615,1.0
101,1615,0.0
102,1615,0.0
103,1615,0.0
104,1615,4.0
105,1615,1.0
106,1615,0.0
107,1615,0.0
108,1615,1.0
109,1615,8.0
110,1615,6.0
111,1615,3.0
112,1615,1.0
113,1615,0.0
114,1615,2.0
115,1615,0.0
116,1615,2.0
117,1615,1.0
118,1615,0.0
119,1615,4.0
120,1615,0.0
121,1615,1.0
122,1615,4.0
123,1615,1.0
124,1615,3.0
125,1615,2.0
126,1615,0.0
127,1615,0.0
128,1615,0.0
129,1615,1.0
130,1615,3.0
131,1615,0.0
132,1615,0.0
133,1615,0.0
134,1615,1.0
135,1615,0.0
136,1615,2.0
137,1615,0.0
138,1615,0.0
139,1615,0.0
140,1615,0.0
141,1615,0.0
142,1615,1.0
143,1615,2.0
144,1615,3.0
145,1615,1.0
146,1615,0.0
147,1615,1.0
148,1615,0.0
149,1615,0.0
150,1615,10.0
151,1615,13.0
152,1615,22.0
153,1615,1.0
154,1615,5.0
155,1615,2.0
156,1615,0.0
157,1615,0.0
158,1615,1.0
159,1615,1.0
160,1615,4.0
161,1615,0.0
162,1615,10.0
163,1615,19.0
164,1615,1.0
165,1615,0.0
166,1615,2.0
167,1615,3.0
168,1615,10.0
169,1615,6.0
170,1615,0.0
171,1615,6.0
172,1615,0.0
173,1615,1.0
174,1615,0.0
175,1615,1.0
176,1615,1.0
177,1615,2.0
178,1615,0.0
179,1615,0.0
180,1615,2.0
181,1615,0.0
182,1615,3.0
183,1615,0.0
184,1615,2.0
185,1615,0.0
186,1615,0.0
187,1615,2.0
188,1615,2.0
189,1615,0.0
190,1615,0.0
191,1615,0.0
192,1615,0.0
193,1615,3.0
194,1615,0.0
195,1615,1.0
196,1615,0.0
197,1615,0.0
198,1615,0.0
199,1615,1.0
0,1616,0.0
1,1616,2.0
2,1616,23.0
3,1616,0.0
4,1616,1.0
5,1616,0.0
6,1616,0.0
7,1616,0.0
8,1616,0.0
9,1616,4.0
10,1616,5.0
11,1616,0.0
12,1616,0.0
13,1616,1.0
14,1616,0.0
15,1616,5.0
16,1616,0.0
17,1616,2.0
18,1616,2.0
19,1616,2.0
20,1616,0.0
21,1616,2.0
22,1616,0.0
23,1616,0.0
24,1616,0.0
25,1616,0.0
26,1616,1.0
27,1616,1.0
28,1616,0.0
29,1616,0.0
30,1616,0.0
31,1616,0.0
32,1616,0.0
33,1616,0.0
34,1616,0.0
35,1616,4.0
36,1616,0.0
37,1616,6.0
38,1616,0.0
39,1616,2.0
40,1616,0.0
41,1616,0.0
42,1616,2.0
43,1616,0.0
44,1616,1.0
45,1616,0.0
46,1616,2.0
47,1616,0.0
48,1616,6.0
49,1616,2.0
50,1616,2.0
51,1616,0.0
52,1616,0.0
53,1616,49.0
54,1616,0.0
55,1616,0.0
56,1616,0.0
57,1616,0.0
58,1616,0.0
59,1616,1.0
60,1616,1.0
61,1616,0.0
62,1616,4.0
63,1616,1.0
64,1616,3.0
65,1616,0.0
66,1616,7.0
67,1616,1.0
68,1616,3.0
69,1616,0.0
70,1616,2.0
71,1616,0.0
72,1616,19.0
73,1616,0.0
74,1616,0.0
75,1616,0.0
76,1616,0.0
77,1616,6.0
78,1616,0.0
79,1616,0.0
80,1616,0.0
81,1616,2.0
82,1616,0.0
83,1616,0.0
84,1616,3.0
85,1616,50.0
86,1616,4.0
87,1616,0.0
88,1616,1.0
89,1616,1.0
90,1616,0.0
91,1616,7.0
92,1616,32.0
93,1616,0.0
94,1616,0.0
95,1616,16.0
96,1616,8.0
97,1616,1.0
98,1616,5.0
99,1616,0.0
100,1616,2.0
101,1616,0.0
102,1616,0.0
103,1616,0.0
104,1616,8.0
105,1616,0.0
106,1616,0.0
107,1616,0.0
108,1616,2.0
109,1616,8.0
110,1616,10.0
111,1616,1.0
112,1616,2.0
113,1616,0.0
114,1616,3.0
115,1616,0.0
116,1616,1.0
117,1616,0.0
118,1616,0.0
119,1616,3.0
120,1616,0.0
121,1616,3.0
122,1616,1.0
123,1616,2.0
124,1616,2.0
125,1616,2.0
126,1616,0.0
127,1616,0.0
128,1616,0.0
129,1616,4.0
130,1616,2.0
131,1616,1.0
132,1616,4.0
133,1616,0.0
134,1616,0.0
135,1616,0.0
136,1616,4.0
137,1616,2.0
138,1616,0.0
139,1616,2.0
140,1616,2.0
141,1616,1.0
142,1616,0.0
143,1616,1.0
144,1616,6.0
145,1616,2.0
146,1616,3.0
147,1616,5.0
148,1616,0.0
149,1616,1.0
150,1616,16.0
151,1616,30.0
152,1616,15.0
153,1616,0.0
154,1616,0.0
155,1616,1.0
156,1616,0.0
157,1616,2.0
158,1616,0.0
159,1616,3.0
160,1616,2.0
161,1616,0.0
162,1616,16.0
163,1616,19.0
164,1616,5.0
165,1616,0.0
166,1616,6.0
167,1616,10.0
168,1616,5.0
169,1616,3.0
170,1616,0.0
171,1616,7.0
172,1616,0.0
173,1616,1.0
174,1616,0.0
175,1616,2.0
176,1616,0.0
177,1616,1.0
178,1616,0.0
179,1616,0.0
180,1616,0.0
181,1616,0.0
182,1616,0.0
183,1616,0.0
184,1616,4.0
185,1616,0.0
186,1616,0.0
187,1616,0.0
188,1616,3.0
189,1616,1.0
190,1616,1.0
191,1616,0.0
192,1616,0.0
193,1616,0.0
194,1616,2.0
195,1616,0.0
196,1616,1.0
197,1616,0.0
198,1616,1.0
199,1616,1.0
0,1617,2.0
1,1617,4.0
2,1617,19.0
3,1617,2.0
4,1617,0.0
5,1617,0.0
6,1617,2.0
7,1617,0.0
8,1617,0.0
9,1617,7.0
10,1617,9.0
11,1617,0.0
12,1617,1.0
13,1617,0.0
14,1617,0.0
15,1617,3.0
16,1617,1.0
17,1617,2.0
18,1617,0.0
19,1617,5.0
20,1617,0.0
21,1617,0.0
22,1617,2.0
23,1617,0.0
24,1617,7.0
25,1617,0.0
26,1617,1.0
27,1617,0.0
28,1617,11.0
29,1617,0.0
30,1617,0.0
31,1617,1.0
32,1617,3.0
33,1617,4.0
34,1617,0.0
35,1617,5.0
36,1617,0.0
37,1617,2.0
38,1617,4.0
39,1617,1.0
40,1617,0.0
41,1617,3.0
42,1617,2.0
43,1617,1.0
44,1617,0.0
45,1617,3.0
46,1617,9.0
47,1617,2.0
48,1617,1.0
49,1617,1.0
50,1617,0.0
51,1617,0.0
52,1617,0.0
53,1617,78.0
54,1617,0.0
55,1617,0.0
56,1617,4.0
57,1617,0.0
58,1617,0.0
59,1617,3.0
60,1617,1.0
61,1617,0.0
62,1617,16.0
63,1617,2.0
64,1617,5.0
65,1617,0.0
66,1617,7.0
67,1617,4.0
68,1617,7.0
69,1617,2.0
70,1617,2.0
71,1617,5.0
72,1617,26.0
73,1617,0.0
74,1617,0.0
75,1617,1.0
76,1617,0.0
77,1617,4.0
78,1617,0.0
79,1617,0.0
80,1617,0.0
81,1617,2.0
82,1617,0.0
83,1617,0.0
84,1617,6.0
85,1617,59.0
86,1617,0.0
87,1617,0.0
88,1617,5.0
89,1617,0.0
90,1617,0.0
91,1617,16.0
92,1617,101.0
93,1617,3.0
94,1617,1.0
95,1617,6.0
96,1617,16.0
97,1617,0.0
98,1617,5.0
99,1617,1.0
100,1617,1.0
101,1617,0.0
102,1617,0.0
103,1617,0.0
104,1617,9.0
105,1617,0.0
106,1617,0.0
107,1617,0.0
108,1617,2.0
109,1617,4.0
110,1617,11.0
111,1617,2.0
112,1617,0.0
113,1617,0.0
114,1617,0.0
115,1617,0.0
116,1617,3.0
117,1617,0.0
118,1617,0.0
119,1617,4.0
120,1617,0.0
121,1617,2.0
122,1617,3.0
123,1617,0.0
124,1617,3.0
125,1617,0.0
126,1617,0.0
127,1617,3.0
128,1617,0.0
129,1617,4.0
130,1617,1.0
131,1617,0.0
132,1617,1.0
133,1617,0.0
134,1617,1.0
135,1617,0.0
136,1617,0.0
137,1617,2.0
138,1617,0.0
139,1617,2.0
140,1617,1.0
141,1617,1.0
142,1617,0.0
143,1617,2.0
144,1617,2.0
145,1617,1.0
146,1617,0.0
147,1617,7.0
148,1617,2.0
149,1617,3.0
150,1617,20.0
151,1617,26.0
152,1617,27.0
153,1617,1.0
154,1617,2.0
155,1617,0.0
156,1617,1.0
157,1617,3.0
158,1617,0.0
159,1617,7.0
160,1617,0.0
161,1617,0.0
162,1617,18.0
163,1617,16.0
164,1617,4.0
165,1617,0.0
166,1617,4.0
167,1617,13.0
168,1617,21.0
169,1617,7.0
170,1617,0.0
171,1617,0.0
172,1617,3.0
173,1617,3.0
174,1617,0.0
175,1617,1.0
176,1617,1.0
177,1617,6.0
178,1617,0.0
179,1617,2.0
180,1617,4.0
181,1617,0.0
182,1617,3.0
183,1617,0.0
184,1617,2.0
185,1617,0.0
186,1617,0.0
187,1617,0.0
188,1617,7.0
189,1617,0.0
190,1617,0.0
191,1617,0.0
192,1617,0.0
193,1617,2.0
194,1617,3.0
195,1617,0.0
196,1617,0.0
197,1617,1.0
198,1617,1.0
199,1617,1.0
0,1618,3.0
1,1618,0.0
2,1618,19.0
3,1618,0.0
4,1618,0.0
5,1618,0.0
6,1618,4.0
7,1618,1.0
8,1618,0.0
9,1618,10.0
10,1618,12.0
11,1618,0.0
12,1618,3.0
13,1618,0.0
14,1618,0.0
15,1618,10.0
16,1618,1.0
17,1618,0.0
18,1618,1.0
19,1618,0.0
20,1618,0.0
21,1618,0.0
22,1618,0.0
23,1618,0.0
24,1618,0.0
25,1618,0.0
26,1618,1.0
27,1618,0.0
28,1618,2.0
29,1618,0.0
30,1618,1.0
31,1618,0.0
32,1618,0.0
33,1618,0.0
34,1618,0.0
35,1618,2.0
36,1618,0.0
37,1618,0.0
38,1618,5.0
39,1618,1.0
40,1618,0.0
41,1618,6.0
42,1618,0.0
43,1618,1.0
44,1618,0.0
45,1618,2.0
46,1618,5.0
47,1618,2.0
48,1618,4.0
49,1618,0.0
50,1618,0.0
51,1618,0.0
52,1618,0.0
53,1618,73.0
54,1618,0.0
55,1618,0.0
56,1618,0.0
57,1618,0.0
58,1618,0.0
59,1618,2.0
60,1618,0.0
61,1618,0.0
62,1618,10.0
63,1618,3.0
64,1618,7.0
65,1618,1.0
66,1618,4.0
67,1618,2.0
68,1618,3.0
69,1618,0.0
70,1618,0.0
71,1618,1.0
72,1618,12.0
73,1618,0.0
74,1618,0.0
75,1618,1.0
76,1618,0.0
77,1618,6.0
78,1618,0.0
79,1618,0.0
80,1618,0.0
81,1618,1.0
82,1618,0.0
83,1618,0.0
84,1618,1.0
85,1618,60.0
86,1618,0.0
87,1618,0.0
88,1618,5.0
89,1618,0.0
90,1618,0.0
91,1618,6.0
92,1618,65.0
93,1618,0.0
94,1618,0.0
95,1618,4.0
96,1618,6.0
97,1618,0.0
98,1618,3.0
99,1618,0.0
100,1618,2.0
101,1618,0.0
102,1618,0.0
103,1618,0.0
104,1618,3.0
105,1618,0.0
106,1618,0.0
107,1618,0.0
108,1618,4.0
109,1618,2.0
110,1618,13.0
111,1618,0.0
112,1618,1.0
113,1618,0.0
114,1618,1.0
115,1618,2.0
116,1618,2.0
117,1618,1.0
118,1618,0.0
119,1618,8.0
120,1618,1.0
121,1618,0.0
122,1618,0.0
123,1618,1.0
124,1618,1.0
125,1618,0.0
126,1618,0.0
127,1618,0.0
128,1618,0.0
129,1618,15.0
130,1618,4.0
131,1618,2.0
132,1618,1.0
133,1618,0.0
134,1618,0.0
135,1618,0.0
136,1618,1.0
137,1618,1.0
138,1618,0.0
139,1618,1.0
140,1618,0.0
141,1618,1.0
142,1618,0.0
143,1618,1.0
144,1618,1.0
145,1618,1.0
146,1618,0.0
147,1618,3.0
148,1618,0.0
149,1618,0.0
150,1618,29.0
151,1618,32.0
152,1618,7.0
153,1618,2.0
154,1618,0.0
155,1618,1.0
156,1618,1.0
157,1618,0.0
158,1618,0.0
159,1618,1.0
160,1618,0.0
161,1618,0.0
162,1618,15.0
163,1618,17.0
164,1618,4.0
165,1618,0.0
166,1618,2.0
167,1618,11.0
168,1618,10.0
169,1618,14.0
170,1618,0.0
171,1618,4.0
172,1618,2.0
173,1618,2.0
174,1618,0.0
175,1618,1.0
176,1618,1.0
177,1618,2.0
178,1618,0.0
179,1618,1.0
180,1618,1.0
181,1618,0.0
182,1618,5.0
183,1618,0.0
184,1618,0.0
185,1618,0.0
186,1618,0.0
187,1618,0.0
188,1618,3.0
189,1618,0.0
190,1618,0.0
191,1618,1.0
192,1618,0.0
193,1618,0.0
194,1618,1.0
195,1618,1.0
196,1618,0.0
197,1618,0.0
198,1618,1.0
199,1618,0.0
0,1619,0.0
1,1619,1.0
2,1619,20.0
3,1619,0.0
4,1619,0.0
5,1619,0.0
6,1619,1.0
7,1619,1.0
8,1619,0.0
9,1619,7.0
10,1619,11.0
11,1619,0.0
12,1619,0.0
13,1619,3.0
14,1619,0.0
15,1619,6.0
16,1619,2.0
17,1619,0.0
18,1619,2.0
19,1619,0.0
20,1619,0.0
21,1619,1.0
22,1619,0.0
23,1619,1.0
24,1619,0.0
25,1619,0.0
26,1619,2.0
27,1619,1.0
28,1619,0.0
29,1619,0.0
30,1619,0.0
31,1619,0.0
32,1619,0.0
33,1619,14.0
34,1619,0.0
35,1619,6.0
36,1619,0.0
37,1619,6.0
38,1619,0.0
39,1619,6.0
40,1619,0.0
41,1619,0.0
42,1619,3.0
43,1619,0.0
44,1619,0.0
45,1619,1.0
46,1619,2.0
47,1619,2.0
48,1619,5.0
49,1619,3.0
50,1619,0.0
51,1619,0.0
52,1619,0.0
53,1619,79.0
54,1619,0.0
55,1619,0.0
56,1619,2.0
57,1619,0.0
58,1619,0.0
59,1619,1.0
60,1619,0.0
61,1619,0.0
62,1619,0.0
63,1619,0.0
64,1619,7.0
65,1619,0.0
66,1619,5.0
67,1619,3.0
68,1619,5.0
69,1619,1.0
70,1619,2.0
71,1619,0.0
72,1619,17.0
73,1619,0.0
74,1619,0.0
75,1619,0.0
76,1619,0.0
77,1619,4.0
78,1619,0.0
79,1619,0.0
80,1619,0.0
81,1619,1.0
82,1619,0.0
83,1619,0.0
84,1619,4.0
85,1619,57.0
86,1619,0.0
87,1619,0.0
88,1619,1.0
89,1619,0.0
90,1619,1.0
91,1619,6.0
92,1619,13.0
93,1619,0.0
94,1619,1.0
95,1619,6.0
96,1619,10.0
97,1619,2.0
98,1619,1.0
99,1619,1.0
100,1619,3.0
101,1619,0.0
102,1619,0.0
103,1619,0.0
104,1619,3.0
105,1619,4.0
106,1619,0.0
107,1619,0.0
108,1619,3.0
109,1619,6.0
110,1619,14.0
111,1619,1.0
112,1619,2.0
113,1619,0.0
114,1619,0.0
115,1619,1.0
116,1619,1.0
117,1619,2.0
118,1619,0.0
119,1619,1.0
120,1619,0.0
121,1619,1.0
122,1619,0.0
123,1619,1.0
124,1619,4.0
125,1619,0.0
126,1619,0.0
127,1619,1.0
128,1619,0.0
129,1619,0.0
130,1619,2.0
131,1619,4.0
132,1619,1.0
133,1619,1.0
134,1619,0.0
135,1619,0.0
136,1619,0.0
137,1619,4.0
138,1619,0.0
139,1619,1.0
140,1619,1.0
141,1619,1.0
142,1619,0.0
143,1619,0.0
144,1619,3.0
145,1619,2.0
146,1619,0.0
147,1619,6.0
148,1619,2.0
149,1619,0.0
150,1619,27.0
151,1619,16.0
152,1619,17.0
153,1619,1.0
154,1619,0.0
155,1619,2.0
156,1619,0.0
157,1619,3.0
158,1619,4.0
159,1619,3.0
160,1619,0.0
161,1619,0.0
162,1619,15.0
163,1619,17.0
164,1619,1.0
165,1619,0.0
166,1619,10.0
167,1619,15.0
168,1619,5.0
169,1619,5.0
170,1619,0.0
171,1619,0.0
172,1619,1.0
173,1619,2.0
174,1619,0.0
175,1619,4.0
176,1619,2.0
177,1619,2.0
178,1619,1.0
179,1619,0.0
180,1619,1.0
181,1619,0.0
182,1619,0.0
183,1619,0.0
184,1619,1.0
185,1619,0.0
186,1619,0.0
187,1619,0.0
188,1619,2.0
189,1619,0.0
190,1619,0.0
191,1619,1.0
192,1619,0.0
193,1619,6.0
194,1619,0.0
195,1619,0.0
196,1619,0.0
197,1619,0.0
198,1619,0.0
199,1619,0.0
0,1620,0.0
1,1620,3.0
2,1620,6.0
3,1620,1.0
4,1620,0.0
5,1620,0.0
6,1620,0.0
7,1620,0.0
8,1620,0.0
9,1620,2.0
10,1620,12.0
11,1620,1.0
12,1620,0.0
13,1620,1.0
14,1620,0.0
15,1620,1.0
16,1620,1.0
17,1620,0.0
18,1620,1.0
19,1620,0.0
20,1620,0.0
21,1620,0.0
22,1620,0.0
23,1620,0.0
24,1620,0.0
25,1620,0.0
26,1620,1.0
27,1620,2.0
28,1620,4.0
29,1620,0.0
30,1620,0.0
31,1620,1.0
32,1620,3.0
33,1620,9.0
34,1620,0.0
35,1620,19.0
36,1620,0.0
37,1620,4.0
38,1620,1.0
39,1620,6.0
40,1620,0.0
41,1620,1.0
42,1620,1.0
43,1620,0.0
44,1620,0.0
45,1620,2.0
46,1620,1.0
47,1620,1.0
48,1620,1.0
49,1620,0.0
50,1620,0.0
51,1620,0.0
52,1620,0.0
53,1620,54.0
54,1620,0.0
55,1620,0.0
56,1620,1.0
57,1620,0.0
58,1620,0.0
59,1620,2.0
60,1620,1.0
61,1620,0.0
62,1620,1.0
63,1620,1.0
64,1620,1.0
65,1620,0.0
66,1620,5.0
67,1620,7.0
68,1620,7.0
69,1620,0.0
70,1620,1.0
71,1620,0.0
72,1620,13.0
73,1620,0.0
74,1620,2.0
75,1620,1.0
76,1620,0.0
77,1620,0.0
78,1620,0.0
79,1620,0.0
80,1620,0.0
81,1620,6.0
82,1620,0.0
83,1620,0.0
84,1620,2.0
85,1620,41.0
86,1620,0.0
87,1620,0.0
88,1620,1.0
89,1620,2.0
90,1620,1.0
91,1620,6.0
92,1620,12.0
93,1620,0.0
94,1620,1.0
95,1620,5.0
96,1620,3.0
97,1620,1.0
98,1620,0.0
99,1620,1.0
100,1620,3.0
101,1620,0.0
102,1620,0.0
103,1620,0.0
104,1620,7.0
105,1620,2.0
106,1620,0.0
107,1620,0.0
108,1620,1.0
109,1620,2.0
110,1620,3.0
111,1620,5.0
112,1620,3.0
113,1620,3.0
114,1620,0.0
115,1620,0.0
116,1620,1.0
117,1620,3.0
118,1620,0.0
119,1620,10.0
120,1620,0.0
121,1620,4.0
122,1620,3.0
123,1620,0.0
124,1620,3.0
125,1620,3.0
126,1620,0.0
127,1620,0.0
128,1620,0.0
129,1620,0.0
130,1620,4.0
131,1620,1.0
132,1620,1.0
133,1620,0.0
134,1620,0.0
135,1620,0.0
136,1620,0.0
137,1620,2.0
138,1620,0.0
139,1620,0.0
140,1620,0.0
141,1620,3.0
142,1620,1.0
143,1620,3.0
144,1620,4.0
145,1620,2.0
146,1620,1.0
147,1620,5.0
148,1620,1.0
149,1620,1.0
150,1620,12.0
151,1620,27.0
152,1620,10.0
153,1620,3.0
154,1620,4.0
155,1620,1.0
156,1620,0.0
157,1620,4.0
158,1620,2.0
159,1620,1.0
160,1620,1.0
161,1620,0.0
162,1620,16.0
163,1620,12.0
164,1620,3.0
165,1620,0.0
166,1620,7.0
167,1620,10.0
168,1620,11.0
169,1620,7.0
170,1620,0.0
171,1620,8.0
172,1620,0.0
173,1620,5.0
174,1620,0.0
175,1620,0.0
176,1620,4.0
177,1620,1.0
178,1620,2.0
179,1620,1.0
180,1620,1.0
181,1620,2.0
182,1620,0.0
183,1620,0.0
184,1620,1.0
185,1620,1.0
186,1620,0.0
187,1620,0.0
188,1620,6.0
189,1620,0.0
190,1620,0.0
191,1620,0.0
192,1620,0.0
193,1620,4.0
194,1620,1.0
195,1620,1.0
196,1620,0.0
197,1620,0.0
198,1620,0.0
199,1620,0.0
0,1621,3.0
1,1621,1.0
2,1621,12.0
3,1621,0.0
4,1621,0.0
5,1621,0.0
6,1621,5.0
7,1621,0.0
8,1621,0.0
9,1621,4.0
10,1621,9.0
11,1621,0.0
12,1621,0.0
13,1621,0.0
14,1621,0.0
15,1621,5.0
16,1621,1.0
17,1621,0.0
18,1621,0.0
19,1621,1.0
20,1621,0.0
21,1621,0.0
22,1621,0.0
23,1621,0.0
24,1621,0.0
25,1621,0.0
26,1621,0.0
27,1621,2.0
28,1621,2.0
29,1621,0.0
30,1621,0.0
31,1621,0.0
32,1621,0.0
33,1621,5.0
34,1621,0.0
35,1621,9.0
36,1621,0.0
37,1621,6.0
38,1621,0.0
39,1621,2.0
40,1621,0.0
41,1621,0.0
42,1621,5.0
43,1621,0.0
44,1621,1.0
45,1621,2.0
46,1621,1.0
47,1621,1.0
48,1621,1.0
49,1621,0.0
50,1621,1.0
51,1621,0.0
52,1621,1.0
53,1621,61.0
54,1621,0.0
55,1621,0.0
56,1621,0.0
57,1621,0.0
58,1621,0.0
59,1621,1.0
60,1621,3.0
61,1621,22.0
62,1621,2.0
63,1621,2.0
64,1621,0.0
65,1621,1.0
66,1621,0.0
67,1621,2.0
68,1621,3.0
69,1621,0.0
70,1621,5.0
71,1621,0.0
72,1621,9.0
73,1621,0.0
74,1621,1.0
75,1621,1.0
76,1621,0.0
77,1621,2.0
78,1621,0.0
79,1621,0.0
80,1621,0.0
81,1621,0.0
82,1621,0.0
83,1621,0.0
84,1621,5.0
85,1621,42.0
86,1621,0.0
87,1621,0.0
88,1621,1.0
89,1621,0.0
90,1621,0.0
91,1621,4.0
92,1621,11.0
93,1621,0.0
94,1621,0.0
95,1621,4.0
96,1621,0.0
97,1621,1.0
98,1621,4.0
99,1621,0.0
100,1621,2.0
101,1621,0.0
102,1621,0.0
103,1621,0.0
104,1621,2.0
105,1621,2.0
106,1621,0.0
107,1621,0.0
108,1621,2.0
109,1621,5.0
110,1621,12.0
111,1621,3.0
112,1621,0.0
113,1621,3.0
114,1621,0.0
115,1621,1.0
116,1621,2.0
117,1621,1.0
118,1621,0.0
119,1621,4.0
120,1621,0.0
121,1621,1.0
122,1621,0.0
123,1621,0.0
124,1621,2.0
125,1621,2.0
126,1621,0.0
127,1621,1.0
128,1621,0.0
129,1621,0.0
130,1621,0.0
131,1621,2.0
132,1621,4.0
133,1621,0.0
134,1621,0.0
135,1621,0.0
136,1621,3.0
137,1621,2.0
138,1621,0.0
139,1621,0.0
140,1621,0.0
141,1621,1.0
142,1621,0.0
143,1621,3.0
144,1621,1.0
145,1621,3.0
146,1621,0.0
147,1621,2.0
148,1621,0.0
149,1621,3.0
150,1621,17.0
151,1621,13.0
152,1621,9.0
153,1621,4.0
154,1621,2.0
155,1621,0.0
156,1621,0.0
157,1621,0.0
158,1621,1.0
159,1621,3.0
160,1621,0.0
161,1621,0.0
162,1621,6.0
163,1621,14.0
164,1621,3.0
165,1621,0.0
166,1621,3.0
167,1621,11.0
168,1621,1.0
169,1621,12.0
170,1621,1.0
171,1621,0.0
172,1621,0.0
173,1621,1.0
174,1621,0.0
175,1621,3.0
176,1621,0.0
177,1621,0.0
178,1621,0.0
179,1621,0.0
180,1621,2.0
181,1621,0.0
182,1621,1.0
183,1621,0.0
184,1621,0.0
185,1621,0.0
186,1621,2.0
187,1621,0.0
188,1621,4.0
189,1621,0.0
190,1621,0.0
191,1621,0.0
192,1621,0.0
193,1621,0.0
194,1621,0.0
195,1621,0.0
196,1621,0.0
197,1621,0.0
198,1621,0.0
199,1621,0.0
0,1622,2.0
1,1622,0.0
2,1622,27.0
3,1622,0.0
4,1622,2.0
5,1622,0.0
6,1622,2.0
7,1622,1.0
8,1622,0.0
9,1622,3.0
10,1622,8.0
11,1622,1.0
12,1622,0.0
13,1622,1.0
14,1622,0.0
15,1622,5.0
16,1622,0.0
17,1622,0.0
18,1622,0.0
19,1622,0.0
20,1622,0.0
21,1622,0.0
22,1622,2.0
23,1622,0.0
24,1622,0.0
25,1622,0.0
26,1622,0.0
27,1622,0.0
28,1622,5.0
29,1622,0.0
30,1622,4.0
31,1622,1.0
32,1622,0.0
33,1622,0.0
34,1622,0.0
35,1622,2.0
36,1622,0.0
37,1622,2.0
38,1622,0.0
39,1622,3.0
40,1622,0.0
41,1622,0.0
42,1622,0.0
43,1622,1.0
44,1622,0.0
45,1622,1.0
46,1622,1.0
47,1622,2.0
48,1622,2.0
49,1622,1.0
50,1622,0.0
51,1622,0.0
52,1622,3.0
53,1622,42.0
54,1622,0.0
55,1622,0.0
56,1622,2.0
57,1622,0.0
58,1622,2.0
59,1622,6.0
60,1622,0.0
61,1622,22.0
62,1622,2.0
63,1622,0.0
64,1622,3.0
65,1622,0.0
66,1622,2.0
67,1622,4.0
68,1622,0.0
69,1622,0.0
70,1622,4.0
71,1622,3.0
72,1622,16.0
73,1622,0.0
74,1622,1.0
75,1622,0.0
76,1622,0.0
77,1622,0.0
78,1622,0.0
79,1622,0.0
80,1622,0.0
81,1622,0.0
82,1622,11.0
83,1622,0.0
84,1622,2.0
85,1622,38.0
86,1622,0.0
87,1622,0.0
88,1622,0.0
89,1622,0.0
90,1622,1.0
91,1622,3.0
92,1622,14.0
93,1622,0.0
94,1622,0.0
95,1622,7.0
96,1622,4.0
97,1622,1.0
98,1622,3.0
99,1622,0.0
100,1622,0.0
101,1622,0.0
102,1622,0.0
103,1622,0.0
104,1622,1.0
105,1622,2.0
106,1622,0.0
107,1622,0.0
108,1622,1.0
109,1622,4.0
110,1622,3.0
111,1622,2.0
112,1622,0.0
113,1622,1.0
114,1622,1.0
115,1622,0.0
116,1622,0.0
117,1622,2.0
118,1622,0.0
119,1622,4.0
120,1622,0.0
121,1622,1.0
122,1622,0.0
123,1622,2.0
124,1622,2.0
125,1622,1.0
126,1622,0.0
127,1622,1.0
128,1622,0.0
129,1622,2.0
130,1622,1.0
131,1622,0.0
132,1622,1.0
133,1622,1.0
134,1622,1.0
135,1622,0.0
136,1622,2.0
137,1622,2.0
138,1622,0.0
139,1622,0.0
140,1622,0.0
141,1622,0.0
142,1622,0.0
143,1622,1.0
144,1622,4.0
145,1622,2.0
146,1622,0.0
147,1622,3.0
148,1622,0.0
149,1622,1.0
150,1622,12.0
151,1622,11.0
152,1622,7.0
153,1622,2.0
154,1622,1.0
155,1622,0.0
156,1622,0.0
157,1622,1.0
158,1622,0.0
159,1622,1.0
160,1622,0.0
161,1622,0.0
162,1622,8.0
163,1622,7.0
164,1622,2.0
165,1622,0.0
166,1622,4.0
167,1622,5.0
168,1622,2.0
169,1622,9.0
170,1622,0.0
171,1622,0.0
172,1622,0.0
173,1622,5.0
174,1622,0.0
175,1622,3.0
176,1622,1.0
177,1622,2.0
178,1622,1.0
179,1622,0.0
180,1622,0.0
181,1622,1.0
182,1622,4.0
183,1622,0.0
184,1622,1.0
185,1622,0.0
186,1622,1.0
187,1622,0.0
188,1622,0.0
189,1622,0.0
190,1622,0.0
191,1622,1.0
192,1622,0.0
193,1622,1.0
194,1622,0.0
195,1622,1.0
196,1622,1.0
197,1622,0.0
198,1622,4.0
199,1622,0.0
0,1623,0.0
1,1623,2.0
2,1623,20.0
3,1623,0.0
4,1623,0.0
5,1623,0.0
6,1623,0.0
7,1623,1.0
8,1623,0.0
9,1623,0.0
10,1623,12.0
11,1623,0.0
12,1623,1.0
13,1623,1.0
14,1623,0.0
15,1623,3.0
16,1623,0.0
17,1623,0.0
18,1623,1.0
19,1623,1.0
20,1623,0.0
21,1623,0.0
22,1623,1.0
23,1623,0.0
24,1623,1.0
25,1623,0.0
26,1623,2.0
27,1623,0.0
28,1623,0.0
29,1623,0.0
30,1623,2.0
31,1623,0.0
32,1623,0.0
33,1623,0.0
34,1623,0.0
35,1623,2.0
36,1623,0.0
37,1623,7.0
38,1623,0.0
39,1623,2.0
40,1623,0.0
41,1623,2.0
42,1623,0.0
43,1623,2.0
44,1623,1.0
45,1623,3.0
46,1623,0.0
47,1623,1.0
48,1623,0.0
49,1623,1.0
50,1623,0.0
51,1623,0.0
52,1623,3.0
53,1623,22.0
54,1623,0.0
55,1623,0.0
56,1623,1.0
57,1623,0.0
58,1623,0.0
59,1623,0.0
60,1623,0.0
61,1623,25.0
62,1623,3.0
63,1623,1.0
64,1623,4.0
65,1623,1.0
66,1623,4.0
67,1623,2.0
68,1623,2.0
69,1623,0.0
70,1623,0.0
71,1623,4.0
72,1623,9.0
73,1623,0.0
74,1623,1.0
75,1623,0.0
76,1623,0.0
77,1623,0.0
78,1623,0.0
79,1623,0.0
80,1623,0.0
81,1623,1.0
82,1623,23.0
83,1623,0.0
84,1623,5.0
85,1623,45.0
86,1623,0.0
87,1623,0.0
88,1623,3.0
89,1623,1.0
90,1623,1.0
91,1623,4.0
92,1623,17.0
93,1623,0.0
94,1623,0.0
95,1623,9.0
96,1623,7.0
97,1623,1.0
98,1623,4.0
99,1623,0.0
100,1623,0.0
101,1623,0.0
102,1623,0.0
103,1623,0.0
104,1623,8.0
105,1623,4.0
106,1623,0.0
107,1623,0.0
108,1623,2.0
109,1623,5.0
110,1623,19.0
111,1623,6.0
112,1623,2.0
113,1623,0.0
114,1623,1.0
115,1623,1.0
116,1623,0.0
117,1623,0.0
118,1623,0.0
119,1623,2.0
120,1623,0.0
121,1623,0.0
122,1623,2.0
123,1623,0.0
124,1623,1.0
125,1623,2.0
126,1623,0.0
127,1623,0.0
128,1623,0.0
129,1623,9.0
130,1623,7.0
131,1623,1.0
132,1623,0.0
133,1623,0.0
134,1623,0.0
135,1623,0.0
136,1623,0.0
137,1623,0.0
138,1623,0.0
139,1623,0.0
140,1623,0.0
141,1623,0.0
142,1623,2.0
143,1623,2.0
144,1623,3.0
145,1623,1.0
146,1623,2.0
147,1623,2.0
148,1623,0.0
149,1623,0.0
150,1623,13.0
151,1623,16.0
152,1623,15.0
153,1623,1.0
154,1623,1.0
155,1623,2.0
156,1623,0.0
157,1623,0.0
158,1623,0.0
159,1623,0.0
160,1623,3.0
161,1623,0.0
162,1623,7.0
163,1623,11.0
164,1623,1.0
165,1623,0.0
166,1623,5.0
167,1623,8.0
168,1623,3.0
169,1623,6.0
170,1623,0.0
171,1623,0.0
172,1623,0.0
173,1623,1.0
174,1623,0.0
175,1623,0.0
176,1623,1.0
177,1623,6.0
178,1623,0.0
179,1623,1.0
180,1623,0.0
181,1623,0.0
182,1623,1.0
183,1623,0.0
184,1623,2.0
185,1623,0.0
186,1623,0.0
187,1623,0.0
188,1623,3.0
189,1623,1.0
190,1623,0.0
191,1623,0.0
192,1623,0.0
193,1623,1.0
194,1623,0.0
195,1623,0.0
196,1623,0.0
197,1623,0.0
198,1623,0.0
199,1623,0.0
0,1624,1.0
1,1624,1.0
2,1624,13.0
3,1624,1.0
4,1624,0.0
5,1624,0.0
6,1624,2.0
7,1624,0.0
8,1624,0.0
9,1624,6.0
10,1624,27.0
11,1624,0.0
12,1624,0.0
13,1624,1.0
14,1624,0.0
15,1624,12.0
16,1624,0.0
17,1624,0.0
18,1624,0.0
19,1624,0.0
20,1624,0.0
21,1624,0.0
22,1624,4.0
23,1624,0.0
24,1624,0.0
25,1624,0.0
26,1624,0.0
27,1624,0.0
28,1624,5.0
29,1624,0.0
30,1624,1.0
31,1624,0.0
32,1624,0.0
33,1624,0.0
34,1624,0.0
35,1624,1.0
36,1624,0.0
37,1624,5.0
38,1624,0.0
39,1624,0.0
40,1624,0.0
41,1624,2.0
42,1624,1.0
43,1624,0.0
44,1624,1.0
45,1624,1.0
46,1624,6.0
47,1624,1.0
48,1624,2.0
49,1624,1.0
50,1624,0.0
51,1624,0.0
52,1624,1.0
53,1624,62.0
54,1624,0.0
55,1624,0.0
56,1624,1.0
57,1624,0.0
58,1624,1.0
59,1624,2.0
60,1624,3.0
61,1624,24.0
62,1624,5.0
63,1624,0.0
64,1624,3.0
65,1624,0.0
66,1624,2.0
67,1624,2.0
68,1624,4.0
69,1624,0.0
70,1624,2.0
71,1624,2.0
72,1624,7.0
73,1624,0.0
74,1624,1.0
75,1624,0.0
76,1624,0.0
77,1624,0.0
78,1624,0.0
79,1624,0.0
80,1624,0.0
81,1624,0.0
82,1624,11.0
83,1624,0.0
84,1624,3.0
85,1624,56.0
86,1624,0.0
87,1624,0.0
88,1624,1.0
89,1624,0.0
90,1624,1.0
91,1624,4.0
92,1624,17.0
93,1624,0.0
94,1624,0.0
95,1624,4.0
96,1624,9.0
97,1624,0.0
98,1624,5.0
99,1624,1.0
100,1624,0.0
101,1624,0.0
102,1624,0.0
103,1624,0.0
104,1624,3.0
105,1624,5.0
106,1624,0.0
107,1624,0.0
108,1624,0.0
109,1624,3.0
110,1624,8.0
111,1624,5.0
112,1624,2.0
113,1624,0.0
114,1624,0.0
115,1624,1.0
116,1624,0.0
117,1624,1.0
118,1624,0.0
119,1624,2.0
120,1624,0.0
121,1624,0.0
122,1624,0.0
123,1624,1.0
124,1624,1.0
125,1624,2.0
126,1624,0.0
127,1624,5.0
128,1624,0.0
129,1624,2.0
130,1624,1.0
131,1624,1.0
132,1624,1.0
133,1624,0.0
134,1624,2.0
135,1624,0.0
136,1624,1.0
137,1624,2.0
138,1624,0.0
139,1624,1.0
140,1624,2.0
141,1624,1.0
142,1624,0.0
143,1624,5.0
144,1624,1.0
145,1624,3.0
146,1624,0.0
147,1624,4.0
148,1624,0.0
149,1624,0.0
150,1624,19.0
151,1624,15.0
152,1624,6.0
153,1624,6.0
154,1624,0.0
155,1624,2.0
156,1624,1.0
157,1624,2.0
158,1624,0.0
159,1624,1.0
160,1624,8.0
161,1624,0.0
162,1624,8.0
163,1624,14.0
164,1624,2.0
165,1624,0.0
166,1624,1.0
167,1624,11.0
168,1624,4.0
169,1624,11.0
170,1624,0.0
171,1624,0.0
172,1624,3.0
173,1624,2.0
174,1624,0.0
175,1624,1.0
176,1624,0.0
177,1624,2.0
178,1624,1.0
179,1624,0.0
180,1624,2.0
181,1624,0.0
182,1624,6.0
183,1624,0.0
184,1624,1.0
185,1624,0.0
186,1624,0.0
187,1624,0.0
188,1624,5.0
189,1624,1.0
190,1624,0.0
191,1624,0.0
192,1624,0.0
193,1624,3.0
194,1624,2.0
195,1624,0.0
196,1624,1.0
197,1624,0.0
198,1624,0.0
199,1624,0.0
0,1625,0.0
1,1625,1.0
2,1625,13.0
3,1625,0.0
4,1625,1.0
5,1625,0.0
6,1625,0.0
7,1625,0.0
8,1625,0.0
9,1625,2.0
10,1625,19.0
11,1625,0.0
12,1625,0.0
13,1625,2.0
14,1625,0.0
15,1625,8.0
16,1625,0.0
17,1625,0.0
18,1625,0.0
19,1625,0.0
20,1625,0.0
21,1625,0.0
22,1625,2.0
23,1625,1.0
24,1625,0.0
25,1625,0.0
26,1625,0.0
27,1625,1.0
28,1625,5.0
29,1625,0.0
30,1625,1.0
31,1625,0.0
32,1625,0.0
33,1625,2.0
34,1625,1.0
35,1625,3.0
36,1625,0.0
37,1625,8.0
38,1625,1.0
39,1625,2.0
40,1625,0.0
41,1625,0.0
42,1625,0.0
43,1625,0.0
44,1625,0.0
45,1625,4.0
46,1625,3.0
47,1625,2.0
48,1625,5.0
49,1625,0.0
50,1625,0.0
51,1625,0.0
52,1625,3.0
53,1625,67.0
54,1625,0.0
55,1625,0.0
56,1625,1.0
57,1625,0.0
58,1625,0.0
59,1625,0.0
60,1625,1.0
61,1625,48.0
62,1625,5.0
63,1625,1.0
64,1625,2.0
65,1625,1.0
66,1625,0.0
67,1625,7.0
68,1625,5.0
69,1625,0.0
70,1625,3.0
71,1625,7.0
72,1625,17.0
73,1625,0.0
74,1625,0.0
75,1625,2.0
76,1625,0.0
77,1625,0.0
78,1625,0.0
79,1625,0.0
80,1625,0.0
81,1625,2.0
82,1625,1.0
83,1625,0.0
84,1625,5.0
85,1625,57.0
86,1625,0.0
87,1625,0.0
88,1625,1.0
89,1625,0.0
90,1625,0.0
91,1625,6.0
92,1625,20.0
93,1625,0.0
94,1625,0.0
95,1625,4.0
96,1625,15.0
97,1625,0.0
98,1625,5.0
99,1625,0.0
100,1625,0.0
101,1625,0.0
102,1625,0.0
103,1625,0.0
104,1625,1.0
105,1625,6.0
106,1625,0.0
107,1625,0.0
108,1625,3.0
109,1625,2.0
110,1625,16.0
111,1625,1.0
112,1625,3.0
113,1625,8.0
114,1625,0.0
115,1625,0.0
116,1625,1.0
117,1625,0.0
118,1625,0.0
119,1625,5.0
120,1625,0.0
121,1625,2.0
122,1625,0.0
123,1625,0.0
124,1625,2.0
125,1625,2.0
126,1625,0.0
127,1625,1.0
128,1625,0.0
129,1625,1.0
130,1625,2.0
131,1625,1.0
132,1625,2.0
133,1625,1.0
134,1625,1.0
135,1625,6.0
136,1625,0.0
137,1625,1.0
138,1625,0.0
139,1625,1.0
140,1625,0.0
141,1625,1.0
142,1625,0.0
143,1625,1.0
144,1625,2.0
145,1625,2.0
146,1625,0.0
147,1625,4.0
148,1625,1.0
149,1625,3.0
150,1625,20.0
151,1625,15.0
152,1625,6.0
153,1625,2.0
154,1625,0.0
155,1625,0.0
156,1625,0.0
157,1625,0.0
158,1625,4.0
159,1625,4.0
160,1625,5.0
161,1625,0.0
162,1625,14.0
163,1625,16.0
164,1625,3.0
165,1625,0.0
166,1625,8.0
167,1625,5.0
168,1625,4.0
169,1625,17.0
170,1625,0.0
171,1625,8.0
172,1625,0.0
173,1625,0.0
174,1625,0.0
175,1625,2.0
176,1625,0.0
177,1625,0.0
178,1625,1.0
179,1625,0.0
180,1625,0.0
181,1625,0.0
182,1625,3.0
183,1625,0.0
184,1625,2.0
185,1625,0.0
186,1625,0.0
187,1625,0.0
188,1625,3.0
189,1625,1.0
190,1625,0.0
191,1625,1.0
192,1625,0.0
193,1625,0.0
194,1625,3.0
195,1625,0.0
196,1625,0.0
197,1625,0.0
198,1625,0.0
199,1625,0.0
0,1626,0.0
1,1626,0.0
2,1626,23.0
3,1626,0.0
4,1626,0.0
5,1626,0.0
6,1626,1.0
7,1626,0.0
8,1626,0.0
9,1626,0.0
10,1626,7.0
11,1626,0.0
12,1626,3.0
13,1626,4.0
14,1626,0.0
15,1626,3.0
16,1626,0.0
17,1626,0.0
18,1626,1.0
19,1626,2.0
20,1626,0.0
21,1626,0.0
22,1626,2.0
23,1626,0.0
24,1626,1.0
25,1626,0.0
26,1626,1.0
27,1626,1.0
28,1626,1.0
29,1626,0.0
30,1626,11.0
31,1626,1.0
32,1626,0.0
33,1626,9.0
34,1626,0.0
35,1626,9.0
36,1626,0.0
37,1626,5.0
38,1626,0.0
39,1626,3.0
40,1626,0.0
41,1626,3.0
42,1626,2.0
43,1626,1.0
44,1626,1.0
45,1626,1.0
46,1626,5.0
47,1626,2.0
48,1626,2.0
49,1626,4.0
50,1626,1.0
51,1626,0.0
52,1626,5.0
53,1626,60.0
54,1626,0.0
55,1626,0.0
56,1626,1.0
57,1626,0.0
58,1626,0.0
59,1626,0.0
60,1626,1.0
61,1626,45.0
62,1626,1.0
63,1626,0.0
64,1626,6.0
65,1626,0.0
66,1626,2.0
67,1626,2.0
68,1626,3.0
69,1626,1.0
70,1626,0.0
71,1626,4.0
72,1626,20.0
73,1626,0.0
74,1626,0.0
75,1626,1.0
76,1626,0.0
77,1626,0.0
78,1626,0.0
79,1626,0.0
80,1626,0.0
81,1626,0.0
82,1626,0.0
83,1626,1.0
84,1626,5.0
85,1626,86.0
86,1626,0.0
87,1626,0.0
88,1626,2.0
89,1626,0.0
90,1626,0.0
91,1626,4.0
92,1626,8.0
93,1626,0.0
94,1626,1.0
95,1626,13.0
96,1626,8.0
97,1626,0.0
98,1626,3.0
99,1626,0.0
100,1626,0.0
101,1626,0.0
102,1626,0.0
103,1626,0.0
104,1626,8.0
105,1626,5.0
106,1626,0.0
107,1626,1.0
108,1626,1.0
109,1626,10.0
110,1626,9.0
111,1626,4.0
112,1626,1.0
113,1626,1.0
114,1626,3.0
115,1626,1.0
116,1626,0.0
117,1626,0.0
118,1626,0.0
119,1626,9.0
120,1626,0.0
121,1626,1.0
122,1626,0.0
123,1626,0.0
124,1626,2.0
125,1626,2.0
126,1626,3.0
127,1626,2.0
128,1626,0.0
129,1626,3.0
130,1626,3.0
131,1626,1.0
132,1626,2.0
133,1626,0.0
134,1626,0.0
135,1626,0.0
136,1626,0.0
137,1626,1.0
138,1626,0.0
139,1626,1.0
140,1626,0.0
141,1626,4.0
142,1626,1.0
143,1626,5.0
144,1626,2.0
145,1626,7.0
146,1626,1.0
147,1626,5.0
148,1626,2.0
149,1626,1.0
150,1626,16.0
151,1626,13.0
152,1626,14.0
153,1626,6.0
154,1626,0.0
155,1626,2.0
156,1626,0.0
157,1626,6.0
158,1626,3.0
159,1626,3.0
160,1626,4.0
161,1626,2.0
162,1626,31.0
163,1626,14.0
164,1626,5.0
165,1626,0.0
166,1626,5.0
167,1626,11.0
168,1626,13.0
169,1626,13.0
170,1626,0.0
171,1626,2.0
172,1626,1.0
173,1626,0.0
174,1626,0.0
175,1626,5.0
176,1626,1.0
177,1626,2.0
178,1626,0.0
179,1626,1.0
180,1626,1.0
181,1626,0.0
182,1626,6.0
183,1626,1.0
184,1626,3.0
185,1626,0.0
186,1626,0.0
187,1626,5.0
188,1626,7.0
189,1626,0.0
190,1626,0.0
191,1626,0.0
192,1626,0.0
193,1626,1.0
194,1626,3.0
195,1626,1.0
196,1626,0.0
197,1626,0.0
198,1626,0.0
199,1626,0.0
0,1627,0.0
1,1627,1.0
2,1627,12.0
3,1627,0.0
4,1627,0.0
5,1627,0.0
6,1627,2.0
7,1627,1.0
8,1627,0.0
9,1627,1.0
10,1627,7.0
11,1627,0.0
12,1627,1.0
13,1627,1.0
14,1627,0.0
15,1627,7.0
16,1627,0.0
17,1627,2.0
18,1627,0.0
19,1627,5.0
20,1627,0.0
21,1627,0.0
22,1627,0.0
23,1627,0.0
24,1627,3.0
25,1627,0.0
26,1627,1.0
27,1627,0.0
28,1627,2.0
29,1627,0.0
30,1627,3.0
31,1627,1.0
32,1627,0.0
33,1627,2.0
34,1627,0.0
35,1627,4.0
36,1627,0.0
37,1627,6.0
38,1627,0.0
39,1627,6.0
40,1627,0.0
41,1627,0.0
42,1627,0.0
43,1627,0.0
44,1627,1.0
45,1627,0.0
46,1627,3.0
47,1627,4.0
48,1627,1.0
49,1627,1.0
50,1627,0.0
51,1627,0.0
52,1627,1.0
53,1627,43.0
54,1627,0.0
55,1627,0.0
56,1627,1.0
57,1627,0.0
58,1627,2.0
59,1627,3.0
60,1627,2.0
61,1627,30.0
62,1627,1.0
63,1627,1.0
64,1627,1.0
65,1627,1.0
66,1627,3.0
67,1627,5.0
68,1627,1.0
69,1627,0.0
70,1627,3.0
71,1627,1.0
72,1627,11.0
73,1627,0.0
74,1627,0.0
75,1627,0.0
76,1627,0.0
77,1627,0.0
78,1627,0.0
79,1627,0.0
80,1627,0.0
81,1627,0.0
82,1627,0.0
83,1627,0.0
84,1627,5.0
85,1627,42.0
86,1627,0.0
87,1627,0.0
88,1627,2.0
89,1627,1.0
90,1627,0.0
91,1627,5.0
92,1627,7.0
93,1627,1.0
94,1627,0.0
95,1627,8.0
96,1627,9.0
97,1627,0.0
98,1627,1.0
99,1627,0.0
100,1627,1.0
101,1627,0.0
102,1627,0.0
103,1627,0.0
104,1627,7.0
105,1627,1.0
106,1627,0.0
107,1627,2.0
108,1627,11.0
109,1627,7.0
110,1627,8.0
111,1627,4.0
112,1627,1.0
113,1627,0.0
114,1627,0.0
115,1627,1.0
116,1627,1.0
117,1627,0.0
118,1627,0.0
119,1627,3.0
120,1627,0.0
121,1627,2.0
122,1627,0.0
123,1627,0.0
124,1627,1.0
125,1627,1.0
126,1627,3.0
127,1627,1.0
128,1627,0.0
129,1627,0.0
130,1627,6.0
131,1627,1.0
132,1627,0.0
133,1627,0.0
134,1627,0.0
135,1627,0.0
136,1627,0.0
137,1627,0.0
138,1627,0.0
139,1627,0.0
140,1627,3.0
141,1627,1.0
142,1627,0.0
143,1627,3.0
144,1627,0.0
145,1627,1.0
146,1627,0.0
147,1627,1.0
148,1627,1.0
149,1627,1.0
150,1627,8.0
151,1627,17.0
152,1627,10.0
153,1627,1.0
154,1627,1.0
155,1627,1.0
156,1627,1.0
157,1627,0.0
158,1627,2.0
159,1627,5.0
160,1627,5.0
161,1627,1.0
162,1627,13.0
163,1627,9.0
164,1627,1.0
165,1627,0.0
166,1627,0.0
167,1627,9.0
168,1627,9.0
169,1627,6.0
170,1627,0.0
171,1627,7.0
172,1627,5.0
173,1627,2.0
174,1627,0.0
175,1627,2.0
176,1627,0.0
177,1627,2.0
178,1627,0.0
179,1627,1.0
180,1627,4.0
181,1627,1.0
182,1627,1.0
183,1627,1.0
184,1627,0.0
185,1627,1.0
186,1627,0.0
187,1627,0.0
188,1627,3.0
189,1627,0.0
190,1627,0.0
191,1627,0.0
192,1627,0.0
193,1627,0.0
194,1627,0.0
195,1627,1.0
196,1627,0.0
197,1627,0.0
198,1627,2.0
199,1627,0.0
0,1628,4.0
1,1628,2.0
2,1628,18.0
3,1628,0.0
4,1628,0.0
5,1628,0.0
6,1628,1.0
7,1628,0.0
8,1628,0.0
9,1628,3.0
10,1628,8.0
11,1628,0.0
12,1628,1.0
13,1628,0.0
14,1628,0.0
15,1628,4.0
16,1628,0.0
17,1628,0.0
18,1628,1.0
19,1628,0.0
20,1628,0.0
21,1628,0.0
22,1628,0.0
23,1628,0.0
24,1628,5.0
25,1628,3.0
26,1628,0.0
27,1628,0.0
28,1628,2.0
29,1628,2.0
30,1628,1.0
31,1628,1.0
32,1628,3.0
33,1628,8.0
34,1628,0.0
35,1628,8.0
36,1628,0.0
37,1628,7.0
38,1628,0.0
39,1628,2.0
40,1628,0.0
41,1628,2.0
42,1628,1.0
43,1628,0.0
44,1628,2.0
45,1628,0.0
46,1628,1.0
47,1628,4.0
48,1628,3.0
49,1628,3.0
50,1628,0.0
51,1628,0.0
52,1628,1.0
53,1628,37.0
54,1628,0.0
55,1628,0.0
56,1628,1.0
57,1628,0.0
58,1628,1.0
59,1628,1.0
60,1628,0.0
61,1628,24.0
62,1628,2.0
63,1628,4.0
64,1628,2.0
65,1628,1.0
66,1628,0.0
67,1628,3.0
68,1628,4.0
69,1628,0.0
70,1628,0.0
71,1628,3.0
72,1628,15.0
73,1628,0.0
74,1628,0.0
75,1628,0.0
76,1628,0.0
77,1628,4.0
78,1628,0.0
79,1628,0.0
80,1628,0.0
81,1628,1.0
82,1628,0.0
83,1628,0.0
84,1628,5.0
85,1628,41.0
86,1628,0.0
87,1628,0.0
88,1628,1.0
89,1628,0.0
90,1628,0.0
91,1628,0.0
92,1628,10.0
93,1628,0.0
94,1628,4.0
95,1628,5.0
96,1628,5.0
97,1628,0.0
98,1628,3.0
99,1628,0.0
100,1628,2.0
101,1628,1.0
102,1628,0.0
103,1628,0.0
104,1628,10.0
105,1628,5.0
106,1628,0.0
107,1628,1.0
108,1628,1.0
109,1628,3.0
110,1628,3.0
111,1628,1.0
112,1628,2.0
113,1628,0.0
114,1628,3.0
115,1628,0.0
116,1628,2.0
117,1628,0.0
118,1628,0.0
119,1628,2.0
120,1628,0.0
121,1628,2.0
122,1628,0.0
123,1628,0.0
124,1628,4.0
125,1628,2.0
126,1628,0.0
127,1628,3.0
128,1628,0.0
129,1628,1.0
130,1628,2.0
131,1628,0.0
132,1628,0.0
133,1628,0.0
134,1628,2.0
135,1628,0.0
136,1628,0.0
137,1628,2.0
138,1628,0.0
139,1628,1.0
140,1628,0.0
141,1628,0.0
142,1628,0.0
143,1628,0.0
144,1628,1.0
145,1628,0.0
146,1628,0.0
147,1628,3.0
148,1628,0.0
149,1628,1.0
150,1628,19.0
151,1628,16.0
152,1628,17.0
153,1628,0.0
154,1628,0.0
155,1628,1.0
156,1628,0.0
157,1628,2.0
158,1628,0.0
159,1628,2.0
160,1628,2.0
161,1628,3.0
162,1628,17.0
163,1628,21.0
164,1628,1.0
165,1628,0.0
166,1628,3.0
167,1628,3.0
168,1628,4.0
169,1628,9.0
170,1628,1.0
171,1628,5.0
172,1628,0.0
173,1628,2.0
174,1628,0.0
175,1628,1.0
176,1628,1.0
177,1628,2.0
178,1628,1.0
179,1628,0.0
180,1628,2.0
181,1628,0.0
182,1628,0.0
183,1628,0.0
184,1628,0.0
185,1628,0.0
186,1628,0.0
187,1628,0.0
188,1628,3.0
189,1628,1.0
190,1628,0.0
191,1628,0.0
192,1628,0.0
193,1628,2.0
194,1628,1.0
195,1628,1.0
196,1628,2.0
197,1628,0.0
198,1628,1.0
199,1628,0.0
0,1629,0.0
1,1629,1.0
2,1629,14.0
3,1629,1.0
4,1629,1.0
5,1629,0.0
6,1629,1.0
7,1629,0.0
8,1629,0.0
9,1629,3.0
10,1629,11.0
11,1629,0.0
12,1629,3.0
13,1629,0.0
14,1629,0.0
15,1629,7.0
16,1629,0.0
17,1629,1.0
18,1629,1.0
19,1629,1.0
20,1629,0.0
21,1629,0.0
22,1629,10.0
23,1629,1.0
24,1629,2.0
25,1629,1.0
26,1629,1.0
27,1629,0.0
28,1629,1.0
29,1629,0.0
30,1629,2.0
31,1629,5.0
32,1629,0.0
33,1629,9.0
34,1629,0.0
35,1629,5.0
36,1629,0.0
37,1629,3.0
38,1629,0.0
39,1629,4.0
40,1629,0.0
41,1629,3.0
42,1629,4.0
43,1629,1.0
44,1629,0.0
45,1629,1.0
46,1629,5.0
47,1629,0.0
48,1629,3.0
49,1629,2.0
50,1629,0.0
51,1629,0.0
52,1629,1.0
53,1629,1.0
54,1629,0.0
55,1629,0.0
56,1629,0.0
57,1629,0.0
58,1629,0.0
59,1629,4.0
60,1629,5.0
61,1629,25.0
62,1629,5.0
63,1629,0.0
64,1629,1.0
65,1629,0.0
66,1629,0.0
67,1629,1.0
68,1629,4.0
69,1629,0.0
70,1629,0.0
71,1629,0.0
72,1629,12.0
73,1629,0.0
74,1629,0.0
75,1629,1.0
76,1629,0.0
77,1629,0.0
78,1629,0.0
79,1629,0.0
80,1629,0.0
81,1629,2.0
82,1629,0.0
83,1629,0.0
84,1629,7.0
85,1629,28.0
86,1629,0.0
87,1629,0.0
88,1629,0.0
89,1629,2.0
90,1629,0.0
91,1629,3.0
92,1629,11.0
93,1629,0.0
94,1629,1.0
95,1629,3.0
96,1629,3.0
97,1629,0.0
98,1629,2.0
99,1629,0.0
100,1629,1.0
101,1629,0.0
102,1629,0.0
103,1629,0.0
104,1629,7.0
105,1629,3.0
106,1629,0.0
107,1629,3.0
108,1629,0.0
109,1629,5.0
110,1629,1.0
111,1629,0.0
112,1629,5.0
113,1629,0.0
114,1629,2.0
115,1629,1.0
116,1629,2.0
117,1629,1.0
118,1629,0.0
119,1629,1.0
120,1629,0.0
121,1629,0.0
122,1629,1.0
123,1629,0.0
124,1629,3.0
125,1629,2.0
126,1629,2.0
127,1629,0.0
128,1629,0.0
129,1629,3.0
130,1629,3.0
131,1629,3.0
132,1629,1.0
133,1629,0.0
134,1629,1.0
135,1629,0.0
136,1629,0.0
137,1629,0.0
138,1629,0.0
139,1629,1.0
140,1629,0.0
141,1629,0.0
142,1629,0.0
143,1629,2.0
144,1629,2.0
145,1629,7.0
146,1629,0.0
147,1629,5.0
148,1629,0.0
149,1629,1.0
150,1629,12.0
151,1629,23.0
152,1629,10.0
153,1629,2.0
154,1629,5.0
155,1629,3.0
156,1629,2.0
157,1629,0.0
158,1629,0.0
159,1629,3.0
160,1629,4.0
161,1629,4.0
162,1629,12.0
163,1629,10.0
164,1629,2.0
165,1629,0.0
166,1629,2.0
167,1629,6.0
168,1629,6.0
169,1629,4.0
170,1629,0.0
171,1629,2.0
172,1629,0.0
173,1629,2.0
174,1629,0.0
175,1629,0.0
176,1629,1.0
177,1629,1.0
178,1629,1.0
179,1629,0.0
180,1629,0.0
181,1629,0.0
182,1629,0.0
183,1629,0.0
184,1629,0.0
185,1629,0.0
186,1629,0.0
187,1629,0.0
188,1629,1.0
189,1629,0.0
190,1629,0.0
191,1629,0.0
192,1629,0.0
193,1629,0.0
194,1629,0.0
195,1629,0.0
196,1629,0.0
197,1629,0.0
198,1629,0.0
199,1629,0.0
0,1630,0.0
1,1630,1.0
2,1630,19.0
3,1630,0.0
4,1630,1.0
5,1630,0.0
6,1630,2.0
7,1630,0.0
8,1630,0.0
9,1630,3.0
10,1630,14.0
11,1630,0.0
12,1630,1.0
13,1630,2.0
14,1630,0.0
15,1630,2.0
16,1630,0.0
17,1630,0.0
18,1630,0.0
19,1630,1.0
20,1630,0.0
21,1630,0.0
22,1630,7.0
23,1630,0.0
24,1630,0.0
25,1630,0.0
26,1630,2.0
27,1630,0.0
28,1630,0.0
29,1630,0.0
30,1630,0.0
31,1630,2.0
32,1630,0.0
33,1630,7.0
34,1630,0.0
35,1630,2.0
36,1630,0.0
37,1630,1.0
38,1630,0.0
39,1630,1.0
40,1630,0.0
41,1630,3.0
42,1630,1.0
43,1630,0.0
44,1630,0.0
45,1630,0.0
46,1630,2.0
47,1630,1.0
48,1630,1.0
49,1630,6.0
50,1630,0.0
51,1630,0.0
52,1630,3.0
53,1630,18.0
54,1630,0.0
55,1630,0.0
56,1630,0.0
57,1630,0.0
58,1630,2.0
59,1630,4.0
60,1630,1.0
61,1630,36.0
62,1630,2.0
63,1630,3.0
64,1630,2.0
65,1630,0.0
66,1630,0.0
67,1630,2.0
68,1630,4.0
69,1630,0.0
70,1630,1.0
71,1630,2.0
72,1630,9.0
73,1630,0.0
74,1630,0.0
75,1630,0.0
76,1630,0.0
77,1630,0.0
78,1630,0.0
79,1630,0.0
80,1630,0.0
81,1630,3.0
82,1630,0.0
83,1630,0.0
84,1630,8.0
85,1630,36.0
86,1630,0.0
87,1630,0.0
88,1630,0.0
89,1630,0.0
90,1630,1.0
91,1630,4.0
92,1630,17.0
93,1630,0.0
94,1630,4.0
95,1630,2.0
96,1630,11.0
97,1630,0.0
98,1630,8.0
99,1630,1.0
100,1630,2.0
101,1630,0.0
102,1630,0.0
103,1630,0.0
104,1630,5.0
105,1630,2.0
106,1630,0.0
107,1630,1.0
108,1630,0.0
109,1630,3.0
110,1630,4.0
111,1630,2.0
112,1630,1.0
113,1630,0.0
114,1630,3.0
115,1630,0.0
116,1630,2.0
117,1630,1.0
118,1630,0.0
119,1630,6.0
120,1630,0.0
121,1630,0.0
122,1630,1.0
123,1630,2.0
124,1630,1.0
125,1630,1.0
126,1630,0.0
127,1630,2.0
128,1630,0.0
129,1630,3.0
130,1630,1.0
131,1630,1.0
132,1630,0.0
133,1630,0.0
134,1630,0.0
135,1630,0.0
136,1630,2.0
137,1630,1.0
138,1630,0.0
139,1630,0.0
140,1630,1.0
141,1630,1.0
142,1630,0.0
143,1630,0.0
144,1630,1.0
145,1630,0.0
146,1630,2.0
147,1630,2.0
148,1630,0.0
149,1630,0.0
150,1630,16.0
151,1630,18.0
152,1630,17.0
153,1630,1.0
154,1630,0.0
155,1630,1.0
156,1630,1.0
157,1630,0.0
158,1630,2.0
159,1630,5.0
160,1630,4.0
161,1630,2.0
162,1630,9.0
163,1630,17.0
164,1630,2.0
165,1630,0.0
166,1630,1.0
167,1630,7.0
168,1630,9.0
169,1630,4.0
170,1630,3.0
171,1630,0.0
172,1630,1.0
173,1630,2.0
174,1630,0.0
175,1630,1.0
176,1630,0.0
177,1630,2.0
178,1630,0.0
179,1630,0.0
180,1630,0.0
181,1630,0.0
182,1630,5.0
183,1630,0.0
184,1630,0.0
185,1630,0.0
186,1630,0.0
187,1630,0.0
188,1630,4.0
189,1630,0.0
190,1630,0.0
191,1630,1.0
192,1630,0.0
193,1630,0.0
194,1630,3.0
195,1630,2.0
196,1630,0.0
197,1630,0.0
198,1630,0.0
199,1630,0.0
0,1631,5.0
1,1631,1.0
2,1631,13.0
3,1631,0.0
4,1631,0.0
5,1631,0.0
6,1631,1.0
7,1631,1.0
8,1631,0.0
9,1631,2.0
10,1631,24.0
11,1631,1.0
12,1631,0.0
13,1631,2.0
14,1631,0.0
15,1631,5.0
16,1631,0.0
17,1631,1.0
18,1631,2.0
19,1631,2.0
20,1631,0.0
21,1631,0.0
22,1631,0.0
23,1631,0.0
24,1631,2.0
25,1631,0.0
26,1631,0.0
27,1631,0.0
28,1631,1.0
29,1631,0.0
30,1631,5.0
31,1631,2.0
32,1631,2.0
33,1631,0.0
34,1631,0.0
35,1631,6.0
36,1631,0.0
37,1631,2.0
38,1631,0.0
39,1631,3.0
40,1631,0.0
41,1631,0.0
42,1631,0.0
43,1631,1.0
44,1631,0.0
45,1631,0.0
46,1631,4.0
47,1631,0.0
48,1631,1.0
49,1631,1.0
50,1631,1.0
51,1631,0.0
52,1631,4.0
53,1631,40.0
54,1631,0.0
55,1631,0.0
56,1631,2.0
57,1631,0.0
58,1631,2.0
59,1631,4.0
60,1631,0.0
61,1631,30.0
62,1631,3.0
63,1631,1.0
64,1631,0.0
65,1631,0.0
66,1631,4.0
67,1631,3.0
68,1631,2.0
69,1631,1.0
70,1631,4.0
71,1631,7.0
72,1631,7.0
73,1631,0.0
74,1631,0.0
75,1631,1.0
76,1631,0.0
77,1631,5.0
78,1631,0.0
79,1631,0.0
80,1631,0.0
81,1631,3.0
82,1631,0.0
83,1631,0.0
84,1631,7.0
85,1631,52.0
86,1631,0.0
87,1631,0.0
88,1631,0.0
89,1631,0.0
90,1631,0.0
91,1631,4.0
92,1631,12.0
93,1631,0.0
94,1631,2.0
95,1631,4.0
96,1631,8.0
97,1631,0.0
98,1631,6.0
99,1631,1.0
100,1631,3.0
101,1631,0.0
102,1631,0.0
103,1631,0.0
104,1631,7.0
105,1631,1.0
106,1631,0.0
107,1631,1.0
108,1631,3.0
109,1631,5.0
110,1631,5.0
111,1631,3.0
112,1631,3.0
113,1631,0.0
114,1631,2.0
115,1631,0.0
116,1631,1.0
117,1631,2.0
118,1631,0.0
119,1631,2.0
120,1631,1.0
121,1631,1.0
122,1631,1.0
123,1631,2.0
124,1631,0.0
125,1631,1.0
126,1631,3.0
127,1631,2.0
128,1631,0.0
129,1631,1.0
130,1631,2.0
131,1631,0.0
132,1631,0.0
133,1631,0.0
134,1631,0.0
135,1631,0.0
136,1631,0.0
137,1631,1.0
138,1631,0.0
139,1631,0.0
140,1631,0.0
141,1631,0.0
142,1631,0.0
143,1631,3.0
144,1631,1.0
145,1631,1.0
146,1631,1.0
147,1631,2.0
148,1631,1.0
149,1631,0.0
150,1631,9.0
151,1631,15.0
152,1631,13.0
153,1631,1.0
154,1631,0.0
155,1631,1.0
156,1631,0.0
157,1631,0.0
158,1631,2.0
159,1631,3.0
160,1631,4.0
161,1631,2.0
162,1631,8.0
163,1631,12.0
164,1631,0.0
165,1631,0.0
166,1631,3.0
167,1631,13.0
168,1631,9.0
169,1631,7.0
170,1631,1.0
171,1631,6.0
172,1631,0.0
173,1631,0.0
174,1631,0.0
175,1631,5.0
176,1631,1.0
177,1631,1.0
178,1631,2.0
179,1631,0.0
180,1631,0.0
181,1631,0.0
182,1631,2.0
183,1631,0.0
184,1631,0.0
185,1631,0.0
186,1631,0.0
187,1631,0.0
188,1631,3.0
189,1631,0.0
190,1631,0.0
191,1631,0.0
192,1631,0.0
193,1631,1.0
194,1631,2.0
195,1631,0.0
196,1631,0.0
197,1631,0.0
198,1631,0.0
199,1631,0.0
0,1632,0.0
1,1632,0.0
2,1632,10.0
3,1632,0.0
4,1632,0.0
5,1632,0.0
6,1632,2.0
7,1632,0.0
8,1632,0.0
9,1632,3.0
10,1632,8.0
11,1632,1.0
12,1632,0.0
13,1632,1.0
14,1632,0.0
15,1632,6.0
16,1632,0.0
17,1632,0.0
18,1632,0.0
19,1632,0.0
20,1632,0.0
21,1632,0.0
22,1632,0.0
23,1632,1.0
24,1632,3.0
25,1632,0.0
26,1632,3.0
27,1632,2.0
28,1632,1.0
29,1632,1.0
30,1632,2.0
31,1632,4.0
32,1632,1.0
33,1632,2.0
34,1632,0.0
35,1632,5.0
36,1632,0.0
37,1632,2.0
38,1632,0.0
39,1632,3.0
40,1632,0.0
41,1632,2.0
42,1632,0.0
43,1632,0.0
44,1632,1.0
45,1632,2.0
46,1632,3.0
47,1632,0.0
48,1632,3.0
49,1632,1.0
50,1632,1.0
51,1632,0.0
52,1632,5.0
53,1632,20.0
54,1632,0.0
55,1632,0.0
56,1632,2.0
57,1632,0.0
58,1632,0.0
59,1632,2.0
60,1632,0.0
61,1632,46.0
62,1632,5.0
63,1632,3.0
64,1632,2.0
65,1632,2.0
66,1632,1.0
67,1632,3.0
68,1632,6.0
69,1632,0.0
70,1632,1.0
71,1632,1.0
72,1632,15.0
73,1632,0.0
74,1632,0.0
75,1632,0.0
76,1632,0.0
77,1632,1.0
78,1632,0.0
79,1632,0.0
80,1632,0.0
81,1632,3.0
82,1632,0.0
83,1632,0.0
84,1632,5.0
85,1632,44.0
86,1632,0.0
87,1632,0.0
88,1632,1.0
89,1632,1.0
90,1632,1.0
91,1632,4.0
92,1632,7.0
93,1632,0.0
94,1632,0.0
95,1632,8.0
96,1632,8.0
97,1632,1.0
98,1632,3.0
99,1632,0.0
100,1632,0.0
101,1632,0.0
102,1632,0.0
103,1632,0.0
104,1632,9.0
105,1632,0.0
106,1632,0.0
107,1632,0.0
108,1632,0.0
109,1632,8.0
110,1632,6.0
111,1632,7.0
112,1632,1.0
113,1632,0.0
114,1632,2.0
115,1632,0.0
116,1632,0.0
117,1632,2.0
118,1632,0.0
119,1632,7.0
120,1632,0.0
121,1632,0.0
122,1632,2.0
123,1632,2.0
124,1632,5.0
125,1632,3.0
126,1632,3.0
127,1632,1.0
128,1632,0.0
129,1632,5.0
130,1632,6.0
131,1632,2.0
132,1632,3.0
133,1632,0.0
134,1632,1.0
135,1632,0.0
136,1632,2.0
137,1632,1.0
138,1632,0.0
139,1632,0.0
140,1632,0.0
141,1632,2.0
142,1632,0.0
143,1632,3.0
144,1632,2.0
145,1632,4.0
146,1632,1.0
147,1632,3.0
148,1632,0.0
149,1632,3.0
150,1632,16.0
151,1632,21.0
152,1632,5.0
153,1632,3.0
154,1632,1.0
155,1632,0.0
156,1632,0.0
157,1632,0.0
158,1632,2.0
159,1632,6.0
160,1632,11.0
161,1632,3.0
162,1632,10.0
163,1632,8.0
164,1632,3.0
165,1632,0.0
166,1632,7.0
167,1632,6.0
168,1632,12.0
169,1632,7.0
170,1632,0.0
171,1632,4.0
172,1632,0.0
173,1632,10.0
174,1632,0.0
175,1632,0.0
176,1632,0.0
177,1632,4.0
178,1632,1.0
179,1632,1.0
180,1632,0.0
181,1632,0.0
182,1632,3.0
183,1632,0.0
184,1632,1.0
185,1632,1.0
186,1632,1.0
187,1632,0.0
188,1632,0.0
189,1632,1.0
190,1632,0.0
191,1632,1.0
192,1632,1.0
193,1632,0.0
194,1632,3.0
195,1632,1.0
196,1632,0.0
197,1632,0.0
198,1632,2.0
199,1632,0.0
0,1633,1.0
1,1633,0.0
2,1633,18.0
3,1633,0.0
4,1633,0.0
5,1633,0.0
6,1633,0.0
7,1633,1.0
8,1633,0.0
9,1633,3.0
10,1633,21.0
11,1633,0.0
12,1633,0.0
13,1633,0.0
14,1633,0.0
15,1633,0.0
16,1633,0.0
17,1633,1.0
18,1633,0.0
19,1633,0.0
20,1633,0.0
21,1633,0.0
22,1633,0.0
23,1633,0.0
24,1633,4.0
25,1633,1.0
26,1633,1.0
27,1633,0.0
28,1633,4.0
29,1633,0.0
30,1633,4.0
31,1633,1.0
32,1633,1.0
33,1633,9.0
34,1633,0.0
35,1633,8.0
36,1633,0.0
37,1633,4.0
38,1633,1.0
39,1633,3.0
40,1633,0.0
41,1633,3.0
42,1633,2.0
43,1633,0.0
44,1633,0.0
45,1633,3.0
46,1633,4.0
47,1633,4.0
48,1633,1.0
49,1633,1.0
50,1633,1.0
51,1633,0.0
52,1633,1.0
53,1633,10.0
54,1633,0.0
55,1633,0.0
56,1633,0.0
57,1633,0.0
58,1633,0.0
59,1633,0.0
60,1633,0.0
61,1633,48.0
62,1633,4.0
63,1633,1.0
64,1633,5.0
65,1633,0.0
66,1633,2.0
67,1633,5.0
68,1633,5.0
69,1633,0.0
70,1633,2.0
71,1633,4.0
72,1633,36.0
73,1633,0.0
74,1633,0.0
75,1633,0.0
76,1633,0.0
77,1633,1.0
78,1633,0.0
79,1633,0.0
80,1633,0.0
81,1633,2.0
82,1633,0.0
83,1633,0.0
84,1633,5.0
85,1633,74.0
86,1633,0.0
87,1633,0.0
88,1633,1.0
89,1633,0.0
90,1633,1.0
91,1633,7.0
92,1633,17.0
93,1633,1.0
94,1633,2.0
95,1633,15.0
96,1633,9.0
97,1633,0.0
98,1633,4.0
99,1633,1.0
100,1633,0.0
101,1633,1.0
102,1633,0.0
103,1633,0.0
104,1633,8.0
105,1633,0.0
106,1633,0.0
107,1633,2.0
108,1633,0.0
109,1633,6.0
110,1633,6.0
111,1633,2.0
112,1633,3.0
113,1633,0.0
114,1633,3.0
115,1633,0.0
116,1633,2.0
117,1633,2.0
118,1633,0.0
119,1633,5.0
120,1633,0.0
121,1633,0.0
122,1633,3.0
123,1633,0.0
124,1633,1.0
125,1633,1.0
126,1633,1.0
127,1633,0.0
128,1633,0.0
129,1633,1.0
130,1633,4.0
131,1633,4.0
132,1633,2.0
133,1633,0.0
134,1633,3.0
135,1633,0.0
136,1633,2.0
137,1633,1.0
138,1633,0.0
139,1633,0.0
140,1633,0.0
141,1633,0.0
142,1633,0.0
143,1633,3.0
144,1633,3.0
145,1633,4.0
146,1633,2.0
147,1633,2.0
148,1633,1.0
149,1633,3.0
150,1633,28.0
151,1633,41.0
152,1633,21.0
153,1633,2.0
154,1633,1.0
155,1633,4.0
156,1633,0.0
157,1633,2.0
158,1633,2.0
159,1633,3.0
160,1633,6.0
161,1633,5.0
162,1633,14.0
163,1633,20.0
164,1633,3.0
165,1633,0.0
166,1633,5.0
167,1633,9.0
168,1633,18.0
169,1633,12.0
170,1633,0.0
171,1633,9.0
172,1633,2.0
173,1633,2.0
174,1633,0.0
175,1633,4.0
176,1633,1.0
177,1633,2.0
178,1633,0.0
179,1633,0.0
180,1633,3.0
181,1633,0.0
182,1633,4.0
183,1633,0.0
184,1633,4.0
185,1633,0.0
186,1633,0.0
187,1633,0.0
188,1633,0.0
189,1633,0.0
190,1633,0.0
191,1633,0.0
192,1633,0.0
193,1633,0.0
194,1633,2.0
195,1633,1.0
196,1633,2.0
197,1633,0.0
198,1633,1.0
199,1633,2.0
0,1634,0.0
1,1634,0.0
2,1634,10.0
3,1634,2.0
4,1634,0.0
5,1634,0.0
6,1634,1.0
7,1634,1.0
8,1634,0.0
9,1634,3.0
10,1634,6.0
11,1634,0.0
12,1634,0.0
13,1634,0.0
14,1634,0.0
15,1634,4.0
16,1634,0.0
17,1634,1.0
18,1634,0.0
19,1634,1.0
20,1634,0.0
21,1634,0.0
22,1634,0.0
23,1634,0.0
24,1634,1.0
25,1634,1.0
26,1634,1.0
27,1634,0.0
28,1634,3.0
29,1634,0.0
30,1634,5.0
31,1634,1.0
32,1634,1.0
33,1634,3.0
34,1634,0.0
35,1634,5.0
36,1634,0.0
37,1634,2.0
38,1634,0.0
39,1634,2.0
40,1634,0.0
41,1634,3.0
42,1634,0.0
43,1634,0.0
44,1634,0.0
45,1634,2.0
46,1634,1.0
47,1634,2.0
48,1634,3.0
49,1634,3.0
50,1634,0.0
51,1634,0.0
52,1634,4.0
53,1634,8.0
54,1634,0.0
55,1634,0.0
56,1634,0.0
57,1634,0.0
58,1634,0.0
59,1634,1.0
60,1634,1.0
61,1634,24.0
62,1634,1.0
63,1634,1.0
64,1634,0.0
65,1634,0.0
66,1634,0.0
67,1634,7.0
68,1634,5.0
69,1634,2.0
70,1634,0.0
71,1634,1.0
72,1634,13.0
73,1634,0.0
74,1634,0.0
75,1634,2.0
76,1634,0.0
77,1634,0.0
78,1634,0.0
79,1634,0.0
80,1634,0.0
81,1634,2.0
82,1634,0.0
83,1634,0.0
84,1634,3.0
85,1634,51.0
86,1634,0.0
87,1634,0.0
88,1634,0.0
89,1634,0.0
90,1634,1.0
91,1634,2.0
92,1634,9.0
93,1634,0.0
94,1634,3.0
95,1634,7.0
96,1634,6.0
97,1634,0.0
98,1634,2.0
99,1634,0.0
100,1634,0.0
101,1634,0.0
102,1634,0.0
103,1634,0.0
104,1634,10.0
105,1634,0.0
106,1634,0.0
107,1634,1.0
108,1634,5.0
109,1634,3.0
110,1634,1.0
111,1634,3.0
112,1634,3.0
113,1634,0.0
114,1634,0.0
115,1634,0.0
116,1634,3.0
117,1634,0.0
118,1634,0.0
119,1634,7.0
120,1634,1.0
121,1634,1.0
122,1634,0.0
123,1634,0.0
124,1634,1.0
125,1634,0.0
126,1634,2.0
127,1634,2.0
128,1634,0.0
129,1634,2.0
130,1634,6.0
131,1634,2.0
132,1634,0.0
133,1634,2.0
134,1634,1.0
135,1634,0.0
136,1634,0.0
137,1634,1.0
138,1634,0.0
139,1634,0.0
140,1634,1.0
141,1634,1.0
142,1634,1.0
143,1634,1.0
144,1634,4.0
145,1634,2.0
146,1634,0.0
147,1634,2.0
148,1634,1.0
149,1634,0.0
150,1634,15.0
151,1634,13.0
152,1634,20.0
153,1634,1.0
154,1634,1.0
155,1634,0.0
156,1634,0.0
157,1634,2.0
158,1634,1.0
159,1634,2.0
160,1634,4.0
161,1634,2.0
162,1634,3.0
163,1634,18.0
164,1634,1.0
165,1634,0.0
166,1634,7.0
167,1634,10.0
168,1634,8.0
169,1634,8.0
170,1634,0.0
171,1634,3.0
172,1634,0.0
173,1634,0.0
174,1634,0.0
175,1634,1.0
176,1634,1.0
177,1634,0.0
178,1634,1.0
179,1634,3.0
180,1634,1.0
181,1634,2.0
182,1634,5.0
183,1634,0.0
184,1634,1.0
185,1634,0.0
186,1634,0.0
187,1634,1.0
188,1634,0.0
189,1634,0.0
190,1634,0.0
191,1634,0.0
192,1634,0.0
193,1634,2.0
194,1634,1.0
195,1634,1.0
196,1634,0.0
197,1634,0.0
198,1634,0.0
199,1634,0.0
0,1635,1.0
1,1635,2.0
2,1635,14.0
3,1635,0.0
4,1635,0.0
5,1635,0.0
6,1635,0.0
7,1635,0.0
8,1635,0.0
9,1635,1.0
10,1635,6.0
11,1635,0.0
12,1635,3.0
13,1635,1.0
14,1635,0.0
15,1635,2.0
16,1635,0.0
17,1635,0.0
18,1635,0.0
19,1635,1.0
20,1635,0.0
21,1635,0.0
22,1635,1.0
23,1635,0.0
24,1635,2.0
25,1635,0.0
26,1635,0.0
27,1635,1.0
28,1635,2.0
29,1635,1.0
30,1635,3.0
31,1635,1.0
32,1635,0.0
33,1635,8.0
34,1635,1.0
35,1635,3.0
36,1635,0.0
37,1635,4.0
38,1635,0.0
39,1635,3.0
40,1635,0.0
41,1635,0.0
42,1635,0.0
43,1635,0.0
44,1635,0.0
45,1635,1.0
46,1635,1.0
47,1635,2.0
48,1635,0.0
49,1635,2.0
50,1635,0.0
51,1635,0.0
52,1635,2.0
53,1635,68.0
54,1635,0.0
55,1635,0.0
56,1635,0.0
57,1635,0.0
58,1635,0.0
59,1635,2.0
60,1635,1.0
61,1635,23.0
62,1635,2.0
63,1635,0.0
64,1635,1.0
65,1635,0.0
66,1635,0.0
67,1635,3.0
68,1635,2.0
69,1635,0.0
70,1635,4.0
71,1635,0.0
72,1635,5.0
73,1635,0.0
74,1635,0.0
75,1635,1.0
76,1635,0.0
77,1635,0.0
78,1635,0.0
79,1635,0.0
80,1635,0.0
81,1635,2.0
82,1635,0.0
83,1635,0.0
84,1635,5.0
85,1635,40.0
86,1635,0.0
87,1635,0.0
88,1635,0.0
89,1635,1.0
90,1635,0.0
91,1635,3.0
92,1635,12.0
93,1635,0.0
94,1635,4.0
95,1635,2.0
96,1635,5.0
97,1635,0.0
98,1635,4.0
99,1635,0.0
100,1635,0.0
101,1635,0.0
102,1635,0.0
103,1635,0.0
104,1635,3.0
105,1635,0.0
106,1635,0.0
107,1635,4.0
108,1635,6.0
109,1635,5.0
110,1635,2.0
111,1635,2.0
112,1635,2.0
113,1635,0.0
114,1635,0.0
115,1635,1.0
116,1635,0.0
117,1635,1.0
118,1635,0.0
119,1635,1.0
120,1635,0.0
121,1635,0.0
122,1635,0.0
123,1635,0.0
124,1635,4.0
125,1635,0.0
126,1635,4.0
127,1635,0.0
128,1635,0.0
129,1635,5.0
130,1635,2.0
131,1635,2.0
132,1635,8.0
133,1635,0.0
134,1635,1.0
135,1635,0.0
136,1635,0.0
137,1635,1.0
138,1635,0.0
139,1635,0.0
140,1635,0.0
141,1635,2.0
142,1635,1.0
143,1635,0.0
144,1635,0.0
145,1635,0.0
146,1635,0.0
147,1635,2.0
148,1635,0.0
149,1635,0.0
150,1635,11.0
151,1635,8.0
152,1635,9.0
153,1635,1.0
154,1635,2.0
155,1635,1.0
156,1635,0.0
157,1635,0.0
158,1635,2.0
159,1635,2.0
160,1635,4.0
161,1635,1.0
162,1635,10.0
163,1635,2.0
164,1635,2.0
165,1635,0.0
166,1635,2.0
167,1635,6.0
168,1635,9.0
169,1635,6.0
170,1635,1.0
171,1635,1.0
172,1635,1.0
173,1635,0.0
174,1635,0.0
175,1635,1.0
176,1635,1.0
177,1635,1.0
178,1635,1.0
179,1635,0.0
180,1635,0.0
181,1635,1.0
182,1635,1.0
183,1635,0.0
184,1635,0.0
185,1635,0.0
186,1635,0.0
187,1635,1.0
188,1635,1.0
189,1635,0.0
190,1635,0.0
191,1635,0.0
192,1635,0.0
193,1635,0.0
194,1635,2.0
195,1635,1.0
196,1635,3.0
197,1635,0.0
198,1635,2.0
199,1635,0.0
0,1636,0.0
1,1636,1.0
2,1636,10.0
3,1636,1.0
4,1636,3.0
5,1636,0.0
6,1636,0.0
7,1636,0.0
8,1636,0.0
9,1636,3.0
10,1636,11.0
11,1636,0.0
12,1636,0.0
13,1636,0.0
14,1636,0.0
15,1636,9.0
16,1636,0.0
17,1636,1.0
18,1636,1.0
19,1636,0.0
20,1636,0.0
21,1636,0.0
22,1636,5.0
23,1636,1.0
24,1636,4.0
25,1636,1.0
26,1636,1.0
27,1636,0.0
28,1636,0.0
29,1636,0.0
30,1636,2.0
31,1636,2.0
32,1636,4.0
33,1636,1.0
34,1636,0.0
35,1636,6.0
36,1636,1.0
37,1636,3.0
38,1636,0.0
39,1636,1.0
40,1636,0.0
41,1636,1.0
42,1636,4.0
43,1636,0.0
44,1636,1.0
45,1636,1.0
46,1636,4.0
47,1636,0.0
48,1636,2.0
49,1636,1.0
50,1636,0.0
51,1636,0.0
52,1636,0.0
53,1636,54.0
54,1636,0.0
55,1636,0.0
56,1636,2.0
57,1636,0.0
58,1636,2.0
59,1636,4.0
60,1636,0.0
61,1636,26.0
62,1636,2.0
63,1636,0.0
64,1636,0.0
65,1636,1.0
66,1636,1.0
67,1636,8.0
68,1636,0.0
69,1636,0.0
70,1636,2.0
71,1636,5.0
72,1636,17.0
73,1636,0.0
74,1636,0.0
75,1636,0.0
76,1636,0.0
77,1636,1.0
78,1636,0.0
79,1636,0.0
80,1636,0.0
81,1636,2.0
82,1636,0.0
83,1636,0.0
84,1636,2.0
85,1636,29.0
86,1636,0.0
87,1636,0.0
88,1636,0.0
89,1636,0.0
90,1636,1.0
91,1636,1.0
92,1636,16.0
93,1636,1.0
94,1636,0.0
95,1636,9.0
96,1636,4.0
97,1636,0.0
98,1636,0.0
99,1636,1.0
100,1636,0.0
101,1636,0.0
102,1636,0.0
103,1636,0.0
104,1636,1.0
105,1636,0.0
106,1636,0.0
107,1636,0.0
108,1636,2.0
109,1636,4.0
110,1636,2.0
111,1636,1.0
112,1636,3.0
113,1636,3.0
114,1636,2.0
115,1636,0.0
116,1636,0.0
117,1636,2.0
118,1636,0.0
119,1636,5.0
120,1636,0.0
121,1636,0.0
122,1636,4.0
123,1636,1.0
124,1636,0.0
125,1636,1.0
126,1636,5.0
127,1636,0.0
128,1636,0.0
129,1636,1.0
130,1636,7.0
131,1636,1.0
132,1636,1.0
133,1636,2.0
134,1636,0.0
135,1636,0.0
136,1636,0.0
137,1636,0.0
138,1636,2.0
139,1636,0.0
140,1636,0.0
141,1636,2.0
142,1636,0.0
143,1636,2.0
144,1636,2.0
145,1636,1.0
146,1636,1.0
147,1636,3.0
148,1636,0.0
149,1636,0.0
150,1636,11.0
151,1636,13.0
152,1636,13.0
153,1636,0.0
154,1636,0.0
155,1636,0.0
156,1636,0.0
157,1636,3.0
158,1636,2.0
159,1636,2.0
160,1636,7.0
161,1636,3.0
162,1636,6.0
163,1636,9.0
164,1636,1.0
165,1636,0.0
166,1636,4.0
167,1636,6.0
168,1636,4.0
169,1636,5.0
170,1636,0.0
171,1636,0.0
172,1636,0.0
173,1636,0.0
174,1636,0.0
175,1636,4.0
176,1636,1.0
177,1636,1.0
178,1636,0.0
179,1636,0.0
180,1636,0.0
181,1636,0.0
182,1636,1.0
183,1636,1.0
184,1636,0.0
185,1636,0.0
186,1636,0.0
187,1636,2.0
188,1636,1.0
189,1636,1.0
190,1636,0.0
191,1636,0.0
192,1636,0.0
193,1636,1.0
194,1636,2.0
195,1636,0.0
196,1636,0.0
197,1636,0.0
198,1636,0.0
199,1636,0.0
0,1637,3.0
1,1637,1.0
2,1637,15.0
3,1637,0.0
4,1637,0.0
5,1637,0.0
6,1637,1.0
7,1637,1.0
8,1637,0.0
9,1637,0.0
10,1637,21.0
11,1637,0.0
12,1637,0.0
13,1637,2.0
14,1637,0.0
15,1637,12.0
16,1637,0.0
17,1637,1.0
18,1637,0.0
19,1637,1.0
20,1637,0.0
21,1637,0.0
22,1637,0.0
23,1637,0.0
24,1637,3.0
25,1637,2.0
26,1637,0.0
27,1637,0.0
28,1637,0.0
29,1637,0.0
30,1637,2.0
31,1637,0.0
32,1637,0.0
33,1637,3.0
34,1637,0.0
35,1637,2.0
36,1637,0.0
37,1637,6.0
38,1637,0.0
39,1637,1.0
40,1637,0.0
41,1637,2.0
42,1637,1.0
43,1637,2.0
44,1637,0.0
45,1637,0.0
46,1637,0.0
47,1637,2.0
48,1637,1.0
49,1637,2.0
50,1637,1.0
51,1637,0.0
52,1637,2.0
53,1637,44.0
54,1637,0.0
55,1637,0.0
56,1637,0.0
57,1637,0.0
58,1637,1.0
59,1637,0.0
60,1637,0.0
61,1637,24.0
62,1637,0.0
63,1637,0.0
64,1637,0.0
65,1637,2.0
66,1637,4.0
67,1637,0.0
68,1637,4.0
69,1637,0.0
70,1637,1.0
71,1637,2.0
72,1637,7.0
73,1637,0.0
74,1637,0.0
75,1637,0.0
76,1637,0.0
77,1637,2.0
78,1637,0.0
79,1637,0.0
80,1637,0.0
81,1637,0.0
82,1637,0.0
83,1637,0.0
84,1637,8.0
85,1637,32.0
86,1637,0.0
87,1637,0.0
88,1637,0.0
89,1637,0.0
90,1637,0.0
91,1637,2.0
92,1637,2.0
93,1637,1.0
94,1637,3.0
95,1637,9.0
96,1637,7.0
97,1637,0.0
98,1637,2.0
99,1637,0.0
100,1637,1.0
101,1637,0.0
102,1637,0.0
103,1637,0.0
104,1637,7.0
105,1637,0.0
106,1637,0.0
107,1637,3.0
108,1637,2.0
109,1637,7.0
110,1637,1.0
111,1637,2.0
112,1637,3.0
113,1637,2.0
114,1637,1.0
115,1637,0.0
116,1637,0.0
117,1637,1.0
118,1637,0.0
119,1637,3.0
120,1637,1.0
121,1637,2.0
122,1637,2.0
123,1637,2.0
124,1637,2.0
125,1637,0.0
126,1637,1.0
127,1637,0.0
128,1637,0.0
129,1637,0.0
130,1637,6.0
131,1637,2.0
132,1637,1.0
133,1637,0.0
134,1637,0.0
135,1637,0.0
136,1637,1.0
137,1637,0.0
138,1637,1.0
139,1637,0.0
140,1637,0.0
141,1637,0.0
142,1637,0.0
143,1637,2.0
144,1637,3.0
145,1637,2.0
146,1637,0.0
147,1637,3.0
148,1637,0.0
149,1637,2.0
150,1637,13.0
151,1637,13.0
152,1637,7.0
153,1637,2.0
154,1637,1.0
155,1637,0.0
156,1637,0.0
157,1637,1.0
158,1637,0.0
159,1637,2.0
160,1637,1.0
161,1637,1.0
162,1637,3.0
163,1637,8.0
164,1637,2.0
165,1637,0.0
166,1637,1.0
167,1637,5.0
168,1637,5.0
169,1637,9.0
170,1637,0.0
171,1637,0.0
172,1637,0.0
173,1637,0.0
174,1637,0.0
175,1637,1.0
176,1637,2.0
177,1637,5.0
178,1637,2.0
179,1637,0.0
180,1637,1.0
181,1637,2.0
182,1637,3.0
183,1637,0.0
184,1637,4.0
185,1637,0.0
186,1637,0.0
187,1637,0.0
188,1637,1.0
189,1637,0.0
190,1637,0.0
191,1637,0.0
192,1637,0.0
193,1637,1.0
194,1637,0.0
195,1637,0.0
196,1637,0.0
197,1637,0.0
198,1637,0.0
199,1637,0.0
0,1638,1.0
1,1638,0.0
2,1638,7.0
3,1638,0.0
4,1638,4.0
5,1638,0.0
6,1638,2.0
7,1638,0.0
8,1638,0.0
9,1638,6.0
10,1638,11.0
11,1638,0.0
12,1638,0.0
13,1638,1.0
14,1638,0.0
15,1638,6.0
16,1638,0.0
17,1638,0.0
18,1638,0.0
19,1638,0.0
20,1638,0.0
21,1638,0.0
22,1638,2.0
23,1638,0.0
24,1638,0.0
25,1638,0.0
26,1638,0.0
27,1638,1.0
28,1638,3.0
29,1638,0.0
30,1638,4.0
31,1638,1.0
32,1638,1.0
33,1638,6.0
34,1638,0.0
35,1638,1.0
36,1638,0.0
37,1638,0.0
38,1638,0.0
39,1638,2.0
40,1638,0.0
41,1638,0.0
42,1638,0.0
43,1638,1.0
44,1638,1.0
45,1638,0.0
46,1638,2.0
47,1638,0.0
48,1638,2.0
49,1638,0.0
50,1638,0.0
51,1638,0.0
52,1638,2.0
53,1638,50.0
54,1638,0.0
55,1638,1.0
56,1638,0.0
57,1638,0.0
58,1638,1.0
59,1638,6.0
60,1638,0.0
61,1638,31.0
62,1638,10.0
63,1638,1.0
64,1638,0.0
65,1638,1.0
66,1638,4.0
67,1638,3.0
68,1638,2.0
69,1638,0.0
70,1638,0.0
71,1638,2.0
72,1638,31.0
73,1638,0.0
74,1638,0.0
75,1638,0.0
76,1638,0.0
77,1638,5.0
78,1638,0.0
79,1638,0.0
80,1638,0.0
81,1638,2.0
82,1638,0.0
83,1638,0.0
84,1638,1.0
85,1638,61.0
86,1638,0.0
87,1638,0.0
88,1638,0.0
89,1638,0.0
90,1638,0.0
91,1638,4.0
92,1638,19.0
93,1638,0.0
94,1638,0.0
95,1638,8.0
96,1638,5.0
97,1638,2.0
98,1638,7.0
99,1638,0.0
100,1638,0.0
101,1638,0.0
102,1638,0.0
103,1638,0.0
104,1638,5.0
105,1638,4.0
106,1638,0.0
107,1638,1.0
108,1638,0.0
109,1638,4.0
110,1638,5.0
111,1638,0.0
112,1638,1.0
113,1638,1.0
114,1638,0.0
115,1638,0.0
116,1638,0.0
117,1638,2.0
118,1638,0.0
119,1638,3.0
120,1638,1.0
121,1638,3.0
122,1638,1.0
123,1638,1.0
124,1638,0.0
125,1638,1.0
126,1638,1.0
127,1638,0.0
128,1638,0.0
129,1638,2.0
130,1638,12.0
131,1638,1.0
132,1638,1.0
133,1638,0.0
134,1638,0.0
135,1638,0.0
136,1638,1.0
137,1638,1.0
138,1638,3.0
139,1638,0.0
140,1638,0.0
141,1638,0.0
142,1638,1.0
143,1638,1.0
144,1638,4.0
145,1638,2.0
146,1638,0.0
147,1638,2.0
148,1638,1.0
149,1638,2.0
150,1638,10.0
151,1638,8.0
152,1638,9.0
153,1638,1.0
154,1638,1.0
155,1638,1.0
156,1638,1.0
157,1638,1.0
158,1638,0.0
159,1638,5.0
160,1638,4.0
161,1638,2.0
162,1638,5.0
163,1638,4.0
164,1638,1.0
165,1638,0.0
166,1638,0.0
167,1638,10.0
168,1638,6.0
169,1638,2.0
170,1638,1.0
171,1638,8.0
172,1638,0.0
173,1638,0.0
174,1638,0.0
175,1638,1.0
176,1638,2.0
177,1638,1.0
178,1638,0.0
179,1638,0.0
180,1638,1.0
181,1638,1.0
182,1638,3.0
183,1638,0.0
184,1638,0.0
185,1638,0.0
186,1638,0.0
187,1638,1.0
188,1638,4.0
189,1638,1.0
190,1638,0.0
191,1638,0.0
192,1638,0.0
193,1638,0.0
194,1638,4.0
195,1638,4.0
196,1638,0.0
197,1638,0.0
198,1638,0.0
199,1638,1.0
0,1639,3.0
1,1639,1.0
2,1639,6.0
3,1639,1.0
4,1639,0.0
5,1639,0.0
6,1639,1.0
7,1639,0.0
8,1639,0.0
9,1639,1.0
10,1639,14.0
11,1639,0.0
12,1639,0.0
13,1639,0.0
14,1639,0.0
15,1639,7.0
16,1639,0.0
17,1639,1.0
18,1639,1.0
19,1639,1.0
20,1639,0.0
21,1639,0.0
22,1639,3.0
23,1639,1.0
24,1639,2.0
25,1639,0.0
26,1639,1.0
27,1639,1.0
28,1639,4.0
29,1639,0.0
30,1639,4.0
31,1639,1.0
32,1639,0.0
33,1639,6.0
34,1639,8.0
35,1639,0.0
36,1639,0.0
37,1639,5.0
38,1639,0.0
39,1639,1.0
40,1639,0.0
41,1639,5.0
42,1639,4.0
43,1639,0.0
44,1639,0.0
45,1639,1.0
46,1639,1.0
47,1639,4.0
48,1639,0.0
49,1639,1.0
50,1639,0.0
51,1639,0.0
52,1639,2.0
53,1639,81.0
54,1639,0.0
55,1639,0.0
56,1639,0.0
57,1639,0.0
58,1639,1.0
59,1639,2.0
60,1639,0.0
61,1639,36.0
62,1639,5.0
63,1639,3.0
64,1639,1.0
65,1639,1.0
66,1639,6.0
67,1639,2.0
68,1639,1.0
69,1639,0.0
70,1639,3.0
71,1639,4.0
72,1639,38.0
73,1639,0.0
74,1639,0.0
75,1639,0.0
76,1639,0.0
77,1639,6.0
78,1639,0.0
79,1639,0.0
80,1639,0.0
81,1639,0.0
82,1639,0.0
83,1639,1.0
84,1639,7.0
85,1639,48.0
86,1639,0.0
87,1639,0.0
88,1639,0.0
89,1639,1.0
90,1639,0.0
91,1639,3.0
92,1639,32.0
93,1639,0.0
94,1639,0.0
95,1639,13.0
96,1639,5.0
97,1639,1.0
98,1639,1.0
99,1639,2.0
100,1639,4.0
101,1639,0.0
102,1639,0.0
103,1639,0.0
104,1639,2.0
105,1639,3.0
106,1639,0.0
107,1639,0.0
108,1639,6.0
109,1639,5.0
110,1639,6.0
111,1639,2.0
112,1639,0.0
113,1639,2.0
114,1639,3.0
115,1639,0.0
116,1639,3.0
117,1639,0.0
118,1639,0.0
119,1639,5.0
120,1639,0.0
121,1639,2.0
122,1639,2.0
123,1639,1.0
124,1639,1.0
125,1639,0.0
126,1639,3.0
127,1639,2.0
128,1639,0.0
129,1639,2.0
130,1639,9.0
131,1639,0.0
132,1639,1.0
133,1639,1.0
134,1639,0.0
135,1639,0.0
136,1639,2.0
137,1639,2.0
138,1639,4.0
139,1639,0.0
140,1639,1.0
141,1639,4.0
142,1639,0.0
143,1639,2.0
144,1639,1.0
145,1639,2.0
146,1639,1.0
147,1639,4.0
148,1639,0.0
149,1639,0.0
150,1639,13.0
151,1639,14.0
152,1639,9.0
153,1639,1.0
154,1639,3.0
155,1639,0.0
156,1639,0.0
157,1639,0.0
158,1639,1.0
159,1639,4.0
160,1639,1.0
161,1639,1.0
162,1639,11.0
163,1639,12.0
164,1639,3.0
165,1639,0.0
166,1639,1.0
167,1639,8.0
168,1639,25.0
169,1639,4.0
170,1639,0.0
171,1639,4.0
172,1639,2.0
173,1639,4.0
174,1639,0.0
175,1639,2.0
176,1639,2.0
177,1639,3.0
178,1639,0.0
179,1639,1.0
180,1639,1.0
181,1639,0.0
182,1639,0.0
183,1639,0.0
184,1639,1.0
185,1639,0.0
186,1639,0.0
187,1639,0.0
188,1639,1.0
189,1639,0.0
190,1639,0.0
191,1639,0.0
192,1639,0.0
193,1639,2.0
194,1639,1.0
195,1639,2.0
196,1639,0.0
197,1639,0.0
198,1639,1.0
199,1639,0.0
0,1640,1.0
1,1640,1.0
2,1640,14.0
3,1640,0.0
4,1640,0.0
5,1640,0.0
6,1640,0.0
7,1640,0.0
8,1640,0.0
9,1640,1.0
10,1640,11.0
11,1640,0.0
12,1640,1.0
13,1640,1.0
14,1640,0.0
15,1640,2.0
16,1640,0.0
17,1640,1.0
18,1640,2.0
19,1640,1.0
20,1640,0.0
21,1640,0.0
22,1640,0.0
23,1640,0.0
24,1640,1.0
25,1640,0.0
26,1640,2.0
27,1640,0.0
28,1640,4.0
29,1640,0.0
30,1640,2.0
31,1640,2.0
32,1640,1.0
33,1640,9.0
34,1640,0.0
35,1640,8.0
36,1640,0.0
37,1640,0.0
38,1640,0.0
39,1640,2.0
40,1640,0.0
41,1640,2.0
42,1640,0.0
43,1640,2.0
44,1640,0.0
45,1640,0.0
46,1640,2.0
47,1640,1.0
48,1640,3.0
49,1640,1.0
50,1640,1.0
51,1640,0.0
52,1640,2.0
53,1640,75.0
54,1640,0.0
55,1640,0.0
56,1640,0.0
57,1640,0.0
58,1640,1.0
59,1640,0.0
60,1640,1.0
61,1640,46.0
62,1640,3.0
63,1640,1.0
64,1640,1.0
65,1640,0.0
66,1640,0.0
67,1640,2.0
68,1640,0.0
69,1640,0.0
70,1640,1.0
71,1640,3.0
72,1640,70.0
73,1640,0.0
74,1640,2.0
75,1640,0.0
76,1640,0.0
77,1640,2.0
78,1640,0.0
79,1640,0.0
80,1640,0.0
81,1640,2.0
82,1640,0.0
83,1640,0.0
84,1640,2.0
85,1640,71.0
86,1640,0.0
87,1640,0.0
88,1640,0.0
89,1640,1.0
90,1640,0.0
91,1640,0.0
92,1640,25.0
93,1640,0.0
94,1640,2.0
95,1640,8.0
96,1640,7.0
97,1640,0.0
98,1640,4.0
99,1640,0.0
100,1640,3.0
101,1640,0.0
102,1640,0.0
103,1640,0.0
104,1640,7.0
105,1640,0.0
106,1640,0.0
107,1640,5.0
108,1640,2.0
109,1640,9.0
110,1640,2.0
111,1640,9.0
112,1640,1.0
113,1640,1.0
114,1640,2.0
115,1640,0.0
116,1640,1.0
117,1640,0.0
118,1640,0.0
119,1640,6.0
120,1640,1.0
121,1640,2.0
122,1640,1.0
123,1640,1.0
124,1640,1.0
125,1640,0.0
126,1640,1.0
127,1640,5.0
128,1640,0.0
129,1640,0.0
130,1640,8.0
131,1640,2.0
132,1640,0.0
133,1640,1.0
134,1640,1.0
135,1640,0.0
136,1640,1.0
137,1640,1.0
138,1640,8.0
139,1640,0.0
140,1640,2.0
141,1640,0.0
142,1640,0.0
143,1640,5.0
144,1640,0.0
145,1640,4.0
146,1640,3.0
147,1640,3.0
148,1640,1.0
149,1640,2.0
150,1640,24.0
151,1640,11.0
152,1640,11.0
153,1640,3.0
154,1640,0.0
155,1640,0.0
156,1640,0.0
157,1640,3.0
158,1640,1.0
159,1640,4.0
160,1640,5.0
161,1640,3.0
162,1640,16.0
163,1640,11.0
164,1640,1.0
165,1640,0.0
166,1640,5.0
167,1640,10.0
168,1640,14.0
169,1640,4.0
170,1640,0.0
171,1640,12.0
172,1640,1.0
173,1640,0.0
174,1640,0.0
175,1640,4.0
176,1640,0.0
177,1640,3.0
178,1640,0.0
179,1640,0.0
180,1640,3.0
181,1640,0.0
182,1640,5.0
183,1640,0.0
184,1640,4.0
185,1640,0.0
186,1640,0.0
187,1640,0.0
188,1640,5.0
189,1640,0.0
190,1640,0.0
191,1640,0.0
192,1640,1.0
193,1640,3.0
194,1640,3.0
195,1640,1.0
196,1640,1.0
197,1640,1.0
198,1640,1.0
199,1640,0.0
0,1641,0.0
1,1641,0.0
2,1641,8.0
3,1641,0.0
4,1641,1.0
5,1641,0.0
6,1641,2.0
7,1641,1.0
8,1641,0.0
9,1641,5.0
10,1641,6.0
11,1641,0.0
12,1641,0.0
13,1641,0.0
14,1641,0.0
15,1641,4.0
16,1641,0.0
17,1641,0.0
18,1641,0.0
19,1641,0.0
20,1641,0.0
21,1641,1.0
22,1641,1.0
23,1641,0.0
24,1641,3.0
25,1641,1.0
26,1641,0.0
27,1641,0.0
28,1641,2.0
29,1641,0.0
30,1641,2.0
31,1641,1.0
32,1641,1.0
33,1641,0.0
34,1641,0.0
35,1641,2.0
36,1641,0.0
37,1641,1.0
38,1641,0.0
39,1641,1.0
40,1641,0.0
41,1641,0.0
42,1641,1.0
43,1641,0.0
44,1641,0.0
45,1641,0.0
46,1641,2.0
47,1641,3.0
48,1641,0.0
49,1641,1.0
50,1641,0.0
51,1641,0.0
52,1641,0.0
53,1641,69.0
54,1641,0.0
55,1641,0.0
56,1641,0.0
57,1641,0.0
58,1641,1.0
59,1641,5.0
60,1641,2.0
61,1641,31.0
62,1641,2.0
63,1641,1.0
64,1641,1.0
65,1641,0.0
66,1641,8.0
67,1641,4.0
68,1641,3.0
69,1641,1.0
70,1641,0.0
71,1641,2.0
72,1641,52.0
73,1641,0.0
74,1641,0.0
75,1641,1.0
76,1641,0.0
77,1641,1.0
78,1641,0.0
79,1641,0.0
80,1641,0.0
81,1641,1.0
82,1641,0.0
83,1641,0.0
84,1641,0.0
85,1641,41.0
86,1641,0.0
87,1641,0.0
88,1641,0.0
89,1641,0.0
90,1641,0.0
91,1641,3.0
92,1641,18.0
93,1641,0.0
94,1641,3.0
95,1641,4.0
96,1641,2.0
97,1641,1.0
98,1641,1.0
99,1641,0.0
100,1641,0.0
101,1641,1.0
102,1641,0.0
103,1641,0.0
104,1641,6.0
105,1641,4.0
106,1641,0.0
107,1641,0.0
108,1641,0.0
109,1641,1.0
110,1641,7.0
111,1641,3.0
112,1641,2.0
113,1641,5.0
114,1641,0.0
115,1641,0.0
116,1641,3.0
117,1641,0.0
118,1641,0.0
119,1641,4.0
120,1641,0.0
121,1641,0.0
122,1641,1.0
123,1641,0.0
124,1641,1.0
125,1641,1.0
126,1641,4.0
127,1641,4.0
128,1641,0.0
129,1641,2.0
130,1641,1.0
131,1641,3.0
132,1641,1.0
133,1641,0.0
134,1641,1.0
135,1641,0.0
136,1641,0.0
137,1641,1.0
138,1641,1.0
139,1641,0.0
140,1641,0.0
141,1641,0.0
142,1641,0.0
143,1641,2.0
144,1641,1.0
145,1641,2.0
146,1641,2.0
147,1641,9.0
148,1641,0.0
149,1641,0.0
150,1641,17.0
151,1641,13.0
152,1641,13.0
153,1641,0.0
154,1641,4.0
155,1641,2.0
156,1641,0.0
157,1641,2.0
158,1641,1.0
159,1641,3.0
160,1641,1.0
161,1641,0.0
162,1641,12.0
163,1641,11.0
164,1641,3.0
165,1641,0.0
166,1641,3.0
167,1641,5.0
168,1641,5.0
169,1641,14.0
170,1641,0.0
171,1641,0.0
172,1641,1.0
173,1641,1.0
174,1641,0.0
175,1641,1.0
176,1641,0.0
177,1641,2.0
178,1641,0.0
179,1641,1.0
180,1641,1.0
181,1641,0.0
182,1641,3.0
183,1641,0.0
184,1641,1.0
185,1641,0.0
186,1641,0.0
187,1641,0.0
188,1641,3.0
189,1641,0.0
190,1641,0.0
191,1641,0.0
192,1641,0.0
193,1641,4.0
194,1641,3.0
195,1641,0.0
196,1641,1.0
197,1641,0.0
198,1641,1.0
199,1641,0.0
0,1642,0.0
1,1642,1.0
2,1642,4.0
3,1642,0.0
4,1642,0.0
5,1642,0.0
6,1642,0.0
7,1642,0.0
8,1642,0.0
9,1642,1.0
10,1642,5.0
11,1642,0.0
12,1642,1.0
13,1642,5.0
14,1642,0.0
15,1642,0.0
16,1642,0.0
17,1642,0.0
18,1642,1.0
19,1642,0.0
20,1642,0.0
21,1642,1.0
22,1642,4.0
23,1642,1.0
24,1642,0.0
25,1642,1.0
26,1642,0.0
27,1642,0.0
28,1642,3.0
29,1642,0.0
30,1642,4.0
31,1642,0.0
32,1642,0.0
33,1642,5.0
34,1642,0.0
35,1642,4.0
36,1642,0.0
37,1642,1.0
38,1642,0.0
39,1642,3.0
40,1642,0.0
41,1642,1.0
42,1642,3.0
43,1642,0.0
44,1642,0.0
45,1642,0.0
46,1642,1.0
47,1642,3.0
48,1642,0.0
49,1642,2.0
50,1642,0.0
51,1642,0.0
52,1642,1.0
53,1642,43.0
54,1642,0.0
55,1642,0.0
56,1642,0.0
57,1642,0.0
58,1642,0.0
59,1642,2.0
60,1642,0.0
61,1642,16.0
62,1642,4.0
63,1642,2.0
64,1642,1.0
65,1642,0.0
66,1642,2.0
67,1642,3.0
68,1642,0.0
69,1642,0.0
70,1642,7.0
71,1642,0.0
72,1642,48.0
73,1642,0.0
74,1642,1.0
75,1642,0.0
76,1642,0.0
77,1642,1.0
78,1642,0.0
79,1642,0.0
80,1642,0.0
81,1642,1.0
82,1642,0.0
83,1642,0.0
84,1642,5.0
85,1642,41.0
86,1642,0.0
87,1642,0.0
88,1642,1.0
89,1642,0.0
90,1642,0.0
91,1642,2.0
92,1642,14.0
93,1642,0.0
94,1642,2.0
95,1642,7.0
96,1642,3.0
97,1642,0.0
98,1642,4.0
99,1642,1.0
100,1642,4.0
101,1642,0.0
102,1642,0.0
103,1642,0.0
104,1642,2.0
105,1642,1.0
106,1642,0.0
107,1642,3.0
108,1642,0.0
109,1642,3.0
110,1642,1.0
111,1642,3.0
112,1642,1.0
113,1642,1.0
114,1642,2.0
115,1642,0.0
116,1642,0.0
117,1642,5.0
118,1642,0.0
119,1642,3.0
120,1642,0.0
121,1642,2.0
122,1642,1.0
123,1642,0.0
124,1642,3.0
125,1642,1.0
126,1642,1.0
127,1642,1.0
128,1642,0.0
129,1642,4.0
130,1642,0.0
131,1642,1.0
132,1642,2.0
133,1642,0.0
134,1642,0.0
135,1642,0.0
136,1642,0.0
137,1642,3.0
138,1642,3.0
139,1642,1.0
140,1642,1.0
141,1642,0.0
142,1642,0.0
143,1642,3.0
144,1642,3.0
145,1642,1.0
146,1642,1.0
147,1642,1.0
148,1642,1.0
149,1642,0.0
150,1642,14.0
151,1642,8.0
152,1642,4.0
153,1642,4.0
154,1642,1.0
155,1642,0.0
156,1642,0.0
157,1642,1.0
158,1642,2.0
159,1642,5.0
160,1642,13.0
161,1642,1.0
162,1642,33.0
163,1642,9.0
164,1642,2.0
165,1642,0.0
166,1642,7.0
167,1642,7.0
168,1642,5.0
169,1642,13.0
170,1642,0.0
171,1642,0.0
172,1642,0.0
173,1642,5.0
174,1642,0.0
175,1642,1.0
176,1642,0.0
177,1642,4.0
178,1642,0.0
179,1642,1.0
180,1642,2.0
181,1642,0.0
182,1642,6.0
183,1642,0.0
184,1642,0.0
185,1642,0.0
186,1642,0.0
187,1642,1.0
188,1642,3.0
189,1642,1.0
190,1642,0.0
191,1642,1.0
192,1642,0.0
193,1642,2.0
194,1642,0.0
195,1642,1.0
196,1642,0.0
197,1642,0.0
198,1642,1.0
199,1642,0.0
0,1643,0.0
1,1643,1.0
2,1643,2.0
3,1643,1.0
4,1643,1.0
5,1643,0.0
6,1643,1.0
7,1643,1.0
8,1643,0.0
9,1643,2.0
10,1643,6.0
11,1643,0.0
12,1643,0.0
13,1643,0.0
14,1643,0.0
15,1643,0.0
16,1643,0.0
17,1643,0.0
18,1643,1.0
19,1643,0.0
20,1643,0.0
21,1643,0.0
22,1643,0.0
23,1643,1.0
24,1643,0.0
25,1643,0.0
26,1643,0.0
27,1643,0.0
28,1643,1.0
29,1643,0.0
30,1643,3.0
31,1643,1.0
32,1643,0.0
33,1643,1.0
34,1643,0.0
35,1643,0.0
36,1643,0.0
37,1643,2.0
38,1643,0.0
39,1643,0.0
40,1643,0.0
41,1643,2.0
42,1643,2.0
43,1643,0.0
44,1643,1.0
45,1643,0.0
46,1643,0.0
47,1643,3.0
48,1643,1.0
49,1643,4.0
50,1643,0.0
51,1643,0.0
52,1643,2.0
53,1643,57.0
54,1643,0.0
55,1643,0.0
56,1643,0.0
57,1643,0.0
58,1643,3.0
59,1643,2.0
60,1643,1.0
61,1643,23.0
62,1643,2.0
63,1643,0.0
64,1643,2.0
65,1643,0.0
66,1643,2.0
67,1643,6.0
68,1643,3.0
69,1643,0.0
70,1643,4.0
71,1643,2.0
72,1643,31.0
73,1643,0.0
74,1643,2.0
75,1643,0.0
76,1643,0.0
77,1643,0.0
78,1643,0.0
79,1643,0.0
80,1643,0.0
81,1643,1.0
82,1643,0.0
83,1643,0.0
84,1643,5.0
85,1643,34.0
86,1643,0.0
87,1643,0.0
88,1643,2.0
89,1643,0.0
90,1643,1.0
91,1643,2.0
92,1643,18.0
93,1643,0.0
94,1643,1.0
95,1643,7.0
96,1643,1.0
97,1643,0.0
98,1643,2.0
99,1643,0.0
100,1643,0.0
101,1643,0.0
102,1643,0.0
103,1643,0.0
104,1643,4.0
105,1643,1.0
106,1643,0.0
107,1643,2.0
108,1643,2.0
109,1643,0.0
110,1643,2.0
111,1643,3.0
112,1643,2.0
113,1643,0.0
114,1643,0.0
115,1643,1.0
116,1643,0.0
117,1643,1.0
118,1643,0.0
119,1643,6.0
120,1643,1.0
121,1643,2.0
122,1643,0.0
123,1643,0.0
124,1643,4.0
125,1643,1.0
126,1643,2.0
127,1643,2.0
128,1643,0.0
129,1643,16.0
130,1643,2.0
131,1643,1.0
132,1643,2.0
133,1643,0.0
134,1643,0.0
135,1643,0.0
136,1643,0.0
137,1643,0.0
138,1643,3.0
139,1643,0.0
140,1643,0.0
141,1643,0.0
142,1643,0.0
143,1643,0.0
144,1643,2.0
145,1643,1.0
146,1643,2.0
147,1643,3.0
148,1643,1.0
149,1643,0.0
150,1643,13.0
151,1643,12.0
152,1643,2.0
153,1643,0.0
154,1643,0.0
155,1643,1.0
156,1643,0.0
157,1643,2.0
158,1643,1.0
159,1643,1.0
160,1643,3.0
161,1643,2.0
162,1643,8.0
163,1643,12.0
164,1643,6.0
165,1643,0.0
166,1643,1.0
167,1643,8.0
168,1643,5.0
169,1643,8.0
170,1643,0.0
171,1643,3.0
172,1643,0.0
173,1643,0.0
174,1643,0.0
175,1643,0.0
176,1643,1.0
177,1643,0.0
178,1643,1.0
179,1643,0.0
180,1643,2.0
181,1643,0.0
182,1643,1.0
183,1643,0.0
184,1643,2.0
185,1643,0.0
186,1643,0.0
187,1643,0.0
188,1643,2.0
189,1643,1.0
190,1643,0.0
191,1643,1.0
192,1643,2.0
193,1643,1.0
194,1643,3.0
195,1643,1.0
196,1643,0.0
197,1643,0.0
198,1643,1.0
199,1643,0.0
0,1644,1.0
1,1644,0.0
2,1644,2.0
3,1644,1.0
4,1644,0.0
5,1644,0.0
6,1644,0.0
7,1644,0.0
8,1644,0.0
9,1644,0.0
10,1644,8.0
11,1644,0.0
12,1644,4.0
13,1644,2.0
14,1644,0.0
15,1644,2.0
16,1644,0.0
17,1644,0.0
18,1644,0.0
19,1644,1.0
20,1644,0.0
21,1644,0.0
22,1644,0.0
23,1644,1.0
24,1644,2.0
25,1644,1.0
26,1644,3.0
27,1644,0.0
28,1644,3.0
29,1644,1.0
30,1644,1.0
31,1644,0.0
32,1644,1.0
33,1644,3.0
34,1644,0.0
35,1644,0.0
36,1644,0.0
37,1644,2.0
38,1644,0.0
39,1644,1.0
40,1644,0.0
41,1644,0.0
42,1644,0.0
43,1644,1.0
44,1644,0.0
45,1644,3.0
46,1644,1.0
47,1644,2.0
48,1644,2.0
49,1644,2.0
50,1644,0.0
51,1644,0.0
52,1644,4.0
53,1644,60.0
54,1644,0.0
55,1644,1.0
56,1644,0.0
57,1644,0.0
58,1644,2.0
59,1644,2.0
60,1644,1.0
61,1644,15.0
62,1644,3.0
63,1644,0.0
64,1644,1.0
65,1644,1.0
66,1644,7.0
67,1644,7.0
68,1644,1.0
69,1644,0.0
70,1644,0.0
71,1644,3.0
72,1644,43.0
73,1644,0.0
74,1644,0.0
75,1644,4.0
76,1644,0.0
77,1644,1.0
78,1644,0.0
79,1644,0.0
80,1644,0.0
81,1644,3.0
82,1644,0.0
83,1644,0.0
84,1644,2.0
85,1644,33.0
86,1644,0.0
87,1644,0.0
88,1644,1.0
89,1644,0.0
90,1644,0.0
91,1644,3.0
92,1644,27.0
93,1644,0.0
94,1644,0.0
95,1644,12.0
96,1644,2.0
97,1644,1.0
98,1644,4.0
99,1644,1.0
100,1644,0.0
101,1644,0.0
102,1644,0.0
103,1644,0.0
104,1644,2.0
105,1644,3.0
106,1644,0.0
107,1644,1.0
108,1644,2.0
109,1644,6.0
110,1644,6.0
111,1644,6.0
112,1644,2.0
113,1644,2.0
114,1644,0.0
115,1644,0.0
116,1644,1.0
117,1644,0.0
118,1644,0.0
119,1644,8.0
120,1644,1.0
121,1644,0.0
122,1644,2.0
123,1644,1.0
124,1644,1.0
125,1644,1.0
126,1644,0.0
127,1644,0.0
128,1644,0.0
129,1644,3.0
130,1644,2.0
131,1644,0.0
132,1644,1.0
133,1644,0.0
134,1644,0.0
135,1644,0.0
136,1644,1.0
137,1644,1.0
138,1644,0.0
139,1644,0.0
140,1644,0.0
141,1644,0.0
142,1644,0.0
143,1644,2.0
144,1644,0.0
145,1644,2.0
146,1644,0.0
147,1644,2.0
148,1644,0.0
149,1644,0.0
150,1644,16.0
151,1644,6.0
152,1644,3.0
153,1644,1.0
154,1644,1.0
155,1644,0.0
156,1644,0.0
157,1644,1.0
158,1644,2.0
159,1644,3.0
160,1644,1.0
161,1644,3.0
162,1644,6.0
163,1644,5.0
164,1644,1.0
165,1644,0.0
166,1644,7.0
167,1644,3.0
168,1644,9.0
169,1644,8.0
170,1644,2.0
171,1644,4.0
172,1644,1.0
173,1644,6.0
174,1644,0.0
175,1644,2.0
176,1644,2.0
177,1644,0.0
178,1644,2.0
179,1644,0.0
180,1644,1.0
181,1644,0.0
182,1644,3.0
183,1644,0.0
184,1644,1.0
185,1644,0.0
186,1644,0.0
187,1644,1.0
188,1644,6.0
189,1644,0.0
190,1644,0.0
191,1644,0.0
192,1644,0.0
193,1644,0.0
194,1644,0.0
195,1644,2.0
196,1644,0.0
197,1644,0.0
198,1644,1.0
199,1644,1.0
0,1645,1.0
1,1645,4.0
2,1645,8.0
3,1645,1.0
4,1645,0.0
5,1645,0.0
6,1645,1.0
7,1645,1.0
8,1645,0.0
9,1645,0.0
10,1645,16.0
11,1645,0.0
12,1645,0.0
13,1645,0.0
14,1645,0.0
15,1645,2.0
16,1645,0.0
17,1645,0.0
18,1645,5.0
19,1645,1.0
20,1645,0.0
21,1645,0.0
22,1645,4.0
23,1645,0.0
24,1645,1.0
25,1645,1.0
26,1645,0.0
27,1645,1.0
28,1645,0.0
29,1645,1.0
30,1645,2.0
31,1645,0.0
32,1645,1.0
33,1645,0.0
34,1645,1.0
35,1645,2.0
36,1645,0.0
37,1645,1.0
38,1645,0.0
39,1645,1.0
40,1645,0.0
41,1645,1.0
42,1645,2.0
43,1645,4.0
44,1645,1.0
45,1645,0.0
46,1645,2.0
47,1645,1.0
48,1645,0.0
49,1645,2.0
50,1645,0.0
51,1645,0.0
52,1645,0.0
53,1645,49.0
54,1645,0.0
55,1645,0.0
56,1645,0.0
57,1645,0.0
58,1645,0.0
59,1645,5.0
60,1645,3.0
61,1645,19.0
62,1645,5.0
63,1645,1.0
64,1645,1.0
65,1645,1.0
66,1645,2.0
67,1645,1.0
68,1645,1.0
69,1645,0.0
70,1645,0.0
71,1645,2.0
72,1645,34.0
73,1645,0.0
74,1645,0.0
75,1645,0.0
76,1645,0.0
77,1645,5.0
78,1645,0.0
79,1645,0.0
80,1645,0.0
81,1645,1.0
82,1645,0.0
83,1645,0.0
84,1645,1.0
85,1645,64.0
86,1645,0.0
87,1645,0.0
88,1645,6.0
89,1645,0.0
90,1645,0.0
91,1645,3.0
92,1645,18.0
93,1645,0.0
94,1645,0.0
95,1645,7.0
96,1645,11.0
97,1645,1.0
98,1645,3.0
99,1645,1.0
100,1645,1.0
101,1645,0.0
102,1645,0.0
103,1645,0.0
104,1645,2.0
105,1645,3.0
106,1645,0.0
107,1645,2.0
108,1645,2.0
109,1645,2.0
110,1645,1.0
111,1645,1.0
112,1645,2.0
113,1645,1.0
114,1645,3.0
115,1645,0.0
116,1645,4.0
117,1645,1.0
118,1645,0.0
119,1645,6.0
120,1645,0.0
121,1645,2.0
122,1645,1.0
123,1645,1.0
124,1645,2.0
125,1645,0.0
126,1645,1.0
127,1645,3.0
128,1645,0.0
129,1645,4.0
130,1645,12.0
131,1645,0.0
132,1645,0.0
133,1645,6.0
134,1645,0.0
135,1645,0.0
136,1645,1.0
137,1645,1.0
138,1645,6.0
139,1645,0.0
140,1645,0.0
141,1645,0.0
142,1645,0.0
143,1645,6.0
144,1645,1.0
145,1645,5.0
146,1645,1.0
147,1645,2.0
148,1645,0.0
149,1645,0.0
150,1645,14.0
151,1645,16.0
152,1645,8.0
153,1645,0.0
154,1645,1.0
155,1645,1.0
156,1645,0.0
157,1645,3.0
158,1645,3.0
159,1645,6.0
160,1645,7.0
161,1645,4.0
162,1645,11.0
163,1645,10.0
164,1645,1.0
165,1645,0.0
166,1645,4.0
167,1645,7.0
168,1645,7.0
169,1645,13.0
170,1645,0.0
171,1645,2.0
172,1645,0.0
173,1645,1.0
174,1645,0.0
175,1645,1.0
176,1645,0.0
177,1645,3.0
178,1645,0.0
179,1645,0.0
180,1645,1.0
181,1645,0.0
182,1645,3.0
183,1645,2.0
184,1645,0.0
185,1645,0.0
186,1645,0.0
187,1645,0.0
188,1645,3.0
189,1645,1.0
190,1645,0.0
191,1645,0.0
192,1645,0.0
193,1645,0.0
194,1645,4.0
195,1645,1.0
196,1645,0.0
197,1645,0.0
198,1645,2.0
199,1645,2.0
0,1646,0.0
1,1646,5.0
2,1646,6.0
3,1646,1.0
4,1646,0.0
5,1646,0.0
6,1646,1.0
7,1646,1.0
8,1646,0.0
9,1646,11.0
10,1646,8.0
11,1646,0.0
12,1646,0.0
13,1646,5.0
14,1646,0.0
15,1646,6.0
16,1646,0.0
17,1646,0.0
18,1646,5.0
19,1646,0.0
20,1646,0.0
21,1646,0.0
22,1646,0.0
23,1646,0.0
24,1646,0.0
25,1646,0.0
26,1646,1.0
27,1646,0.0
28,1646,0.0
29,1646,0.0
30,1646,3.0
31,1646,2.0
32,1646,1.0
33,1646,5.0
34,1646,3.0
35,1646,8.0
36,1646,0.0
37,1646,1.0
38,1646,0.0
39,1646,4.0
40,1646,0.0
41,1646,4.0
42,1646,1.0
43,1646,3.0
44,1646,2.0
45,1646,3.0
46,1646,3.0
47,1646,2.0
48,1646,1.0
49,1646,2.0
50,1646,1.0
51,1646,0.0
52,1646,2.0
53,1646,57.0
54,1646,0.0
55,1646,1.0
56,1646,3.0
57,1646,0.0
58,1646,2.0
59,1646,1.0
60,1646,3.0
61,1646,43.0
62,1646,2.0
63,1646,1.0
64,1646,3.0
65,1646,1.0
66,1646,5.0
67,1646,4.0
68,1646,4.0
69,1646,1.0
70,1646,4.0
71,1646,2.0
72,1646,25.0
73,1646,0.0
74,1646,5.0
75,1646,3.0
76,1646,0.0
77,1646,5.0
78,1646,0.0
79,1646,0.0
80,1646,0.0
81,1646,5.0
82,1646,0.0
83,1646,0.0
84,1646,8.0
85,1646,69.0
86,1646,0.0
87,1646,0.0
88,1646,2.0
89,1646,1.0
90,1646,0.0
91,1646,0.0
92,1646,16.0
93,1646,0.0
94,1646,0.0
95,1646,9.0
96,1646,13.0
97,1646,2.0
98,1646,4.0
99,1646,0.0
100,1646,1.0
101,1646,1.0
102,1646,0.0
103,1646,0.0
104,1646,7.0
105,1646,6.0
106,1646,0.0
107,1646,4.0
108,1646,4.0
109,1646,9.0
110,1646,6.0
111,1646,2.0
112,1646,3.0
113,1646,3.0
114,1646,2.0
115,1646,2.0
116,1646,3.0
117,1646,4.0
118,1646,0.0
119,1646,5.0
120,1646,0.0
121,1646,3.0
122,1646,2.0
123,1646,0.0
124,1646,0.0
125,1646,4.0
126,1646,2.0
127,1646,5.0
128,1646,0.0
129,1646,0.0
130,1646,8.0
131,1646,3.0
132,1646,3.0
133,1646,0.0
134,1646,0.0
135,1646,0.0
136,1646,1.0
137,1646,0.0
138,1646,5.0
139,1646,0.0
140,1646,1.0
141,1646,2.0
142,1646,0.0
143,1646,1.0
144,1646,4.0
145,1646,1.0
146,1646,0.0
147,1646,3.0
148,1646,0.0
149,1646,6.0
150,1646,21.0
151,1646,19.0
152,1646,6.0
153,1646,4.0
154,1646,2.0
155,1646,0.0
156,1646,0.0
157,1646,0.0
158,1646,1.0
159,1646,7.0
160,1646,5.0
161,1646,3.0
162,1646,20.0
163,1646,19.0
164,1646,2.0
165,1646,0.0
166,1646,5.0
167,1646,9.0
168,1646,20.0
169,1646,6.0
170,1646,1.0
171,1646,6.0
172,1646,2.0
173,1646,4.0
174,1646,0.0
175,1646,5.0
176,1646,0.0
177,1646,4.0
178,1646,1.0
179,1646,1.0
180,1646,2.0
181,1646,0.0
182,1646,1.0
183,1646,0.0
184,1646,1.0
185,1646,1.0
186,1646,2.0
187,1646,1.0
188,1646,6.0
189,1646,1.0
190,1646,0.0
191,1646,0.0
192,1646,0.0
193,1646,1.0
194,1646,0.0
195,1646,0.0
196,1646,2.0
197,1646,0.0
198,1646,1.0
199,1646,0.0
0,1647,0.0
1,1647,3.0
2,1647,5.0
3,1647,0.0
4,1647,2.0
5,1647,0.0
6,1647,0.0
7,1647,0.0
8,1647,0.0
9,1647,0.0
10,1647,6.0
11,1647,1.0
12,1647,0.0
13,1647,0.0
14,1647,0.0
15,1647,10.0
16,1647,0.0
17,1647,2.0
18,1647,1.0
19,1647,3.0
20,1647,0.0
21,1647,0.0
22,1647,3.0
23,1647,0.0
24,1647,4.0
25,1647,1.0
26,1647,4.0
27,1647,1.0
28,1647,3.0
29,1647,0.0
30,1647,3.0
31,1647,0.0
32,1647,1.0
33,1647,7.0
34,1647,1.0
35,1647,10.0
36,1647,0.0
37,1647,3.0
38,1647,0.0
39,1647,2.0
40,1647,0.0
41,1647,2.0
42,1647,0.0
43,1647,0.0
44,1647,0.0
45,1647,0.0
46,1647,2.0
47,1647,2.0
48,1647,4.0
49,1647,2.0
50,1647,0.0
51,1647,0.0
52,1647,4.0
53,1647,79.0
54,1647,0.0
55,1647,0.0
56,1647,1.0
57,1647,0.0
58,1647,0.0
59,1647,3.0
60,1647,0.0
61,1647,57.0
62,1647,7.0
63,1647,0.0
64,1647,1.0
65,1647,0.0
66,1647,9.0
67,1647,5.0
68,1647,4.0
69,1647,0.0
70,1647,2.0
71,1647,4.0
72,1647,62.0
73,1647,0.0
74,1647,1.0
75,1647,0.0
76,1647,0.0
77,1647,2.0
78,1647,0.0
79,1647,0.0
80,1647,0.0
81,1647,2.0
82,1647,0.0
83,1647,0.0
84,1647,4.0
85,1647,65.0
86,1647,0.0
87,1647,0.0
88,1647,3.0
89,1647,0.0
90,1647,1.0
91,1647,9.0
92,1647,23.0
93,1647,0.0
94,1647,2.0
95,1647,16.0
96,1647,2.0
97,1647,1.0
98,1647,5.0
99,1647,0.0
100,1647,0.0
101,1647,0.0
102,1647,0.0
103,1647,0.0
104,1647,11.0
105,1647,0.0
106,1647,0.0
107,1647,5.0
108,1647,1.0
109,1647,5.0
110,1647,0.0
111,1647,3.0
112,1647,2.0
113,1647,4.0
114,1647,1.0
115,1647,0.0
116,1647,2.0
117,1647,2.0
118,1647,0.0
119,1647,5.0
120,1647,1.0
121,1647,4.0
122,1647,3.0
123,1647,1.0
124,1647,1.0
125,1647,1.0
126,1647,4.0
127,1647,2.0
128,1647,0.0
129,1647,0.0
130,1647,4.0
131,1647,2.0
132,1647,2.0
133,1647,0.0
134,1647,0.0
135,1647,6.0
136,1647,2.0
137,1647,2.0
138,1647,5.0
139,1647,0.0
140,1647,1.0
141,1647,0.0
142,1647,0.0
143,1647,4.0
144,1647,0.0
145,1647,1.0
146,1647,2.0
147,1647,6.0
148,1647,0.0
149,1647,1.0
150,1647,45.0
151,1647,12.0
152,1647,8.0
153,1647,6.0
154,1647,3.0
155,1647,1.0
156,1647,0.0
157,1647,3.0
158,1647,1.0
159,1647,8.0
160,1647,11.0
161,1647,3.0
162,1647,22.0
163,1647,9.0
164,1647,2.0
165,1647,0.0
166,1647,6.0
167,1647,18.0
168,1647,10.0
169,1647,11.0
170,1647,2.0
171,1647,4.0
172,1647,2.0
173,1647,0.0
174,1647,0.0
175,1647,4.0
176,1647,1.0
177,1647,0.0
178,1647,2.0
179,1647,0.0
180,1647,3.0
181,1647,0.0
182,1647,6.0
183,1647,0.0
184,1647,0.0
185,1647,0.0
186,1647,1.0
187,1647,0.0
188,1647,3.0
189,1647,0.0
190,1647,0.0
191,1647,0.0
192,1647,0.0
193,1647,6.0
194,1647,0.0
195,1647,0.0
196,1647,1.0
197,1647,0.0
198,1647,1.0
199,1647,0.0
0,1648,0.0
1,1648,1.0
2,1648,3.0
3,1648,0.0
4,1648,0.0
5,1648,0.0
6,1648,1.0
7,1648,2.0
8,1648,0.0
9,1648,1.0
10,1648,5.0
11,1648,0.0
12,1648,1.0
13,1648,1.0
14,1648,0.0
15,1648,6.0
16,1648,0.0
17,1648,2.0
18,1648,0.0
19,1648,4.0
20,1648,0.0
21,1648,0.0
22,1648,4.0
23,1648,1.0
24,1648,1.0
25,1648,1.0
26,1648,4.0
27,1648,0.0
28,1648,0.0
29,1648,0.0
30,1648,5.0
31,1648,2.0
32,1648,1.0
33,1648,10.0
34,1648,2.0
35,1648,9.0
36,1648,0.0
37,1648,5.0
38,1648,0.0
39,1648,1.0
40,1648,0.0
41,1648,1.0
42,1648,2.0
43,1648,0.0
44,1648,1.0
45,1648,0.0
46,1648,1.0
47,1648,0.0
48,1648,0.0
49,1648,3.0
50,1648,0.0
51,1648,0.0
52,1648,0.0
53,1648,64.0
54,1648,0.0
55,1648,2.0
56,1648,2.0
57,1648,0.0
58,1648,0.0
59,1648,2.0
60,1648,1.0
61,1648,29.0
62,1648,2.0
63,1648,0.0
64,1648,4.0
65,1648,1.0
66,1648,3.0
67,1648,0.0
68,1648,3.0
69,1648,1.0
70,1648,0.0
71,1648,5.0
72,1648,49.0
73,1648,0.0
74,1648,0.0
75,1648,0.0
76,1648,0.0
77,1648,1.0
78,1648,0.0
79,1648,0.0
80,1648,0.0
81,1648,4.0
82,1648,0.0
83,1648,0.0
84,1648,3.0
85,1648,61.0
86,1648,0.0
87,1648,0.0
88,1648,0.0
89,1648,0.0
90,1648,1.0
91,1648,2.0
92,1648,15.0
93,1648,1.0
94,1648,0.0
95,1648,6.0
96,1648,39.0
97,1648,1.0
98,1648,3.0
99,1648,0.0
100,1648,3.0
101,1648,0.0
102,1648,0.0
103,1648,0.0
104,1648,3.0
105,1648,0.0
106,1648,0.0
107,1648,1.0
108,1648,3.0
109,1648,3.0
110,1648,3.0
111,1648,3.0
112,1648,1.0
113,1648,1.0
114,1648,1.0
115,1648,0.0
116,1648,1.0
117,1648,0.0
118,1648,0.0
119,1648,5.0
120,1648,0.0
121,1648,3.0
122,1648,1.0
123,1648,0.0
124,1648,3.0
125,1648,0.0
126,1648,2.0
127,1648,0.0
128,1648,0.0
129,1648,8.0
130,1648,7.0
131,1648,2.0
132,1648,2.0
133,1648,0.0
134,1648,0.0
135,1648,0.0
136,1648,0.0
137,1648,1.0
138,1648,5.0
139,1648,0.0
140,1648,0.0
141,1648,1.0
142,1648,0.0
143,1648,1.0
144,1648,2.0
145,1648,3.0
146,1648,0.0
147,1648,7.0
148,1648,0.0
149,1648,0.0
150,1648,14.0
151,1648,11.0
152,1648,14.0
153,1648,0.0
154,1648,0.0
155,1648,2.0
156,1648,0.0
157,1648,3.0
158,1648,6.0
159,1648,1.0
160,1648,2.0
161,1648,1.0
162,1648,12.0
163,1648,6.0
164,1648,4.0
165,1648,0.0
166,1648,6.0
167,1648,3.0
168,1648,7.0
169,1648,6.0
170,1648,1.0
171,1648,3.0
172,1648,3.0
173,1648,4.0
174,1648,0.0
175,1648,3.0
176,1648,0.0
177,1648,7.0
178,1648,1.0
179,1648,0.0
180,1648,1.0
181,1648,0.0
182,1648,1.0
183,1648,0.0
184,1648,3.0
185,1648,0.0
186,1648,0.0
187,1648,1.0
188,1648,0.0
189,1648,2.0
190,1648,0.0
191,1648,0.0
192,1648,0.0
193,1648,2.0
194,1648,0.0
195,1648,0.0
196,1648,0.0
197,1648,1.0
198,1648,0.0
199,1648,0.0
0,1649,1.0
1,1649,3.0
2,1649,6.0
3,1649,0.0
4,1649,1.0
5,1649,0.0
6,1649,2.0
7,1649,0.0
8,1649,0.0
9,1649,0.0
10,1649,4.0
11,1649,0.0
12,1649,4.0
13,1649,2.0
14,1649,0.0
15,1649,3.0
16,1649,0.0
17,1649,0.0
18,1649,1.0
19,1649,0.0
20,1649,0.0
21,1649,0.0
22,1649,0.0
23,1649,0.0
24,1649,1.0
25,1649,0.0
26,1649,1.0
27,1649,0.0
28,1649,3.0
29,1649,0.0
30,1649,0.0
31,1649,1.0
32,1649,2.0
33,1649,3.0
34,1649,0.0
35,1649,3.0
36,1649,0.0
37,1649,0.0
38,1649,0.0
39,1649,1.0
40,1649,0.0
41,1649,0.0
42,1649,2.0
43,1649,0.0
44,1649,0.0
45,1649,1.0
46,1649,3.0
47,1649,3.0
48,1649,2.0
49,1649,5.0
50,1649,0.0
51,1649,0.0
52,1649,2.0
53,1649,63.0
54,1649,0.0
55,1649,3.0
56,1649,1.0
57,1649,0.0
58,1649,0.0
59,1649,3.0
60,1649,1.0
61,1649,40.0
62,1649,3.0
63,1649,1.0
64,1649,0.0
65,1649,0.0
66,1649,3.0
67,1649,1.0
68,1649,3.0
69,1649,1.0
70,1649,1.0
71,1649,0.0
72,1649,34.0
73,1649,0.0
74,1649,1.0
75,1649,1.0
76,1649,0.0
77,1649,0.0
78,1649,0.0
79,1649,0.0
80,1649,0.0
81,1649,0.0
82,1649,0.0
83,1649,0.0
84,1649,4.0
85,1649,47.0
86,1649,0.0
87,1649,0.0
88,1649,2.0
89,1649,0.0
90,1649,1.0
91,1649,5.0
92,1649,23.0
93,1649,2.0
94,1649,0.0
95,1649,11.0
96,1649,17.0
97,1649,0.0
98,1649,2.0
99,1649,0.0
100,1649,0.0
101,1649,0.0
102,1649,0.0
103,1649,0.0
104,1649,4.0
105,1649,0.0
106,1649,0.0
107,1649,2.0
108,1649,3.0
109,1649,6.0
110,1649,3.0
111,1649,2.0
112,1649,5.0
113,1649,0.0
114,1649,2.0
115,1649,0.0
116,1649,0.0
117,1649,1.0
118,1649,0.0
119,1649,4.0
120,1649,0.0
121,1649,4.0
122,1649,1.0
123,1649,1.0
124,1649,1.0
125,1649,0.0
126,1649,0.0
127,1649,2.0
128,1649,0.0
129,1649,8.0
130,1649,11.0
131,1649,1.0
132,1649,3.0
133,1649,0.0
134,1649,0.0
135,1649,0.0
136,1649,0.0
137,1649,1.0
138,1649,2.0
139,1649,1.0
140,1649,0.0
141,1649,1.0
142,1649,1.0
143,1649,3.0
144,1649,3.0
145,1649,2.0
146,1649,1.0
147,1649,7.0
148,1649,0.0
149,1649,2.0
150,1649,10.0
151,1649,6.0
152,1649,30.0
153,1649,1.0
154,1649,3.0
155,1649,0.0
156,1649,0.0
157,1649,1.0
158,1649,0.0
159,1649,4.0
160,1649,2.0
161,1649,3.0
162,1649,9.0
163,1649,2.0
164,1649,0.0
165,1649,0.0
166,1649,3.0
167,1649,7.0
168,1649,4.0
169,1649,1.0
170,1649,0.0
171,1649,3.0
172,1649,0.0
173,1649,4.0
174,1649,0.0
175,1649,0.0
176,1649,1.0
177,1649,1.0
178,1649,0.0
179,1649,1.0
180,1649,2.0
181,1649,0.0
182,1649,1.0
183,1649,0.0
184,1649,0.0
185,1649,0.0
186,1649,0.0
187,1649,0.0
188,1649,2.0
189,1649,1.0
190,1649,0.0
191,1649,0.0
192,1649,0.0
193,1649,1.0
194,1649,0.0
195,1649,0.0
196,1649,0.0
197,1649,0.0
198,1649,0.0
199,1649,0.0
0,1650,1.0
1,1650,1.0
2,1650,15.0
3,1650,1.0
4,1650,1.0
5,1650,0.0
6,1650,8.0
7,1650,1.0
8,1650,0.0
9,1650,3.0
10,1650,14.0
11,1650,0.0
12,1650,0.0
13,1650,2.0
14,1650,0.0
15,1650,7.0
16,1650,0.0
17,1650,0.0
18,1650,2.0
19,1650,1.0
20,1650,0.0
21,1650,0.0
22,1650,0.0
23,1650,1.0
24,1650,0.0
25,1650,0.0
26,1650,0.0
27,1650,0.0
28,1650,1.0
29,1650,1.0
30,1650,1.0
31,1650,2.0
32,1650,4.0
33,1650,3.0
34,1650,1.0
35,1650,2.0
36,1650,0.0
37,1650,4.0
38,1650,1.0
39,1650,3.0
40,1650,0.0
41,1650,1.0
42,1650,1.0
43,1650,3.0
44,1650,1.0
45,1650,1.0
46,1650,2.0
47,1650,0.0
48,1650,1.0
49,1650,0.0
50,1650,0.0
51,1650,0.0
52,1650,0.0
53,1650,43.0
54,1650,0.0
55,1650,2.0
56,1650,1.0
57,1650,0.0
58,1650,0.0
59,1650,7.0
60,1650,0.0
61,1650,27.0
62,1650,3.0
63,1650,4.0
64,1650,1.0
65,1650,1.0
66,1650,1.0
67,1650,1.0
68,1650,4.0
69,1650,0.0
70,1650,1.0
71,1650,4.0
72,1650,14.0
73,1650,0.0
74,1650,0.0
75,1650,0.0
76,1650,0.0
77,1650,3.0
78,1650,0.0
79,1650,0.0
80,1650,0.0
81,1650,4.0
82,1650,0.0
83,1650,0.0
84,1650,2.0
85,1650,60.0
86,1650,0.0
87,1650,0.0
88,1650,0.0
89,1650,0.0
90,1650,0.0
91,1650,4.0
92,1650,11.0
93,1650,1.0
94,1650,2.0
95,1650,6.0
96,1650,0.0
97,1650,1.0
98,1650,2.0
99,1650,1.0
100,1650,0.0
101,1650,1.0
102,1650,0.0
103,1650,0.0
104,1650,0.0
105,1650,0.0
106,1650,0.0
107,1650,0.0
108,1650,1.0
109,1650,5.0
110,1650,6.0
111,1650,6.0
112,1650,3.0
113,1650,2.0
114,1650,1.0
115,1650,0.0
116,1650,2.0
117,1650,1.0
118,1650,0.0
119,1650,5.0
120,1650,0.0
121,1650,1.0
122,1650,4.0
123,1650,0.0
124,1650,3.0
125,1650,1.0
126,1650,2.0
127,1650,0.0
128,1650,0.0
129,1650,2.0
130,1650,8.0
131,1650,2.0
132,1650,1.0
133,1650,0.0
134,1650,0.0
135,1650,0.0
136,1650,1.0
137,1650,3.0
138,1650,6.0
139,1650,0.0
140,1650,0.0
141,1650,1.0
142,1650,1.0
143,1650,1.0
144,1650,6.0
145,1650,1.0
146,1650,0.0
147,1650,6.0
148,1650,0.0
149,1650,0.0
150,1650,15.0
151,1650,21.0
152,1650,17.0
153,1650,2.0
154,1650,4.0
155,1650,0.0
156,1650,0.0
157,1650,3.0
158,1650,2.0
159,1650,5.0
160,1650,7.0
161,1650,3.0
162,1650,17.0
163,1650,1.0
164,1650,2.0
165,1650,0.0
166,1650,4.0
167,1650,0.0
168,1650,0.0
169,1650,7.0
170,1650,0.0
171,1650,10.0
172,1650,6.0
173,1650,1.0
174,1650,0.0
175,1650,3.0
176,1650,1.0
177,1650,0.0
178,1650,0.0
179,1650,0.0
180,1650,1.0
181,1650,0.0
182,1650,1.0
183,1650,0.0
184,1650,0.0
185,1650,0.0
186,1650,0.0
187,1650,0.0
188,1650,3.0
189,1650,1.0
190,1650,0.0
191,1650,0.0
192,1650,0.0
193,1650,1.0
194,1650,0.0
195,1650,1.0
196,1650,0.0
197,1650,0.0
198,1650,0.0
199,1650,0.0
0,1651,3.0
1,1651,2.0
2,1651,6.0
3,1651,3.0
4,1651,1.0
5,1651,0.0
6,1651,4.0
7,1651,0.0
8,1651,0.0
9,1651,10.0
10,1651,12.0
11,1651,1.0
12,1651,3.0
13,1651,1.0
14,1651,0.0
15,1651,15.0
16,1651,0.0
17,1651,0.0
18,1651,3.0
19,1651,2.0
20,1651,0.0
21,1651,0.0
22,1651,0.0
23,1651,0.0
24,1651,0.0
25,1651,1.0
26,1651,1.0
27,1651,0.0
28,1651,0.0
29,1651,0.0
30,1651,8.0
31,1651,1.0
32,1651,0.0
33,1651,0.0
34,1651,1.0
35,1651,6.0
36,1651,1.0
37,1651,2.0
38,1651,0.0
39,1651,3.0
40,1651,0.0
41,1651,0.0
42,1651,2.0
43,1651,0.0
44,1651,1.0
45,1651,0.0
46,1651,2.0
47,1651,2.0
48,1651,0.0
49,1651,1.0
50,1651,0.0
51,1651,0.0
52,1651,0.0
53,1651,48.0
54,1651,0.0
55,1651,0.0
56,1651,1.0
57,1651,0.0
58,1651,0.0
59,1651,2.0
60,1651,3.0
61,1651,36.0
62,1651,4.0
63,1651,0.0
64,1651,1.0
65,1651,1.0
66,1651,3.0
67,1651,3.0
68,1651,3.0
69,1651,0.0
70,1651,0.0
71,1651,4.0
72,1651,0.0
73,1651,0.0
74,1651,0.0
75,1651,1.0
76,1651,0.0
77,1651,5.0
78,1651,0.0
79,1651,0.0
80,1651,0.0
81,1651,1.0
82,1651,0.0
83,1651,0.0
84,1651,6.0
85,1651,45.0
86,1651,0.0
87,1651,0.0
88,1651,1.0
89,1651,1.0
90,1651,1.0
91,1651,5.0
92,1651,18.0
93,1651,0.0
94,1651,2.0
95,1651,10.0
96,1651,12.0
97,1651,0.0
98,1651,7.0
99,1651,0.0
100,1651,0.0
101,1651,1.0
102,1651,0.0
103,1651,0.0
104,1651,5.0
105,1651,0.0
106,1651,0.0
107,1651,2.0
108,1651,1.0
109,1651,4.0
110,1651,0.0
111,1651,1.0
112,1651,4.0
113,1651,1.0
114,1651,2.0
115,1651,0.0
116,1651,1.0
117,1651,0.0
118,1651,0.0
119,1651,8.0
120,1651,0.0
121,1651,1.0
122,1651,1.0
123,1651,2.0
124,1651,1.0
125,1651,0.0
126,1651,3.0
127,1651,0.0
128,1651,0.0
129,1651,0.0
130,1651,6.0
131,1651,1.0
132,1651,4.0
133,1651,0.0
134,1651,0.0
135,1651,0.0
136,1651,0.0
137,1651,2.0
138,1651,1.0
139,1651,1.0
140,1651,0.0
141,1651,1.0
142,1651,0.0
143,1651,1.0
144,1651,1.0
145,1651,1.0
146,1651,3.0
147,1651,4.0
148,1651,0.0
149,1651,0.0
150,1651,7.0
151,1651,17.0
152,1651,19.0
153,1651,2.0
154,1651,0.0
155,1651,3.0
156,1651,0.0
157,1651,0.0
158,1651,1.0
159,1651,2.0
160,1651,1.0
161,1651,2.0
162,1651,8.0
163,1651,5.0
164,1651,0.0
165,1651,0.0
166,1651,5.0
167,1651,5.0
168,1651,5.0
169,1651,5.0
170,1651,0.0
171,1651,0.0
172,1651,1.0
173,1651,1.0
174,1651,0.0
175,1651,4.0
176,1651,0.0
177,1651,0.0
178,1651,0.0
179,1651,0.0
180,1651,3.0
181,1651,0.0
182,1651,0.0
183,1651,0.0
184,1651,1.0
185,1651,0.0
186,1651,0.0
187,1651,0.0
188,1651,7.0
189,1651,0.0
190,1651,0.0
191,1651,0.0
192,1651,1.0
193,1651,0.0
194,1651,0.0
195,1651,1.0
196,1651,0.0
197,1651,0.0
198,1651,0.0
199,1651,2.0
0,1652,0.0
1,1652,2.0
2,1652,9.0
3,1652,0.0
4,1652,2.0
5,1652,0.0
6,1652,0.0
7,1652,0.0
8,1652,0.0
9,1652,1.0
10,1652,7.0
11,1652,0.0
12,1652,1.0
13,1652,2.0
14,1652,0.0
15,1652,8.0
16,1652,0.0
17,1652,2.0
18,1652,0.0
19,1652,0.0
20,1652,0.0
21,1652,0.0
22,1652,1.0
23,1652,3.0
24,1652,3.0
25,1652,0.0
26,1652,1.0
27,1652,1.0
28,1652,3.0
29,1652,0.0
30,1652,3.0
31,1652,0.0
32,1652,0.0
33,1652,0.0
34,1652,1.0
35,1652,5.0
36,1652,0.0
37,1652,3.0
38,1652,0.0
39,1652,1.0
40,1652,0.0
41,1652,1.0
42,1652,0.0
43,1652,2.0
44,1652,1.0
45,1652,0.0
46,1652,3.0
47,1652,1.0
48,1652,2.0
49,1652,6.0
50,1652,2.0
51,1652,0.0
52,1652,0.0
53,1652,58.0
54,1652,0.0
55,1652,1.0
56,1652,2.0
57,1652,0.0
58,1652,0.0
59,1652,2.0
60,1652,0.0
61,1652,30.0
62,1652,4.0
63,1652,2.0
64,1652,1.0
65,1652,0.0
66,1652,4.0
67,1652,2.0
68,1652,0.0
69,1652,0.0
70,1652,1.0
71,1652,3.0
72,1652,0.0
73,1652,0.0
74,1652,0.0
75,1652,0.0
76,1652,0.0
77,1652,3.0
78,1652,0.0
79,1652,0.0
80,1652,0.0
81,1652,4.0
82,1652,0.0
83,1652,0.0
84,1652,4.0
85,1652,55.0
86,1652,0.0
87,1652,0.0
88,1652,4.0
89,1652,0.0
90,1652,0.0
91,1652,5.0
92,1652,26.0
93,1652,1.0
94,1652,0.0
95,1652,11.0
96,1652,0.0
97,1652,0.0
98,1652,5.0
99,1652,0.0
100,1652,0.0
101,1652,0.0
102,1652,0.0
103,1652,0.0
104,1652,2.0
105,1652,9.0
106,1652,0.0
107,1652,1.0
108,1652,4.0
109,1652,3.0
110,1652,4.0
111,1652,4.0
112,1652,1.0
113,1652,2.0
114,1652,2.0
115,1652,0.0
116,1652,3.0
117,1652,2.0
118,1652,1.0
119,1652,2.0
120,1652,0.0
121,1652,2.0
122,1652,3.0
123,1652,0.0
124,1652,3.0
125,1652,0.0
126,1652,3.0
127,1652,1.0
128,1652,0.0
129,1652,1.0
130,1652,0.0
131,1652,0.0
132,1652,1.0
133,1652,0.0
134,1652,1.0
135,1652,0.0
136,1652,2.0
137,1652,3.0
138,1652,2.0
139,1652,0.0
140,1652,0.0
141,1652,0.0
142,1652,0.0
143,1652,3.0
144,1652,2.0
145,1652,3.0
146,1652,0.0
147,1652,2.0
148,1652,0.0
149,1652,0.0
150,1652,13.0
151,1652,18.0
152,1652,3.0
153,1652,0.0
154,1652,5.0
155,1652,1.0
156,1652,0.0
157,1652,2.0
158,1652,1.0
159,1652,4.0
160,1652,4.0
161,1652,5.0
162,1652,13.0
163,1652,23.0
164,1652,3.0
165,1652,0.0
166,1652,6.0
167,1652,6.0
168,1652,0.0
169,1652,10.0
170,1652,0.0
171,1652,0.0
172,1652,0.0
173,1652,1.0
174,1652,0.0
175,1652,2.0
176,1652,0.0
177,1652,0.0
178,1652,2.0
179,1652,3.0
180,1652,0.0
181,1652,0.0
182,1652,3.0
183,1652,0.0
184,1652,0.0
185,1652,0.0
186,1652,0.0
187,1652,0.0
188,1652,4.0
189,1652,0.0
190,1652,0.0
191,1652,0.0
192,1652,0.0
193,1652,1.0
194,1652,2.0
195,1652,7.0
196,1652,1.0
197,1652,0.0
198,1652,0.0
199,1652,0.0
0,1653,0.0
1,1653,1.0
2,1653,8.0
3,1653,0.0
4,1653,0.0
5,1653,0.0
6,1653,0.0
7,1653,0.0
8,1653,0.0
9,1653,2.0
10,1653,12.0
11,1653,0.0
12,1653,1.0
13,1653,2.0
14,1653,0.0
15,1653,5.0
16,1653,0.0
17,1653,1.0
18,1653,1.0
19,1653,0.0
20,1653,0.0
21,1653,0.0
22,1653,0.0
23,1653,0.0
24,1653,1.0
25,1653,1.0
26,1653,0.0
27,1653,0.0
28,1653,2.0
29,1653,0.0
30,1653,0.0
31,1653,3.0
32,1653,0.0
33,1653,5.0
34,1653,0.0
35,1653,3.0
36,1653,1.0
37,1653,2.0
38,1653,0.0
39,1653,5.0
40,1653,0.0
41,1653,4.0
42,1653,0.0
43,1653,0.0
44,1653,1.0
45,1653,2.0
46,1653,5.0
47,1653,2.0
48,1653,2.0
49,1653,3.0
50,1653,1.0
51,1653,0.0
52,1653,2.0
53,1653,70.0
54,1653,0.0
55,1653,1.0
56,1653,1.0
57,1653,0.0
58,1653,0.0
59,1653,2.0
60,1653,1.0
61,1653,53.0
62,1653,8.0
63,1653,2.0
64,1653,0.0
65,1653,1.0
66,1653,7.0
67,1653,3.0
68,1653,4.0
69,1653,0.0
70,1653,0.0
71,1653,3.0
72,1653,0.0
73,1653,0.0
74,1653,3.0
75,1653,4.0
76,1653,0.0
77,1653,13.0
78,1653,0.0
79,1653,0.0
80,1653,0.0
81,1653,2.0
82,1653,0.0
83,1653,0.0
84,1653,3.0
85,1653,61.0
86,1653,0.0
87,1653,0.0
88,1653,4.0
89,1653,0.0
90,1653,0.0
91,1653,7.0
92,1653,29.0
93,1653,1.0
94,1653,1.0
95,1653,6.0
96,1653,12.0
97,1653,0.0
98,1653,5.0
99,1653,0.0
100,1653,2.0
101,1653,0.0
102,1653,0.0
103,1653,0.0
104,1653,8.0
105,1653,1.0
106,1653,0.0
107,1653,3.0
108,1653,4.0
109,1653,8.0
110,1653,2.0
111,1653,3.0
112,1653,1.0
113,1653,5.0
114,1653,1.0
115,1653,0.0
116,1653,0.0
117,1653,1.0
118,1653,0.0
119,1653,8.0
120,1653,0.0
121,1653,0.0
122,1653,1.0
123,1653,1.0
124,1653,3.0
125,1653,0.0
126,1653,2.0
127,1653,4.0
128,1653,0.0
129,1653,3.0
130,1653,0.0
131,1653,6.0
132,1653,0.0
133,1653,0.0
134,1653,2.0
135,1653,0.0
136,1653,0.0
137,1653,0.0
138,1653,5.0
139,1653,0.0
140,1653,1.0
141,1653,0.0
142,1653,0.0
143,1653,3.0
144,1653,1.0
145,1653,5.0
146,1653,0.0
147,1653,4.0
148,1653,0.0
149,1653,0.0
150,1653,25.0
151,1653,23.0
152,1653,1.0
153,1653,2.0
154,1653,1.0
155,1653,0.0
156,1653,0.0
157,1653,3.0
158,1653,0.0
159,1653,4.0
160,1653,8.0
161,1653,3.0
162,1653,23.0
163,1653,37.0
164,1653,3.0
165,1653,0.0
166,1653,2.0
167,1653,7.0
168,1653,0.0
169,1653,26.0
170,1653,1.0
171,1653,0.0
172,1653,0.0
173,1653,3.0
174,1653,0.0
175,1653,4.0
176,1653,2.0
177,1653,2.0
178,1653,0.0
179,1653,0.0
180,1653,1.0
181,1653,1.0
182,1653,5.0
183,1653,0.0
184,1653,2.0
185,1653,0.0
186,1653,0.0
187,1653,0.0
188,1653,2.0
189,1653,1.0
190,1653,0.0
191,1653,0.0
192,1653,0.0
193,1653,1.0
194,1653,0.0
195,1653,0.0
196,1653,0.0
197,1653,0.0
198,1653,0.0
199,1653,0.0
0,1654,3.0
1,1654,2.0
2,1654,2.0
3,1654,1.0
4,1654,1.0
5,1654,0.0
6,1654,1.0
7,1654,0.0
8,1654,0.0
9,1654,2.0
10,1654,16.0
11,1654,0.0
12,1654,0.0
13,1654,3.0
14,1654,0.0
15,1654,0.0
16,1654,0.0
17,1654,0.0
18,1654,1.0
19,1654,1.0
20,1654,0.0
21,1654,3.0
22,1654,1.0
23,1654,0.0
24,1654,0.0
25,1654,0.0
26,1654,1.0
27,1654,0.0
28,1654,7.0
29,1654,0.0
30,1654,2.0
31,1654,2.0
32,1654,0.0
33,1654,11.0
34,1654,1.0
35,1654,6.0
36,1654,0.0
37,1654,4.0
38,1654,0.0
39,1654,5.0
40,1654,0.0
41,1654,1.0
42,1654,0.0
43,1654,3.0
44,1654,0.0
45,1654,1.0
46,1654,2.0
47,1654,3.0
48,1654,2.0
49,1654,2.0
50,1654,0.0
51,1654,0.0
52,1654,2.0
53,1654,85.0
54,1654,0.0
55,1654,0.0
56,1654,3.0
57,1654,0.0
58,1654,0.0
59,1654,2.0
60,1654,0.0
61,1654,58.0
62,1654,5.0
63,1654,1.0
64,1654,1.0
65,1654,1.0
66,1654,9.0
67,1654,0.0
68,1654,1.0
69,1654,2.0
70,1654,4.0
71,1654,7.0
72,1654,0.0
73,1654,0.0
74,1654,2.0
75,1654,0.0
76,1654,0.0
77,1654,5.0
78,1654,0.0
79,1654,0.0
80,1654,0.0
81,1654,2.0
82,1654,0.0
83,1654,0.0
84,1654,7.0
85,1654,90.0
86,1654,0.0
87,1654,0.0
88,1654,1.0
89,1654,1.0
90,1654,3.0
91,1654,5.0
92,1654,24.0
93,1654,0.0
94,1654,4.0
95,1654,7.0
96,1654,13.0
97,1654,0.0
98,1654,4.0
99,1654,0.0
100,1654,2.0
101,1654,0.0
102,1654,0.0
103,1654,0.0
104,1654,4.0
105,1654,5.0
106,1654,0.0
107,1654,2.0
108,1654,3.0
109,1654,4.0
110,1654,7.0
111,1654,6.0
112,1654,1.0
113,1654,2.0
114,1654,2.0
115,1654,0.0
116,1654,2.0
117,1654,2.0
118,1654,0.0
119,1654,4.0
120,1654,0.0
121,1654,2.0
122,1654,2.0
123,1654,0.0
124,1654,3.0
125,1654,0.0
126,1654,3.0
127,1654,0.0
128,1654,0.0
129,1654,2.0
130,1654,1.0
131,1654,0.0
132,1654,0.0
133,1654,0.0
134,1654,2.0
135,1654,1.0
136,1654,1.0
137,1654,2.0
138,1654,7.0
139,1654,0.0
140,1654,1.0
141,1654,2.0
142,1654,0.0
143,1654,2.0
144,1654,2.0
145,1654,2.0
146,1654,0.0
147,1654,3.0
148,1654,0.0
149,1654,0.0
150,1654,22.0
151,1654,18.0
152,1654,0.0
153,1654,5.0
154,1654,3.0
155,1654,0.0
156,1654,0.0
157,1654,2.0
158,1654,0.0
159,1654,7.0
160,1654,5.0
161,1654,1.0
162,1654,11.0
163,1654,19.0
164,1654,3.0
165,1654,0.0
166,1654,1.0
167,1654,6.0
168,1654,0.0
169,1654,29.0
170,1654,1.0
171,1654,0.0
172,1654,0.0
173,1654,0.0
174,1654,0.0
175,1654,1.0
176,1654,0.0
177,1654,0.0
178,1654,0.0
179,1654,0.0
180,1654,2.0
181,1654,2.0
182,1654,3.0
183,1654,0.0
184,1654,0.0
185,1654,0.0
186,1654,0.0
187,1654,0.0
188,1654,4.0
189,1654,1.0
190,1654,0.0
191,1654,0.0
192,1654,0.0
193,1654,2.0
194,1654,2.0
195,1654,0.0
196,1654,0.0
197,1654,0.0
198,1654,1.0
199,1654,2.0
0,1655,3.0
1,1655,1.0
2,1655,6.0
3,1655,0.0
4,1655,1.0
5,1655,0.0
6,1655,0.0
7,1655,0.0
8,1655,0.0
9,1655,0.0
10,1655,7.0
11,1655,0.0
12,1655,4.0
13,1655,2.0
14,1655,0.0
15,1655,6.0
16,1655,0.0
17,1655,0.0
18,1655,0.0
19,1655,0.0
20,1655,0.0
21,1655,0.0
22,1655,0.0
23,1655,3.0
24,1655,2.0
25,1655,0.0
26,1655,2.0
27,1655,0.0
28,1655,0.0
29,1655,0.0
30,1655,2.0
31,1655,4.0
32,1655,0.0
33,1655,10.0
34,1655,5.0
35,1655,7.0
36,1655,0.0
37,1655,0.0
38,1655,0.0
39,1655,3.0
40,1655,0.0
41,1655,1.0
42,1655,0.0
43,1655,0.0
44,1655,0.0
45,1655,0.0
46,1655,3.0
47,1655,2.0
48,1655,0.0
49,1655,6.0
50,1655,0.0
51,1655,0.0
52,1655,0.0
53,1655,53.0
54,1655,0.0
55,1655,0.0
56,1655,0.0
57,1655,0.0
58,1655,0.0
59,1655,2.0
60,1655,1.0
61,1655,0.0
62,1655,1.0
63,1655,3.0
64,1655,0.0
65,1655,0.0
66,1655,9.0
67,1655,4.0
68,1655,2.0
69,1655,0.0
70,1655,1.0
71,1655,3.0
72,1655,0.0
73,1655,0.0
74,1655,1.0
75,1655,0.0
76,1655,0.0
77,1655,2.0
78,1655,0.0
79,1655,0.0
80,1655,0.0
81,1655,0.0
82,1655,0.0
83,1655,0.0
84,1655,10.0
85,1655,59.0
86,1655,0.0
87,1655,0.0
88,1655,5.0
89,1655,0.0
90,1655,0.0
91,1655,4.0
92,1655,15.0
93,1655,0.0
94,1655,0.0
95,1655,12.0
96,1655,3.0
97,1655,0.0
98,1655,7.0
99,1655,1.0
100,1655,1.0
101,1655,0.0
102,1655,0.0
103,1655,0.0
104,1655,6.0
105,1655,0.0
106,1655,0.0
107,1655,2.0
108,1655,4.0
109,1655,4.0
110,1655,5.0
111,1655,2.0
112,1655,4.0
113,1655,0.0
114,1655,2.0
115,1655,1.0
116,1655,3.0
117,1655,2.0
118,1655,1.0
119,1655,4.0
120,1655,0.0
121,1655,0.0
122,1655,2.0
123,1655,3.0
124,1655,1.0
125,1655,0.0
126,1655,2.0
127,1655,0.0
128,1655,0.0
129,1655,0.0
130,1655,7.0
131,1655,3.0
132,1655,0.0
133,1655,0.0
134,1655,0.0
135,1655,0.0
136,1655,0.0
137,1655,0.0
138,1655,7.0
139,1655,0.0
140,1655,0.0
141,1655,0.0
142,1655,0.0
143,1655,4.0
144,1655,2.0
145,1655,1.0
146,1655,2.0
147,1655,2.0
148,1655,3.0
149,1655,0.0
150,1655,22.0
151,1655,11.0
152,1655,4.0
153,1655,4.0
154,1655,1.0
155,1655,0.0
156,1655,0.0
157,1655,1.0
158,1655,0.0
159,1655,3.0
160,1655,0.0
161,1655,1.0
162,1655,18.0
163,1655,13.0
164,1655,0.0
165,1655,0.0
166,1655,6.0
167,1655,7.0
168,1655,1.0
169,1655,14.0
170,1655,0.0
171,1655,0.0
172,1655,0.0
173,1655,0.0
174,1655,0.0
175,1655,2.0
176,1655,3.0
177,1655,0.0
178,1655,1.0
179,1655,0.0
180,1655,3.0
181,1655,0.0
182,1655,0.0
183,1655,0.0
184,1655,0.0
185,1655,0.0
186,1655,0.0
187,1655,0.0
188,1655,7.0
189,1655,1.0
190,1655,0.0
191,1655,0.0
192,1655,0.0
193,1655,1.0
194,1655,2.0
195,1655,0.0
196,1655,0.0
197,1655,0.0
198,1655,0.0
199,1655,2.0
0,1656,0.0
1,1656,7.0
2,1656,10.0
3,1656,0.0
4,1656,0.0
5,1656,0.0
6,1656,0.0
7,1656,0.0
8,1656,0.0
9,1656,0.0
10,1656,0.0
11,1656,0.0
12,1656,0.0
13,1656,0.0
14,1656,0.0
15,1656,8.0
16,1656,0.0
17,1656,0.0
18,1656,1.0
19,1656,0.0
20,1656,0.0
21,1656,1.0
22,1656,0.0
23,1656,0.0
24,1656,0.0
25,1656,0.0
26,1656,0.0
27,1656,0.0
28,1656,3.0
29,1656,0.0
30,1656,3.0
31,1656,1.0
32,1656,4.0
33,1656,4.0
34,1656,0.0
35,1656,5.0
36,1656,0.0
37,1656,2.0
38,1656,0.0
39,1656,1.0
40,1656,0.0
41,1656,3.0
42,1656,5.0
43,1656,0.0
44,1656,0.0
45,1656,0.0
46,1656,1.0
47,1656,2.0
48,1656,4.0
49,1656,1.0
50,1656,0.0
51,1656,0.0
52,1656,0.0
53,1656,40.0
54,1656,0.0
55,1656,1.0
56,1656,0.0
57,1656,0.0
58,1656,0.0
59,1656,0.0
60,1656,0.0
61,1656,0.0
62,1656,2.0
63,1656,1.0
64,1656,0.0
65,1656,0.0
66,1656,2.0
67,1656,0.0
68,1656,1.0
69,1656,1.0
70,1656,2.0
71,1656,2.0
72,1656,0.0
73,1656,0.0
74,1656,0.0
75,1656,1.0
76,1656,0.0
77,1656,7.0
78,1656,0.0
79,1656,0.0
80,1656,0.0
81,1656,0.0
82,1656,0.0
83,1656,0.0
84,1656,3.0
85,1656,66.0
86,1656,0.0
87,1656,0.0
88,1656,0.0
89,1656,0.0
90,1656,0.0
91,1656,6.0
92,1656,23.0
93,1656,0.0
94,1656,2.0
95,1656,8.0
96,1656,5.0
97,1656,0.0
98,1656,4.0
99,1656,1.0
100,1656,3.0
101,1656,1.0
102,1656,0.0
103,1656,0.0
104,1656,2.0
105,1656,2.0
106,1656,0.0
107,1656,1.0
108,1656,0.0
109,1656,2.0
110,1656,1.0
111,1656,1.0
112,1656,1.0
113,1656,1.0
114,1656,1.0
115,1656,0.0
116,1656,4.0
117,1656,0.0
118,1656,0.0
119,1656,4.0
120,1656,0.0
121,1656,0.0
122,1656,2.0
123,1656,0.0
124,1656,0.0
125,1656,0.0
126,1656,1.0
127,1656,0.0
128,1656,0.0
129,1656,1.0
130,1656,6.0
131,1656,0.0
132,1656,0.0
133,1656,0.0
134,1656,1.0
135,1656,0.0
136,1656,0.0
137,1656,0.0
138,1656,2.0
139,1656,0.0
140,1656,0.0
141,1656,0.0
142,1656,0.0
143,1656,3.0
144,1656,1.0
145,1656,0.0
146,1656,1.0
147,1656,4.0
148,1656,4.0
149,1656,0.0
150,1656,14.0
151,1656,7.0
152,1656,2.0
153,1656,1.0
154,1656,1.0
155,1656,1.0
156,1656,0.0
157,1656,0.0
158,1656,0.0
159,1656,4.0
160,1656,2.0
161,1656,5.0
162,1656,9.0
163,1656,23.0
164,1656,3.0
165,1656,0.0
166,1656,3.0
167,1656,8.0
168,1656,3.0
169,1656,12.0
170,1656,0.0
171,1656,0.0
172,1656,1.0
173,1656,0.0
174,1656,0.0
175,1656,0.0
176,1656,0.0
177,1656,1.0
178,1656,0.0
179,1656,0.0
180,1656,0.0
181,1656,0.0
182,1656,0.0
183,1656,0.0
184,1656,0.0
185,1656,0.0
186,1656,0.0
187,1656,0.0
188,1656,4.0
189,1656,0.0
190,1656,0.0
191,1656,0.0
192,1656,0.0
193,1656,1.0
194,1656,0.0
195,1656,0.0
196,1656,1.0
197,1656,0.0
198,1656,0.0
199,1656,0.0
0,1657,1.0
1,1657,0.0
2,1657,6.0
3,1657,1.0
4,1657,1.0
5,1657,0.0
6,1657,3.0
7,1657,0.0
8,1657,0.0
9,1657,1.0
10,1657,11.0
11,1657,0.0
12,1657,0.0
13,1657,2.0
14,1657,0.0
15,1657,5.0
16,1657,0.0
17,1657,0.0
18,1657,0.0
19,1657,2.0
20,1657,0.0
21,1657,1.0
22,1657,7.0
23,1657,0.0
24,1657,1.0
25,1657,5.0
26,1657,1.0
27,1657,0.0
28,1657,0.0
29,1657,0.0
30,1657,3.0
31,1657,3.0
32,1657,0.0
33,1657,6.0
34,1657,0.0
35,1657,11.0
36,1657,0.0
37,1657,0.0
38,1657,0.0
39,1657,4.0
40,1657,0.0
41,1657,4.0
42,1657,1.0
43,1657,2.0
44,1657,0.0
45,1657,4.0
46,1657,0.0
47,1657,1.0
48,1657,4.0
49,1657,1.0
50,1657,0.0
51,1657,0.0
52,1657,0.0
53,1657,64.0
54,1657,0.0
55,1657,0.0
56,1657,5.0
57,1657,0.0
58,1657,0.0
59,1657,2.0
60,1657,0.0
61,1657,0.0
62,1657,2.0
63,1657,0.0
64,1657,0.0
65,1657,1.0
66,1657,2.0
67,1657,3.0
68,1657,0.0
69,1657,0.0
70,1657,2.0
71,1657,2.0
72,1657,0.0
73,1657,0.0
74,1657,0.0
75,1657,1.0
76,1657,0.0
77,1657,1.0
78,1657,0.0
79,1657,0.0
80,1657,0.0
81,1657,0.0
82,1657,0.0
83,1657,0.0
84,1657,6.0
85,1657,48.0
86,1657,0.0
87,1657,0.0
88,1657,4.0
89,1657,0.0
90,1657,1.0
91,1657,3.0
92,1657,19.0
93,1657,0.0
94,1657,3.0
95,1657,2.0
96,1657,6.0
97,1657,1.0
98,1657,3.0
99,1657,7.0
100,1657,0.0
101,1657,0.0
102,1657,0.0
103,1657,0.0
104,1657,0.0
105,1657,2.0
106,1657,0.0
107,1657,3.0
108,1657,2.0
109,1657,2.0
110,1657,4.0
111,1657,8.0
112,1657,1.0
113,1657,2.0
114,1657,2.0
115,1657,0.0
116,1657,0.0
117,1657,1.0
118,1657,0.0
119,1657,5.0
120,1657,0.0
121,1657,0.0
122,1657,0.0
123,1657,1.0
124,1657,1.0
125,1657,0.0
126,1657,2.0
127,1657,3.0
128,1657,0.0
129,1657,0.0
130,1657,1.0
131,1657,0.0
132,1657,1.0
133,1657,0.0
134,1657,1.0
135,1657,0.0
136,1657,0.0
137,1657,0.0
138,1657,5.0
139,1657,2.0
140,1657,1.0
141,1657,4.0
142,1657,1.0
143,1657,0.0
144,1657,1.0
145,1657,2.0
146,1657,2.0
147,1657,10.0
148,1657,3.0
149,1657,1.0
150,1657,12.0
151,1657,5.0
152,1657,3.0
153,1657,3.0
154,1657,1.0
155,1657,0.0
156,1657,0.0
157,1657,2.0
158,1657,3.0
159,1657,1.0
160,1657,6.0
161,1657,2.0
162,1657,9.0
163,1657,16.0
164,1657,1.0
165,1657,0.0
166,1657,4.0
167,1657,5.0
168,1657,0.0
169,1657,20.0
170,1657,1.0
171,1657,2.0
172,1657,1.0
173,1657,2.0
174,1657,0.0
175,1657,3.0
176,1657,0.0
177,1657,0.0
178,1657,2.0
179,1657,1.0
180,1657,1.0
181,1657,0.0
182,1657,0.0
183,1657,0.0
184,1657,3.0
185,1657,0.0
186,1657,0.0
187,1657,2.0
188,1657,2.0
189,1657,0.0
190,1657,0.0
191,1657,0.0
192,1657,0.0
193,1657,2.0
194,1657,0.0
195,1657,1.0
196,1657,0.0
197,1657,0.0
198,1657,0.0
199,1657,0.0
0,1658,0.0
1,1658,0.0
2,1658,3.0
3,1658,1.0
4,1658,0.0
5,1658,0.0
6,1658,0.0
7,1658,0.0
8,1658,0.0
9,1658,0.0
10,1658,2.0
11,1658,0.0
12,1658,2.0
13,1658,0.0
14,1658,0.0
15,1658,10.0
16,1658,0.0
17,1658,0.0
18,1658,1.0
19,1658,1.0
20,1658,0.0
21,1658,0.0
22,1658,0.0
23,1658,0.0
24,1658,0.0
25,1658,1.0
26,1658,1.0
27,1658,0.0
28,1658,6.0
29,1658,0.0
30,1658,1.0
31,1658,6.0
32,1658,0.0
33,1658,0.0
34,1658,0.0
35,1658,1.0
36,1658,0.0
37,1658,1.0
38,1658,0.0
39,1658,2.0
40,1658,0.0
41,1658,5.0
42,1658,3.0
43,1658,0.0
44,1658,1.0
45,1658,0.0
46,1658,2.0
47,1658,2.0
48,1658,1.0
49,1658,0.0
50,1658,0.0
51,1658,0.0
52,1658,0.0
53,1658,43.0
54,1658,0.0
55,1658,0.0
56,1658,2.0
57,1658,0.0
58,1658,0.0
59,1658,2.0
60,1658,1.0
61,1658,0.0
62,1658,2.0
63,1658,0.0
64,1658,4.0
65,1658,0.0
66,1658,6.0
67,1658,0.0
68,1658,6.0
69,1658,0.0
70,1658,0.0
71,1658,1.0
72,1658,0.0
73,1658,0.0
74,1658,0.0
75,1658,2.0
76,1658,0.0
77,1658,4.0
78,1658,0.0
79,1658,0.0
80,1658,0.0
81,1658,1.0
82,1658,0.0
83,1658,0.0
84,1658,5.0
85,1658,53.0
86,1658,0.0
87,1658,0.0
88,1658,3.0
89,1658,1.0
90,1658,0.0
91,1658,5.0
92,1658,14.0
93,1658,0.0
94,1658,0.0
95,1658,7.0
96,1658,8.0
97,1658,1.0
98,1658,1.0
99,1658,3.0
100,1658,2.0
101,1658,0.0
102,1658,0.0
103,1658,0.0
104,1658,0.0
105,1658,0.0
106,1658,0.0
107,1658,2.0
108,1658,4.0
109,1658,6.0
110,1658,2.0
111,1658,1.0
112,1658,0.0
113,1658,1.0
114,1658,3.0
115,1658,0.0
116,1658,0.0
117,1658,0.0
118,1658,2.0
119,1658,3.0
120,1658,0.0
121,1658,0.0
122,1658,0.0
123,1658,0.0
124,1658,1.0
125,1658,0.0
126,1658,0.0
127,1658,1.0
128,1658,0.0
129,1658,24.0
130,1658,4.0
131,1658,1.0
132,1658,5.0
133,1658,0.0
134,1658,1.0
135,1658,0.0
136,1658,0.0
137,1658,0.0
138,1658,4.0
139,1658,0.0
140,1658,2.0
141,1658,0.0
142,1658,0.0
143,1658,1.0
144,1658,0.0
145,1658,1.0
146,1658,1.0
147,1658,5.0
148,1658,0.0
149,1658,1.0
150,1658,14.0
151,1658,19.0
152,1658,9.0
153,1658,1.0
154,1658,3.0
155,1658,0.0
156,1658,0.0
157,1658,0.0
158,1658,0.0
159,1658,5.0
160,1658,3.0
161,1658,5.0
162,1658,5.0
163,1658,17.0
164,1658,0.0
165,1658,0.0
166,1658,4.0
167,1658,5.0
168,1658,1.0
169,1658,2.0
170,1658,2.0
171,1658,5.0
172,1658,1.0
173,1658,2.0
174,1658,0.0
175,1658,1.0
176,1658,1.0
177,1658,4.0
178,1658,1.0
179,1658,1.0
180,1658,1.0
181,1658,0.0
182,1658,1.0
183,1658,0.0
184,1658,1.0
185,1658,0.0
186,1658,0.0
187,1658,0.0
188,1658,1.0
189,1658,0.0
190,1658,0.0
191,1658,0.0
192,1658,0.0
193,1658,1.0
194,1658,0.0
195,1658,2.0
196,1658,1.0
197,1658,0.0
198,1658,0.0
199,1658,0.0
0,1659,1.0
1,1659,3.0
2,1659,6.0
3,1659,0.0
4,1659,1.0
5,1659,0.0
6,1659,1.0
7,1659,0.0
8,1659,0.0
9,1659,0.0
10,1659,15.0
11,1659,0.0
12,1659,0.0
13,1659,1.0
14,1659,0.0
15,1659,6.0
16,1659,0.0
17,1659,4.0
18,1659,1.0
19,1659,0.0
20,1659,0.0
21,1659,1.0
22,1659,0.0
23,1659,0.0
24,1659,1.0
25,1659,0.0
26,1659,2.0
27,1659,0.0
28,1659,3.0
29,1659,0.0
30,1659,4.0
31,1659,3.0
32,1659,1.0
33,1659,10.0
34,1659,0.0
35,1659,13.0
36,1659,0.0
37,1659,0.0
38,1659,0.0
39,1659,2.0
40,1659,0.0
41,1659,1.0
42,1659,0.0
43,1659,0.0
44,1659,0.0
45,1659,1.0
46,1659,3.0
47,1659,1.0
48,1659,4.0
49,1659,0.0
50,1659,1.0
51,1659,0.0
52,1659,0.0
53,1659,66.0
54,1659,0.0
55,1659,0.0
56,1659,0.0
57,1659,0.0
58,1659,0.0
59,1659,0.0
60,1659,1.0
61,1659,0.0
62,1659,1.0
63,1659,0.0
64,1659,2.0
65,1659,1.0
66,1659,7.0
67,1659,6.0
68,1659,0.0
69,1659,0.0
70,1659,1.0
71,1659,0.0
72,1659,0.0
73,1659,0.0
74,1659,0.0
75,1659,1.0
76,1659,0.0
77,1659,2.0
78,1659,0.0
79,1659,0.0
80,1659,0.0
81,1659,1.0
82,1659,0.0
83,1659,0.0
84,1659,8.0
85,1659,54.0
86,1659,0.0
87,1659,0.0
88,1659,0.0
89,1659,0.0
90,1659,1.0
91,1659,0.0
92,1659,19.0
93,1659,0.0
94,1659,0.0
95,1659,8.0
96,1659,10.0
97,1659,0.0
98,1659,1.0
99,1659,2.0
100,1659,1.0
101,1659,1.0
102,1659,0.0
103,1659,0.0
104,1659,0.0
105,1659,2.0
106,1659,0.0
107,1659,2.0
108,1659,2.0
109,1659,5.0
110,1659,0.0
111,1659,4.0
112,1659,2.0
113,1659,2.0
114,1659,1.0
115,1659,1.0
116,1659,1.0
117,1659,0.0
118,1659,1.0
119,1659,7.0
120,1659,1.0
121,1659,1.0
122,1659,1.0
123,1659,0.0
124,1659,2.0
125,1659,0.0
126,1659,4.0
127,1659,3.0
128,1659,0.0
129,1659,0.0
130,1659,3.0
131,1659,4.0
132,1659,0.0
133,1659,0.0
134,1659,0.0
135,1659,0.0
136,1659,0.0
137,1659,0.0
138,1659,4.0
139,1659,0.0
140,1659,0.0
141,1659,0.0
142,1659,0.0
143,1659,2.0
144,1659,2.0
145,1659,2.0
146,1659,0.0
147,1659,2.0
148,1659,1.0
149,1659,2.0
150,1659,13.0
151,1659,16.0
152,1659,10.0
153,1659,0.0
154,1659,2.0
155,1659,0.0
156,1659,0.0
157,1659,2.0
158,1659,2.0
159,1659,6.0
160,1659,1.0
161,1659,1.0
162,1659,10.0
163,1659,11.0
164,1659,4.0
165,1659,0.0
166,1659,4.0
167,1659,2.0
168,1659,5.0
169,1659,15.0
170,1659,0.0
171,1659,5.0
172,1659,0.0
173,1659,0.0
174,1659,0.0
175,1659,2.0
176,1659,2.0
177,1659,3.0
178,1659,1.0
179,1659,0.0
180,1659,1.0
181,1659,0.0
182,1659,5.0
183,1659,0.0
184,1659,3.0
185,1659,0.0
186,1659,0.0
187,1659,2.0
188,1659,5.0
189,1659,0.0
190,1659,0.0
191,1659,0.0
192,1659,0.0
193,1659,0.0
194,1659,0.0
195,1659,1.0
196,1659,0.0
197,1659,1.0
198,1659,0.0
199,1659,0.0
0,1660,1.0
1,1660,1.0
2,1660,4.0
3,1660,0.0
4,1660,3.0
5,1660,0.0
6,1660,0.0
7,1660,0.0
8,1660,0.0
9,1660,0.0
10,1660,16.0
11,1660,0.0
12,1660,1.0
13,1660,0.0
14,1660,0.0
15,1660,0.0
16,1660,0.0
17,1660,1.0
18,1660,4.0
19,1660,1.0
20,1660,0.0
21,1660,0.0
22,1660,0.0
23,1660,0.0
24,1660,0.0
25,1660,3.0
26,1660,2.0
27,1660,0.0
28,1660,3.0
29,1660,0.0
30,1660,2.0
31,1660,1.0
32,1660,0.0
33,1660,9.0
34,1660,0.0
35,1660,3.0
36,1660,0.0
37,1660,1.0
38,1660,0.0
39,1660,1.0
40,1660,0.0
41,1660,3.0
42,1660,1.0
43,1660,0.0
44,1660,0.0
45,1660,3.0
46,1660,0.0
47,1660,1.0
48,1660,0.0
49,1660,3.0
50,1660,1.0
51,1660,0.0
52,1660,0.0
53,1660,83.0
54,1660,0.0
55,1660,0.0
56,1660,3.0
57,1660,0.0
58,1660,0.0
59,1660,0.0
60,1660,0.0
61,1660,0.0
62,1660,1.0
63,1660,4.0
64,1660,2.0
65,1660,1.0
66,1660,8.0
67,1660,7.0
68,1660,1.0
69,1660,0.0
70,1660,3.0
71,1660,2.0
72,1660,0.0
73,1660,0.0
74,1660,0.0
75,1660,1.0
76,1660,0.0
77,1660,8.0
78,1660,0.0
79,1660,0.0
80,1660,0.0
81,1660,2.0
82,1660,0.0
83,1660,0.0
84,1660,6.0
85,1660,83.0
86,1660,0.0
87,1660,0.0
88,1660,1.0
89,1660,0.0
90,1660,1.0
91,1660,0.0
92,1660,11.0
93,1660,0.0
94,1660,3.0
95,1660,7.0
96,1660,7.0
97,1660,0.0
98,1660,5.0
99,1660,0.0
100,1660,2.0
101,1660,0.0
102,1660,0.0
103,1660,0.0
104,1660,5.0
105,1660,0.0
106,1660,0.0
107,1660,1.0
108,1660,2.0
109,1660,5.0
110,1660,0.0
111,1660,1.0
112,1660,3.0
113,1660,2.0
114,1660,4.0
115,1660,0.0
116,1660,1.0
117,1660,2.0
118,1660,0.0
119,1660,11.0
120,1660,0.0
121,1660,4.0
122,1660,3.0
123,1660,2.0
124,1660,2.0
125,1660,0.0
126,1660,2.0
127,1660,1.0
128,1660,0.0
129,1660,0.0
130,1660,2.0
131,1660,2.0
132,1660,1.0
133,1660,1.0
134,1660,0.0
135,1660,0.0
136,1660,3.0
137,1660,2.0
138,1660,6.0
139,1660,1.0
140,1660,0.0
141,1660,0.0
142,1660,0.0
143,1660,2.0
144,1660,2.0
145,1660,4.0
146,1660,1.0
147,1660,3.0
148,1660,0.0
149,1660,1.0
150,1660,28.0
151,1660,8.0
152,1660,5.0
153,1660,0.0
154,1660,3.0
155,1660,0.0
156,1660,0.0
157,1660,0.0
158,1660,1.0
159,1660,4.0
160,1660,5.0
161,1660,1.0
162,1660,8.0
163,1660,21.0
164,1660,6.0
165,1660,0.0
166,1660,2.0
167,1660,10.0
168,1660,13.0
169,1660,5.0
170,1660,1.0
171,1660,9.0
172,1660,1.0
173,1660,2.0
174,1660,0.0
175,1660,2.0
176,1660,3.0
177,1660,0.0
178,1660,0.0
179,1660,0.0
180,1660,0.0
181,1660,1.0
182,1660,4.0
183,1660,0.0
184,1660,1.0
185,1660,0.0
186,1660,0.0
187,1660,0.0
188,1660,2.0
189,1660,0.0
190,1660,0.0
191,1660,0.0
192,1660,0.0
193,1660,7.0
194,1660,0.0
195,1660,2.0
196,1660,1.0
197,1660,0.0
198,1660,3.0
199,1660,1.0
0,1661,1.0
1,1661,4.0
2,1661,5.0
3,1661,2.0
4,1661,0.0
5,1661,0.0
6,1661,2.0
7,1661,4.0
8,1661,0.0
9,1661,6.0
10,1661,8.0
11,1661,1.0
12,1661,4.0
13,1661,1.0
14,1661,0.0
15,1661,0.0
16,1661,0.0
17,1661,0.0
18,1661,0.0
19,1661,1.0
20,1661,0.0
21,1661,0.0
22,1661,0.0
23,1661,0.0
24,1661,1.0
25,1661,0.0
26,1661,2.0
27,1661,0.0
28,1661,3.0
29,1661,0.0
30,1661,5.0
31,1661,0.0
32,1661,0.0
33,1661,4.0
34,1661,0.0
35,1661,7.0
36,1661,0.0
37,1661,6.0
38,1661,0.0
39,1661,6.0
40,1661,0.0
41,1661,3.0
42,1661,5.0
43,1661,0.0
44,1661,1.0
45,1661,2.0
46,1661,4.0
47,1661,4.0
48,1661,2.0
49,1661,1.0
50,1661,0.0
51,1661,0.0
52,1661,0.0
53,1661,113.0
54,1661,0.0
55,1661,0.0
56,1661,2.0
57,1661,0.0
58,1661,0.0
59,1661,2.0
60,1661,2.0
61,1661,0.0
62,1661,9.0
63,1661,3.0
64,1661,5.0
65,1661,0.0
66,1661,1.0
67,1661,2.0
68,1661,4.0
69,1661,0.0
70,1661,1.0
71,1661,3.0
72,1661,0.0
73,1661,0.0
74,1661,0.0
75,1661,1.0
76,1661,0.0
77,1661,1.0
78,1661,0.0
79,1661,0.0
80,1661,0.0
81,1661,5.0
82,1661,0.0
83,1661,0.0
84,1661,7.0
85,1661,79.0
86,1661,0.0
87,1661,0.0
88,1661,7.0
89,1661,0.0
90,1661,0.0
91,1661,0.0
92,1661,8.0
93,1661,0.0
94,1661,3.0
95,1661,8.0
96,1661,11.0
97,1661,1.0
98,1661,10.0
99,1661,1.0
100,1661,3.0
101,1661,1.0
102,1661,0.0
103,1661,0.0
104,1661,14.0
105,1661,4.0
106,1661,0.0
107,1661,1.0
108,1661,4.0
109,1661,5.0
110,1661,0.0
111,1661,5.0
112,1661,0.0
113,1661,1.0
114,1661,5.0
115,1661,1.0
116,1661,3.0
117,1661,2.0
118,1661,2.0
119,1661,8.0
120,1661,0.0
121,1661,3.0
122,1661,0.0
123,1661,0.0
124,1661,3.0
125,1661,0.0
126,1661,2.0
127,1661,0.0
128,1661,0.0
129,1661,0.0
130,1661,1.0
131,1661,1.0
132,1661,4.0
133,1661,1.0
134,1661,0.0
135,1661,0.0
136,1661,0.0
137,1661,2.0
138,1661,6.0
139,1661,0.0
140,1661,1.0
141,1661,2.0
142,1661,0.0
143,1661,4.0
144,1661,1.0
145,1661,4.0
146,1661,0.0
147,1661,6.0
148,1661,1.0
149,1661,1.0
150,1661,25.0
151,1661,26.0
152,1661,9.0
153,1661,5.0
154,1661,2.0
155,1661,2.0
156,1661,1.0
157,1661,1.0
158,1661,3.0
159,1661,6.0
160,1661,5.0
161,1661,7.0
162,1661,18.0
163,1661,9.0
164,1661,2.0
165,1661,0.0
166,1661,7.0
167,1661,20.0
168,1661,13.0
169,1661,23.0
170,1661,1.0
171,1661,3.0
172,1661,1.0
173,1661,0.0
174,1661,0.0
175,1661,3.0
176,1661,4.0
177,1661,5.0
178,1661,1.0
179,1661,0.0
180,1661,1.0
181,1661,0.0
182,1661,0.0
183,1661,0.0
184,1661,1.0
185,1661,0.0
186,1661,0.0
187,1661,0.0
188,1661,8.0
189,1661,0.0
190,1661,0.0
191,1661,0.0
192,1661,0.0
193,1661,1.0
194,1661,0.0
195,1661,0.0
196,1661,0.0
197,1661,0.0
198,1661,2.0
199,1661,0.0
0,1662,1.0
1,1662,2.0
2,1662,3.0
3,1662,1.0
4,1662,0.0
5,1662,0.0
6,1662,2.0
7,1662,0.0
8,1662,0.0
9,1662,1.0
10,1662,7.0
11,1662,0.0
12,1662,0.0
13,1662,3.0
14,1662,0.0
15,1662,0.0
16,1662,0.0
17,1662,1.0
18,1662,0.0
19,1662,0.0
20,1662,0.0
21,1662,0.0
22,1662,1.0
23,1662,0.0
24,1662,0.0
25,1662,0.0
26,1662,0.0
27,1662,0.0
28,1662,3.0
29,1662,0.0
30,1662,2.0
31,1662,2.0
32,1662,1.0
33,1662,13.0
34,1662,0.0
35,1662,3.0
36,1662,0.0
37,1662,3.0
38,1662,0.0
39,1662,6.0
40,1662,0.0
41,1662,0.0
42,1662,0.0
43,1662,0.0
44,1662,2.0
45,1662,0.0
46,1662,1.0
47,1662,3.0
48,1662,2.0
49,1662,1.0
50,1662,0.0
51,1662,0.0
52,1662,0.0
53,1662,37.0
54,1662,0.0
55,1662,2.0
56,1662,1.0
57,1662,0.0
58,1662,0.0
59,1662,3.0
60,1662,2.0
61,1662,0.0
62,1662,3.0
63,1662,1.0
64,1662,2.0
65,1662,0.0
66,1662,3.0
67,1662,4.0
68,1662,1.0
69,1662,0.0
70,1662,2.0
71,1662,3.0
72,1662,0.0
73,1662,0.0
74,1662,0.0
75,1662,0.0
76,1662,0.0
77,1662,1.0
78,1662,0.0
79,1662,0.0
80,1662,0.0
81,1662,1.0
82,1662,0.0
83,1662,0.0
84,1662,8.0
85,1662,62.0
86,1662,0.0
87,1662,0.0
88,1662,2.0
89,1662,0.0
90,1662,1.0
91,1662,0.0
92,1662,22.0
93,1662,0.0
94,1662,2.0
95,1662,8.0
96,1662,5.0
97,1662,0.0
98,1662,7.0
99,1662,0.0
100,1662,0.0
101,1662,1.0
102,1662,0.0
103,1662,0.0
104,1662,7.0
105,1662,1.0
106,1662,0.0
107,1662,0.0
108,1662,1.0
109,1662,4.0
110,1662,4.0
111,1662,4.0
112,1662,0.0
113,1662,1.0
114,1662,1.0
115,1662,0.0
116,1662,2.0
117,1662,1.0
118,1662,0.0
119,1662,6.0
120,1662,0.0
121,1662,0.0
122,1662,0.0
123,1662,0.0
124,1662,3.0
125,1662,0.0
126,1662,2.0
127,1662,1.0
128,1662,0.0
129,1662,1.0
130,1662,0.0
131,1662,0.0
132,1662,0.0
133,1662,0.0
134,1662,0.0
135,1662,0.0
136,1662,0.0
137,1662,2.0
138,1662,2.0
139,1662,0.0
140,1662,0.0
141,1662,2.0
142,1662,0.0
143,1662,1.0
144,1662,0.0
145,1662,2.0
146,1662,0.0
147,1662,0.0
148,1662,0.0
149,1662,5.0
150,1662,20.0
151,1662,10.0
152,1662,3.0
153,1662,1.0
154,1662,0.0
155,1662,1.0
156,1662,0.0
157,1662,0.0
158,1662,1.0
159,1662,4.0
160,1662,0.0
161,1662,2.0
162,1662,7.0
163,1662,4.0
164,1662,5.0
165,1662,0.0
166,1662,5.0
167,1662,10.0
168,1662,2.0
169,1662,13.0
170,1662,0.0
171,1662,0.0
172,1662,0.0
173,1662,2.0
174,1662,0.0
175,1662,1.0
176,1662,0.0
177,1662,0.0
178,1662,1.0
179,1662,0.0
180,1662,0.0
181,1662,0.0
182,1662,1.0
183,1662,0.0
184,1662,1.0
185,1662,0.0
186,1662,0.0
187,1662,0.0
188,1662,2.0
189,1662,0.0
190,1662,0.0
191,1662,0.0
192,1662,0.0
193,1662,1.0
194,1662,0.0
195,1662,1.0
196,1662,0.0
197,1662,0.0
198,1662,2.0
199,1662,2.0
0,1663,2.0
1,1663,0.0
2,1663,6.0
3,1663,2.0
4,1663,0.0
5,1663,0.0
6,1663,0.0
7,1663,0.0
8,1663,0.0
9,1663,4.0
10,1663,2.0
11,1663,0.0
12,1663,0.0
13,1663,1.0
14,1663,0.0
15,1663,0.0
16,1663,0.0
17,1663,0.0
18,1663,1.0
19,1663,2.0
20,1663,0.0
21,1663,1.0
22,1663,3.0
23,1663,0.0
24,1663,0.0
25,1663,0.0
26,1663,2.0
27,1663,1.0
28,1663,1.0
29,1663,0.0
30,1663,4.0
31,1663,1.0
32,1663,1.0
33,1663,2.0
34,1663,0.0
35,1663,4.0
36,1663,0.0
37,1663,3.0
38,1663,0.0
39,1663,1.0
40,1663,0.0
41,1663,1.0
42,1663,0.0
43,1663,0.0
44,1663,1.0
45,1663,1.0
46,1663,0.0
47,1663,0.0
48,1663,2.0
49,1663,0.0
50,1663,1.0
51,1663,0.0
52,1663,0.0
53,1663,27.0
54,1663,0.0
55,1663,1.0
56,1663,2.0
57,1663,0.0
58,1663,0.0
59,1663,4.0
60,1663,0.0
61,1663,0.0
62,1663,2.0
63,1663,1.0
64,1663,2.0
65,1663,2.0
66,1663,2.0
67,1663,0.0
68,1663,0.0
69,1663,0.0
70,1663,1.0
71,1663,5.0
72,1663,0.0
73,1663,0.0
74,1663,0.0
75,1663,1.0
76,1663,0.0
77,1663,2.0
78,1663,0.0
79,1663,0.0
80,1663,0.0
81,1663,0.0
82,1663,0.0
83,1663,0.0
84,1663,3.0
85,1663,50.0
86,1663,0.0
87,1663,0.0
88,1663,3.0
89,1663,1.0
90,1663,0.0
91,1663,0.0
92,1663,27.0
93,1663,0.0
94,1663,1.0
95,1663,8.0
96,1663,2.0
97,1663,0.0
98,1663,1.0
99,1663,0.0
100,1663,0.0
101,1663,0.0
102,1663,0.0
103,1663,0.0
104,1663,9.0
105,1663,3.0
106,1663,0.0
107,1663,3.0
108,1663,0.0
109,1663,3.0
110,1663,5.0
111,1663,5.0
112,1663,0.0
113,1663,2.0
114,1663,0.0
115,1663,0.0
116,1663,1.0
117,1663,2.0
118,1663,0.0
119,1663,2.0
120,1663,0.0
121,1663,1.0
122,1663,0.0
123,1663,0.0
124,1663,2.0
125,1663,0.0
126,1663,2.0
127,1663,2.0
128,1663,0.0
129,1663,5.0
130,1663,0.0
131,1663,0.0
132,1663,1.0
133,1663,0.0
134,1663,0.0
135,1663,0.0
136,1663,0.0
137,1663,1.0
138,1663,2.0
139,1663,0.0
140,1663,0.0
141,1663,0.0
142,1663,0.0
143,1663,3.0
144,1663,2.0
145,1663,1.0
146,1663,3.0
147,1663,2.0
148,1663,1.0
149,1663,2.0
150,1663,6.0
151,1663,20.0
152,1663,21.0
153,1663,2.0
154,1663,1.0
155,1663,0.0
156,1663,1.0
157,1663,0.0
158,1663,0.0
159,1663,3.0
160,1663,6.0
161,1663,5.0
162,1663,12.0
163,1663,8.0
164,1663,1.0
165,1663,0.0
166,1663,5.0
167,1663,8.0
168,1663,3.0
169,1663,4.0
170,1663,0.0
171,1663,0.0
172,1663,0.0
173,1663,0.0
174,1663,0.0
175,1663,1.0
176,1663,0.0
177,1663,3.0
178,1663,0.0
179,1663,0.0
180,1663,1.0
181,1663,0.0
182,1663,3.0
183,1663,1.0
184,1663,0.0
185,1663,1.0
186,1663,0.0
187,1663,0.0
188,1663,2.0
189,1663,0.0
190,1663,0.0
191,1663,0.0
192,1663,0.0
193,1663,3.0
194,1663,0.0
195,1663,0.0
196,1663,1.0
197,1663,0.0
198,1663,1.0
199,1663,0.0
0,1664,0.0
1,1664,1.0
2,1664,1.0
3,1664,0.0
4,1664,1.0
5,1664,0.0
6,1664,2.0
7,1664,1.0
8,1664,0.0
9,1664,3.0
10,1664,4.0
11,1664,0.0
12,1664,4.0
13,1664,2.0
14,1664,0.0
15,1664,0.0
16,1664,0.0
17,1664,2.0
18,1664,2.0
19,1664,0.0
20,1664,0.0
21,1664,0.0
22,1664,4.0
23,1664,0.0
24,1664,1.0
25,1664,0.0
26,1664,0.0
27,1664,1.0
28,1664,6.0
29,1664,2.0
30,1664,3.0
31,1664,1.0
32,1664,0.0
33,1664,1.0
34,1664,0.0
35,1664,16.0
36,1664,0.0
37,1664,0.0
38,1664,0.0
39,1664,1.0
40,1664,0.0
41,1664,3.0
42,1664,0.0
43,1664,0.0
44,1664,0.0
45,1664,0.0
46,1664,0.0
47,1664,0.0
48,1664,1.0
49,1664,3.0
50,1664,0.0
51,1664,0.0
52,1664,0.0
53,1664,44.0
54,1664,0.0
55,1664,1.0
56,1664,4.0
57,1664,0.0
58,1664,0.0
59,1664,1.0
60,1664,0.0
61,1664,0.0
62,1664,2.0
63,1664,2.0
64,1664,1.0
65,1664,0.0
66,1664,10.0
67,1664,2.0
68,1664,0.0
69,1664,1.0
70,1664,1.0
71,1664,3.0
72,1664,0.0
73,1664,0.0
74,1664,0.0
75,1664,0.0
76,1664,0.0
77,1664,4.0
78,1664,0.0
79,1664,0.0
80,1664,0.0
81,1664,0.0
82,1664,0.0
83,1664,0.0
84,1664,0.0
85,1664,51.0
86,1664,0.0
87,1664,0.0
88,1664,1.0
89,1664,1.0
90,1664,0.0
91,1664,0.0
92,1664,15.0
93,1664,0.0
94,1664,3.0
95,1664,6.0
96,1664,4.0
97,1664,0.0
98,1664,6.0
99,1664,0.0
100,1664,1.0
101,1664,0.0
102,1664,0.0
103,1664,0.0
104,1664,4.0
105,1664,4.0
106,1664,0.0
107,1664,1.0
108,1664,2.0
109,1664,4.0
110,1664,3.0
111,1664,2.0
112,1664,0.0
113,1664,0.0
114,1664,1.0
115,1664,0.0
116,1664,2.0
117,1664,0.0
118,1664,0.0
119,1664,1.0
120,1664,0.0
121,1664,2.0
122,1664,2.0
123,1664,0.0
124,1664,1.0
125,1664,0.0
126,1664,2.0
127,1664,1.0
128,1664,0.0
129,1664,0.0
130,1664,0.0
131,1664,0.0
132,1664,3.0
133,1664,0.0
134,1664,0.0
135,1664,1.0
136,1664,0.0
137,1664,1.0
138,1664,3.0
139,1664,0.0
140,1664,1.0
141,1664,0.0
142,1664,1.0
143,1664,3.0
144,1664,1.0
145,1664,4.0
146,1664,1.0
147,1664,3.0
148,1664,0.0
149,1664,0.0
150,1664,9.0
151,1664,12.0
152,1664,17.0
153,1664,1.0
154,1664,1.0
155,1664,1.0
156,1664,0.0
157,1664,4.0
158,1664,1.0
159,1664,2.0
160,1664,2.0
161,1664,1.0
162,1664,7.0
163,1664,8.0
164,1664,2.0
165,1664,0.0
166,1664,2.0
167,1664,2.0
168,1664,6.0
169,1664,3.0
170,1664,1.0
171,1664,0.0
172,1664,1.0
173,1664,1.0
174,1664,0.0
175,1664,0.0
176,1664,0.0
177,1664,2.0
178,1664,0.0
179,1664,0.0
180,1664,0.0
181,1664,0.0
182,1664,2.0
183,1664,0.0
184,1664,1.0
185,1664,0.0
186,1664,1.0
187,1664,0.0
188,1664,0.0
189,1664,0.0
190,1664,0.0
191,1664,0.0
192,1664,0.0
193,1664,1.0
194,1664,0.0
195,1664,1.0
196,1664,1.0
197,1664,0.0
198,1664,0.0
199,1664,0.0
0,1665,1.0
1,1665,0.0
2,1665,4.0
3,1665,0.0
4,1665,1.0
5,1665,0.0
6,1665,4.0
7,1665,0.0
8,1665,0.0
9,1665,0.0
10,1665,5.0
11,1665,0.0
12,1665,0.0
13,1665,0.0
14,1665,0.0
15,1665,0.0
16,1665,0.0
17,1665,0.0
18,1665,0.0
19,1665,0.0
20,1665,0.0
21,1665,0.0
22,1665,0.0
23,1665,0.0
24,1665,0.0
25,1665,1.0
26,1665,1.0
27,1665,0.0
28,1665,0.0
29,1665,0.0
30,1665,2.0
31,1665,1.0
32,1665,0.0
33,1665,3.0
34,1665,0.0
35,1665,11.0
36,1665,0.0
37,1665,2.0
38,1665,0.0
39,1665,1.0
40,1665,0.0
41,1665,1.0
42,1665,0.0
43,1665,0.0
44,1665,0.0
45,1665,2.0
46,1665,0.0
47,1665,0.0
48,1665,5.0
49,1665,1.0
50,1665,1.0
51,1665,0.0
52,1665,0.0
53,1665,32.0
54,1665,0.0
55,1665,0.0
56,1665,0.0
57,1665,0.0
58,1665,0.0
59,1665,0.0
60,1665,0.0
61,1665,0.0
62,1665,4.0
63,1665,2.0
64,1665,2.0
65,1665,0.0
66,1665,4.0
67,1665,0.0
68,1665,2.0
69,1665,0.0
70,1665,0.0
71,1665,2.0
72,1665,0.0
73,1665,0.0
74,1665,1.0
75,1665,1.0
76,1665,0.0
77,1665,0.0
78,1665,0.0
79,1665,0.0
80,1665,0.0
81,1665,0.0
82,1665,0.0
83,1665,0.0
84,1665,1.0
85,1665,35.0
86,1665,0.0
87,1665,0.0
88,1665,0.0
89,1665,1.0
90,1665,0.0
91,1665,0.0
92,1665,17.0
93,1665,0.0
94,1665,1.0
95,1665,3.0
96,1665,3.0
97,1665,0.0
98,1665,3.0
99,1665,1.0
100,1665,0.0
101,1665,1.0
102,1665,0.0
103,1665,0.0
104,1665,0.0
105,1665,2.0
106,1665,0.0
107,1665,2.0
108,1665,1.0
109,1665,8.0
110,1665,1.0
111,1665,1.0
112,1665,0.0
113,1665,1.0
114,1665,0.0
115,1665,1.0
116,1665,0.0
117,1665,0.0
118,1665,2.0
119,1665,3.0
120,1665,0.0
121,1665,0.0
122,1665,1.0
123,1665,0.0
124,1665,3.0
125,1665,0.0
126,1665,0.0
127,1665,3.0
128,1665,0.0
129,1665,4.0
130,1665,0.0
131,1665,0.0
132,1665,0.0
133,1665,0.0
134,1665,0.0
135,1665,0.0
136,1665,0.0
137,1665,3.0
138,1665,0.0
139,1665,4.0
140,1665,1.0
141,1665,0.0
142,1665,0.0
143,1665,4.0
144,1665,1.0
145,1665,1.0
146,1665,0.0
147,1665,5.0
148,1665,0.0
149,1665,1.0
150,1665,15.0
151,1665,13.0
152,1665,8.0
153,1665,2.0
154,1665,0.0
155,1665,0.0
156,1665,0.0
157,1665,2.0
158,1665,1.0
159,1665,4.0
160,1665,2.0
161,1665,3.0
162,1665,5.0
163,1665,10.0
164,1665,0.0
165,1665,0.0
166,1665,3.0
167,1665,12.0
168,1665,5.0
169,1665,10.0
170,1665,0.0
171,1665,5.0
172,1665,0.0
173,1665,0.0
174,1665,0.0
175,1665,2.0
176,1665,1.0
177,1665,1.0
178,1665,0.0
179,1665,1.0
180,1665,2.0
181,1665,0.0
182,1665,1.0
183,1665,0.0
184,1665,3.0
185,1665,0.0
186,1665,0.0
187,1665,2.0
188,1665,0.0
189,1665,1.0
190,1665,0.0
191,1665,0.0
192,1665,0.0
193,1665,1.0
194,1665,0.0
195,1665,0.0
196,1665,1.0
197,1665,0.0
198,1665,2.0
199,1665,2.0
0,1666,5.0
1,1666,1.0
2,1666,3.0
3,1666,0.0
4,1666,0.0
5,1666,0.0
6,1666,0.0
7,1666,0.0
8,1666,0.0
9,1666,4.0
10,1666,4.0
11,1666,0.0
12,1666,1.0
13,1666,2.0
14,1666,0.0
15,1666,1.0
16,1666,0.0
17,1666,0.0
18,1666,0.0
19,1666,4.0
20,1666,0.0
21,1666,0.0
22,1666,0.0
23,1666,0.0
24,1666,0.0
25,1666,0.0
26,1666,0.0
27,1666,0.0
28,1666,5.0
29,1666,0.0
30,1666,4.0
31,1666,0.0
32,1666,1.0
33,1666,5.0
34,1666,2.0
35,1666,8.0
36,1666,0.0
37,1666,2.0
38,1666,0.0
39,1666,4.0
40,1666,0.0
41,1666,1.0
42,1666,0.0
43,1666,1.0
44,1666,0.0
45,1666,0.0
46,1666,2.0
47,1666,0.0
48,1666,3.0
49,1666,2.0
50,1666,1.0
51,1666,0.0
52,1666,0.0
53,1666,77.0
54,1666,0.0
55,1666,0.0
56,1666,2.0
57,1666,0.0
58,1666,0.0
59,1666,4.0
60,1666,0.0
61,1666,0.0
62,1666,0.0
63,1666,1.0
64,1666,3.0
65,1666,1.0
66,1666,1.0
67,1666,2.0
68,1666,0.0
69,1666,0.0
70,1666,1.0
71,1666,5.0
72,1666,0.0
73,1666,0.0
74,1666,0.0
75,1666,1.0
76,1666,0.0
77,1666,2.0
78,1666,0.0
79,1666,0.0
80,1666,0.0
81,1666,1.0
82,1666,0.0
83,1666,0.0
84,1666,8.0
85,1666,48.0
86,1666,0.0
87,1666,0.0
88,1666,2.0
89,1666,0.0
90,1666,0.0
91,1666,0.0
92,1666,16.0
93,1666,0.0
94,1666,5.0
95,1666,12.0
96,1666,6.0
97,1666,1.0
98,1666,5.0
99,1666,0.0
100,1666,0.0
101,1666,0.0
102,1666,0.0
103,1666,0.0
104,1666,3.0
105,1666,0.0
106,1666,0.0
107,1666,1.0
108,1666,2.0
109,1666,4.0
110,1666,3.0
111,1666,3.0
112,1666,0.0
113,1666,2.0
114,1666,1.0
115,1666,0.0
116,1666,3.0
117,1666,1.0
118,1666,0.0
119,1666,4.0
120,1666,0.0
121,1666,0.0
122,1666,1.0
123,1666,0.0
124,1666,1.0
125,1666,0.0
126,1666,0.0
127,1666,1.0
128,1666,0.0
129,1666,2.0
130,1666,6.0
131,1666,1.0
132,1666,0.0
133,1666,1.0
134,1666,1.0
135,1666,0.0
136,1666,0.0
137,1666,2.0
138,1666,6.0
139,1666,1.0
140,1666,0.0
141,1666,1.0
142,1666,0.0
143,1666,0.0
144,1666,4.0
145,1666,4.0
146,1666,0.0
147,1666,5.0
148,1666,2.0
149,1666,0.0
150,1666,11.0
151,1666,14.0
152,1666,11.0
153,1666,5.0
154,1666,5.0
155,1666,0.0
156,1666,0.0
157,1666,0.0
158,1666,0.0
159,1666,3.0
160,1666,3.0
161,1666,4.0
162,1666,2.0
163,1666,9.0
164,1666,2.0
165,1666,0.0
166,1666,0.0
167,1666,9.0
168,1666,3.0
169,1666,7.0
170,1666,0.0
171,1666,4.0
172,1666,0.0
173,1666,2.0
174,1666,0.0
175,1666,2.0
176,1666,0.0
177,1666,3.0
178,1666,0.0
179,1666,0.0
180,1666,0.0
181,1666,0.0
182,1666,2.0
183,1666,0.0
184,1666,2.0
185,1666,0.0
186,1666,0.0
187,1666,0.0
188,1666,1.0
189,1666,0.0
190,1666,0.0
191,1666,0.0
192,1666,0.0
193,1666,1.0
194,1666,0.0
195,1666,1.0
196,1666,0.0
197,1666,0.0
198,1666,1.0
199,1666,0.0
0,1667,1.0
1,1667,2.0
2,1667,11.0
3,1667,2.0
4,1667,0.0
5,1667,0.0
6,1667,0.0
7,1667,0.0
8,1667,0.0
9,1667,0.0
10,1667,14.0
11,1667,0.0
12,1667,1.0
13,1667,1.0
14,1667,0.0
15,1667,8.0
16,1667,0.0
17,1667,0.0
18,1667,1.0
19,1667,1.0
20,1667,0.0
21,1667,0.0
22,1667,0.0
23,1667,1.0
24,1667,1.0
25,1667,0.0
26,1667,0.0
27,1667,0.0
28,1667,1.0
29,1667,0.0
30,1667,2.0
31,1667,0.0
32,1667,2.0
33,1667,7.0
34,1667,0.0
35,1667,4.0
36,1667,0.0
37,1667,4.0
38,1667,0.0
39,1667,0.0
40,1667,0.0
41,1667,2.0
42,1667,0.0
43,1667,1.0
44,1667,1.0
45,1667,0.0
46,1667,4.0
47,1667,1.0
48,1667,0.0
49,1667,2.0
50,1667,0.0
51,1667,0.0
52,1667,0.0
53,1667,64.0
54,1667,0.0
55,1667,0.0
56,1667,2.0
57,1667,0.0
58,1667,0.0
59,1667,4.0
60,1667,2.0
61,1667,0.0
62,1667,6.0
63,1667,0.0
64,1667,4.0
65,1667,0.0
66,1667,4.0
67,1667,2.0
68,1667,1.0
69,1667,2.0
70,1667,1.0
71,1667,1.0
72,1667,0.0
73,1667,0.0
74,1667,1.0
75,1667,1.0
76,1667,0.0
77,1667,2.0
78,1667,0.0
79,1667,0.0
80,1667,0.0
81,1667,1.0
82,1667,0.0
83,1667,0.0
84,1667,5.0
85,1667,80.0
86,1667,0.0
87,1667,0.0
88,1667,1.0
89,1667,0.0
90,1667,3.0
91,1667,0.0
92,1667,16.0
93,1667,2.0
94,1667,4.0
95,1667,9.0
96,1667,11.0
97,1667,0.0
98,1667,3.0
99,1667,1.0
100,1667,0.0
101,1667,0.0
102,1667,0.0
103,1667,0.0
104,1667,11.0
105,1667,1.0
106,1667,0.0
107,1667,2.0
108,1667,2.0
109,1667,4.0
110,1667,2.0
111,1667,4.0
112,1667,0.0
113,1667,4.0
114,1667,1.0
115,1667,0.0
116,1667,0.0
117,1667,2.0
118,1667,1.0
119,1667,4.0
120,1667,0.0
121,1667,1.0
122,1667,2.0
123,1667,0.0
124,1667,0.0
125,1667,4.0
126,1667,0.0
127,1667,0.0
128,1667,0.0
129,1667,1.0
130,1667,5.0
131,1667,2.0
132,1667,2.0
133,1667,0.0
134,1667,2.0
135,1667,0.0
136,1667,0.0
137,1667,1.0
138,1667,6.0
139,1667,0.0
140,1667,0.0
141,1667,0.0
142,1667,0.0
143,1667,3.0
144,1667,0.0
145,1667,3.0
146,1667,0.0
147,1667,2.0
148,1667,0.0
149,1667,1.0
150,1667,15.0
151,1667,23.0
152,1667,13.0
153,1667,3.0
154,1667,1.0
155,1667,1.0
156,1667,0.0
157,1667,4.0
158,1667,2.0
159,1667,3.0
160,1667,2.0
161,1667,3.0
162,1667,11.0
163,1667,13.0
164,1667,2.0
165,1667,0.0
166,1667,6.0
167,1667,7.0
168,1667,10.0
169,1667,12.0
170,1667,1.0
171,1667,3.0
172,1667,0.0
173,1667,2.0
174,1667,0.0
175,1667,4.0
176,1667,3.0
177,1667,0.0
178,1667,0.0
179,1667,1.0
180,1667,0.0
181,1667,0.0
182,1667,5.0
183,1667,1.0
184,1667,0.0
185,1667,0.0
186,1667,0.0
187,1667,0.0
188,1667,4.0
189,1667,2.0
190,1667,0.0
191,1667,0.0
192,1667,0.0
193,1667,3.0
194,1667,0.0
195,1667,0.0
196,1667,0.0
197,1667,0.0
198,1667,0.0
199,1667,0.0
0,1668,0.0
1,1668,0.0
2,1668,2.0
3,1668,0.0
4,1668,1.0
5,1668,0.0
6,1668,2.0
7,1668,0.0
8,1668,0.0
9,1668,2.0
10,1668,6.0
11,1668,0.0
12,1668,4.0
13,1668,1.0
14,1668,0.0
15,1668,13.0
16,1668,0.0
17,1668,1.0
18,1668,1.0
19,1668,0.0
20,1668,0.0
21,1668,1.0
22,1668,0.0
23,1668,1.0
24,1668,1.0
25,1668,0.0
26,1668,1.0
27,1668,2.0
28,1668,2.0
29,1668,0.0
30,1668,2.0
31,1668,2.0
32,1668,1.0
33,1668,5.0
34,1668,0.0
35,1668,12.0
36,1668,0.0
37,1668,2.0
38,1668,0.0
39,1668,4.0
40,1668,0.0
41,1668,3.0
42,1668,8.0
43,1668,1.0
44,1668,0.0
45,1668,0.0
46,1668,0.0
47,1668,0.0
48,1668,4.0
49,1668,1.0
50,1668,0.0
51,1668,0.0
52,1668,0.0
53,1668,92.0
54,1668,0.0
55,1668,1.0
56,1668,0.0
57,1668,0.0
58,1668,0.0
59,1668,0.0
60,1668,1.0
61,1668,0.0
62,1668,8.0
63,1668,0.0
64,1668,3.0
65,1668,0.0
66,1668,6.0
67,1668,3.0
68,1668,2.0
69,1668,1.0
70,1668,3.0
71,1668,0.0
72,1668,0.0
73,1668,0.0
74,1668,2.0
75,1668,0.0
76,1668,0.0
77,1668,2.0
78,1668,0.0
79,1668,0.0
80,1668,0.0
81,1668,2.0
82,1668,0.0
83,1668,0.0
84,1668,5.0
85,1668,79.0
86,1668,0.0
87,1668,0.0
88,1668,9.0
89,1668,1.0
90,1668,0.0
91,1668,0.0
92,1668,20.0
93,1668,1.0
94,1668,1.0
95,1668,18.0
96,1668,5.0
97,1668,1.0
98,1668,4.0
99,1668,2.0
100,1668,0.0
101,1668,0.0
102,1668,0.0
103,1668,0.0
104,1668,16.0
105,1668,0.0
106,1668,0.0
107,1668,3.0
108,1668,5.0
109,1668,0.0
110,1668,5.0
111,1668,3.0
112,1668,0.0
113,1668,5.0
114,1668,3.0
115,1668,0.0
116,1668,1.0
117,1668,2.0
118,1668,1.0
119,1668,3.0
120,1668,0.0
121,1668,1.0
122,1668,4.0
123,1668,1.0
124,1668,1.0
125,1668,0.0
126,1668,0.0
127,1668,0.0
128,1668,0.0
129,1668,1.0
130,1668,1.0
131,1668,1.0
132,1668,4.0
133,1668,0.0
134,1668,0.0
135,1668,0.0
136,1668,0.0
137,1668,3.0
138,1668,6.0
139,1668,0.0
140,1668,0.0
141,1668,1.0
142,1668,0.0
143,1668,3.0
144,1668,0.0
145,1668,1.0
146,1668,2.0
147,1668,5.0
148,1668,2.0
149,1668,1.0
150,1668,31.0
151,1668,20.0
152,1668,17.0
153,1668,6.0
154,1668,1.0
155,1668,0.0
156,1668,0.0
157,1668,0.0
158,1668,1.0
159,1668,9.0
160,1668,0.0
161,1668,4.0
162,1668,12.0
163,1668,18.0
164,1668,3.0
165,1668,0.0
166,1668,4.0
167,1668,11.0
168,1668,21.0
169,1668,11.0
170,1668,2.0
171,1668,0.0
172,1668,0.0
173,1668,0.0
174,1668,0.0
175,1668,1.0
176,1668,1.0
177,1668,0.0
178,1668,0.0
179,1668,1.0
180,1668,1.0
181,1668,0.0
182,1668,1.0
183,1668,0.0
184,1668,0.0
185,1668,0.0
186,1668,0.0
187,1668,0.0
188,1668,8.0
189,1668,0.0
190,1668,0.0
191,1668,0.0
192,1668,1.0
193,1668,1.0
194,1668,0.0
195,1668,0.0
196,1668,1.0
197,1668,0.0
198,1668,1.0
199,1668,0.0
0,1669,0.0
1,1669,2.0
2,1669,1.0
3,1669,0.0
4,1669,0.0
5,1669,0.0
6,1669,1.0
7,1669,0.0
8,1669,0.0
9,1669,1.0
10,1669,2.0
11,1669,0.0
12,1669,0.0
13,1669,2.0
14,1669,0.0
15,1669,7.0
16,1669,0.0
17,1669,0.0
18,1669,0.0
19,1669,0.0
20,1669,0.0
21,1669,0.0
22,1669,0.0
23,1669,1.0
24,1669,0.0
25,1669,2.0
26,1669,0.0
27,1669,2.0
28,1669,0.0
29,1669,1.0
30,1669,3.0
31,1669,0.0
32,1669,2.0
33,1669,7.0
34,1669,4.0
35,1669,6.0
36,1669,0.0
37,1669,2.0
38,1669,0.0
39,1669,4.0
40,1669,0.0
41,1669,1.0
42,1669,2.0
43,1669,0.0
44,1669,0.0
45,1669,0.0
46,1669,0.0
47,1669,3.0
48,1669,3.0
49,1669,2.0
50,1669,0.0
51,1669,0.0
52,1669,0.0
53,1669,69.0
54,1669,0.0
55,1669,0.0
56,1669,0.0
57,1669,0.0
58,1669,0.0
59,1669,0.0
60,1669,2.0
61,1669,0.0
62,1669,0.0
63,1669,2.0
64,1669,1.0
65,1669,1.0
66,1669,8.0
67,1669,2.0
68,1669,2.0
69,1669,0.0
70,1669,0.0
71,1669,1.0
72,1669,0.0
73,1669,0.0
74,1669,0.0
75,1669,0.0
76,1669,0.0
77,1669,2.0
78,1669,0.0
79,1669,0.0
80,1669,0.0
81,1669,1.0
82,1669,0.0
83,1669,0.0
84,1669,4.0
85,1669,36.0
86,1669,0.0
87,1669,0.0
88,1669,7.0
89,1669,0.0
90,1669,0.0
91,1669,0.0
92,1669,20.0
93,1669,1.0
94,1669,1.0
95,1669,3.0
96,1669,4.0
97,1669,1.0
98,1669,2.0
99,1669,0.0
100,1669,1.0
101,1669,0.0
102,1669,0.0
103,1669,0.0
104,1669,2.0
105,1669,0.0
106,1669,0.0
107,1669,2.0
108,1669,3.0
109,1669,7.0
110,1669,0.0
111,1669,1.0
112,1669,0.0
113,1669,0.0
114,1669,1.0
115,1669,1.0
116,1669,0.0
117,1669,2.0
118,1669,0.0
119,1669,6.0
120,1669,0.0
121,1669,1.0
122,1669,2.0
123,1669,0.0
124,1669,1.0
125,1669,1.0
126,1669,0.0
127,1669,0.0
128,1669,0.0
129,1669,2.0
130,1669,1.0
131,1669,0.0
132,1669,4.0
133,1669,0.0
134,1669,1.0
135,1669,0.0
136,1669,0.0
137,1669,0.0
138,1669,5.0
139,1669,1.0
140,1669,0.0
141,1669,2.0
142,1669,0.0
143,1669,2.0
144,1669,0.0
145,1669,6.0
146,1669,1.0
147,1669,3.0
148,1669,1.0
149,1669,0.0
150,1669,11.0
151,1669,16.0
152,1669,10.0
153,1669,3.0
154,1669,0.0
155,1669,0.0
156,1669,0.0
157,1669,1.0
158,1669,3.0
159,1669,0.0
160,1669,0.0
161,1669,2.0
162,1669,4.0
163,1669,12.0
164,1669,2.0
165,1669,0.0
166,1669,7.0
167,1669,5.0
168,1669,8.0
169,1669,12.0
170,1669,0.0
171,1669,0.0
172,1669,0.0
173,1669,2.0
174,1669,0.0
175,1669,3.0
176,1669,2.0
177,1669,0.0
178,1669,0.0
179,1669,0.0
180,1669,1.0
181,1669,0.0
182,1669,0.0
183,1669,0.0
184,1669,2.0
185,1669,0.0
186,1669,1.0
187,1669,0.0
188,1669,3.0
189,1669,0.0
190,1669,0.0
191,1669,0.0
192,1669,0.0
193,1669,1.0
194,1669,0.0
195,1669,0.0
196,1669,0.0
197,1669,0.0
198,1669,0.0
199,1669,0.0
0,1670,0.0
1,1670,0.0
2,1670,3.0
3,1670,0.0
4,1670,0.0
5,1670,0.0
6,1670,0.0
7,1670,2.0
8,1670,0.0
9,1670,2.0
10,1670,1.0
11,1670,0.0
12,1670,0.0
13,1670,0.0
14,1670,0.0
15,1670,4.0
16,1670,0.0
17,1670,0.0
18,1670,0.0
19,1670,1.0
20,1670,0.0
21,1670,0.0
22,1670,0.0
23,1670,2.0
24,1670,0.0
25,1670,1.0
26,1670,0.0
27,1670,0.0
28,1670,1.0
29,1670,1.0
30,1670,2.0
31,1670,1.0
32,1670,0.0
33,1670,4.0
34,1670,3.0
35,1670,9.0
36,1670,0.0
37,1670,1.0
38,1670,0.0
39,1670,0.0
40,1670,0.0
41,1670,0.0
42,1670,0.0
43,1670,0.0
44,1670,1.0
45,1670,0.0
46,1670,1.0
47,1670,1.0
48,1670,2.0
49,1670,0.0
50,1670,0.0
51,1670,0.0
52,1670,0.0
53,1670,62.0
54,1670,0.0
55,1670,0.0
56,1670,0.0
57,1670,0.0
58,1670,0.0
59,1670,3.0
60,1670,2.0
61,1670,0.0
62,1670,1.0
63,1670,0.0
64,1670,1.0
65,1670,0.0
66,1670,1.0
67,1670,1.0
68,1670,0.0
69,1670,0.0
70,1670,1.0
71,1670,2.0
72,1670,0.0
73,1670,0.0
74,1670,1.0
75,1670,0.0
76,1670,0.0
77,1670,1.0
78,1670,0.0
79,1670,0.0
80,1670,0.0
81,1670,0.0
82,1670,0.0
83,1670,0.0
84,1670,3.0
85,1670,27.0
86,1670,0.0
87,1670,0.0
88,1670,2.0
89,1670,0.0
90,1670,0.0
91,1670,0.0
92,1670,12.0
93,1670,0.0
94,1670,1.0
95,1670,3.0
96,1670,4.0
97,1670,0.0
98,1670,1.0
99,1670,1.0
100,1670,1.0
101,1670,1.0
102,1670,0.0
103,1670,0.0
104,1670,4.0
105,1670,0.0
106,1670,0.0
107,1670,3.0
108,1670,1.0
109,1670,1.0
110,1670,8.0
111,1670,0.0
112,1670,0.0
113,1670,1.0
114,1670,1.0
115,1670,1.0
116,1670,0.0
117,1670,1.0
118,1670,2.0
119,1670,8.0
120,1670,0.0
121,1670,0.0
122,1670,0.0
123,1670,0.0
124,1670,0.0
125,1670,6.0
126,1670,1.0
127,1670,0.0
128,1670,0.0
129,1670,0.0
130,1670,4.0
131,1670,0.0
132,1670,2.0
133,1670,1.0
134,1670,0.0
135,1670,0.0
136,1670,1.0
137,1670,1.0
138,1670,2.0
139,1670,0.0
140,1670,0.0
141,1670,0.0
142,1670,0.0
143,1670,1.0
144,1670,4.0
145,1670,0.0
146,1670,1.0
147,1670,8.0
148,1670,0.0
149,1670,1.0
150,1670,8.0
151,1670,9.0
152,1670,7.0
153,1670,3.0
154,1670,0.0
155,1670,1.0
156,1670,0.0
157,1670,3.0
158,1670,1.0
159,1670,2.0
160,1670,0.0
161,1670,2.0
162,1670,7.0
163,1670,11.0
164,1670,0.0
165,1670,0.0
166,1670,2.0
167,1670,5.0
168,1670,4.0
169,1670,11.0
170,1670,1.0
171,1670,5.0
172,1670,0.0
173,1670,0.0
174,1670,0.0
175,1670,2.0
176,1670,2.0
177,1670,3.0
178,1670,0.0
179,1670,0.0
180,1670,0.0
181,1670,0.0
182,1670,0.0
183,1670,0.0
184,1670,0.0
185,1670,0.0
186,1670,2.0
187,1670,0.0
188,1670,4.0
189,1670,0.0
190,1670,0.0
191,1670,0.0
192,1670,0.0
193,1670,2.0
194,1670,0.0
195,1670,0.0
196,1670,1.0
197,1670,0.0
198,1670,0.0
199,1670,0.0
0,1671,0.0
1,1671,1.0
2,1671,0.0
3,1671,1.0
4,1671,0.0
5,1671,0.0
6,1671,2.0
7,1671,0.0
8,1671,0.0
9,1671,1.0
10,1671,1.0
11,1671,0.0
12,1671,0.0
13,1671,1.0
14,1671,0.0
15,1671,9.0
16,1671,0.0
17,1671,0.0
18,1671,0.0
19,1671,0.0
20,1671,0.0
21,1671,0.0
22,1671,0.0
23,1671,0.0
24,1671,0.0
25,1671,0.0
26,1671,0.0
27,1671,0.0
28,1671,2.0
29,1671,1.0
30,1671,2.0
31,1671,2.0
32,1671,2.0
33,1671,2.0
34,1671,0.0
35,1671,0.0
36,1671,0.0
37,1671,1.0
38,1671,0.0
39,1671,3.0
40,1671,0.0
41,1671,1.0
42,1671,0.0
43,1671,1.0
44,1671,0.0
45,1671,0.0
46,1671,1.0
47,1671,0.0
48,1671,4.0
49,1671,3.0
50,1671,0.0
51,1671,0.0
52,1671,0.0
53,1671,44.0
54,1671,0.0
55,1671,1.0
56,1671,0.0
57,1671,0.0
58,1671,0.0
59,1671,4.0
60,1671,0.0
61,1671,0.0
62,1671,0.0
63,1671,0.0
64,1671,0.0
65,1671,0.0
66,1671,1.0
67,1671,3.0
68,1671,2.0
69,1671,0.0
70,1671,2.0
71,1671,2.0
72,1671,0.0
73,1671,0.0
74,1671,0.0
75,1671,0.0
76,1671,0.0
77,1671,4.0
78,1671,0.0
79,1671,0.0
80,1671,0.0
81,1671,0.0
82,1671,0.0
83,1671,0.0
84,1671,7.0
85,1671,43.0
86,1671,0.0
87,1671,0.0
88,1671,0.0
89,1671,0.0
90,1671,0.0
91,1671,0.0
92,1671,12.0
93,1671,0.0
94,1671,1.0
95,1671,5.0
96,1671,2.0
97,1671,1.0
98,1671,1.0
99,1671,0.0
100,1671,1.0
101,1671,0.0
102,1671,0.0
103,1671,0.0
104,1671,8.0
105,1671,0.0
106,1671,0.0
107,1671,1.0
108,1671,2.0
109,1671,4.0
110,1671,0.0
111,1671,0.0
112,1671,0.0
113,1671,0.0
114,1671,2.0
115,1671,0.0
116,1671,2.0
117,1671,0.0
118,1671,0.0
119,1671,7.0
120,1671,0.0
121,1671,1.0
122,1671,0.0
123,1671,1.0
124,1671,2.0
125,1671,1.0
126,1671,1.0
127,1671,2.0
128,1671,0.0
129,1671,3.0
130,1671,8.0
131,1671,1.0
132,1671,1.0
133,1671,1.0
134,1671,0.0
135,1671,0.0
136,1671,2.0
137,1671,0.0
138,1671,3.0
139,1671,0.0
140,1671,1.0
141,1671,0.0
142,1671,1.0
143,1671,1.0
144,1671,0.0
145,1671,0.0
146,1671,0.0
147,1671,1.0
148,1671,0.0
149,1671,0.0
150,1671,11.0
151,1671,20.0
152,1671,7.0
153,1671,0.0
154,1671,0.0
155,1671,0.0
156,1671,0.0
157,1671,0.0
158,1671,1.0
159,1671,2.0
160,1671,3.0
161,1671,1.0
162,1671,20.0
163,1671,11.0
164,1671,3.0
165,1671,0.0
166,1671,3.0
167,1671,15.0
168,1671,17.0
169,1671,10.0
170,1671,0.0
171,1671,5.0
172,1671,0.0
173,1671,2.0
174,1671,0.0
175,1671,0.0
176,1671,0.0
177,1671,2.0
178,1671,0.0
179,1671,0.0
180,1671,0.0
181,1671,0.0
182,1671,3.0
183,1671,0.0
184,1671,1.0
185,1671,0.0
186,1671,0.0
187,1671,0.0
188,1671,3.0
189,1671,0.0
190,1671,0.0
191,1671,0.0
192,1671,0.0
193,1671,0.0
194,1671,0.0
195,1671,0.0
196,1671,0.0
197,1671,0.0
198,1671,0.0
199,1671,0.0
0,1672,0.0
1,1672,0.0
2,1672,1.0
3,1672,0.0
4,1672,0.0
5,1672,0.0
6,1672,0.0
7,1672,0.0
8,1672,2.0
9,1672,1.0
10,1672,1.0
11,1672,0.0
12,1672,0.0
13,1672,0.0
14,1672,0.0
15,1672,4.0
16,1672,0.0
17,1672,1.0
18,1672,2.0
19,1672,0.0
20,1672,0.0
21,1672,0.0
22,1672,0.0
23,1672,0.0
24,1672,0.0
25,1672,0.0
26,1672,0.0
27,1672,0.0
28,1672,1.0
29,1672,4.0
30,1672,1.0
31,1672,1.0
32,1672,0.0
33,1672,0.0
34,1672,0.0
35,1672,9.0
36,1672,0.0
37,1672,0.0
38,1672,0.0
39,1672,0.0
40,1672,1.0
41,1672,0.0
42,1672,0.0
43,1672,2.0
44,1672,0.0
45,1672,0.0
46,1672,2.0
47,1672,1.0
48,1672,1.0
49,1672,1.0
50,1672,0.0
51,1672,0.0
52,1672,0.0
53,1672,66.0
54,1672,0.0
55,1672,0.0
56,1672,2.0
57,1672,0.0
58,1672,0.0
59,1672,1.0
60,1672,0.0
61,1672,0.0
62,1672,3.0
63,1672,1.0
64,1672,0.0
65,1672,2.0
66,1672,1.0
67,1672,6.0
68,1672,1.0
69,1672,0.0
70,1672,0.0
71,1672,2.0
72,1672,0.0
73,1672,0.0
74,1672,0.0
75,1672,0.0
76,1672,0.0
77,1672,1.0
78,1672,0.0
79,1672,0.0
80,1672,0.0
81,1672,0.0
82,1672,0.0
83,1672,0.0
84,1672,1.0
85,1672,45.0
86,1672,0.0
87,1672,0.0
88,1672,0.0
89,1672,0.0
90,1672,3.0
91,1672,0.0
92,1672,13.0
93,1672,0.0
94,1672,1.0
95,1672,10.0
96,1672,2.0
97,1672,0.0
98,1672,1.0
99,1672,0.0
100,1672,0.0
101,1672,0.0
102,1672,0.0
103,1672,0.0
104,1672,3.0
105,1672,3.0
106,1672,0.0
107,1672,4.0
108,1672,1.0
109,1672,4.0
110,1672,5.0
111,1672,2.0
112,1672,0.0
113,1672,1.0
114,1672,0.0
115,1672,0.0
116,1672,2.0
117,1672,0.0
118,1672,0.0
119,1672,3.0
120,1672,0.0
121,1672,2.0
122,1672,1.0
123,1672,1.0
124,1672,1.0
125,1672,0.0
126,1672,0.0
127,1672,0.0
128,1672,0.0
129,1672,2.0
130,1672,5.0
131,1672,1.0
132,1672,1.0
133,1672,0.0
134,1672,0.0
135,1672,0.0
136,1672,1.0
137,1672,0.0
138,1672,4.0
139,1672,2.0
140,1672,2.0
141,1672,0.0
142,1672,0.0
143,1672,2.0
144,1672,0.0
145,1672,1.0
146,1672,0.0
147,1672,3.0
148,1672,0.0
149,1672,0.0
150,1672,17.0
151,1672,21.0
152,1672,6.0
153,1672,2.0
154,1672,2.0
155,1672,1.0
156,1672,0.0
157,1672,0.0
158,1672,0.0
159,1672,2.0
160,1672,3.0
161,1672,1.0
162,1672,6.0
163,1672,4.0
164,1672,0.0
165,1672,0.0
166,1672,3.0
167,1672,11.0
168,1672,9.0
169,1672,7.0
170,1672,1.0
171,1672,9.0
172,1672,0.0
173,1672,0.0
174,1672,0.0
175,1672,2.0
176,1672,0.0
177,1672,1.0
178,1672,2.0
179,1672,0.0
180,1672,0.0
181,1672,0.0
182,1672,2.0
183,1672,0.0
184,1672,0.0
185,1672,0.0
186,1672,1.0
187,1672,2.0
188,1672,2.0
189,1672,0.0
190,1672,0.0
191,1672,0.0
192,1672,0.0
193,1672,0.0
194,1672,0.0
195,1672,0.0
196,1672,0.0
197,1672,0.0
198,1672,0.0
199,1672,0.0
0,1673,7.0
1,1673,2.0
2,1673,3.0
3,1673,0.0
4,1673,0.0
5,1673,0.0
6,1673,1.0
7,1673,2.0
8,1673,0.0
9,1673,0.0
10,1673,10.0
11,1673,0.0
12,1673,0.0
13,1673,0.0
14,1673,0.0
15,1673,7.0
16,1673,0.0
17,1673,1.0
18,1673,0.0
19,1673,0.0
20,1673,0.0
21,1673,0.0
22,1673,5.0
23,1673,0.0
24,1673,0.0
25,1673,0.0
26,1673,1.0
27,1673,0.0
28,1673,0.0
29,1673,1.0
30,1673,0.0
31,1673,0.0
32,1673,1.0
33,1673,6.0
34,1673,1.0
35,1673,8.0
36,1673,0.0
37,1673,1.0
38,1673,1.0
39,1673,1.0
40,1673,0.0
41,1673,0.0
42,1673,1.0
43,1673,0.0
44,1673,1.0
45,1673,2.0
46,1673,0.0
47,1673,0.0
48,1673,4.0
49,1673,5.0
50,1673,0.0
51,1673,0.0
52,1673,0.0
53,1673,48.0
54,1673,1.0
55,1673,0.0
56,1673,0.0
57,1673,0.0
58,1673,0.0
59,1673,0.0
60,1673,0.0
61,1673,0.0
62,1673,8.0
63,1673,0.0
64,1673,3.0
65,1673,1.0
66,1673,4.0
67,1673,1.0
68,1673,3.0
69,1673,2.0
70,1673,0.0
71,1673,0.0
72,1673,0.0
73,1673,0.0
74,1673,0.0
75,1673,0.0
76,1673,0.0
77,1673,6.0
78,1673,0.0
79,1673,0.0
80,1673,0.0
81,1673,1.0
82,1673,0.0
83,1673,0.0
84,1673,4.0
85,1673,40.0
86,1673,0.0
87,1673,0.0
88,1673,0.0
89,1673,0.0
90,1673,0.0
91,1673,0.0
92,1673,10.0
93,1673,0.0
94,1673,2.0
95,1673,9.0
96,1673,3.0
97,1673,0.0
98,1673,1.0
99,1673,0.0
100,1673,6.0
101,1673,1.0
102,1673,0.0
103,1673,0.0
104,1673,6.0
105,1673,2.0
106,1673,0.0
107,1673,0.0
108,1673,2.0
109,1673,2.0
110,1673,7.0
111,1673,2.0
112,1673,0.0
113,1673,5.0
114,1673,0.0
115,1673,0.0
116,1673,1.0
117,1673,0.0
118,1673,0.0
119,1673,7.0
120,1673,0.0
121,1673,1.0
122,1673,1.0
123,1673,1.0
124,1673,2.0
125,1673,0.0
126,1673,0.0
127,1673,1.0
128,1673,0.0
129,1673,0.0
130,1673,7.0
131,1673,0.0
132,1673,0.0
133,1673,0.0
134,1673,0.0
135,1673,0.0
136,1673,0.0
137,1673,0.0
138,1673,0.0
139,1673,0.0
140,1673,1.0
141,1673,1.0
142,1673,0.0
143,1673,0.0
144,1673,4.0
145,1673,0.0
146,1673,1.0
147,1673,4.0
148,1673,0.0
149,1673,1.0
150,1673,5.0
151,1673,3.0
152,1673,10.0
153,1673,3.0
154,1673,0.0
155,1673,0.0
156,1673,0.0
157,1673,1.0
158,1673,1.0
159,1673,1.0
160,1673,3.0
161,1673,11.0
162,1673,6.0
163,1673,6.0
164,1673,1.0
165,1673,0.0
166,1673,4.0
167,1673,7.0
168,1673,10.0
169,1673,9.0
170,1673,0.0
171,1673,2.0
172,1673,0.0
173,1673,1.0
174,1673,0.0
175,1673,0.0
176,1673,0.0
177,1673,0.0
178,1673,0.0
179,1673,0.0
180,1673,0.0
181,1673,0.0
182,1673,1.0
183,1673,0.0
184,1673,1.0
185,1673,0.0
186,1673,0.0
187,1673,1.0
188,1673,5.0
189,1673,0.0
190,1673,0.0
191,1673,0.0
192,1673,0.0
193,1673,1.0
194,1673,0.0
195,1673,3.0
196,1673,1.0
197,1673,0.0
198,1673,0.0
199,1673,0.0
0,1674,0.0
1,1674,2.0
2,1674,2.0
3,1674,0.0
4,1674,0.0
5,1674,0.0
6,1674,0.0
7,1674,0.0
8,1674,0.0
9,1674,2.0
10,1674,10.0
11,1674,0.0
12,1674,0.0
13,1674,0.0
14,1674,0.0
15,1674,5.0
16,1674,0.0
17,1674,1.0
18,1674,0.0
19,1674,3.0
20,1674,0.0
21,1674,0.0
22,1674,0.0
23,1674,1.0
24,1674,1.0
25,1674,0.0
26,1674,0.0
27,1674,0.0
28,1674,2.0
29,1674,0.0
30,1674,2.0
31,1674,2.0
32,1674,0.0
33,1674,4.0
34,1674,1.0
35,1674,6.0
36,1674,1.0
37,1674,1.0
38,1674,0.0
39,1674,4.0
40,1674,1.0
41,1674,1.0
42,1674,2.0
43,1674,2.0
44,1674,0.0
45,1674,1.0
46,1674,0.0
47,1674,2.0
48,1674,6.0
49,1674,1.0
50,1674,5.0
51,1674,0.0
52,1674,0.0
53,1674,50.0
54,1674,3.0
55,1674,0.0
56,1674,7.0
57,1674,0.0
58,1674,0.0
59,1674,4.0
60,1674,1.0
61,1674,0.0
62,1674,6.0
63,1674,0.0
64,1674,0.0
65,1674,1.0
66,1674,5.0
67,1674,3.0
68,1674,0.0
69,1674,0.0
70,1674,1.0
71,1674,4.0
72,1674,0.0
73,1674,0.0
74,1674,1.0
75,1674,1.0
76,1674,0.0
77,1674,4.0
78,1674,0.0
79,1674,0.0
80,1674,0.0
81,1674,0.0
82,1674,0.0
83,1674,0.0
84,1674,6.0
85,1674,55.0
86,1674,0.0
87,1674,0.0
88,1674,1.0
89,1674,1.0
90,1674,0.0
91,1674,0.0
92,1674,13.0
93,1674,0.0
94,1674,4.0
95,1674,3.0
96,1674,3.0
97,1674,0.0
98,1674,2.0
99,1674,1.0
100,1674,0.0
101,1674,0.0
102,1674,0.0
103,1674,0.0
104,1674,4.0
105,1674,2.0
106,1674,0.0
107,1674,3.0
108,1674,3.0
109,1674,8.0
110,1674,5.0
111,1674,4.0
112,1674,0.0
113,1674,1.0
114,1674,7.0
115,1674,0.0
116,1674,1.0
117,1674,5.0
118,1674,0.0
119,1674,3.0
120,1674,1.0
121,1674,1.0
122,1674,2.0
123,1674,2.0
124,1674,5.0
125,1674,0.0
126,1674,3.0
127,1674,0.0
128,1674,0.0
129,1674,1.0
130,1674,10.0
131,1674,0.0
132,1674,3.0
133,1674,0.0
134,1674,0.0
135,1674,0.0
136,1674,3.0
137,1674,4.0
138,1674,2.0
139,1674,0.0
140,1674,0.0
141,1674,0.0
142,1674,0.0
143,1674,1.0
144,1674,0.0
145,1674,1.0
146,1674,0.0
147,1674,1.0
148,1674,2.0
149,1674,0.0
150,1674,13.0
151,1674,14.0
152,1674,17.0
153,1674,2.0
154,1674,4.0
155,1674,0.0
156,1674,1.0
157,1674,2.0
158,1674,1.0
159,1674,2.0
160,1674,3.0
161,1674,1.0
162,1674,27.0
163,1674,4.0
164,1674,3.0
165,1674,0.0
166,1674,8.0
167,1674,12.0
168,1674,14.0
169,1674,9.0
170,1674,2.0
171,1674,0.0
172,1674,4.0
173,1674,4.0
174,1674,0.0
175,1674,0.0
176,1674,1.0
177,1674,2.0
178,1674,0.0
179,1674,0.0
180,1674,1.0
181,1674,0.0
182,1674,0.0
183,1674,0.0
184,1674,0.0
185,1674,0.0
186,1674,0.0
187,1674,1.0
188,1674,3.0
189,1674,0.0
190,1674,0.0
191,1674,0.0
192,1674,0.0
193,1674,1.0
194,1674,0.0
195,1674,0.0
196,1674,0.0
197,1674,0.0
198,1674,0.0
199,1674,0.0
0,1675,0.0
1,1675,2.0
2,1675,2.0
3,1675,0.0
4,1675,1.0
5,1675,0.0
6,1675,0.0
7,1675,1.0
8,1675,0.0
9,1675,6.0
10,1675,12.0
11,1675,0.0
12,1675,5.0
13,1675,7.0
14,1675,0.0
15,1675,4.0
16,1675,0.0
17,1675,1.0
18,1675,0.0
19,1675,1.0
20,1675,0.0
21,1675,0.0
22,1675,3.0
23,1675,2.0
24,1675,0.0
25,1675,0.0
26,1675,0.0
27,1675,2.0
28,1675,2.0
29,1675,0.0
30,1675,0.0
31,1675,1.0
32,1675,3.0
33,1675,7.0
34,1675,0.0
35,1675,9.0
36,1675,0.0
37,1675,1.0
38,1675,0.0
39,1675,6.0
40,1675,4.0
41,1675,1.0
42,1675,1.0
43,1675,1.0
44,1675,0.0
45,1675,2.0
46,1675,2.0
47,1675,2.0
48,1675,3.0
49,1675,3.0
50,1675,0.0
51,1675,0.0
52,1675,0.0
53,1675,85.0
54,1675,7.0
55,1675,0.0
56,1675,0.0
57,1675,0.0
58,1675,0.0
59,1675,1.0
60,1675,1.0
61,1675,0.0
62,1675,5.0
63,1675,0.0
64,1675,4.0
65,1675,0.0
66,1675,6.0
67,1675,8.0
68,1675,3.0
69,1675,1.0
70,1675,4.0
71,1675,6.0
72,1675,0.0
73,1675,0.0
74,1675,0.0
75,1675,0.0
76,1675,0.0
77,1675,8.0
78,1675,0.0
79,1675,0.0
80,1675,0.0
81,1675,2.0
82,1675,0.0
83,1675,0.0
84,1675,1.0
85,1675,64.0
86,1675,0.0
87,1675,0.0
88,1675,0.0
89,1675,0.0
90,1675,0.0
91,1675,8.0
92,1675,25.0
93,1675,0.0
94,1675,0.0
95,1675,7.0
96,1675,9.0
97,1675,1.0
98,1675,3.0
99,1675,0.0
100,1675,0.0
101,1675,1.0
102,1675,0.0
103,1675,0.0
104,1675,6.0
105,1675,2.0
106,1675,0.0
107,1675,1.0
108,1675,2.0
109,1675,6.0
110,1675,6.0
111,1675,2.0
112,1675,0.0
113,1675,3.0
114,1675,1.0
115,1675,0.0
116,1675,3.0
117,1675,4.0
118,1675,0.0
119,1675,6.0
120,1675,1.0
121,1675,1.0
122,1675,5.0
123,1675,2.0
124,1675,2.0
125,1675,0.0
126,1675,4.0
127,1675,1.0
128,1675,0.0
129,1675,0.0
130,1675,10.0
131,1675,1.0
132,1675,2.0
133,1675,0.0
134,1675,0.0
135,1675,0.0
136,1675,1.0
137,1675,4.0
138,1675,6.0
139,1675,1.0
140,1675,1.0
141,1675,1.0
142,1675,1.0
143,1675,3.0
144,1675,0.0
145,1675,3.0
146,1675,2.0
147,1675,4.0
148,1675,1.0
149,1675,0.0
150,1675,17.0
151,1675,17.0
152,1675,21.0
153,1675,6.0
154,1675,0.0
155,1675,0.0
156,1675,0.0
157,1675,4.0
158,1675,1.0
159,1675,5.0
160,1675,3.0
161,1675,0.0
162,1675,26.0
163,1675,16.0
164,1675,3.0
165,1675,0.0
166,1675,5.0
167,1675,8.0
168,1675,10.0
169,1675,10.0
170,1675,1.0
171,1675,15.0
172,1675,0.0
173,1675,0.0
174,1675,0.0
175,1675,0.0
176,1675,3.0
177,1675,0.0
178,1675,0.0
179,1675,0.0
180,1675,2.0
181,1675,0.0
182,1675,0.0
183,1675,0.0
184,1675,3.0
185,1675,0.0
186,1675,0.0
187,1675,0.0
188,1675,1.0
189,1675,1.0
190,1675,0.0
191,1675,0.0
192,1675,1.0
193,1675,2.0
194,1675,0.0
195,1675,2.0
196,1675,1.0
197,1675,0.0
198,1675,0.0
199,1675,1.0
0,1676,0.0
1,1676,1.0
2,1676,6.0
3,1676,1.0
4,1676,0.0
5,1676,0.0
6,1676,0.0
7,1676,0.0
8,1676,0.0
9,1676,2.0
10,1676,3.0
11,1676,0.0
12,1676,0.0
13,1676,1.0
14,1676,0.0
15,1676,0.0
16,1676,0.0
17,1676,1.0
18,1676,1.0
19,1676,0.0
20,1676,0.0
21,1676,0.0
22,1676,1.0
23,1676,1.0
24,1676,0.0
25,1676,0.0
26,1676,0.0
27,1676,0.0
28,1676,1.0
29,1676,0.0
30,1676,1.0
31,1676,1.0
32,1676,4.0
33,1676,4.0
34,1676,1.0
35,1676,11.0
36,1676,0.0
37,1676,8.0
38,1676,0.0
39,1676,4.0
40,1676,0.0
41,1676,0.0
42,1676,2.0
43,1676,1.0
44,1676,1.0
45,1676,0.0
46,1676,0.0
47,1676,1.0
48,1676,1.0
49,1676,0.0
50,1676,0.0
51,1676,0.0
52,1676,0.0
53,1676,41.0
54,1676,5.0
55,1676,0.0
56,1676,1.0
57,1676,0.0
58,1676,2.0
59,1676,1.0
60,1676,0.0
61,1676,0.0
62,1676,1.0
63,1676,0.0
64,1676,2.0
65,1676,1.0
66,1676,5.0
67,1676,5.0
68,1676,3.0
69,1676,0.0
70,1676,1.0
71,1676,3.0
72,1676,0.0
73,1676,0.0
74,1676,1.0
75,1676,0.0
76,1676,0.0
77,1676,3.0
78,1676,0.0
79,1676,0.0
80,1676,0.0
81,1676,0.0
82,1676,0.0
83,1676,0.0
84,1676,5.0
85,1676,35.0
86,1676,0.0
87,1676,0.0
88,1676,1.0
89,1676,0.0
90,1676,0.0
91,1676,6.0
92,1676,12.0
93,1676,1.0
94,1676,0.0
95,1676,6.0
96,1676,6.0
97,1676,0.0
98,1676,4.0
99,1676,0.0
100,1676,0.0
101,1676,0.0
102,1676,0.0
103,1676,0.0
104,1676,0.0
105,1676,2.0
106,1676,0.0
107,1676,2.0
108,1676,2.0
109,1676,4.0
110,1676,7.0
111,1676,3.0
112,1676,0.0
113,1676,0.0
114,1676,2.0
115,1676,1.0
116,1676,0.0
117,1676,1.0
118,1676,0.0
119,1676,3.0
120,1676,0.0
121,1676,0.0
122,1676,3.0
123,1676,2.0
124,1676,1.0
125,1676,0.0
126,1676,1.0
127,1676,0.0
128,1676,0.0
129,1676,4.0
130,1676,8.0
131,1676,2.0
132,1676,2.0
133,1676,0.0
134,1676,0.0
135,1676,0.0
136,1676,1.0
137,1676,1.0
138,1676,4.0
139,1676,0.0
140,1676,0.0
141,1676,0.0
142,1676,0.0
143,1676,3.0
144,1676,3.0
145,1676,0.0
146,1676,3.0
147,1676,3.0
148,1676,1.0
149,1676,0.0
150,1676,5.0
151,1676,15.0
152,1676,8.0
153,1676,3.0
154,1676,1.0
155,1676,0.0
156,1676,0.0
157,1676,1.0
158,1676,0.0
159,1676,1.0
160,1676,4.0
161,1676,2.0
162,1676,16.0
163,1676,11.0
164,1676,1.0
165,1676,0.0
166,1676,3.0
167,1676,3.0
168,1676,4.0
169,1676,7.0
170,1676,0.0
171,1676,0.0
172,1676,2.0
173,1676,0.0
174,1676,0.0
175,1676,0.0
176,1676,0.0
177,1676,2.0
178,1676,0.0
179,1676,0.0
180,1676,3.0
181,1676,0.0
182,1676,2.0
183,1676,0.0
184,1676,0.0
185,1676,0.0
186,1676,0.0
187,1676,0.0
188,1676,3.0
189,1676,0.0
190,1676,0.0
191,1676,0.0
192,1676,0.0
193,1676,0.0
194,1676,0.0
195,1676,1.0
196,1676,1.0
197,1676,0.0
198,1676,0.0
199,1676,0.0
0,1677,0.0
1,1677,4.0
2,1677,3.0
3,1677,1.0
4,1677,0.0
5,1677,0.0
6,1677,0.0
7,1677,0.0
8,1677,0.0
9,1677,2.0
10,1677,7.0
11,1677,0.0
12,1677,0.0
13,1677,2.0
14,1677,0.0
15,1677,2.0
16,1677,0.0
17,1677,0.0
18,1677,2.0
19,1677,1.0
20,1677,0.0
21,1677,0.0
22,1677,0.0
23,1677,0.0
24,1677,0.0
25,1677,2.0
26,1677,0.0
27,1677,0.0
28,1677,2.0
29,1677,1.0
30,1677,3.0
31,1677,1.0
32,1677,0.0
33,1677,0.0
34,1677,1.0
35,1677,13.0
36,1677,0.0
37,1677,0.0
38,1677,1.0
39,1677,1.0
40,1677,1.0
41,1677,2.0
42,1677,1.0
43,1677,0.0
44,1677,0.0
45,1677,0.0
46,1677,0.0
47,1677,1.0
48,1677,2.0
49,1677,2.0
50,1677,0.0
51,1677,0.0
52,1677,0.0
53,1677,48.0
54,1677,0.0
55,1677,0.0
56,1677,2.0
57,1677,0.0
58,1677,2.0
59,1677,2.0
60,1677,1.0
61,1677,0.0
62,1677,3.0
63,1677,0.0
64,1677,3.0
65,1677,0.0
66,1677,1.0
67,1677,8.0
68,1677,2.0
69,1677,0.0
70,1677,2.0
71,1677,2.0
72,1677,0.0
73,1677,0.0
74,1677,1.0
75,1677,0.0
76,1677,0.0
77,1677,4.0
78,1677,0.0
79,1677,0.0
80,1677,0.0
81,1677,3.0
82,1677,0.0
83,1677,0.0
84,1677,3.0
85,1677,45.0
86,1677,0.0
87,1677,0.0
88,1677,2.0
89,1677,1.0
90,1677,0.0
91,1677,6.0
92,1677,13.0
93,1677,0.0
94,1677,2.0
95,1677,11.0
96,1677,2.0
97,1677,0.0
98,1677,4.0
99,1677,1.0
100,1677,0.0
101,1677,0.0
102,1677,0.0
103,1677,0.0
104,1677,3.0
105,1677,1.0
106,1677,0.0
107,1677,2.0
108,1677,2.0
109,1677,10.0
110,1677,23.0
111,1677,1.0
112,1677,0.0
113,1677,0.0
114,1677,0.0
115,1677,1.0
116,1677,2.0
117,1677,0.0
118,1677,1.0
119,1677,5.0
120,1677,0.0
121,1677,1.0
122,1677,2.0
123,1677,0.0
124,1677,1.0
125,1677,0.0
126,1677,2.0
127,1677,3.0
128,1677,0.0
129,1677,0.0
130,1677,11.0
131,1677,4.0
132,1677,2.0
133,1677,0.0
134,1677,0.0
135,1677,1.0
136,1677,1.0
137,1677,1.0
138,1677,3.0
139,1677,1.0
140,1677,0.0
141,1677,0.0
142,1677,0.0
143,1677,5.0
144,1677,3.0
145,1677,2.0
146,1677,2.0
147,1677,3.0
148,1677,2.0
149,1677,0.0
150,1677,17.0
151,1677,14.0
152,1677,21.0
153,1677,0.0
154,1677,0.0
155,1677,0.0
156,1677,0.0
157,1677,0.0
158,1677,1.0
159,1677,3.0
160,1677,7.0
161,1677,4.0
162,1677,18.0
163,1677,12.0
164,1677,2.0
165,1677,0.0
166,1677,3.0
167,1677,4.0
168,1677,3.0
169,1677,16.0
170,1677,0.0
171,1677,8.0
172,1677,0.0
173,1677,3.0
174,1677,0.0
175,1677,0.0
176,1677,1.0
177,1677,2.0
178,1677,0.0
179,1677,3.0
180,1677,0.0
181,1677,0.0
182,1677,3.0
183,1677,0.0
184,1677,0.0
185,1677,0.0
186,1677,0.0
187,1677,0.0
188,1677,4.0
189,1677,0.0
190,1677,0.0
191,1677,0.0
192,1677,0.0
193,1677,2.0
194,1677,0.0
195,1677,0.0
196,1677,0.0
197,1677,0.0
198,1677,0.0
199,1677,1.0
0,1678,2.0
1,1678,3.0
2,1678,1.0
3,1678,0.0
4,1678,0.0
5,1678,0.0
6,1678,2.0
7,1678,0.0
8,1678,0.0
9,1678,2.0
10,1678,4.0
11,1678,0.0
12,1678,0.0
13,1678,0.0
14,1678,0.0
15,1678,8.0
16,1678,0.0
17,1678,0.0
18,1678,1.0
19,1678,0.0
20,1678,0.0
21,1678,2.0
22,1678,0.0
23,1678,1.0
24,1678,0.0
25,1678,0.0
26,1678,0.0
27,1678,0.0
28,1678,3.0
29,1678,1.0
30,1678,2.0
31,1678,0.0
32,1678,5.0
33,1678,4.0
34,1678,0.0
35,1678,7.0
36,1678,0.0
37,1678,1.0
38,1678,0.0
39,1678,0.0
40,1678,1.0
41,1678,2.0
42,1678,0.0
43,1678,0.0
44,1678,0.0
45,1678,0.0
46,1678,1.0
47,1678,0.0
48,1678,3.0
49,1678,1.0
50,1678,0.0
51,1678,0.0
52,1678,0.0
53,1678,49.0
54,1678,0.0
55,1678,0.0
56,1678,3.0
57,1678,0.0
58,1678,1.0
59,1678,0.0
60,1678,1.0
61,1678,0.0
62,1678,2.0
63,1678,2.0
64,1678,1.0
65,1678,0.0
66,1678,2.0
67,1678,5.0
68,1678,3.0
69,1678,0.0
70,1678,2.0
71,1678,1.0
72,1678,0.0
73,1678,0.0
74,1678,1.0
75,1678,0.0
76,1678,0.0
77,1678,3.0
78,1678,0.0
79,1678,0.0
80,1678,0.0
81,1678,1.0
82,1678,0.0
83,1678,0.0
84,1678,3.0
85,1678,33.0
86,1678,0.0
87,1678,0.0
88,1678,1.0
89,1678,0.0
90,1678,0.0
91,1678,4.0
92,1678,15.0
93,1678,1.0
94,1678,3.0
95,1678,4.0
96,1678,6.0
97,1678,0.0
98,1678,0.0
99,1678,1.0
100,1678,0.0
101,1678,0.0
102,1678,0.0
103,1678,0.0
104,1678,4.0
105,1678,0.0
106,1678,0.0
107,1678,4.0
108,1678,1.0
109,1678,3.0
110,1678,18.0
111,1678,3.0
112,1678,0.0
113,1678,0.0
114,1678,1.0
115,1678,0.0
116,1678,1.0
117,1678,1.0
118,1678,0.0
119,1678,2.0
120,1678,1.0
121,1678,0.0
122,1678,1.0
123,1678,0.0
124,1678,2.0
125,1678,1.0
126,1678,6.0
127,1678,1.0
128,1678,0.0
129,1678,0.0
130,1678,3.0
131,1678,1.0
132,1678,3.0
133,1678,0.0
134,1678,0.0
135,1678,0.0
136,1678,2.0
137,1678,0.0
138,1678,2.0
139,1678,0.0
140,1678,0.0
141,1678,0.0
142,1678,0.0
143,1678,2.0
144,1678,3.0
145,1678,2.0
146,1678,1.0
147,1678,2.0
148,1678,0.0
149,1678,0.0
150,1678,11.0
151,1678,9.0
152,1678,10.0
153,1678,0.0
154,1678,2.0
155,1678,0.0
156,1678,0.0
157,1678,3.0
158,1678,1.0
159,1678,4.0
160,1678,1.0
161,1678,4.0
162,1678,9.0
163,1678,8.0
164,1678,3.0
165,1678,0.0
166,1678,2.0
167,1678,5.0
168,1678,9.0
169,1678,17.0
170,1678,1.0
171,1678,1.0
172,1678,0.0
173,1678,0.0
174,1678,0.0
175,1678,0.0
176,1678,0.0
177,1678,2.0
178,1678,1.0
179,1678,0.0
180,1678,1.0
181,1678,0.0
182,1678,0.0
183,1678,0.0
184,1678,2.0
185,1678,0.0
186,1678,0.0
187,1678,0.0
188,1678,3.0
189,1678,0.0
190,1678,0.0
191,1678,0.0
192,1678,0.0
193,1678,0.0
194,1678,0.0
195,1678,0.0
196,1678,0.0
197,1678,0.0
198,1678,1.0
199,1678,0.0
0,1679,0.0
1,1679,0.0
2,1679,5.0
3,1679,2.0
4,1679,1.0
5,1679,0.0
6,1679,1.0
7,1679,0.0
8,1679,0.0
9,1679,8.0
10,1679,10.0
11,1679,0.0
12,1679,0.0
13,1679,0.0
14,1679,0.0
15,1679,11.0
16,1679,0.0
17,1679,2.0
18,1679,0.0
19,1679,0.0
20,1679,0.0
21,1679,0.0
22,1679,3.0
23,1679,1.0
24,1679,0.0
25,1679,1.0
26,1679,0.0
27,1679,0.0
28,1679,1.0
29,1679,0.0
30,1679,2.0
31,1679,2.0
32,1679,0.0
33,1679,0.0
34,1679,0.0
35,1679,3.0
36,1679,0.0
37,1679,1.0
38,1679,3.0
39,1679,1.0
40,1679,1.0
41,1679,0.0
42,1679,1.0
43,1679,1.0
44,1679,0.0
45,1679,2.0
46,1679,1.0
47,1679,1.0
48,1679,2.0
49,1679,0.0
50,1679,0.0
51,1679,0.0
52,1679,0.0
53,1679,54.0
54,1679,7.0
55,1679,0.0
56,1679,3.0
57,1679,0.0
58,1679,0.0
59,1679,0.0
60,1679,4.0
61,1679,0.0
62,1679,4.0
63,1679,1.0
64,1679,4.0
65,1679,1.0
66,1679,4.0
67,1679,2.0
68,1679,2.0
69,1679,1.0
70,1679,1.0
71,1679,3.0
72,1679,0.0
73,1679,0.0
74,1679,2.0
75,1679,1.0
76,1679,0.0
77,1679,6.0
78,1679,0.0
79,1679,0.0
80,1679,0.0
81,1679,0.0
82,1679,0.0
83,1679,0.0
84,1679,2.0
85,1679,46.0
86,1679,0.0
87,1679,0.0
88,1679,1.0
89,1679,1.0
90,1679,0.0
91,1679,8.0
92,1679,10.0
93,1679,0.0
94,1679,5.0
95,1679,6.0
96,1679,3.0
97,1679,0.0
98,1679,6.0
99,1679,0.0
100,1679,2.0
101,1679,0.0
102,1679,0.0
103,1679,0.0
104,1679,2.0
105,1679,1.0
106,1679,0.0
107,1679,2.0
108,1679,1.0
109,1679,4.0
110,1679,13.0
111,1679,2.0
112,1679,0.0
113,1679,1.0
114,1679,1.0
115,1679,0.0
116,1679,2.0
117,1679,0.0
118,1679,2.0
119,1679,5.0
120,1679,0.0
121,1679,0.0
122,1679,1.0
123,1679,0.0
124,1679,1.0
125,1679,2.0
126,1679,5.0
127,1679,1.0
128,1679,0.0
129,1679,0.0
130,1679,8.0
131,1679,1.0
132,1679,3.0
133,1679,0.0
134,1679,0.0
135,1679,0.0
136,1679,1.0
137,1679,0.0
138,1679,4.0
139,1679,1.0
140,1679,0.0
141,1679,1.0
142,1679,0.0
143,1679,3.0
144,1679,3.0
145,1679,2.0
146,1679,2.0
147,1679,1.0
148,1679,0.0
149,1679,0.0
150,1679,7.0
151,1679,16.0
152,1679,9.0
153,1679,0.0
154,1679,3.0
155,1679,0.0
156,1679,0.0
157,1679,1.0
158,1679,1.0
159,1679,5.0
160,1679,11.0
161,1679,1.0
162,1679,22.0
163,1679,10.0
164,1679,0.0
165,1679,0.0
166,1679,1.0
167,1679,13.0
168,1679,9.0
169,1679,10.0
170,1679,0.0
171,1679,2.0
172,1679,1.0
173,1679,1.0
174,1679,0.0
175,1679,0.0
176,1679,0.0
177,1679,2.0
178,1679,0.0
179,1679,0.0
180,1679,2.0
181,1679,0.0
182,1679,0.0
183,1679,0.0
184,1679,0.0
185,1679,0.0
186,1679,0.0
187,1679,0.0
188,1679,2.0
189,1679,0.0
190,1679,0.0
191,1679,0.0
192,1679,0.0
193,1679,2.0
194,1679,0.0
195,1679,0.0
196,1679,0.0
197,1679,0.0
198,1679,0.0
199,1679,0.0
0,1680,0.0
1,1680,1.0
2,1680,9.0
3,1680,1.0
4,1680,3.0
5,1680,0.0
6,1680,0.0
7,1680,0.0
8,1680,0.0
9,1680,1.0
10,1680,14.0
11,1680,0.0
12,1680,4.0
13,1680,0.0
14,1680,0.0
15,1680,12.0
16,1680,3.0
17,1680,1.0
18,1680,0.0
19,1680,0.0
20,1680,0.0
21,1680,0.0
22,1680,0.0
23,1680,0.0
24,1680,0.0
25,1680,0.0
26,1680,0.0
27,1680,0.0
28,1680,1.0
29,1680,0.0
30,1680,0.0
31,1680,1.0
32,1680,0.0
33,1680,2.0
34,1680,0.0
35,1680,13.0
36,1680,1.0
37,1680,0.0
38,1680,1.0
39,1680,2.0
40,1680,0.0
41,1680,1.0
42,1680,0.0
43,1680,4.0
44,1680,1.0
45,1680,0.0
46,1680,3.0
47,1680,0.0
48,1680,0.0
49,1680,1.0
50,1680,0.0
51,1680,0.0
52,1680,0.0
53,1680,71.0
54,1680,5.0
55,1680,0.0
56,1680,3.0
57,1680,0.0
58,1680,4.0
59,1680,0.0
60,1680,0.0
61,1680,0.0
62,1680,6.0
63,1680,2.0
64,1680,3.0
65,1680,1.0
66,1680,8.0
67,1680,5.0
68,1680,1.0
69,1680,0.0
70,1680,2.0
71,1680,2.0
72,1680,0.0
73,1680,0.0
74,1680,0.0
75,1680,2.0
76,1680,0.0
77,1680,5.0
78,1680,0.0
79,1680,0.0
80,1680,0.0
81,1680,2.0
82,1680,0.0
83,1680,0.0
84,1680,1.0
85,1680,42.0
86,1680,0.0
87,1680,0.0
88,1680,0.0
89,1680,0.0
90,1680,0.0
91,1680,2.0
92,1680,17.0
93,1680,0.0
94,1680,3.0
95,1680,12.0
96,1680,7.0
97,1680,0.0
98,1680,7.0
99,1680,2.0
100,1680,3.0
101,1680,0.0
102,1680,0.0
103,1680,0.0
104,1680,2.0
105,1680,0.0
106,1680,0.0
107,1680,1.0
108,1680,3.0
109,1680,2.0
110,1680,9.0
111,1680,1.0
112,1680,0.0
113,1680,4.0
114,1680,0.0
115,1680,0.0
116,1680,0.0
117,1680,0.0
118,1680,1.0
119,1680,1.0
120,1680,0.0
121,1680,6.0
122,1680,1.0
123,1680,2.0
124,1680,1.0
125,1680,3.0
126,1680,0.0
127,1680,2.0
128,1680,0.0
129,1680,1.0
130,1680,15.0
131,1680,1.0
132,1680,2.0
133,1680,0.0
134,1680,0.0
135,1680,0.0
136,1680,2.0
137,1680,1.0
138,1680,5.0
139,1680,0.0
140,1680,0.0
141,1680,0.0
142,1680,0.0
143,1680,4.0
144,1680,4.0
145,1680,1.0
146,1680,2.0
147,1680,1.0
148,1680,0.0
149,1680,0.0
150,1680,17.0
151,1680,25.0
152,1680,9.0
153,1680,2.0
154,1680,0.0
155,1680,0.0
156,1680,2.0
157,1680,1.0
158,1680,0.0
159,1680,5.0
160,1680,2.0
161,1680,3.0
162,1680,16.0
163,1680,6.0
164,1680,1.0
165,1680,0.0
166,1680,6.0
167,1680,8.0
168,1680,10.0
169,1680,4.0
170,1680,1.0
171,1680,0.0
172,1680,2.0
173,1680,1.0
174,1680,0.0
175,1680,0.0
176,1680,0.0
177,1680,2.0
178,1680,0.0
179,1680,0.0
180,1680,2.0
181,1680,0.0
182,1680,0.0
183,1680,0.0
184,1680,0.0
185,1680,0.0
186,1680,1.0
187,1680,0.0
188,1680,1.0
189,1680,0.0
190,1680,0.0
191,1680,0.0
192,1680,0.0
193,1680,1.0
194,1680,0.0
195,1680,0.0
196,1680,0.0
197,1680,0.0
198,1680,0.0
199,1680,0.0
0,1681,2.0
1,1681,0.0
2,1681,12.0
3,1681,1.0
4,1681,0.0
5,1681,0.0
6,1681,1.0
7,1681,0.0
8,1681,0.0
9,1681,3.0
10,1681,12.0
11,1681,0.0
12,1681,8.0
13,1681,2.0
14,1681,0.0
15,1681,4.0
16,1681,2.0
17,1681,2.0
18,1681,1.0
19,1681,2.0
20,1681,0.0
21,1681,0.0
22,1681,12.0
23,1681,0.0
24,1681,0.0
25,1681,0.0
26,1681,0.0
27,1681,0.0
28,1681,1.0
29,1681,0.0
30,1681,3.0
31,1681,2.0
32,1681,0.0
33,1681,12.0
34,1681,0.0
35,1681,2.0
36,1681,0.0
37,1681,5.0
38,1681,1.0
39,1681,1.0
40,1681,1.0
41,1681,0.0
42,1681,5.0
43,1681,0.0
44,1681,0.0
45,1681,0.0
46,1681,5.0
47,1681,1.0
48,1681,5.0
49,1681,1.0
50,1681,0.0
51,1681,0.0
52,1681,0.0
53,1681,64.0
54,1681,5.0
55,1681,1.0
56,1681,6.0
57,1681,0.0
58,1681,1.0
59,1681,1.0
60,1681,0.0
61,1681,0.0
62,1681,2.0
63,1681,0.0
64,1681,1.0
65,1681,2.0
66,1681,7.0
67,1681,4.0
68,1681,1.0
69,1681,0.0
70,1681,1.0
71,1681,4.0
72,1681,0.0
73,1681,0.0
74,1681,0.0
75,1681,0.0
76,1681,0.0
77,1681,0.0
78,1681,0.0
79,1681,0.0
80,1681,0.0
81,1681,1.0
82,1681,0.0
83,1681,0.0
84,1681,4.0
85,1681,52.0
86,1681,0.0
87,1681,0.0
88,1681,1.0
89,1681,1.0
90,1681,0.0
91,1681,10.0
92,1681,26.0
93,1681,0.0
94,1681,3.0
95,1681,5.0
96,1681,5.0
97,1681,1.0
98,1681,9.0
99,1681,0.0
100,1681,3.0
101,1681,0.0
102,1681,0.0
103,1681,0.0
104,1681,6.0
105,1681,5.0
106,1681,0.0
107,1681,0.0
108,1681,5.0
109,1681,4.0
110,1681,18.0
111,1681,4.0
112,1681,0.0
113,1681,2.0
114,1681,0.0
115,1681,1.0
116,1681,3.0
117,1681,2.0
118,1681,0.0
119,1681,4.0
120,1681,0.0
121,1681,1.0
122,1681,0.0
123,1681,2.0
124,1681,4.0
125,1681,2.0
126,1681,3.0
127,1681,2.0
128,1681,0.0
129,1681,3.0
130,1681,8.0
131,1681,2.0
132,1681,2.0
133,1681,0.0
134,1681,0.0
135,1681,0.0
136,1681,1.0
137,1681,1.0
138,1681,7.0
139,1681,1.0
140,1681,0.0
141,1681,0.0
142,1681,1.0
143,1681,3.0
144,1681,2.0
145,1681,4.0
146,1681,0.0
147,1681,5.0
148,1681,0.0
149,1681,0.0
150,1681,25.0
151,1681,12.0
152,1681,6.0
153,1681,0.0
154,1681,6.0
155,1681,0.0
156,1681,1.0
157,1681,3.0
158,1681,2.0
159,1681,2.0
160,1681,3.0
161,1681,8.0
162,1681,17.0
163,1681,16.0
164,1681,3.0
165,1681,0.0
166,1681,3.0
167,1681,10.0
168,1681,11.0
169,1681,17.0
170,1681,0.0
171,1681,1.0
172,1681,0.0
173,1681,0.0
174,1681,0.0
175,1681,0.0
176,1681,2.0
177,1681,0.0
178,1681,1.0
179,1681,3.0
180,1681,0.0
181,1681,0.0
182,1681,2.0
183,1681,0.0
184,1681,0.0
185,1681,0.0
186,1681,0.0
187,1681,1.0
188,1681,4.0
189,1681,0.0
190,1681,0.0
191,1681,0.0
192,1681,0.0
193,1681,0.0
194,1681,5.0
195,1681,1.0
196,1681,1.0
197,1681,0.0
198,1681,0.0
199,1681,1.0
0,1682,1.0
1,1682,0.0
2,1682,5.0
3,1682,1.0
4,1682,0.0
5,1682,0.0
6,1682,0.0
7,1682,0.0
8,1682,0.0
9,1682,2.0
10,1682,10.0
11,1682,0.0
12,1682,0.0
13,1682,0.0
14,1682,0.0
15,1682,3.0
16,1682,2.0
17,1682,0.0
18,1682,1.0
19,1682,0.0
20,1682,0.0
21,1682,0.0
22,1682,0.0
23,1682,1.0
24,1682,0.0
25,1682,1.0
26,1682,0.0
27,1682,0.0
28,1682,5.0
29,1682,0.0
30,1682,0.0
31,1682,6.0
32,1682,0.0
33,1682,4.0
34,1682,0.0
35,1682,6.0
36,1682,0.0
37,1682,1.0
38,1682,0.0
39,1682,3.0
40,1682,0.0
41,1682,1.0
42,1682,1.0
43,1682,0.0
44,1682,1.0
45,1682,0.0
46,1682,3.0
47,1682,1.0
48,1682,5.0
49,1682,0.0
50,1682,0.0
51,1682,0.0
52,1682,0.0
53,1682,90.0
54,1682,1.0
55,1682,1.0
56,1682,0.0
57,1682,0.0
58,1682,5.0
59,1682,6.0
60,1682,0.0
61,1682,0.0
62,1682,5.0
63,1682,1.0
64,1682,8.0
65,1682,3.0
66,1682,4.0
67,1682,2.0
68,1682,1.0
69,1682,0.0
70,1682,2.0
71,1682,1.0
72,1682,0.0
73,1682,0.0
74,1682,0.0
75,1682,0.0
76,1682,0.0
77,1682,0.0
78,1682,0.0
79,1682,0.0
80,1682,0.0
81,1682,1.0
82,1682,0.0
83,1682,0.0
84,1682,5.0
85,1682,69.0
86,1682,0.0
87,1682,0.0
88,1682,4.0
89,1682,0.0
90,1682,1.0
91,1682,4.0
92,1682,19.0
93,1682,0.0
94,1682,10.0
95,1682,9.0
96,1682,6.0
97,1682,0.0
98,1682,3.0
99,1682,1.0
100,1682,0.0
101,1682,0.0
102,1682,0.0
103,1682,0.0
104,1682,8.0
105,1682,1.0
106,1682,0.0
107,1682,0.0
108,1682,4.0
109,1682,5.0
110,1682,11.0
111,1682,2.0
112,1682,0.0
113,1682,6.0
114,1682,1.0
115,1682,0.0
116,1682,1.0
117,1682,1.0
118,1682,0.0
119,1682,4.0
120,1682,0.0
121,1682,2.0
122,1682,5.0
123,1682,3.0
124,1682,3.0
125,1682,5.0
126,1682,2.0
127,1682,1.0
128,1682,0.0
129,1682,0.0
130,1682,6.0
131,1682,0.0
132,1682,1.0
133,1682,1.0
134,1682,0.0
135,1682,2.0
136,1682,1.0
137,1682,0.0
138,1682,7.0
139,1682,1.0
140,1682,0.0
141,1682,0.0
142,1682,0.0
143,1682,2.0
144,1682,3.0
145,1682,2.0
146,1682,0.0
147,1682,4.0
148,1682,3.0
149,1682,0.0
150,1682,24.0
151,1682,16.0
152,1682,14.0
153,1682,3.0
154,1682,2.0
155,1682,0.0
156,1682,0.0
157,1682,1.0
158,1682,2.0
159,1682,3.0
160,1682,5.0
161,1682,3.0
162,1682,12.0
163,1682,21.0
164,1682,4.0
165,1682,0.0
166,1682,4.0
167,1682,9.0
168,1682,14.0
169,1682,12.0
170,1682,1.0
171,1682,1.0
172,1682,0.0
173,1682,0.0
174,1682,0.0
175,1682,0.0
176,1682,0.0
177,1682,1.0
178,1682,1.0
179,1682,1.0
180,1682,0.0
181,1682,0.0
182,1682,4.0
183,1682,0.0
184,1682,2.0
185,1682,0.0
186,1682,1.0
187,1682,0.0
188,1682,2.0
189,1682,2.0
190,1682,0.0
191,1682,0.0
192,1682,0.0
193,1682,0.0
194,1682,2.0
195,1682,0.0
196,1682,0.0
197,1682,0.0
198,1682,0.0
199,1682,0.0
0,1683,3.0
1,1683,0.0
2,1683,9.0
3,1683,1.0
4,1683,0.0
5,1683,0.0
6,1683,1.0
7,1683,0.0
8,1683,0.0
9,1683,1.0
10,1683,2.0
11,1683,0.0
12,1683,2.0
13,1683,2.0
14,1683,0.0
15,1683,0.0
16,1683,3.0
17,1683,0.0
18,1683,0.0
19,1683,2.0
20,1683,0.0
21,1683,1.0
22,1683,5.0
23,1683,0.0
24,1683,0.0
25,1683,1.0
26,1683,0.0
27,1683,0.0
28,1683,3.0
29,1683,2.0
30,1683,0.0
31,1683,4.0
32,1683,0.0
33,1683,9.0
34,1683,4.0
35,1683,7.0
36,1683,0.0
37,1683,1.0
38,1683,0.0
39,1683,7.0
40,1683,3.0
41,1683,8.0
42,1683,0.0
43,1683,1.0
44,1683,1.0
45,1683,0.0
46,1683,1.0
47,1683,2.0
48,1683,3.0
49,1683,2.0
50,1683,0.0
51,1683,0.0
52,1683,0.0
53,1683,99.0
54,1683,1.0
55,1683,0.0
56,1683,0.0
57,1683,0.0
58,1683,0.0
59,1683,2.0
60,1683,0.0
61,1683,0.0
62,1683,6.0
63,1683,1.0
64,1683,1.0
65,1683,1.0
66,1683,7.0
67,1683,2.0
68,1683,2.0
69,1683,0.0
70,1683,3.0
71,1683,10.0
72,1683,0.0
73,1683,0.0
74,1683,1.0
75,1683,0.0
76,1683,0.0
77,1683,0.0
78,1683,0.0
79,1683,0.0
80,1683,0.0
81,1683,3.0
82,1683,0.0
83,1683,0.0
84,1683,3.0
85,1683,64.0
86,1683,0.0
87,1683,0.0
88,1683,1.0
89,1683,0.0
90,1683,2.0
91,1683,9.0
92,1683,19.0
93,1683,0.0
94,1683,2.0
95,1683,9.0
96,1683,4.0
97,1683,0.0
98,1683,4.0
99,1683,0.0
100,1683,1.0
101,1683,0.0
102,1683,0.0
103,1683,0.0
104,1683,11.0
105,1683,3.0
106,1683,0.0
107,1683,1.0
108,1683,3.0
109,1683,9.0
110,1683,14.0
111,1683,2.0
112,1683,0.0
113,1683,3.0
114,1683,1.0
115,1683,0.0
116,1683,2.0
117,1683,0.0
118,1683,1.0
119,1683,8.0
120,1683,0.0
121,1683,7.0
122,1683,1.0
123,1683,1.0
124,1683,1.0
125,1683,4.0
126,1683,0.0
127,1683,4.0
128,1683,0.0
129,1683,9.0
130,1683,5.0
131,1683,2.0
132,1683,0.0
133,1683,0.0
134,1683,0.0
135,1683,0.0
136,1683,1.0
137,1683,1.0
138,1683,2.0
139,1683,0.0
140,1683,1.0
141,1683,2.0
142,1683,1.0
143,1683,1.0
144,1683,4.0
145,1683,3.0
146,1683,1.0
147,1683,4.0
148,1683,0.0
149,1683,0.0
150,1683,18.0
151,1683,18.0
152,1683,12.0
153,1683,1.0
154,1683,1.0
155,1683,0.0
156,1683,0.0
157,1683,1.0
158,1683,2.0
159,1683,3.0
160,1683,2.0
161,1683,4.0
162,1683,20.0
163,1683,20.0
164,1683,2.0
165,1683,0.0
166,1683,7.0
167,1683,18.0
168,1683,13.0
169,1683,14.0
170,1683,1.0
171,1683,7.0
172,1683,0.0
173,1683,1.0
174,1683,0.0
175,1683,0.0
176,1683,2.0
177,1683,0.0
178,1683,1.0
179,1683,2.0
180,1683,1.0
181,1683,0.0
182,1683,0.0
183,1683,0.0
184,1683,0.0
185,1683,0.0
186,1683,0.0
187,1683,1.0
188,1683,3.0
189,1683,1.0
190,1683,0.0
191,1683,0.0
192,1683,0.0
193,1683,0.0
194,1683,2.0
195,1683,1.0
196,1683,1.0
197,1683,0.0
198,1683,0.0
199,1683,0.0
0,1684,1.0
1,1684,0.0
2,1684,9.0
3,1684,0.0
4,1684,1.0
5,1684,0.0
6,1684,0.0
7,1684,1.0
8,1684,1.0
9,1684,0.0
10,1684,2.0
11,1684,0.0
12,1684,0.0
13,1684,1.0
14,1684,0.0
15,1684,3.0
16,1684,0.0
17,1684,2.0
18,1684,0.0
19,1684,0.0
20,1684,0.0
21,1684,0.0
22,1684,0.0
23,1684,0.0
24,1684,5.0
25,1684,0.0
26,1684,0.0
27,1684,0.0
28,1684,1.0
29,1684,0.0
30,1684,4.0
31,1684,0.0
32,1684,2.0
33,1684,7.0
34,1684,0.0
35,1684,8.0
36,1684,0.0
37,1684,0.0
38,1684,0.0
39,1684,3.0
40,1684,0.0
41,1684,1.0
42,1684,1.0
43,1684,1.0
44,1684,0.0
45,1684,3.0
46,1684,0.0
47,1684,1.0
48,1684,2.0
49,1684,0.0
50,1684,0.0
51,1684,0.0
52,1684,0.0
53,1684,67.0
54,1684,1.0
55,1684,0.0
56,1684,0.0
57,1684,0.0
58,1684,1.0
59,1684,2.0
60,1684,0.0
61,1684,0.0
62,1684,2.0
63,1684,0.0
64,1684,2.0
65,1684,0.0
66,1684,9.0
67,1684,5.0
68,1684,2.0
69,1684,0.0
70,1684,3.0
71,1684,1.0
72,1684,0.0
73,1684,0.0
74,1684,0.0
75,1684,0.0
76,1684,0.0
77,1684,0.0
78,1684,0.0
79,1684,0.0
80,1684,0.0
81,1684,0.0
82,1684,0.0
83,1684,0.0
84,1684,2.0
85,1684,38.0
86,1684,0.0
87,1684,0.0
88,1684,1.0
89,1684,0.0
90,1684,0.0
91,1684,4.0
92,1684,9.0
93,1684,0.0
94,1684,6.0
95,1684,6.0
96,1684,9.0
97,1684,0.0
98,1684,2.0
99,1684,1.0
100,1684,0.0
101,1684,0.0
102,1684,0.0
103,1684,0.0
104,1684,5.0
105,1684,0.0
106,1684,0.0
107,1684,1.0
108,1684,4.0
109,1684,5.0
110,1684,8.0
111,1684,2.0
112,1684,0.0
113,1684,0.0
114,1684,1.0
115,1684,0.0
116,1684,0.0
117,1684,0.0
118,1684,0.0
119,1684,6.0
120,1684,0.0
121,1684,0.0
122,1684,1.0
123,1684,0.0
124,1684,2.0
125,1684,0.0
126,1684,2.0
127,1684,2.0
128,1684,0.0
129,1684,3.0
130,1684,5.0
131,1684,2.0
132,1684,0.0
133,1684,1.0
134,1684,0.0
135,1684,0.0
136,1684,1.0
137,1684,1.0
138,1684,1.0
139,1684,0.0
140,1684,1.0
141,1684,0.0
142,1684,2.0
143,1684,1.0
144,1684,0.0
145,1684,0.0
146,1684,1.0
147,1684,4.0
148,1684,0.0
149,1684,0.0
150,1684,19.0
151,1684,17.0
152,1684,7.0
153,1684,2.0
154,1684,0.0
155,1684,0.0
156,1684,1.0
157,1684,1.0
158,1684,2.0
159,1684,1.0
160,1684,2.0
161,1684,3.0
162,1684,12.0
163,1684,19.0
164,1684,0.0
165,1684,0.0
166,1684,7.0
167,1684,7.0
168,1684,8.0
169,1684,6.0
170,1684,0.0
171,1684,16.0
172,1684,1.0
173,1684,3.0
174,1684,0.0
175,1684,0.0
176,1684,1.0
177,1684,0.0
178,1684,0.0
179,1684,0.0
180,1684,2.0
181,1684,0.0
182,1684,0.0
183,1684,0.0
184,1684,0.0
185,1684,0.0
186,1684,0.0
187,1684,0.0
188,1684,1.0
189,1684,0.0
190,1684,0.0
191,1684,0.0
192,1684,0.0
193,1684,0.0
194,1684,0.0
195,1684,2.0
196,1684,0.0
197,1684,0.0
198,1684,1.0
199,1684,0.0
0,1685,0.0
1,1685,0.0
2,1685,3.0
3,1685,1.0
4,1685,1.0
5,1685,0.0
6,1685,0.0
7,1685,1.0
8,1685,0.0
9,1685,1.0
10,1685,1.0
11,1685,0.0
12,1685,0.0
13,1685,0.0
14,1685,0.0
15,1685,0.0
16,1685,2.0
17,1685,0.0
18,1685,0.0
19,1685,1.0
20,1685,0.0
21,1685,0.0
22,1685,4.0
23,1685,0.0
24,1685,5.0
25,1685,2.0
26,1685,0.0
27,1685,0.0
28,1685,1.0
29,1685,0.0
30,1685,5.0
31,1685,3.0
32,1685,0.0
33,1685,7.0
34,1685,0.0
35,1685,6.0
36,1685,0.0
37,1685,4.0
38,1685,0.0
39,1685,6.0
40,1685,3.0
41,1685,2.0
42,1685,0.0
43,1685,2.0
44,1685,0.0
45,1685,0.0
46,1685,0.0
47,1685,2.0
48,1685,5.0
49,1685,2.0
50,1685,0.0
51,1685,0.0
52,1685,0.0
53,1685,48.0
54,1685,0.0
55,1685,3.0
56,1685,1.0
57,1685,0.0
58,1685,2.0
59,1685,2.0
60,1685,0.0
61,1685,0.0
62,1685,4.0
63,1685,0.0
64,1685,2.0
65,1685,1.0
66,1685,5.0
67,1685,2.0
68,1685,2.0
69,1685,1.0
70,1685,1.0
71,1685,2.0
72,1685,0.0
73,1685,0.0
74,1685,0.0
75,1685,0.0
76,1685,0.0
77,1685,2.0
78,1685,0.0
79,1685,0.0
80,1685,0.0
81,1685,1.0
82,1685,0.0
83,1685,0.0
84,1685,4.0
85,1685,38.0
86,1685,0.0
87,1685,0.0
88,1685,3.0
89,1685,0.0
90,1685,1.0
91,1685,5.0
92,1685,9.0
93,1685,1.0
94,1685,2.0
95,1685,6.0
96,1685,3.0
97,1685,0.0
98,1685,4.0
99,1685,0.0
100,1685,0.0
101,1685,0.0
102,1685,0.0
103,1685,0.0
104,1685,1.0
105,1685,0.0
106,1685,0.0
107,1685,1.0
108,1685,2.0
109,1685,4.0
110,1685,11.0
111,1685,1.0
112,1685,0.0
113,1685,2.0
114,1685,2.0
115,1685,0.0
116,1685,1.0
117,1685,1.0
118,1685,0.0
119,1685,4.0
120,1685,0.0
121,1685,0.0
122,1685,2.0
123,1685,1.0
124,1685,1.0
125,1685,1.0
126,1685,0.0
127,1685,0.0
128,1685,0.0
129,1685,1.0
130,1685,1.0
131,1685,2.0
132,1685,0.0
133,1685,0.0
134,1685,0.0
135,1685,0.0
136,1685,2.0
137,1685,0.0
138,1685,6.0
139,1685,0.0
140,1685,0.0
141,1685,1.0
142,1685,0.0
143,1685,1.0
144,1685,1.0
145,1685,2.0
146,1685,1.0
147,1685,1.0
148,1685,1.0
149,1685,1.0
150,1685,9.0
151,1685,21.0
152,1685,10.0
153,1685,3.0
154,1685,1.0
155,1685,0.0
156,1685,0.0
157,1685,1.0
158,1685,1.0
159,1685,7.0
160,1685,3.0
161,1685,0.0
162,1685,6.0
163,1685,10.0
164,1685,2.0
165,1685,0.0
166,1685,1.0
167,1685,4.0
168,1685,2.0
169,1685,8.0
170,1685,0.0
171,1685,0.0
172,1685,1.0
173,1685,6.0
174,1685,0.0
175,1685,0.0
176,1685,0.0
177,1685,3.0
178,1685,0.0
179,1685,0.0
180,1685,1.0
181,1685,1.0
182,1685,2.0
183,1685,0.0
184,1685,0.0
185,1685,0.0
186,1685,1.0
187,1685,0.0
188,1685,2.0
189,1685,0.0
190,1685,0.0
191,1685,0.0
192,1685,0.0
193,1685,0.0
194,1685,2.0
195,1685,0.0
196,1685,1.0
197,1685,0.0
198,1685,0.0
199,1685,0.0
0,1686,0.0
1,1686,0.0
2,1686,4.0
3,1686,0.0
4,1686,0.0
5,1686,0.0
6,1686,1.0
7,1686,0.0
8,1686,2.0
9,1686,4.0
10,1686,3.0
11,1686,0.0
12,1686,0.0
13,1686,1.0
14,1686,0.0
15,1686,2.0
16,1686,0.0
17,1686,0.0
18,1686,0.0
19,1686,3.0
20,1686,0.0
21,1686,0.0
22,1686,0.0
23,1686,0.0
24,1686,3.0
25,1686,0.0
26,1686,0.0
27,1686,0.0
28,1686,2.0
29,1686,0.0
30,1686,3.0
31,1686,2.0
32,1686,2.0
33,1686,5.0
34,1686,3.0
35,1686,7.0
36,1686,1.0
37,1686,2.0
38,1686,0.0
39,1686,3.0
40,1686,0.0
41,1686,0.0
42,1686,0.0
43,1686,0.0
44,1686,0.0
45,1686,0.0
46,1686,0.0
47,1686,0.0
48,1686,3.0
49,1686,0.0
50,1686,0.0
51,1686,0.0
52,1686,0.0
53,1686,20.0
54,1686,7.0
55,1686,0.0
56,1686,2.0
57,1686,0.0
58,1686,2.0
59,1686,0.0
60,1686,1.0
61,1686,33.0
62,1686,4.0
63,1686,1.0
64,1686,4.0
65,1686,1.0
66,1686,7.0
67,1686,1.0
68,1686,1.0
69,1686,0.0
70,1686,2.0
71,1686,2.0
72,1686,0.0
73,1686,0.0
74,1686,0.0
75,1686,0.0
76,1686,0.0
77,1686,7.0
78,1686,0.0
79,1686,0.0
80,1686,0.0
81,1686,1.0
82,1686,0.0
83,1686,0.0
84,1686,1.0
85,1686,39.0
86,1686,0.0
87,1686,0.0
88,1686,1.0
89,1686,0.0
90,1686,0.0
91,1686,5.0
92,1686,6.0
93,1686,0.0
94,1686,2.0
95,1686,7.0
96,1686,15.0
97,1686,2.0
98,1686,3.0
99,1686,3.0
100,1686,3.0
101,1686,0.0
102,1686,0.0
103,1686,0.0
104,1686,4.0
105,1686,1.0
106,1686,0.0
107,1686,4.0
108,1686,4.0
109,1686,2.0
110,1686,18.0
111,1686,1.0
112,1686,0.0
113,1686,1.0
114,1686,1.0
115,1686,0.0
116,1686,0.0
117,1686,0.0
118,1686,0.0
119,1686,7.0
120,1686,0.0
121,1686,1.0
122,1686,1.0
123,1686,1.0
124,1686,1.0
125,1686,1.0
126,1686,0.0
127,1686,1.0
128,1686,0.0
129,1686,0.0
130,1686,0.0
131,1686,1.0
132,1686,0.0
133,1686,2.0
134,1686,0.0
135,1686,0.0
136,1686,0.0
137,1686,0.0
138,1686,1.0
139,1686,0.0
140,1686,0.0
141,1686,0.0
142,1686,1.0
143,1686,3.0
144,1686,4.0
145,1686,1.0
146,1686,1.0
147,1686,5.0
148,1686,1.0
149,1686,0.0
150,1686,4.0
151,1686,9.0
152,1686,12.0
153,1686,1.0
154,1686,0.0
155,1686,0.0
156,1686,0.0
157,1686,0.0
158,1686,0.0
159,1686,2.0
160,1686,5.0
161,1686,2.0
162,1686,8.0
163,1686,11.0
164,1686,2.0
165,1686,0.0
166,1686,3.0
167,1686,10.0
168,1686,7.0
169,1686,10.0
170,1686,0.0
171,1686,0.0
172,1686,2.0
173,1686,0.0
174,1686,0.0
175,1686,0.0
176,1686,1.0
177,1686,3.0
178,1686,0.0
179,1686,0.0
180,1686,0.0
181,1686,1.0
182,1686,1.0
183,1686,0.0
184,1686,1.0
185,1686,0.0
186,1686,1.0
187,1686,0.0
188,1686,4.0
189,1686,0.0
190,1686,0.0
191,1686,0.0
192,1686,0.0
193,1686,1.0
194,1686,2.0
195,1686,0.0
196,1686,0.0
197,1686,0.0
198,1686,1.0
199,1686,0.0
0,1687,0.0
1,1687,0.0
2,1687,3.0
3,1687,0.0
4,1687,2.0
5,1687,0.0
6,1687,1.0
7,1687,0.0
8,1687,0.0
9,1687,0.0
10,1687,4.0
11,1687,0.0
12,1687,0.0
13,1687,1.0
14,1687,0.0
15,1687,1.0
16,1687,0.0
17,1687,0.0
18,1687,0.0
19,1687,1.0
20,1687,0.0
21,1687,0.0
22,1687,3.0
23,1687,0.0
24,1687,1.0
25,1687,1.0
26,1687,0.0
27,1687,0.0
28,1687,0.0
29,1687,2.0
30,1687,4.0
31,1687,1.0
32,1687,0.0
33,1687,0.0
34,1687,1.0
35,1687,2.0
36,1687,0.0
37,1687,0.0
38,1687,1.0
39,1687,2.0
40,1687,0.0
41,1687,0.0
42,1687,0.0
43,1687,1.0
44,1687,0.0
45,1687,0.0
46,1687,1.0
47,1687,3.0
48,1687,2.0
49,1687,2.0
50,1687,0.0
51,1687,0.0
52,1687,2.0
53,1687,49.0
54,1687,0.0
55,1687,0.0
56,1687,1.0
57,1687,0.0
58,1687,3.0
59,1687,4.0
60,1687,0.0
61,1687,41.0
62,1687,5.0
63,1687,4.0
64,1687,2.0
65,1687,0.0
66,1687,3.0
67,1687,1.0
68,1687,2.0
69,1687,1.0
70,1687,1.0
71,1687,4.0
72,1687,0.0
73,1687,0.0
74,1687,0.0
75,1687,0.0
76,1687,0.0
77,1687,0.0
78,1687,0.0
79,1687,0.0
80,1687,0.0
81,1687,0.0
82,1687,0.0
83,1687,0.0
84,1687,0.0
85,1687,50.0
86,1687,0.0
87,1687,0.0
88,1687,0.0
89,1687,0.0
90,1687,0.0
91,1687,7.0
92,1687,16.0
93,1687,0.0
94,1687,1.0
95,1687,4.0
96,1687,2.0
97,1687,0.0
98,1687,2.0
99,1687,0.0
100,1687,3.0
101,1687,0.0
102,1687,0.0
103,1687,0.0
104,1687,3.0
105,1687,2.0
106,1687,6.0
107,1687,0.0
108,1687,2.0
109,1687,3.0
110,1687,12.0
111,1687,4.0
112,1687,0.0
113,1687,2.0
114,1687,2.0
115,1687,0.0
116,1687,2.0
117,1687,4.0
118,1687,0.0
119,1687,12.0
120,1687,0.0
121,1687,0.0
122,1687,1.0
123,1687,1.0
124,1687,2.0
125,1687,1.0
126,1687,4.0
127,1687,2.0
128,1687,0.0
129,1687,2.0
130,1687,2.0
131,1687,1.0
132,1687,0.0
133,1687,0.0
134,1687,0.0
135,1687,0.0
136,1687,3.0
137,1687,0.0
138,1687,5.0
139,1687,2.0
140,1687,0.0
141,1687,1.0
142,1687,0.0
143,1687,2.0
144,1687,3.0
145,1687,1.0
146,1687,0.0
147,1687,6.0
148,1687,0.0
149,1687,0.0
150,1687,16.0
151,1687,7.0
152,1687,7.0
153,1687,1.0
154,1687,0.0
155,1687,0.0
156,1687,1.0
157,1687,0.0
158,1687,3.0
159,1687,1.0
160,1687,4.0
161,1687,4.0
162,1687,3.0
163,1687,10.0
164,1687,4.0
165,1687,0.0
166,1687,6.0
167,1687,6.0
168,1687,12.0
169,1687,10.0
170,1687,0.0
171,1687,0.0
172,1687,0.0
173,1687,1.0
174,1687,0.0
175,1687,0.0
176,1687,0.0
177,1687,1.0
178,1687,1.0
179,1687,1.0
180,1687,1.0
181,1687,0.0
182,1687,2.0
183,1687,0.0
184,1687,1.0
185,1687,0.0
186,1687,0.0
187,1687,0.0
188,1687,4.0
189,1687,1.0
190,1687,0.0
191,1687,0.0
192,1687,0.0
193,1687,1.0
194,1687,0.0
195,1687,0.0
196,1687,0.0
197,1687,0.0
198,1687,4.0
199,1687,1.0
0,1688,0.0
1,1688,0.0
2,1688,9.0
3,1688,1.0
4,1688,1.0
5,1688,0.0
6,1688,0.0
7,1688,0.0
8,1688,0.0
9,1688,1.0
10,1688,8.0
11,1688,0.0
12,1688,1.0
13,1688,6.0
14,1688,0.0
15,1688,6.0
16,1688,1.0
17,1688,2.0
18,1688,0.0
19,1688,0.0
20,1688,0.0
21,1688,0.0
22,1688,0.0
23,1688,1.0
24,1688,4.0
25,1688,1.0
26,1688,0.0
27,1688,1.0
28,1688,4.0
29,1688,0.0
30,1688,3.0
31,1688,2.0
32,1688,0.0
33,1688,7.0
34,1688,1.0
35,1688,6.0
36,1688,0.0
37,1688,1.0
38,1688,0.0
39,1688,5.0
40,1688,5.0
41,1688,1.0
42,1688,2.0
43,1688,2.0
44,1688,0.0
45,1688,0.0
46,1688,2.0
47,1688,0.0
48,1688,1.0
49,1688,1.0
50,1688,0.0
51,1688,0.0
52,1688,3.0
53,1688,88.0
54,1688,0.0
55,1688,1.0
56,1688,1.0
57,1688,0.0
58,1688,3.0
59,1688,2.0
60,1688,2.0
61,1688,42.0
62,1688,4.0
63,1688,1.0
64,1688,6.0
65,1688,0.0
66,1688,7.0
67,1688,0.0
68,1688,3.0
69,1688,0.0
70,1688,2.0
71,1688,2.0
72,1688,0.0
73,1688,0.0
74,1688,2.0
75,1688,1.0
76,1688,0.0
77,1688,3.0
78,1688,0.0
79,1688,0.0
80,1688,0.0
81,1688,1.0
82,1688,0.0
83,1688,0.0
84,1688,3.0
85,1688,54.0
86,1688,0.0
87,1688,0.0
88,1688,1.0
89,1688,0.0
90,1688,1.0
91,1688,4.0
92,1688,12.0
93,1688,0.0
94,1688,4.0
95,1688,8.0
96,1688,5.0
97,1688,0.0
98,1688,11.0
99,1688,0.0
100,1688,0.0
101,1688,0.0
102,1688,0.0
103,1688,0.0
104,1688,5.0
105,1688,0.0
106,1688,4.0
107,1688,1.0
108,1688,2.0
109,1688,13.0
110,1688,5.0
111,1688,2.0
112,1688,0.0
113,1688,1.0
114,1688,2.0
115,1688,1.0
116,1688,3.0
117,1688,3.0
118,1688,0.0
119,1688,8.0
120,1688,1.0
121,1688,2.0
122,1688,2.0
123,1688,0.0
124,1688,0.0
125,1688,0.0
126,1688,4.0
127,1688,5.0
128,1688,0.0
129,1688,2.0
130,1688,6.0
131,1688,5.0
132,1688,1.0
133,1688,1.0
134,1688,0.0
135,1688,0.0
136,1688,0.0
137,1688,0.0
138,1688,8.0
139,1688,0.0
140,1688,0.0
141,1688,0.0
142,1688,1.0
143,1688,4.0
144,1688,1.0
145,1688,2.0
146,1688,0.0
147,1688,6.0
148,1688,0.0
149,1688,1.0
150,1688,14.0
151,1688,19.0
152,1688,18.0
153,1688,0.0
154,1688,2.0
155,1688,0.0
156,1688,3.0
157,1688,0.0
158,1688,0.0
159,1688,2.0
160,1688,0.0
161,1688,2.0
162,1688,7.0
163,1688,5.0
164,1688,4.0
165,1688,0.0
166,1688,5.0
167,1688,1.0
168,1688,10.0
169,1688,7.0
170,1688,0.0
171,1688,10.0
172,1688,1.0
173,1688,2.0
174,1688,0.0
175,1688,0.0
176,1688,0.0
177,1688,2.0
178,1688,1.0
179,1688,1.0
180,1688,0.0
181,1688,1.0
182,1688,4.0
183,1688,0.0
184,1688,3.0
185,1688,0.0
186,1688,1.0
187,1688,1.0
188,1688,6.0
189,1688,2.0
190,1688,0.0
191,1688,0.0
192,1688,1.0
193,1688,0.0
194,1688,2.0
195,1688,2.0
196,1688,0.0
197,1688,0.0
198,1688,0.0
199,1688,0.0
0,1689,3.0
1,1689,0.0
2,1689,7.0
3,1689,0.0
4,1689,1.0
5,1689,0.0
6,1689,0.0
7,1689,0.0
8,1689,2.0
9,1689,3.0
10,1689,2.0
11,1689,0.0
12,1689,0.0
13,1689,1.0
14,1689,0.0
15,1689,7.0
16,1689,0.0
17,1689,0.0
18,1689,1.0
19,1689,1.0
20,1689,0.0
21,1689,0.0
22,1689,0.0
23,1689,0.0
24,1689,4.0
25,1689,0.0
26,1689,0.0
27,1689,0.0
28,1689,4.0
29,1689,0.0
30,1689,1.0
31,1689,2.0
32,1689,0.0
33,1689,6.0
34,1689,0.0
35,1689,15.0
36,1689,1.0
37,1689,3.0
38,1689,1.0
39,1689,4.0
40,1689,4.0
41,1689,3.0
42,1689,4.0
43,1689,0.0
44,1689,0.0
45,1689,2.0
46,1689,1.0
47,1689,9.0
48,1689,1.0
49,1689,8.0
50,1689,0.0
51,1689,0.0
52,1689,2.0
53,1689,93.0
54,1689,5.0
55,1689,1.0
56,1689,3.0
57,1689,0.0
58,1689,2.0
59,1689,1.0
60,1689,0.0
61,1689,68.0
62,1689,2.0
63,1689,9.0
64,1689,4.0
65,1689,0.0
66,1689,6.0
67,1689,3.0
68,1689,4.0
69,1689,1.0
70,1689,2.0
71,1689,0.0
72,1689,0.0
73,1689,0.0
74,1689,1.0
75,1689,2.0
76,1689,0.0
77,1689,5.0
78,1689,0.0
79,1689,0.0
80,1689,0.0
81,1689,4.0
82,1689,0.0
83,1689,0.0
84,1689,1.0
85,1689,71.0
86,1689,0.0
87,1689,0.0
88,1689,1.0
89,1689,1.0
90,1689,0.0
91,1689,6.0
92,1689,22.0
93,1689,2.0
94,1689,1.0
95,1689,6.0
96,1689,12.0
97,1689,1.0
98,1689,7.0
99,1689,0.0
100,1689,2.0
101,1689,0.0
102,1689,0.0
103,1689,0.0
104,1689,12.0
105,1689,0.0
106,1689,3.0
107,1689,4.0
108,1689,0.0
109,1689,8.0
110,1689,7.0
111,1689,3.0
112,1689,0.0
113,1689,5.0
114,1689,4.0
115,1689,0.0
116,1689,1.0
117,1689,2.0
118,1689,0.0
119,1689,7.0
120,1689,1.0
121,1689,1.0
122,1689,1.0
123,1689,1.0
124,1689,0.0
125,1689,3.0
126,1689,3.0
127,1689,2.0
128,1689,0.0
129,1689,3.0
130,1689,5.0
131,1689,1.0
132,1689,3.0
133,1689,1.0
134,1689,0.0
135,1689,2.0
136,1689,0.0
137,1689,1.0
138,1689,6.0
139,1689,0.0
140,1689,0.0
141,1689,1.0
142,1689,0.0
143,1689,2.0
144,1689,2.0
145,1689,4.0
146,1689,3.0
147,1689,6.0
148,1689,0.0
149,1689,1.0
150,1689,26.0
151,1689,16.0
152,1689,12.0
153,1689,0.0
154,1689,4.0
155,1689,0.0
156,1689,0.0
157,1689,2.0
158,1689,0.0
159,1689,3.0
160,1689,0.0
161,1689,6.0
162,1689,18.0
163,1689,9.0
164,1689,0.0
165,1689,0.0
166,1689,4.0
167,1689,5.0
168,1689,15.0
169,1689,15.0
170,1689,0.0
171,1689,9.0
172,1689,0.0
173,1689,1.0
174,1689,0.0
175,1689,1.0
176,1689,1.0
177,1689,5.0
178,1689,0.0
179,1689,1.0
180,1689,1.0
181,1689,0.0
182,1689,1.0
183,1689,0.0
184,1689,5.0
185,1689,0.0
186,1689,0.0
187,1689,1.0
188,1689,6.0
189,1689,0.0
190,1689,0.0
191,1689,0.0
192,1689,0.0
193,1689,1.0
194,1689,0.0
195,1689,0.0
196,1689,0.0
197,1689,0.0
198,1689,1.0
199,1689,0.0
0,1690,0.0
1,1690,0.0
2,1690,4.0
3,1690,0.0
4,1690,0.0
5,1690,0.0
6,1690,1.0
7,1690,0.0
8,1690,0.0
9,1690,1.0
10,1690,3.0
11,1690,0.0
12,1690,2.0
13,1690,1.0
14,1690,0.0
15,1690,0.0
16,1690,2.0
17,1690,0.0
18,1690,0.0
19,1690,1.0
20,1690,0.0
21,1690,0.0
22,1690,0.0
23,1690,0.0
24,1690,3.0
25,1690,0.0
26,1690,0.0
27,1690,1.0
28,1690,1.0
29,1690,0.0
30,1690,2.0
31,1690,0.0
32,1690,3.0
33,1690,3.0
34,1690,0.0
35,1690,6.0
36,1690,0.0
37,1690,0.0
38,1690,5.0
39,1690,0.0
40,1690,0.0
41,1690,0.0
42,1690,0.0
43,1690,4.0
44,1690,0.0
45,1690,2.0
46,1690,2.0
47,1690,2.0
48,1690,1.0
49,1690,1.0
50,1690,0.0
51,1690,0.0
52,1690,1.0
53,1690,38.0
54,1690,3.0
55,1690,3.0
56,1690,0.0
57,1690,0.0
58,1690,3.0
59,1690,3.0
60,1690,1.0
61,1690,26.0
62,1690,0.0
63,1690,0.0
64,1690,0.0
65,1690,0.0
66,1690,6.0
67,1690,6.0
68,1690,3.0
69,1690,0.0
70,1690,1.0
71,1690,1.0
72,1690,0.0
73,1690,0.0
74,1690,1.0
75,1690,0.0
76,1690,0.0
77,1690,2.0
78,1690,0.0
79,1690,0.0
80,1690,0.0
81,1690,1.0
82,1690,0.0
83,1690,0.0
84,1690,2.0
85,1690,28.0
86,1690,0.0
87,1690,0.0
88,1690,1.0
89,1690,0.0
90,1690,1.0
91,1690,5.0
92,1690,12.0
93,1690,0.0
94,1690,0.0
95,1690,7.0
96,1690,13.0
97,1690,0.0
98,1690,2.0
99,1690,0.0
100,1690,0.0
101,1690,1.0
102,1690,0.0
103,1690,0.0
104,1690,4.0
105,1690,0.0
106,1690,3.0
107,1690,2.0
108,1690,4.0
109,1690,9.0
110,1690,10.0
111,1690,4.0
112,1690,0.0
113,1690,3.0
114,1690,1.0
115,1690,0.0
116,1690,0.0
117,1690,0.0
118,1690,0.0
119,1690,8.0
120,1690,0.0
121,1690,3.0
122,1690,2.0
123,1690,0.0
124,1690,2.0
125,1690,2.0
126,1690,2.0
127,1690,1.0
128,1690,0.0
129,1690,0.0
130,1690,3.0
131,1690,1.0
132,1690,2.0
133,1690,0.0
134,1690,1.0
135,1690,1.0
136,1690,0.0
137,1690,1.0
138,1690,8.0
139,1690,0.0
140,1690,1.0
141,1690,1.0
142,1690,0.0
143,1690,3.0
144,1690,1.0
145,1690,1.0
146,1690,0.0
147,1690,4.0
148,1690,1.0
149,1690,1.0
150,1690,16.0
151,1690,15.0
152,1690,9.0
153,1690,0.0
154,1690,2.0
155,1690,0.0
156,1690,1.0
157,1690,5.0
158,1690,1.0
159,1690,2.0
160,1690,0.0
161,1690,4.0
162,1690,8.0
163,1690,6.0
164,1690,0.0
165,1690,0.0
166,1690,2.0
167,1690,4.0
168,1690,7.0
169,1690,6.0
170,1690,0.0
171,1690,3.0
172,1690,0.0
173,1690,1.0
174,1690,0.0
175,1690,1.0
176,1690,0.0
177,1690,3.0
178,1690,0.0
179,1690,0.0
180,1690,1.0
181,1690,0.0
182,1690,1.0
183,1690,0.0
184,1690,1.0
185,1690,0.0
186,1690,0.0
187,1690,0.0
188,1690,4.0
189,1690,0.0
190,1690,0.0
191,1690,0.0
192,1690,0.0
193,1690,1.0
194,1690,0.0
195,1690,0.0
196,1690,0.0
197,1690,0.0
198,1690,1.0
199,1690,1.0
0,1691,3.0
1,1691,0.0
2,1691,2.0
3,1691,0.0
4,1691,1.0
5,1691,0.0
6,1691,0.0
7,1691,0.0
8,1691,0.0
9,1691,2.0
10,1691,6.0
11,1691,0.0
12,1691,0.0
13,1691,1.0
14,1691,0.0
15,1691,0.0
16,1691,2.0
17,1691,0.0
18,1691,0.0
19,1691,1.0
20,1691,0.0
21,1691,0.0
22,1691,1.0
23,1691,1.0
24,1691,1.0
25,1691,1.0
26,1691,0.0
27,1691,2.0
28,1691,4.0
29,1691,1.0
30,1691,3.0
31,1691,0.0
32,1691,0.0
33,1691,5.0
34,1691,0.0
35,1691,6.0
36,1691,0.0
37,1691,4.0
38,1691,2.0
39,1691,4.0
40,1691,1.0
41,1691,1.0
42,1691,0.0
43,1691,0.0
44,1691,0.0
45,1691,0.0
46,1691,1.0
47,1691,1.0
48,1691,3.0
49,1691,3.0
50,1691,0.0
51,1691,0.0
52,1691,2.0
53,1691,41.0
54,1691,1.0
55,1691,0.0
56,1691,0.0
57,1691,0.0
58,1691,3.0
59,1691,2.0
60,1691,1.0
61,1691,15.0
62,1691,1.0
63,1691,3.0
64,1691,2.0
65,1691,0.0
66,1691,6.0
67,1691,5.0
68,1691,4.0
69,1691,0.0
70,1691,1.0
71,1691,2.0
72,1691,0.0
73,1691,0.0
74,1691,1.0
75,1691,0.0
76,1691,0.0
77,1691,0.0
78,1691,0.0
79,1691,0.0
80,1691,0.0
81,1691,2.0
82,1691,0.0
83,1691,0.0
84,1691,5.0
85,1691,38.0
86,1691,0.0
87,1691,0.0
88,1691,2.0
89,1691,0.0
90,1691,0.0
91,1691,4.0
92,1691,7.0
93,1691,0.0
94,1691,2.0
95,1691,8.0
96,1691,6.0
97,1691,0.0
98,1691,5.0
99,1691,2.0
100,1691,0.0
101,1691,0.0
102,1691,0.0
103,1691,0.0
104,1691,7.0
105,1691,0.0
106,1691,2.0
107,1691,3.0
108,1691,2.0
109,1691,0.0
110,1691,3.0
111,1691,1.0
112,1691,0.0
113,1691,1.0
114,1691,1.0
115,1691,0.0
116,1691,1.0
117,1691,0.0
118,1691,0.0
119,1691,11.0
120,1691,0.0
121,1691,0.0
122,1691,2.0
123,1691,0.0
124,1691,3.0
125,1691,1.0
126,1691,1.0
127,1691,1.0
128,1691,0.0
129,1691,3.0
130,1691,3.0
131,1691,1.0
132,1691,0.0
133,1691,0.0
134,1691,1.0
135,1691,0.0
136,1691,1.0
137,1691,0.0
138,1691,2.0
139,1691,1.0
140,1691,1.0
141,1691,0.0
142,1691,0.0
143,1691,2.0
144,1691,3.0
145,1691,0.0
146,1691,0.0
147,1691,2.0
148,1691,0.0
149,1691,6.0
150,1691,14.0
151,1691,17.0
152,1691,4.0
153,1691,0.0
154,1691,4.0
155,1691,0.0
156,1691,2.0
157,1691,2.0
158,1691,1.0
159,1691,2.0
160,1691,0.0
161,1691,2.0
162,1691,13.0
163,1691,8.0
164,1691,4.0
165,1691,0.0
166,1691,2.0
167,1691,19.0
168,1691,9.0
169,1691,13.0
170,1691,2.0
171,1691,2.0
172,1691,0.0
173,1691,0.0
174,1691,0.0
175,1691,1.0
176,1691,1.0
177,1691,4.0
178,1691,2.0
179,1691,0.0
180,1691,0.0
181,1691,0.0
182,1691,1.0
183,1691,0.0
184,1691,0.0
185,1691,0.0
186,1691,0.0
187,1691,1.0
188,1691,1.0
189,1691,0.0
190,1691,0.0
191,1691,0.0
192,1691,0.0
193,1691,1.0
194,1691,2.0
195,1691,2.0
196,1691,1.0
197,1691,0.0
198,1691,0.0
199,1691,0.0
0,1692,1.0
1,1692,0.0
2,1692,7.0
3,1692,0.0
4,1692,0.0
5,1692,0.0
6,1692,0.0
7,1692,0.0
8,1692,0.0
9,1692,1.0
10,1692,0.0
11,1692,0.0
12,1692,2.0
13,1692,0.0
14,1692,0.0
15,1692,3.0
16,1692,0.0
17,1692,0.0
18,1692,0.0
19,1692,0.0
20,1692,0.0
21,1692,1.0
22,1692,1.0
23,1692,1.0
24,1692,2.0
25,1692,0.0
26,1692,0.0
27,1692,0.0
28,1692,8.0
29,1692,0.0
30,1692,4.0
31,1692,1.0
32,1692,2.0
33,1692,2.0
34,1692,0.0
35,1692,7.0
36,1692,0.0
37,1692,6.0
38,1692,1.0
39,1692,1.0
40,1692,1.0
41,1692,2.0
42,1692,0.0
43,1692,1.0
44,1692,0.0
45,1692,2.0
46,1692,0.0
47,1692,4.0
48,1692,1.0
49,1692,1.0
50,1692,0.0
51,1692,0.0
52,1692,1.0
53,1692,39.0
54,1692,2.0
55,1692,1.0
56,1692,0.0
57,1692,0.0
58,1692,2.0
59,1692,1.0
60,1692,1.0
61,1692,33.0
62,1692,1.0
63,1692,0.0
64,1692,3.0
65,1692,0.0
66,1692,4.0
67,1692,1.0
68,1692,3.0
69,1692,0.0
70,1692,0.0
71,1692,5.0
72,1692,0.0
73,1692,0.0
74,1692,1.0
75,1692,1.0
76,1692,0.0
77,1692,1.0
78,1692,0.0
79,1692,0.0
80,1692,0.0
81,1692,0.0
82,1692,0.0
83,1692,0.0
84,1692,3.0
85,1692,30.0
86,1692,0.0
87,1692,0.0
88,1692,1.0
89,1692,0.0
90,1692,1.0
91,1692,2.0
92,1692,6.0
93,1692,0.0
94,1692,1.0
95,1692,3.0
96,1692,7.0
97,1692,0.0
98,1692,3.0
99,1692,0.0
100,1692,1.0
101,1692,0.0
102,1692,0.0
103,1692,0.0
104,1692,5.0
105,1692,0.0
106,1692,0.0
107,1692,0.0
108,1692,1.0
109,1692,0.0
110,1692,3.0
111,1692,1.0
112,1692,0.0
113,1692,0.0
114,1692,1.0
115,1692,2.0
116,1692,2.0
117,1692,0.0
118,1692,0.0
119,1692,4.0
120,1692,0.0
121,1692,0.0
122,1692,1.0
123,1692,1.0
124,1692,1.0
125,1692,1.0
126,1692,1.0
127,1692,0.0
128,1692,0.0
129,1692,4.0
130,1692,6.0
131,1692,1.0
132,1692,0.0
133,1692,0.0
134,1692,1.0
135,1692,0.0
136,1692,1.0
137,1692,1.0
138,1692,3.0
139,1692,0.0
140,1692,0.0
141,1692,0.0
142,1692,0.0
143,1692,3.0
144,1692,4.0
145,1692,0.0
146,1692,1.0
147,1692,7.0
148,1692,0.0
149,1692,1.0
150,1692,13.0
151,1692,17.0
152,1692,7.0
153,1692,0.0
154,1692,1.0
155,1692,0.0
156,1692,0.0
157,1692,2.0
158,1692,0.0
159,1692,4.0
160,1692,1.0
161,1692,3.0
162,1692,12.0
163,1692,16.0
164,1692,1.0
165,1692,0.0
166,1692,6.0
167,1692,16.0
168,1692,10.0
169,1692,4.0
170,1692,0.0
171,1692,0.0
172,1692,2.0
173,1692,12.0
174,1692,0.0
175,1692,2.0
176,1692,1.0
177,1692,1.0
178,1692,0.0
179,1692,3.0
180,1692,1.0
181,1692,0.0
182,1692,0.0
183,1692,0.0
184,1692,1.0
185,1692,0.0
186,1692,1.0
187,1692,0.0
188,1692,5.0
189,1692,0.0
190,1692,0.0
191,1692,0.0
192,1692,1.0
193,1692,1.0
194,1692,0.0
195,1692,0.0
196,1692,0.0
197,1692,0.0
198,1692,0.0
199,1692,0.0
0,1693,2.0
1,1693,0.0
2,1693,1.0
3,1693,0.0
4,1693,0.0
5,1693,0.0
6,1693,2.0
7,1693,0.0
8,1693,0.0
9,1693,4.0
10,1693,1.0
11,1693,1.0
12,1693,0.0
13,1693,3.0
14,1693,0.0
15,1693,5.0
16,1693,0.0
17,1693,0.0
18,1693,0.0
19,1693,0.0
20,1693,0.0
21,1693,0.0
22,1693,0.0
23,1693,0.0
24,1693,3.0
25,1693,0.0
26,1693,0.0
27,1693,0.0
28,1693,3.0
29,1693,3.0
30,1693,0.0
31,1693,0.0
32,1693,1.0
33,1693,0.0
34,1693,2.0
35,1693,10.0
36,1693,0.0
37,1693,0.0
38,1693,2.0
39,1693,1.0
40,1693,3.0
41,1693,0.0
42,1693,0.0
43,1693,0.0
44,1693,1.0
45,1693,4.0
46,1693,2.0
47,1693,4.0
48,1693,1.0
49,1693,9.0
50,1693,0.0
51,1693,0.0
52,1693,3.0
53,1693,58.0
54,1693,4.0
55,1693,0.0
56,1693,1.0
57,1693,0.0
58,1693,0.0
59,1693,1.0
60,1693,0.0
61,1693,20.0
62,1693,1.0
63,1693,0.0
64,1693,1.0
65,1693,0.0
66,1693,5.0
67,1693,3.0
68,1693,0.0
69,1693,0.0
70,1693,1.0
71,1693,3.0
72,1693,0.0
73,1693,0.0
74,1693,1.0
75,1693,3.0
76,1693,0.0
77,1693,3.0
78,1693,0.0
79,1693,0.0
80,1693,0.0
81,1693,0.0
82,1693,0.0
83,1693,0.0
84,1693,2.0
85,1693,37.0
86,1693,0.0
87,1693,0.0
88,1693,0.0
89,1693,0.0
90,1693,0.0
91,1693,3.0
92,1693,7.0
93,1693,0.0
94,1693,1.0
95,1693,11.0
96,1693,2.0
97,1693,0.0
98,1693,6.0
99,1693,0.0
100,1693,1.0
101,1693,0.0
102,1693,0.0
103,1693,0.0
104,1693,8.0
105,1693,0.0
106,1693,2.0
107,1693,1.0
108,1693,3.0
109,1693,2.0
110,1693,4.0
111,1693,1.0
112,1693,0.0
113,1693,0.0
114,1693,0.0
115,1693,0.0
116,1693,0.0
117,1693,0.0
118,1693,0.0
119,1693,4.0
120,1693,0.0
121,1693,1.0
122,1693,2.0
123,1693,0.0
124,1693,2.0
125,1693,1.0
126,1693,1.0
127,1693,6.0
128,1693,0.0
129,1693,0.0
130,1693,7.0
131,1693,1.0
132,1693,1.0
133,1693,0.0
134,1693,0.0
135,1693,0.0
136,1693,0.0
137,1693,0.0
138,1693,4.0
139,1693,0.0
140,1693,0.0
141,1693,0.0
142,1693,0.0
143,1693,1.0
144,1693,2.0
145,1693,3.0
146,1693,1.0
147,1693,3.0
148,1693,0.0
149,1693,1.0
150,1693,10.0
151,1693,5.0
152,1693,8.0
153,1693,1.0
154,1693,4.0
155,1693,0.0
156,1693,0.0
157,1693,0.0
158,1693,0.0
159,1693,3.0
160,1693,10.0
161,1693,2.0
162,1693,7.0
163,1693,8.0
164,1693,1.0
165,1693,0.0
166,1693,2.0
167,1693,13.0
168,1693,12.0
169,1693,2.0
170,1693,1.0
171,1693,2.0
172,1693,0.0
173,1693,0.0
174,1693,0.0
175,1693,0.0
176,1693,1.0
177,1693,1.0
178,1693,1.0
179,1693,0.0
180,1693,0.0
181,1693,0.0
182,1693,0.0
183,1693,0.0
184,1693,0.0
185,1693,0.0
186,1693,0.0
187,1693,0.0
188,1693,3.0
189,1693,0.0
190,1693,0.0
191,1693,0.0
192,1693,0.0
193,1693,1.0
194,1693,0.0
195,1693,1.0
196,1693,1.0
197,1693,0.0
198,1693,2.0
199,1693,0.0
0,1694,9.0
1,1694,0.0
2,1694,8.0
3,1694,2.0
4,1694,0.0
5,1694,0.0
6,1694,0.0
7,1694,0.0
8,1694,0.0
9,1694,3.0
10,1694,11.0
11,1694,0.0
12,1694,1.0
13,1694,1.0
14,1694,4.0
15,1694,12.0
16,1694,0.0
17,1694,0.0
18,1694,0.0
19,1694,2.0
20,1694,0.0
21,1694,0.0
22,1694,0.0
23,1694,1.0
24,1694,0.0
25,1694,0.0
26,1694,0.0
27,1694,0.0
28,1694,2.0
29,1694,1.0
30,1694,4.0
31,1694,1.0
32,1694,2.0
33,1694,3.0
34,1694,0.0
35,1694,10.0
36,1694,1.0
37,1694,3.0
38,1694,3.0
39,1694,4.0
40,1694,0.0
41,1694,0.0
42,1694,0.0
43,1694,2.0
44,1694,0.0
45,1694,2.0
46,1694,1.0
47,1694,0.0
48,1694,2.0
49,1694,3.0
50,1694,0.0
51,1694,0.0
52,1694,1.0
53,1694,50.0
54,1694,3.0
55,1694,0.0
56,1694,1.0
57,1694,0.0
58,1694,0.0
59,1694,3.0
60,1694,0.0
61,1694,26.0
62,1694,2.0
63,1694,0.0
64,1694,3.0
65,1694,1.0
66,1694,3.0
67,1694,0.0
68,1694,0.0
69,1694,1.0
70,1694,2.0
71,1694,1.0
72,1694,0.0
73,1694,0.0
74,1694,0.0
75,1694,0.0
76,1694,0.0
77,1694,0.0
78,1694,0.0
79,1694,0.0
80,1694,0.0
81,1694,0.0
82,1694,0.0
83,1694,0.0
84,1694,6.0
85,1694,39.0
86,1694,0.0
87,1694,0.0
88,1694,4.0
89,1694,0.0
90,1694,1.0
91,1694,4.0
92,1694,13.0
93,1694,0.0
94,1694,4.0
95,1694,7.0
96,1694,3.0
97,1694,1.0
98,1694,3.0
99,1694,0.0
100,1694,1.0
101,1694,0.0
102,1694,0.0
103,1694,0.0
104,1694,4.0
105,1694,0.0
106,1694,4.0
107,1694,1.0
108,1694,2.0
109,1694,3.0
110,1694,2.0
111,1694,4.0
112,1694,0.0
113,1694,2.0
114,1694,4.0
115,1694,0.0
116,1694,0.0
117,1694,0.0
118,1694,0.0
119,1694,3.0
120,1694,1.0
121,1694,5.0
122,1694,2.0
123,1694,1.0
124,1694,0.0
125,1694,1.0
126,1694,3.0
127,1694,0.0
128,1694,0.0
129,1694,6.0
130,1694,2.0
131,1694,0.0
132,1694,1.0
133,1694,0.0
134,1694,1.0
135,1694,0.0
136,1694,2.0
137,1694,0.0
138,1694,5.0
139,1694,0.0
140,1694,0.0
141,1694,1.0
142,1694,0.0
143,1694,3.0
144,1694,2.0
145,1694,3.0
146,1694,1.0
147,1694,5.0
148,1694,0.0
149,1694,2.0
150,1694,19.0
151,1694,8.0
152,1694,10.0
153,1694,1.0
154,1694,3.0
155,1694,0.0
156,1694,0.0
157,1694,0.0
158,1694,1.0
159,1694,4.0
160,1694,8.0
161,1694,6.0
162,1694,7.0
163,1694,20.0
164,1694,2.0
165,1694,0.0
166,1694,5.0
167,1694,3.0
168,1694,14.0
169,1694,10.0
170,1694,0.0
171,1694,5.0
172,1694,2.0
173,1694,1.0
174,1694,0.0
175,1694,2.0
176,1694,0.0
177,1694,1.0
178,1694,1.0
179,1694,0.0
180,1694,0.0
181,1694,0.0
182,1694,2.0
183,1694,0.0
184,1694,1.0
185,1694,0.0
186,1694,0.0
187,1694,0.0
188,1694,3.0
189,1694,1.0
190,1694,0.0
191,1694,0.0
192,1694,0.0
193,1694,0.0
194,1694,1.0
195,1694,1.0
196,1694,0.0
197,1694,0.0
198,1694,2.0
199,1694,0.0
0,1695,1.0
1,1695,0.0
2,1695,7.0
3,1695,1.0
4,1695,0.0
5,1695,0.0
6,1695,3.0
7,1695,0.0
8,1695,0.0
9,1695,4.0
10,1695,5.0
11,1695,0.0
12,1695,0.0
13,1695,5.0
14,1695,1.0
15,1695,7.0
16,1695,3.0
17,1695,0.0
18,1695,0.0
19,1695,1.0
20,1695,0.0
21,1695,0.0
22,1695,0.0
23,1695,0.0
24,1695,4.0
25,1695,0.0
26,1695,0.0
27,1695,0.0
28,1695,7.0
29,1695,0.0
30,1695,0.0
31,1695,3.0
32,1695,1.0
33,1695,3.0
34,1695,2.0
35,1695,9.0
36,1695,0.0
37,1695,2.0
38,1695,1.0
39,1695,3.0
40,1695,1.0
41,1695,0.0
42,1695,0.0
43,1695,2.0
44,1695,0.0
45,1695,0.0
46,1695,0.0
47,1695,0.0
48,1695,0.0
49,1695,1.0
50,1695,0.0
51,1695,0.0
52,1695,0.0
53,1695,47.0
54,1695,1.0
55,1695,1.0
56,1695,0.0
57,1695,1.0
58,1695,0.0
59,1695,2.0
60,1695,1.0
61,1695,43.0
62,1695,4.0
63,1695,0.0
64,1695,3.0
65,1695,0.0
66,1695,12.0
67,1695,6.0
68,1695,1.0
69,1695,0.0
70,1695,0.0
71,1695,4.0
72,1695,0.0
73,1695,0.0
74,1695,2.0
75,1695,0.0
76,1695,0.0
77,1695,7.0
78,1695,0.0
79,1695,0.0
80,1695,0.0
81,1695,2.0
82,1695,0.0
83,1695,0.0
84,1695,7.0
85,1695,50.0
86,1695,0.0
87,1695,0.0
88,1695,1.0
89,1695,1.0
90,1695,2.0
91,1695,6.0
92,1695,16.0
93,1695,0.0
94,1695,1.0
95,1695,5.0
96,1695,3.0
97,1695,1.0
98,1695,7.0
99,1695,1.0
100,1695,1.0
101,1695,0.0
102,1695,0.0
103,1695,0.0
104,1695,4.0
105,1695,0.0
106,1695,5.0
107,1695,4.0
108,1695,4.0
109,1695,7.0
110,1695,1.0
111,1695,3.0
112,1695,3.0
113,1695,2.0
114,1695,1.0
115,1695,0.0
116,1695,2.0
117,1695,3.0
118,1695,0.0
119,1695,4.0
120,1695,0.0
121,1695,1.0
122,1695,3.0
123,1695,0.0
124,1695,3.0
125,1695,2.0
126,1695,1.0
127,1695,1.0
128,1695,0.0
129,1695,5.0
130,1695,1.0
131,1695,1.0
132,1695,6.0
133,1695,0.0
134,1695,1.0
135,1695,0.0
136,1695,3.0
137,1695,1.0
138,1695,8.0
139,1695,0.0
140,1695,0.0
141,1695,1.0
142,1695,0.0
143,1695,4.0
144,1695,2.0
145,1695,4.0
146,1695,2.0
147,1695,3.0
148,1695,0.0
149,1695,0.0
150,1695,16.0
151,1695,13.0
152,1695,12.0
153,1695,2.0
154,1695,1.0
155,1695,0.0
156,1695,1.0
157,1695,1.0
158,1695,3.0
159,1695,4.0
160,1695,10.0
161,1695,8.0
162,1695,11.0
163,1695,23.0
164,1695,6.0
165,1695,0.0
166,1695,10.0
167,1695,8.0
168,1695,21.0
169,1695,10.0
170,1695,2.0
171,1695,6.0
172,1695,0.0
173,1695,0.0
174,1695,0.0
175,1695,0.0
176,1695,0.0
177,1695,2.0
178,1695,0.0
179,1695,0.0
180,1695,3.0
181,1695,0.0
182,1695,4.0
183,1695,1.0
184,1695,3.0
185,1695,0.0
186,1695,1.0
187,1695,0.0
188,1695,7.0
189,1695,1.0
190,1695,0.0
191,1695,0.0
192,1695,0.0
193,1695,2.0
194,1695,0.0
195,1695,2.0
196,1695,0.0
197,1695,0.0
198,1695,0.0
199,1695,0.0
0,1696,2.0
1,1696,0.0
2,1696,11.0
3,1696,0.0
4,1696,0.0
5,1696,0.0
6,1696,0.0
7,1696,0.0
8,1696,0.0
9,1696,2.0
10,1696,3.0
11,1696,1.0
12,1696,0.0
13,1696,1.0
14,1696,2.0
15,1696,2.0
16,1696,1.0
17,1696,1.0
18,1696,0.0
19,1696,2.0
20,1696,0.0
21,1696,0.0
22,1696,2.0
23,1696,1.0
24,1696,4.0
25,1696,0.0
26,1696,2.0
27,1696,0.0
28,1696,0.0
29,1696,2.0
30,1696,1.0
31,1696,2.0
32,1696,2.0
33,1696,8.0
34,1696,1.0
35,1696,14.0
36,1696,0.0
37,1696,3.0
38,1696,4.0
39,1696,2.0
40,1696,0.0
41,1696,1.0
42,1696,0.0
43,1696,1.0
44,1696,0.0
45,1696,2.0
46,1696,3.0
47,1696,4.0
48,1696,2.0
49,1696,3.0
50,1696,1.0
51,1696,0.0
52,1696,0.0
53,1696,72.0
54,1696,2.0
55,1696,1.0
56,1696,1.0
57,1696,0.0
58,1696,0.0
59,1696,0.0
60,1696,0.0
61,1696,41.0
62,1696,2.0
63,1696,3.0
64,1696,3.0
65,1696,0.0
66,1696,12.0
67,1696,5.0
68,1696,1.0
69,1696,0.0
70,1696,1.0
71,1696,6.0
72,1696,0.0
73,1696,0.0
74,1696,0.0
75,1696,1.0
76,1696,0.0
77,1696,4.0
78,1696,0.0
79,1696,0.0
80,1696,0.0
81,1696,0.0
82,1696,0.0
83,1696,0.0
84,1696,3.0
85,1696,40.0
86,1696,0.0
87,1696,0.0
88,1696,6.0
89,1696,1.0
90,1696,0.0
91,1696,6.0
92,1696,10.0
93,1696,0.0
94,1696,4.0
95,1696,10.0
96,1696,5.0
97,1696,3.0
98,1696,4.0
99,1696,2.0
100,1696,0.0
101,1696,0.0
102,1696,0.0
103,1696,0.0
104,1696,4.0
105,1696,0.0
106,1696,6.0
107,1696,1.0
108,1696,5.0
109,1696,8.0
110,1696,9.0
111,1696,4.0
112,1696,4.0
113,1696,4.0
114,1696,1.0
115,1696,0.0
116,1696,3.0
117,1696,0.0
118,1696,0.0
119,1696,7.0
120,1696,0.0
121,1696,1.0
122,1696,2.0
123,1696,0.0
124,1696,1.0
125,1696,1.0
126,1696,1.0
127,1696,1.0
128,1696,0.0
129,1696,0.0
130,1696,3.0
131,1696,3.0
132,1696,5.0
133,1696,0.0
134,1696,1.0
135,1696,1.0
136,1696,2.0
137,1696,3.0
138,1696,10.0
139,1696,0.0
140,1696,1.0
141,1696,1.0
142,1696,1.0
143,1696,0.0
144,1696,2.0
145,1696,0.0
146,1696,0.0
147,1696,2.0
148,1696,1.0
149,1696,0.0
150,1696,14.0
151,1696,13.0
152,1696,14.0
153,1696,3.0
154,1696,2.0
155,1696,1.0
156,1696,0.0
157,1696,0.0
158,1696,5.0
159,1696,5.0
160,1696,9.0
161,1696,0.0
162,1696,24.0
163,1696,12.0
164,1696,4.0
165,1696,0.0
166,1696,7.0
167,1696,8.0
168,1696,8.0
169,1696,21.0
170,1696,1.0
171,1696,4.0
172,1696,1.0
173,1696,0.0
174,1696,0.0
175,1696,1.0
176,1696,0.0
177,1696,0.0
178,1696,0.0
179,1696,0.0
180,1696,4.0
181,1696,1.0
182,1696,3.0
183,1696,0.0
184,1696,0.0
185,1696,0.0
186,1696,0.0
187,1696,0.0
188,1696,4.0
189,1696,0.0
190,1696,0.0
191,1696,0.0
192,1696,0.0
193,1696,2.0
194,1696,2.0
195,1696,0.0
196,1696,1.0
197,1696,0.0
198,1696,0.0
199,1696,0.0
0,1697,1.0
1,1697,0.0
2,1697,11.0
3,1697,0.0
4,1697,1.0
5,1697,0.0
6,1697,1.0
7,1697,0.0
8,1697,0.0
9,1697,2.0
10,1697,1.0
11,1697,0.0
12,1697,0.0
13,1697,0.0
14,1697,3.0
15,1697,6.0
16,1697,1.0
17,1697,0.0
18,1697,0.0
19,1697,0.0
20,1697,0.0
21,1697,0.0
22,1697,5.0
23,1697,0.0
24,1697,3.0
25,1697,0.0
26,1697,0.0
27,1697,0.0
28,1697,4.0
29,1697,0.0
30,1697,2.0
31,1697,0.0
32,1697,1.0
33,1697,0.0
34,1697,4.0
35,1697,3.0
36,1697,0.0
37,1697,0.0
38,1697,0.0
39,1697,6.0
40,1697,0.0
41,1697,1.0
42,1697,0.0
43,1697,1.0
44,1697,0.0
45,1697,0.0
46,1697,1.0
47,1697,3.0
48,1697,3.0
49,1697,2.0
50,1697,0.0
51,1697,0.0
52,1697,4.0
53,1697,59.0
54,1697,2.0
55,1697,0.0
56,1697,0.0
57,1697,1.0
58,1697,0.0
59,1697,1.0
60,1697,0.0
61,1697,29.0
62,1697,2.0
63,1697,4.0
64,1697,1.0
65,1697,3.0
66,1697,3.0
67,1697,8.0
68,1697,1.0
69,1697,0.0
70,1697,0.0
71,1697,0.0
72,1697,0.0
73,1697,0.0
74,1697,2.0
75,1697,0.0
76,1697,0.0
77,1697,1.0
78,1697,0.0
79,1697,0.0
80,1697,0.0
81,1697,0.0
82,1697,0.0
83,1697,0.0
84,1697,2.0
85,1697,45.0
86,1697,0.0
87,1697,0.0
88,1697,1.0
89,1697,1.0
90,1697,0.0
91,1697,6.0
92,1697,6.0
93,1697,0.0
94,1697,2.0
95,1697,6.0
96,1697,3.0
97,1697,0.0
98,1697,3.0
99,1697,1.0
100,1697,0.0
101,1697,0.0
102,1697,0.0
103,1697,0.0
104,1697,6.0
105,1697,0.0
106,1697,1.0
107,1697,1.0
108,1697,1.0
109,1697,5.0
110,1697,4.0
111,1697,3.0
112,1697,6.0
113,1697,2.0
114,1697,0.0
115,1697,0.0
116,1697,0.0
117,1697,2.0
118,1697,1.0
119,1697,3.0
120,1697,0.0
121,1697,5.0
122,1697,3.0
123,1697,0.0
124,1697,1.0
125,1697,2.0
126,1697,1.0
127,1697,3.0
128,1697,0.0
129,1697,0.0
130,1697,0.0
131,1697,2.0
132,1697,0.0
133,1697,0.0
134,1697,0.0
135,1697,0.0
136,1697,1.0
137,1697,0.0
138,1697,1.0
139,1697,0.0
140,1697,1.0
141,1697,0.0
142,1697,0.0
143,1697,4.0
144,1697,2.0
145,1697,1.0
146,1697,0.0
147,1697,0.0
148,1697,1.0
149,1697,0.0
150,1697,11.0
151,1697,13.0
152,1697,5.0
153,1697,0.0
154,1697,2.0
155,1697,0.0
156,1697,0.0
157,1697,7.0
158,1697,1.0
159,1697,4.0
160,1697,4.0
161,1697,3.0
162,1697,5.0
163,1697,11.0
164,1697,3.0
165,1697,0.0
166,1697,3.0
167,1697,1.0
168,1697,10.0
169,1697,9.0
170,1697,0.0
171,1697,0.0
172,1697,1.0
173,1697,0.0
174,1697,0.0
175,1697,3.0
176,1697,0.0
177,1697,0.0
178,1697,0.0
179,1697,0.0
180,1697,0.0
181,1697,0.0
182,1697,0.0
183,1697,0.0
184,1697,5.0
185,1697,0.0
186,1697,0.0
187,1697,1.0
188,1697,5.0
189,1697,1.0
190,1697,0.0
191,1697,0.0
192,1697,0.0
193,1697,2.0
194,1697,1.0
195,1697,0.0
196,1697,0.0
197,1697,0.0
198,1697,0.0
199,1697,0.0
0,1698,4.0
1,1698,0.0
2,1698,10.0
3,1698,2.0
4,1698,1.0
5,1698,0.0
6,1698,1.0
7,1698,0.0
8,1698,0.0
9,1698,1.0
10,1698,2.0
11,1698,0.0
12,1698,0.0
13,1698,0.0
14,1698,2.0
15,1698,2.0
16,1698,2.0
17,1698,0.0
18,1698,0.0
19,1698,1.0
20,1698,0.0
21,1698,0.0
22,1698,0.0
23,1698,2.0
24,1698,2.0
25,1698,0.0
26,1698,0.0
27,1698,0.0
28,1698,4.0
29,1698,0.0
30,1698,4.0
31,1698,0.0
32,1698,0.0
33,1698,0.0
34,1698,0.0
35,1698,8.0
36,1698,0.0
37,1698,3.0
38,1698,1.0
39,1698,5.0
40,1698,5.0
41,1698,0.0
42,1698,0.0
43,1698,1.0
44,1698,2.0
45,1698,1.0
46,1698,0.0
47,1698,1.0
48,1698,5.0
49,1698,0.0
50,1698,0.0
51,1698,0.0
52,1698,2.0
53,1698,49.0
54,1698,0.0
55,1698,0.0
56,1698,0.0
57,1698,0.0
58,1698,0.0
59,1698,1.0
60,1698,1.0
61,1698,16.0
62,1698,1.0
63,1698,0.0
64,1698,0.0
65,1698,0.0
66,1698,4.0
67,1698,1.0
68,1698,0.0
69,1698,0.0
70,1698,3.0
71,1698,4.0
72,1698,0.0
73,1698,0.0
74,1698,0.0
75,1698,3.0
76,1698,0.0
77,1698,1.0
78,1698,0.0
79,1698,0.0
80,1698,0.0
81,1698,0.0
82,1698,0.0
83,1698,0.0
84,1698,3.0
85,1698,48.0
86,1698,0.0
87,1698,0.0
88,1698,1.0
89,1698,0.0
90,1698,3.0
91,1698,9.0
92,1698,8.0
93,1698,0.0
94,1698,0.0
95,1698,9.0
96,1698,2.0
97,1698,1.0
98,1698,2.0
99,1698,0.0
100,1698,2.0
101,1698,0.0
102,1698,0.0
103,1698,0.0
104,1698,8.0
105,1698,0.0
106,1698,1.0
107,1698,2.0
108,1698,1.0
109,1698,4.0
110,1698,3.0
111,1698,1.0
112,1698,4.0
113,1698,3.0
114,1698,0.0
115,1698,1.0
116,1698,1.0
117,1698,2.0
118,1698,0.0
119,1698,15.0
120,1698,0.0
121,1698,0.0
122,1698,1.0
123,1698,0.0
124,1698,1.0
125,1698,2.0
126,1698,0.0
127,1698,1.0
128,1698,3.0
129,1698,2.0
130,1698,0.0
131,1698,1.0
132,1698,0.0
133,1698,0.0
134,1698,0.0
135,1698,0.0
136,1698,1.0
137,1698,0.0
138,1698,6.0
139,1698,0.0
140,1698,0.0
141,1698,1.0
142,1698,1.0
143,1698,0.0
144,1698,6.0
145,1698,4.0
146,1698,0.0
147,1698,0.0
148,1698,0.0
149,1698,1.0
150,1698,17.0
151,1698,30.0
152,1698,5.0
153,1698,4.0
154,1698,0.0
155,1698,0.0
156,1698,0.0
157,1698,0.0
158,1698,1.0
159,1698,4.0
160,1698,8.0
161,1698,4.0
162,1698,8.0
163,1698,8.0
164,1698,1.0
165,1698,0.0
166,1698,6.0
167,1698,3.0
168,1698,9.0
169,1698,10.0
170,1698,0.0
171,1698,5.0
172,1698,0.0
173,1698,0.0
174,1698,0.0
175,1698,3.0
176,1698,0.0
177,1698,0.0
178,1698,0.0
179,1698,1.0
180,1698,1.0
181,1698,0.0
182,1698,0.0
183,1698,0.0
184,1698,2.0
185,1698,0.0
186,1698,0.0
187,1698,0.0
188,1698,9.0
189,1698,0.0
190,1698,0.0
191,1698,0.0
192,1698,0.0
193,1698,1.0
194,1698,1.0
195,1698,3.0
196,1698,0.0
197,1698,0.0
198,1698,0.0
199,1698,0.0
0,1699,0.0
1,1699,0.0
2,1699,13.0
3,1699,0.0
4,1699,1.0
5,1699,0.0
6,1699,0.0
7,1699,0.0
8,1699,0.0
9,1699,2.0
10,1699,3.0
11,1699,0.0
12,1699,0.0
13,1699,1.0
14,1699,4.0
15,1699,3.0
16,1699,2.0
17,1699,0.0
18,1699,2.0
19,1699,1.0
20,1699,0.0
21,1699,0.0
22,1699,1.0
23,1699,1.0
24,1699,2.0
25,1699,0.0
26,1699,0.0
27,1699,1.0
28,1699,0.0
29,1699,1.0
30,1699,1.0
31,1699,0.0
32,1699,0.0
33,1699,3.0
34,1699,0.0
35,1699,8.0
36,1699,0.0
37,1699,2.0
38,1699,0.0
39,1699,3.0
40,1699,1.0
41,1699,1.0
42,1699,0.0
43,1699,0.0
44,1699,0.0
45,1699,1.0
46,1699,1.0
47,1699,3.0
48,1699,0.0
49,1699,2.0
50,1699,0.0
51,1699,0.0
52,1699,2.0
53,1699,47.0
54,1699,1.0
55,1699,2.0
56,1699,0.0
57,1699,1.0
58,1699,0.0
59,1699,1.0
60,1699,0.0
61,1699,21.0
62,1699,5.0
63,1699,0.0
64,1699,3.0
65,1699,0.0
66,1699,12.0
67,1699,2.0
68,1699,4.0
69,1699,0.0
70,1699,7.0
71,1699,4.0
72,1699,0.0
73,1699,0.0
74,1699,0.0
75,1699,0.0
76,1699,0.0
77,1699,9.0
78,1699,0.0
79,1699,0.0
80,1699,0.0
81,1699,1.0
82,1699,0.0
83,1699,0.0
84,1699,4.0
85,1699,27.0
86,1699,0.0
87,1699,0.0
88,1699,3.0
89,1699,0.0
90,1699,1.0
91,1699,3.0
92,1699,2.0
93,1699,1.0
94,1699,1.0
95,1699,2.0
96,1699,9.0
97,1699,0.0
98,1699,0.0
99,1699,1.0
100,1699,3.0
101,1699,1.0
102,1699,0.0
103,1699,0.0
104,1699,1.0
105,1699,0.0
106,1699,3.0
107,1699,0.0
108,1699,2.0
109,1699,6.0
110,1699,0.0
111,1699,2.0
112,1699,1.0
113,1699,2.0
114,1699,2.0
115,1699,0.0
116,1699,0.0
117,1699,1.0
118,1699,1.0
119,1699,1.0
120,1699,0.0
121,1699,0.0
122,1699,1.0
123,1699,1.0
124,1699,0.0
125,1699,0.0
126,1699,0.0
127,1699,0.0
128,1699,1.0
129,1699,2.0
130,1699,3.0
131,1699,0.0
132,1699,0.0
133,1699,1.0
134,1699,0.0
135,1699,0.0
136,1699,0.0
137,1699,1.0
138,1699,0.0
139,1699,0.0
140,1699,0.0
141,1699,1.0
142,1699,0.0
143,1699,0.0
144,1699,2.0
145,1699,1.0
146,1699,3.0
147,1699,3.0
148,1699,0.0
149,1699,1.0
150,1699,5.0
151,1699,9.0
152,1699,12.0
153,1699,0.0
154,1699,0.0
155,1699,0.0
156,1699,0.0
157,1699,0.0
158,1699,0.0
159,1699,2.0
160,1699,7.0
161,1699,2.0
162,1699,12.0
163,1699,5.0
164,1699,5.0
165,1699,0.0
166,1699,1.0
167,1699,3.0
168,1699,10.0
169,1699,7.0
170,1699,0.0
171,1699,9.0
172,1699,0.0
173,1699,2.0
174,1699,0.0
175,1699,1.0
176,1699,0.0
177,1699,2.0
178,1699,0.0
179,1699,0.0
180,1699,2.0
181,1699,0.0
182,1699,2.0
183,1699,2.0
184,1699,1.0
185,1699,0.0
186,1699,0.0
187,1699,1.0
188,1699,1.0
189,1699,1.0
190,1699,0.0
191,1699,2.0
192,1699,0.0
193,1699,1.0
194,1699,1.0
195,1699,0.0
196,1699,3.0
197,1699,0.0
198,1699,0.0
199,1699,0.0
0,1700,3.0
1,1700,0.0
2,1700,6.0
3,1700,0.0
4,1700,0.0
5,1700,0.0
6,1700,0.0
7,1700,0.0
8,1700,0.0
9,1700,1.0
10,1700,1.0
11,1700,0.0
12,1700,1.0
13,1700,0.0
14,1700,0.0
15,1700,3.0
16,1700,0.0
17,1700,1.0
18,1700,0.0
19,1700,1.0
20,1700,0.0
21,1700,0.0
22,1700,1.0
23,1700,0.0
24,1700,1.0
25,1700,0.0
26,1700,1.0
27,1700,0.0
28,1700,1.0
29,1700,1.0
30,1700,3.0
31,1700,0.0
32,1700,0.0
33,1700,10.0
34,1700,2.0
35,1700,12.0
36,1700,0.0
37,1700,2.0
38,1700,1.0
39,1700,0.0
40,1700,1.0
41,1700,0.0
42,1700,0.0
43,1700,0.0
44,1700,0.0
45,1700,0.0
46,1700,1.0
47,1700,3.0
48,1700,5.0
49,1700,1.0
50,1700,0.0
51,1700,0.0
52,1700,0.0
53,1700,53.0
54,1700,0.0
55,1700,0.0
56,1700,1.0
57,1700,2.0
58,1700,0.0
59,1700,2.0
60,1700,0.0
61,1700,23.0
62,1700,0.0
63,1700,0.0
64,1700,3.0
65,1700,0.0
66,1700,3.0
67,1700,3.0
68,1700,2.0
69,1700,1.0
70,1700,1.0
71,1700,1.0
72,1700,0.0
73,1700,0.0
74,1700,0.0
75,1700,0.0
76,1700,0.0
77,1700,2.0
78,1700,0.0
79,1700,0.0
80,1700,0.0
81,1700,1.0
82,1700,0.0
83,1700,0.0
84,1700,3.0
85,1700,40.0
86,1700,0.0
87,1700,0.0
88,1700,1.0
89,1700,1.0
90,1700,0.0
91,1700,1.0
92,1700,8.0
93,1700,0.0
94,1700,0.0
95,1700,5.0
96,1700,8.0
97,1700,0.0
98,1700,2.0
99,1700,0.0
100,1700,0.0
101,1700,0.0
102,1700,0.0
103,1700,0.0
104,1700,3.0
105,1700,0.0
106,1700,1.0
107,1700,0.0
108,1700,0.0
109,1700,7.0
110,1700,0.0
111,1700,2.0
112,1700,4.0
113,1700,0.0
114,1700,1.0
115,1700,0.0
116,1700,1.0
117,1700,1.0
118,1700,1.0
119,1700,6.0
120,1700,2.0
121,1700,1.0
122,1700,3.0
123,1700,3.0
124,1700,0.0
125,1700,1.0
126,1700,1.0
127,1700,1.0
128,1700,2.0
129,1700,0.0
130,1700,2.0
131,1700,2.0
132,1700,0.0
133,1700,1.0
134,1700,0.0
135,1700,0.0
136,1700,0.0
137,1700,1.0
138,1700,2.0
139,1700,0.0
140,1700,1.0
141,1700,1.0
142,1700,0.0
143,1700,0.0
144,1700,4.0
145,1700,1.0
146,1700,1.0
147,1700,3.0
148,1700,1.0
149,1700,0.0
150,1700,8.0
151,1700,11.0
152,1700,9.0
153,1700,3.0
154,1700,0.0
155,1700,0.0
156,1700,1.0
157,1700,1.0
158,1700,1.0
159,1700,3.0
160,1700,1.0
161,1700,3.0
162,1700,7.0
163,1700,8.0
164,1700,2.0
165,1700,0.0
166,1700,9.0
167,1700,11.0
168,1700,8.0
169,1700,7.0
170,1700,0.0
171,1700,4.0
172,1700,0.0
173,1700,1.0
174,1700,0.0
175,1700,0.0
176,1700,0.0
177,1700,1.0
178,1700,1.0
179,1700,1.0
180,1700,2.0
181,1700,0.0
182,1700,2.0
183,1700,0.0
184,1700,1.0
185,1700,0.0
186,1700,2.0
187,1700,0.0
188,1700,3.0
189,1700,0.0
190,1700,0.0
191,1700,1.0
192,1700,0.0
193,1700,1.0
194,1700,0.0
195,1700,1.0
196,1700,0.0
197,1700,0.0
198,1700,0.0
199,1700,0.0
0,1701,0.0
1,1701,0.0
2,1701,5.0
3,1701,0.0
4,1701,0.0
5,1701,0.0
6,1701,0.0
7,1701,0.0
8,1701,0.0
9,1701,0.0
10,1701,17.0
11,1701,0.0
12,1701,0.0
13,1701,1.0
14,1701,0.0
15,1701,0.0
16,1701,1.0
17,1701,0.0
18,1701,0.0
19,1701,1.0
20,1701,0.0
21,1701,0.0
22,1701,0.0
23,1701,1.0
24,1701,3.0
25,1701,2.0
26,1701,0.0
27,1701,0.0
28,1701,4.0
29,1701,0.0
30,1701,5.0
31,1701,0.0
32,1701,0.0
33,1701,0.0
34,1701,7.0
35,1701,4.0
36,1701,0.0
37,1701,1.0
38,1701,2.0
39,1701,3.0
40,1701,0.0
41,1701,0.0
42,1701,0.0
43,1701,0.0
44,1701,0.0
45,1701,1.0
46,1701,4.0
47,1701,1.0
48,1701,0.0
49,1701,2.0
50,1701,0.0
51,1701,0.0
52,1701,1.0
53,1701,65.0
54,1701,0.0
55,1701,0.0
56,1701,0.0
57,1701,0.0
58,1701,0.0
59,1701,3.0
60,1701,0.0
61,1701,23.0
62,1701,3.0
63,1701,0.0
64,1701,1.0
65,1701,1.0
66,1701,4.0
67,1701,6.0
68,1701,2.0
69,1701,0.0
70,1701,0.0
71,1701,0.0
72,1701,0.0
73,1701,0.0
74,1701,0.0
75,1701,0.0
76,1701,0.0
77,1701,1.0
78,1701,2.0
79,1701,0.0
80,1701,0.0
81,1701,0.0
82,1701,0.0
83,1701,0.0
84,1701,1.0
85,1701,44.0
86,1701,0.0
87,1701,0.0
88,1701,2.0
89,1701,0.0
90,1701,1.0
91,1701,6.0
92,1701,7.0
93,1701,0.0
94,1701,1.0
95,1701,7.0
96,1701,2.0
97,1701,0.0
98,1701,4.0
99,1701,0.0
100,1701,1.0
101,1701,1.0
102,1701,0.0
103,1701,0.0
104,1701,9.0
105,1701,0.0
106,1701,3.0
107,1701,1.0
108,1701,2.0
109,1701,2.0
110,1701,3.0
111,1701,2.0
112,1701,3.0
113,1701,5.0
114,1701,3.0
115,1701,0.0
116,1701,1.0
117,1701,0.0
118,1701,1.0
119,1701,3.0
120,1701,0.0
121,1701,1.0
122,1701,1.0
123,1701,0.0
124,1701,1.0
125,1701,3.0
126,1701,1.0
127,1701,0.0
128,1701,1.0
129,1701,1.0
130,1701,3.0
131,1701,0.0
132,1701,3.0
133,1701,0.0
134,1701,0.0
135,1701,0.0
136,1701,1.0
137,1701,0.0
138,1701,5.0
139,1701,0.0
140,1701,0.0
141,1701,0.0
142,1701,1.0
143,1701,1.0
144,1701,2.0
145,1701,2.0
146,1701,0.0
147,1701,6.0
148,1701,3.0
149,1701,1.0
150,1701,16.0
151,1701,16.0
152,1701,8.0
153,1701,3.0
154,1701,0.0
155,1701,0.0
156,1701,0.0
157,1701,5.0
158,1701,2.0
159,1701,7.0
160,1701,4.0
161,1701,2.0
162,1701,7.0
163,1701,12.0
164,1701,3.0
165,1701,0.0
166,1701,5.0
167,1701,3.0
168,1701,12.0
169,1701,10.0
170,1701,0.0
171,1701,13.0
172,1701,0.0
173,1701,1.0
174,1701,0.0
175,1701,0.0
176,1701,0.0
177,1701,2.0
178,1701,0.0
179,1701,0.0
180,1701,1.0
181,1701,1.0
182,1701,0.0
183,1701,0.0
184,1701,2.0
185,1701,0.0
186,1701,0.0
187,1701,0.0
188,1701,5.0
189,1701,0.0
190,1701,0.0
191,1701,0.0
192,1701,1.0
193,1701,0.0
194,1701,4.0
195,1701,0.0
196,1701,0.0
197,1701,0.0
198,1701,0.0
199,1701,0.0
0,1702,1.0
1,1702,0.0
2,1702,6.0
3,1702,2.0
4,1702,1.0
5,1702,0.0
6,1702,0.0
7,1702,1.0
8,1702,0.0
9,1702,2.0
10,1702,0.0
11,1702,1.0
12,1702,1.0
13,1702,1.0
14,1702,1.0
15,1702,4.0
16,1702,0.0
17,1702,0.0
18,1702,0.0
19,1702,0.0
20,1702,0.0
21,1702,2.0
22,1702,6.0
23,1702,1.0
24,1702,0.0
25,1702,0.0
26,1702,0.0
27,1702,0.0
28,1702,5.0
29,1702,1.0
30,1702,2.0
31,1702,2.0
32,1702,0.0
33,1702,3.0
34,1702,0.0
35,1702,13.0
36,1702,1.0
37,1702,0.0
38,1702,0.0
39,1702,2.0
40,1702,1.0
41,1702,0.0
42,1702,1.0
43,1702,0.0
44,1702,2.0
45,1702,1.0
46,1702,0.0
47,1702,1.0
48,1702,1.0
49,1702,1.0
50,1702,2.0
51,1702,0.0
52,1702,1.0
53,1702,73.0
54,1702,0.0
55,1702,1.0
56,1702,1.0
57,1702,2.0
58,1702,0.0
59,1702,4.0
60,1702,1.0
61,1702,22.0
62,1702,7.0
63,1702,3.0
64,1702,1.0
65,1702,0.0
66,1702,10.0
67,1702,0.0
68,1702,1.0
69,1702,0.0
70,1702,1.0
71,1702,4.0
72,1702,0.0
73,1702,0.0
74,1702,0.0
75,1702,0.0
76,1702,0.0
77,1702,2.0
78,1702,3.0
79,1702,0.0
80,1702,0.0
81,1702,2.0
82,1702,0.0
83,1702,0.0
84,1702,4.0
85,1702,35.0
86,1702,0.0
87,1702,0.0
88,1702,3.0
89,1702,0.0
90,1702,0.0
91,1702,6.0
92,1702,7.0
93,1702,0.0
94,1702,5.0
95,1702,10.0
96,1702,22.0
97,1702,0.0
98,1702,2.0
99,1702,1.0
100,1702,0.0
101,1702,1.0
102,1702,0.0
103,1702,0.0
104,1702,7.0
105,1702,0.0
106,1702,1.0
107,1702,5.0
108,1702,3.0
109,1702,1.0
110,1702,4.0
111,1702,1.0
112,1702,0.0
113,1702,1.0
114,1702,3.0
115,1702,0.0
116,1702,1.0
117,1702,1.0
118,1702,2.0
119,1702,2.0
120,1702,1.0
121,1702,1.0
122,1702,1.0
123,1702,0.0
124,1702,2.0
125,1702,2.0
126,1702,2.0
127,1702,0.0
128,1702,0.0
129,1702,10.0
130,1702,5.0
131,1702,6.0
132,1702,1.0
133,1702,0.0
134,1702,0.0
135,1702,0.0
136,1702,1.0
137,1702,2.0
138,1702,8.0
139,1702,0.0
140,1702,1.0
141,1702,1.0
142,1702,0.0
143,1702,1.0
144,1702,2.0
145,1702,0.0
146,1702,2.0
147,1702,1.0
148,1702,0.0
149,1702,0.0
150,1702,10.0
151,1702,20.0
152,1702,11.0
153,1702,5.0
154,1702,6.0
155,1702,1.0
156,1702,0.0
157,1702,0.0
158,1702,1.0
159,1702,5.0
160,1702,3.0
161,1702,4.0
162,1702,10.0
163,1702,7.0
164,1702,1.0
165,1702,0.0
166,1702,7.0
167,1702,10.0
168,1702,11.0
169,1702,4.0
170,1702,0.0
171,1702,0.0
172,1702,0.0
173,1702,9.0
174,1702,0.0
175,1702,1.0
176,1702,0.0
177,1702,2.0
178,1702,1.0
179,1702,1.0
180,1702,0.0
181,1702,0.0
182,1702,4.0
183,1702,1.0
184,1702,0.0
185,1702,0.0
186,1702,0.0
187,1702,1.0
188,1702,4.0
189,1702,0.0
190,1702,0.0
191,1702,0.0
192,1702,0.0
193,1702,0.0
194,1702,3.0
195,1702,0.0
196,1702,0.0
197,1702,0.0
198,1702,2.0
199,1702,0.0
0,1703,1.0
1,1703,0.0
2,1703,12.0
3,1703,0.0
4,1703,0.0
5,1703,0.0
6,1703,0.0
7,1703,0.0
8,1703,0.0
9,1703,4.0
10,1703,6.0
11,1703,0.0
12,1703,4.0
13,1703,4.0
14,1703,2.0
15,1703,5.0
16,1703,0.0
17,1703,0.0
18,1703,0.0
19,1703,0.0
20,1703,0.0
21,1703,0.0
22,1703,5.0
23,1703,0.0
24,1703,0.0
25,1703,2.0
26,1703,0.0
27,1703,0.0
28,1703,5.0
29,1703,0.0
30,1703,3.0
31,1703,6.0
32,1703,3.0
33,1703,4.0
34,1703,0.0
35,1703,6.0
36,1703,0.0
37,1703,5.0
38,1703,0.0
39,1703,4.0
40,1703,4.0
41,1703,0.0
42,1703,2.0
43,1703,1.0
44,1703,1.0
45,1703,0.0
46,1703,2.0
47,1703,3.0
48,1703,3.0
49,1703,3.0
50,1703,0.0
51,1703,0.0
52,1703,0.0
53,1703,84.0
54,1703,0.0
55,1703,0.0
56,1703,0.0
57,1703,0.0
58,1703,0.0
59,1703,0.0
60,1703,1.0
61,1703,36.0
62,1703,4.0
63,1703,1.0
64,1703,1.0
65,1703,0.0
66,1703,28.0
67,1703,2.0
68,1703,1.0
69,1703,2.0
70,1703,1.0
71,1703,3.0
72,1703,0.0
73,1703,0.0
74,1703,0.0
75,1703,2.0
76,1703,0.0
77,1703,2.0
78,1703,0.0
79,1703,0.0
80,1703,0.0
81,1703,4.0
82,1703,0.0
83,1703,0.0
84,1703,2.0
85,1703,60.0
86,1703,0.0
87,1703,0.0
88,1703,2.0
89,1703,0.0
90,1703,0.0
91,1703,4.0
92,1703,5.0
93,1703,0.0
94,1703,3.0
95,1703,16.0
96,1703,5.0
97,1703,0.0
98,1703,1.0
99,1703,0.0
100,1703,0.0
101,1703,1.0
102,1703,0.0
103,1703,0.0
104,1703,15.0
105,1703,0.0
106,1703,6.0
107,1703,2.0
108,1703,2.0
109,1703,7.0
110,1703,5.0
111,1703,5.0
112,1703,0.0
113,1703,0.0
114,1703,2.0
115,1703,1.0
116,1703,0.0
117,1703,1.0
118,1703,0.0
119,1703,5.0
120,1703,1.0
121,1703,2.0
122,1703,2.0
123,1703,0.0
124,1703,0.0
125,1703,3.0
126,1703,3.0
127,1703,0.0
128,1703,1.0
129,1703,2.0
130,1703,1.0
131,1703,2.0
132,1703,2.0
133,1703,0.0
134,1703,1.0
135,1703,0.0
136,1703,1.0
137,1703,0.0
138,1703,7.0
139,1703,0.0
140,1703,1.0
141,1703,0.0
142,1703,1.0
143,1703,2.0
144,1703,3.0
145,1703,3.0
146,1703,2.0
147,1703,3.0
148,1703,0.0
149,1703,4.0
150,1703,28.0
151,1703,13.0
152,1703,14.0
153,1703,2.0
154,1703,2.0
155,1703,0.0
156,1703,0.0
157,1703,4.0
158,1703,2.0
159,1703,5.0
160,1703,8.0
161,1703,4.0
162,1703,20.0
163,1703,11.0
164,1703,8.0
165,1703,0.0
166,1703,4.0
167,1703,18.0
168,1703,21.0
169,1703,8.0
170,1703,0.0
171,1703,0.0
172,1703,0.0
173,1703,5.0
174,1703,0.0
175,1703,3.0
176,1703,0.0
177,1703,2.0
178,1703,2.0
179,1703,2.0
180,1703,3.0
181,1703,0.0
182,1703,0.0
183,1703,0.0
184,1703,3.0
185,1703,0.0
186,1703,1.0
187,1703,3.0
188,1703,9.0
189,1703,0.0
190,1703,0.0
191,1703,1.0
192,1703,0.0
193,1703,0.0
194,1703,5.0
195,1703,1.0
196,1703,0.0
197,1703,0.0
198,1703,1.0
199,1703,0.0
0,1704,5.0
1,1704,0.0
2,1704,4.0
3,1704,2.0
4,1704,0.0
5,1704,0.0
6,1704,2.0
7,1704,0.0
8,1704,0.0
9,1704,0.0
10,1704,3.0
11,1704,0.0
12,1704,0.0
13,1704,1.0
14,1704,0.0
15,1704,2.0
16,1704,0.0
17,1704,0.0
18,1704,0.0
19,1704,2.0
20,1704,0.0
21,1704,0.0
22,1704,2.0
23,1704,0.0
24,1704,2.0
25,1704,0.0
26,1704,2.0
27,1704,0.0
28,1704,1.0
29,1704,1.0
30,1704,3.0
31,1704,1.0
32,1704,0.0
33,1704,6.0
34,1704,0.0
35,1704,7.0
36,1704,1.0
37,1704,1.0
38,1704,2.0
39,1704,0.0
40,1704,0.0
41,1704,1.0
42,1704,2.0
43,1704,1.0
44,1704,0.0
45,1704,0.0
46,1704,0.0
47,1704,2.0
48,1704,3.0
49,1704,2.0
50,1704,0.0
51,1704,0.0
52,1704,3.0
53,1704,36.0
54,1704,3.0
55,1704,1.0
56,1704,1.0
57,1704,4.0
58,1704,0.0
59,1704,0.0
60,1704,0.0
61,1704,16.0
62,1704,4.0
63,1704,1.0
64,1704,1.0
65,1704,0.0
66,1704,5.0
67,1704,4.0
68,1704,2.0
69,1704,1.0
70,1704,0.0
71,1704,3.0
72,1704,0.0
73,1704,0.0
74,1704,0.0
75,1704,1.0
76,1704,0.0
77,1704,0.0
78,1704,0.0
79,1704,0.0
80,1704,0.0
81,1704,2.0
82,1704,0.0
83,1704,0.0
84,1704,4.0
85,1704,26.0
86,1704,0.0
87,1704,0.0
88,1704,3.0
89,1704,0.0
90,1704,0.0
91,1704,2.0
92,1704,7.0
93,1704,0.0
94,1704,4.0
95,1704,6.0
96,1704,3.0
97,1704,1.0
98,1704,1.0
99,1704,0.0
100,1704,3.0
101,1704,0.0
102,1704,0.0
103,1704,0.0
104,1704,7.0
105,1704,0.0
106,1704,2.0
107,1704,3.0
108,1704,1.0
109,1704,2.0
110,1704,14.0
111,1704,1.0
112,1704,4.0
113,1704,1.0
114,1704,0.0
115,1704,0.0
116,1704,0.0
117,1704,1.0
118,1704,0.0
119,1704,4.0
120,1704,0.0
121,1704,1.0
122,1704,2.0
123,1704,0.0
124,1704,1.0
125,1704,0.0
126,1704,0.0
127,1704,3.0
128,1704,2.0
129,1704,3.0
130,1704,1.0
131,1704,1.0
132,1704,0.0
133,1704,0.0
134,1704,0.0
135,1704,0.0
136,1704,1.0
137,1704,2.0
138,1704,2.0
139,1704,0.0
140,1704,0.0
141,1704,0.0
142,1704,0.0
143,1704,2.0
144,1704,3.0
145,1704,1.0
146,1704,1.0
147,1704,0.0
148,1704,0.0
149,1704,1.0
150,1704,9.0
151,1704,11.0
152,1704,4.0
153,1704,2.0
154,1704,1.0
155,1704,0.0
156,1704,0.0
157,1704,0.0
158,1704,0.0
159,1704,5.0
160,1704,2.0
161,1704,1.0
162,1704,9.0
163,1704,10.0
164,1704,0.0
165,1704,0.0
166,1704,4.0
167,1704,14.0
168,1704,8.0
169,1704,5.0
170,1704,0.0
171,1704,9.0
172,1704,2.0
173,1704,0.0
174,1704,0.0
175,1704,3.0
176,1704,0.0
177,1704,3.0
178,1704,0.0
179,1704,0.0
180,1704,1.0
181,1704,2.0
182,1704,1.0
183,1704,0.0
184,1704,0.0
185,1704,0.0
186,1704,0.0
187,1704,0.0
188,1704,4.0
189,1704,0.0
190,1704,0.0
191,1704,2.0
192,1704,0.0
193,1704,0.0
194,1704,1.0
195,1704,1.0
196,1704,0.0
197,1704,0.0
198,1704,0.0
199,1704,0.0
0,1705,1.0
1,1705,0.0
2,1705,9.0
3,1705,2.0
4,1705,1.0
5,1705,0.0
6,1705,0.0
7,1705,0.0
8,1705,0.0
9,1705,1.0
10,1705,2.0
11,1705,0.0
12,1705,0.0
13,1705,0.0
14,1705,0.0
15,1705,0.0
16,1705,1.0
17,1705,1.0
18,1705,0.0
19,1705,0.0
20,1705,0.0
21,1705,0.0
22,1705,0.0
23,1705,0.0
24,1705,0.0
25,1705,0.0
26,1705,2.0
27,1705,0.0
28,1705,1.0
29,1705,7.0
30,1705,4.0
31,1705,0.0
32,1705,0.0
33,1705,2.0
34,1705,0.0
35,1705,8.0
36,1705,0.0
37,1705,3.0
38,1705,1.0
39,1705,0.0
40,1705,0.0
41,1705,0.0
42,1705,1.0
43,1705,0.0
44,1705,1.0
45,1705,0.0
46,1705,1.0
47,1705,0.0
48,1705,2.0
49,1705,0.0
50,1705,0.0
51,1705,0.0
52,1705,1.0
53,1705,30.0
54,1705,0.0
55,1705,0.0
56,1705,2.0
57,1705,0.0
58,1705,1.0
59,1705,1.0
60,1705,0.0
61,1705,20.0
62,1705,2.0
63,1705,0.0
64,1705,1.0
65,1705,0.0
66,1705,2.0
67,1705,0.0
68,1705,0.0
69,1705,0.0
70,1705,0.0
71,1705,3.0
72,1705,0.0
73,1705,0.0
74,1705,0.0
75,1705,2.0
76,1705,0.0
77,1705,0.0
78,1705,3.0
79,1705,0.0
80,1705,0.0
81,1705,0.0
82,1705,0.0
83,1705,0.0
84,1705,2.0
85,1705,30.0
86,1705,0.0
87,1705,0.0
88,1705,4.0
89,1705,4.0
90,1705,0.0
91,1705,1.0
92,1705,4.0
93,1705,0.0
94,1705,0.0
95,1705,4.0
96,1705,1.0
97,1705,0.0
98,1705,3.0
99,1705,0.0
100,1705,1.0
101,1705,0.0
102,1705,0.0
103,1705,0.0
104,1705,6.0
105,1705,0.0
106,1705,4.0
107,1705,1.0
108,1705,0.0
109,1705,4.0
110,1705,3.0
111,1705,3.0
112,1705,0.0
113,1705,0.0
114,1705,1.0
115,1705,1.0
116,1705,2.0
117,1705,1.0
118,1705,0.0
119,1705,7.0
120,1705,1.0
121,1705,5.0
122,1705,0.0
123,1705,0.0
124,1705,0.0
125,1705,1.0
126,1705,1.0
127,1705,0.0
128,1705,1.0
129,1705,2.0
130,1705,1.0
131,1705,2.0
132,1705,0.0
133,1705,0.0
134,1705,1.0
135,1705,0.0
136,1705,2.0
137,1705,0.0
138,1705,3.0
139,1705,0.0
140,1705,0.0
141,1705,0.0
142,1705,1.0
143,1705,3.0
144,1705,4.0
145,1705,3.0
146,1705,2.0
147,1705,1.0
148,1705,0.0
149,1705,1.0
150,1705,11.0
151,1705,12.0
152,1705,3.0
153,1705,0.0
154,1705,0.0
155,1705,2.0
156,1705,0.0
157,1705,1.0
158,1705,0.0
159,1705,1.0
160,1705,6.0
161,1705,2.0
162,1705,10.0
163,1705,9.0
164,1705,1.0
165,1705,0.0
166,1705,2.0
167,1705,5.0
168,1705,14.0
169,1705,5.0
170,1705,0.0
171,1705,2.0
172,1705,1.0
173,1705,0.0
174,1705,0.0
175,1705,0.0
176,1705,0.0
177,1705,1.0
178,1705,2.0
179,1705,0.0
180,1705,0.0
181,1705,0.0
182,1705,0.0
183,1705,0.0
184,1705,0.0
185,1705,0.0
186,1705,0.0
187,1705,0.0
188,1705,2.0
189,1705,0.0
190,1705,0.0
191,1705,0.0
192,1705,0.0
193,1705,1.0
194,1705,2.0
195,1705,0.0
196,1705,0.0
197,1705,0.0
198,1705,0.0
199,1705,0.0
0,1706,0.0
1,1706,0.0
2,1706,8.0
3,1706,0.0
4,1706,0.0
5,1706,0.0
6,1706,1.0
7,1706,0.0
8,1706,0.0
9,1706,2.0
10,1706,3.0
11,1706,0.0
12,1706,1.0
13,1706,0.0
14,1706,0.0
15,1706,2.0
16,1706,1.0
17,1706,0.0
18,1706,0.0
19,1706,1.0
20,1706,0.0
21,1706,0.0
22,1706,0.0
23,1706,0.0
24,1706,0.0
25,1706,0.0
26,1706,0.0
27,1706,0.0
28,1706,5.0
29,1706,2.0
30,1706,2.0
31,1706,0.0
32,1706,1.0
33,1706,2.0
34,1706,4.0
35,1706,9.0
36,1706,0.0
37,1706,2.0
38,1706,2.0
39,1706,2.0
40,1706,3.0
41,1706,0.0
42,1706,1.0
43,1706,0.0
44,1706,0.0
45,1706,0.0
46,1706,0.0
47,1706,2.0
48,1706,0.0
49,1706,0.0
50,1706,0.0
51,1706,0.0
52,1706,2.0
53,1706,30.0
54,1706,0.0
55,1706,0.0
56,1706,0.0
57,1706,0.0
58,1706,0.0
59,1706,0.0
60,1706,0.0
61,1706,18.0
62,1706,0.0
63,1706,1.0
64,1706,1.0
65,1706,0.0
66,1706,3.0
67,1706,2.0
68,1706,1.0
69,1706,0.0
70,1706,1.0
71,1706,0.0
72,1706,18.0
73,1706,0.0
74,1706,0.0
75,1706,1.0
76,1706,0.0
77,1706,0.0
78,1706,0.0
79,1706,0.0
80,1706,0.0
81,1706,0.0
82,1706,0.0
83,1706,0.0
84,1706,0.0
85,1706,19.0
86,1706,0.0
87,1706,0.0
88,1706,2.0
89,1706,0.0
90,1706,0.0
91,1706,4.0
92,1706,2.0
93,1706,0.0
94,1706,4.0
95,1706,8.0
96,1706,2.0
97,1706,1.0
98,1706,4.0
99,1706,0.0
100,1706,0.0
101,1706,0.0
102,1706,0.0
103,1706,0.0
104,1706,4.0
105,1706,0.0
106,1706,1.0
107,1706,2.0
108,1706,4.0
109,1706,2.0
110,1706,1.0
111,1706,3.0
112,1706,0.0
113,1706,4.0
114,1706,0.0
115,1706,0.0
116,1706,3.0
117,1706,0.0
118,1706,0.0
119,1706,4.0
120,1706,0.0
121,1706,0.0
122,1706,0.0
123,1706,2.0
124,1706,2.0
125,1706,1.0
126,1706,1.0
127,1706,0.0
128,1706,1.0
129,1706,0.0
130,1706,7.0
131,1706,6.0
132,1706,0.0
133,1706,0.0
134,1706,0.0
135,1706,0.0
136,1706,0.0
137,1706,3.0
138,1706,1.0
139,1706,0.0
140,1706,0.0
141,1706,1.0
142,1706,1.0
143,1706,2.0
144,1706,2.0
145,1706,2.0
146,1706,1.0
147,1706,2.0
148,1706,0.0
149,1706,1.0
150,1706,5.0
151,1706,17.0
152,1706,10.0
153,1706,0.0
154,1706,1.0
155,1706,0.0
156,1706,0.0
157,1706,0.0
158,1706,1.0
159,1706,2.0
160,1706,1.0
161,1706,3.0
162,1706,5.0
163,1706,9.0
164,1706,1.0
165,1706,0.0
166,1706,1.0
167,1706,1.0
168,1706,4.0
169,1706,5.0
170,1706,0.0
171,1706,6.0
172,1706,1.0
173,1706,1.0
174,1706,0.0
175,1706,0.0
176,1706,0.0
177,1706,1.0
178,1706,0.0
179,1706,1.0
180,1706,1.0
181,1706,0.0
182,1706,0.0
183,1706,0.0
184,1706,0.0
185,1706,0.0
186,1706,3.0
187,1706,0.0
188,1706,4.0
189,1706,0.0
190,1706,0.0
191,1706,0.0
192,1706,0.0
193,1706,3.0
194,1706,0.0
195,1706,0.0
196,1706,0.0
197,1706,0.0
198,1706,1.0
199,1706,0.0
0,1707,0.0
1,1707,0.0
2,1707,8.0
3,1707,0.0
4,1707,2.0
5,1707,0.0
6,1707,2.0
7,1707,0.0
8,1707,0.0
9,1707,3.0
10,1707,0.0
11,1707,0.0
12,1707,1.0
13,1707,0.0
14,1707,1.0
15,1707,3.0
16,1707,0.0
17,1707,1.0
18,1707,3.0
19,1707,1.0
20,1707,0.0
21,1707,0.0
22,1707,0.0
23,1707,1.0
24,1707,0.0
25,1707,1.0
26,1707,1.0
27,1707,0.0
28,1707,2.0
29,1707,0.0
30,1707,2.0
31,1707,0.0
32,1707,0.0
33,1707,1.0
34,1707,1.0
35,1707,16.0
36,1707,0.0
37,1707,5.0
38,1707,0.0
39,1707,0.0
40,1707,0.0
41,1707,0.0
42,1707,2.0
43,1707,0.0
44,1707,1.0
45,1707,0.0
46,1707,0.0
47,1707,2.0
48,1707,0.0
49,1707,0.0
50,1707,0.0
51,1707,0.0
52,1707,3.0
53,1707,30.0
54,1707,0.0
55,1707,0.0
56,1707,1.0
57,1707,1.0
58,1707,0.0
59,1707,3.0
60,1707,2.0
61,1707,24.0
62,1707,4.0
63,1707,0.0
64,1707,0.0
65,1707,0.0
66,1707,4.0
67,1707,3.0
68,1707,3.0
69,1707,0.0
70,1707,1.0
71,1707,3.0
72,1707,20.0
73,1707,0.0
74,1707,0.0
75,1707,0.0
76,1707,0.0
77,1707,0.0
78,1707,2.0
79,1707,0.0
80,1707,0.0
81,1707,1.0
82,1707,0.0
83,1707,0.0
84,1707,4.0
85,1707,39.0
86,1707,3.0
87,1707,0.0
88,1707,1.0
89,1707,1.0
90,1707,0.0
91,1707,6.0
92,1707,10.0
93,1707,0.0
94,1707,2.0
95,1707,3.0
96,1707,7.0
97,1707,0.0
98,1707,2.0
99,1707,2.0
100,1707,4.0
101,1707,2.0
102,1707,0.0
103,1707,0.0
104,1707,4.0
105,1707,0.0
106,1707,4.0
107,1707,0.0
108,1707,2.0
109,1707,4.0
110,1707,5.0
111,1707,1.0
112,1707,7.0
113,1707,0.0
114,1707,2.0
115,1707,0.0
116,1707,3.0
117,1707,0.0
118,1707,0.0
119,1707,7.0
120,1707,0.0
121,1707,2.0
122,1707,2.0
123,1707,1.0
124,1707,0.0
125,1707,1.0
126,1707,3.0
127,1707,1.0
128,1707,0.0
129,1707,0.0
130,1707,2.0
131,1707,3.0
132,1707,0.0
133,1707,0.0
134,1707,0.0
135,1707,1.0
136,1707,0.0
137,1707,2.0
138,1707,0.0
139,1707,0.0
140,1707,0.0
141,1707,2.0
142,1707,0.0
143,1707,2.0
144,1707,1.0
145,1707,1.0
146,1707,0.0
147,1707,1.0
148,1707,0.0
149,1707,2.0
150,1707,10.0
151,1707,15.0
152,1707,6.0
153,1707,0.0
154,1707,1.0
155,1707,0.0
156,1707,0.0
157,1707,0.0
158,1707,3.0
159,1707,4.0
160,1707,5.0
161,1707,4.0
162,1707,8.0
163,1707,9.0
164,1707,1.0
165,1707,0.0
166,1707,5.0
167,1707,11.0
168,1707,8.0
169,1707,6.0
170,1707,0.0
171,1707,1.0
172,1707,2.0
173,1707,2.0
174,1707,0.0
175,1707,0.0
176,1707,0.0
177,1707,0.0
178,1707,0.0
179,1707,0.0
180,1707,3.0
181,1707,0.0
182,1707,2.0
183,1707,0.0
184,1707,2.0
185,1707,0.0
186,1707,1.0
187,1707,0.0
188,1707,1.0
189,1707,0.0
190,1707,0.0
191,1707,0.0
192,1707,1.0
193,1707,1.0
194,1707,1.0
195,1707,3.0
196,1707,0.0
197,1707,0.0
198,1707,0.0
199,1707,0.0
0,1708,5.0
1,1708,0.0
2,1708,1.0
3,1708,1.0
4,1708,1.0
5,1708,0.0
6,1708,0.0
7,1708,0.0
8,1708,0.0
9,1708,1.0
10,1708,4.0
11,1708,0.0
12,1708,0.0
13,1708,0.0
14,1708,0.0
15,1708,2.0
16,1708,1.0
17,1708,1.0
18,1708,0.0
19,1708,1.0
20,1708,0.0
21,1708,0.0
22,1708,3.0
23,1708,1.0
24,1708,0.0
25,1708,1.0
26,1708,1.0
27,1708,0.0
28,1708,3.0
29,1708,0.0
30,1708,3.0
31,1708,1.0
32,1708,0.0
33,1708,3.0
34,1708,0.0
35,1708,2.0
36,1708,0.0
37,1708,1.0
38,1708,0.0
39,1708,0.0
40,1708,8.0
41,1708,0.0
42,1708,0.0
43,1708,4.0
44,1708,0.0
45,1708,0.0
46,1708,2.0
47,1708,1.0
48,1708,0.0
49,1708,2.0
50,1708,0.0
51,1708,0.0
52,1708,1.0
53,1708,47.0
54,1708,0.0
55,1708,0.0
56,1708,0.0
57,1708,0.0
58,1708,4.0
59,1708,1.0
60,1708,0.0
61,1708,16.0
62,1708,5.0
63,1708,1.0
64,1708,4.0
65,1708,3.0
66,1708,6.0
67,1708,6.0
68,1708,2.0
69,1708,2.0
70,1708,0.0
71,1708,0.0
72,1708,47.0
73,1708,0.0
74,1708,0.0
75,1708,0.0
76,1708,0.0
77,1708,0.0
78,1708,6.0
79,1708,0.0
80,1708,0.0
81,1708,1.0
82,1708,0.0
83,1708,0.0
84,1708,6.0
85,1708,53.0
86,1708,4.0
87,1708,0.0
88,1708,1.0
89,1708,1.0
90,1708,0.0
91,1708,4.0
92,1708,9.0
93,1708,0.0
94,1708,5.0
95,1708,7.0
96,1708,6.0
97,1708,0.0
98,1708,3.0
99,1708,0.0
100,1708,0.0
101,1708,0.0
102,1708,0.0
103,1708,2.0
104,1708,7.0
105,1708,0.0
106,1708,1.0
107,1708,0.0
108,1708,5.0
109,1708,10.0
110,1708,4.0
111,1708,2.0
112,1708,0.0
113,1708,3.0
114,1708,1.0
115,1708,1.0
116,1708,0.0
117,1708,5.0
118,1708,1.0
119,1708,5.0
120,1708,0.0
121,1708,7.0
122,1708,1.0
123,1708,0.0
124,1708,1.0
125,1708,0.0
126,1708,3.0
127,1708,2.0
128,1708,1.0
129,1708,0.0
130,1708,3.0
131,1708,4.0
132,1708,4.0
133,1708,0.0
134,1708,1.0
135,1708,0.0
136,1708,2.0
137,1708,0.0
138,1708,0.0
139,1708,0.0
140,1708,1.0
141,1708,0.0
142,1708,0.0
143,1708,3.0
144,1708,2.0
145,1708,2.0
146,1708,0.0
147,1708,2.0
148,1708,0.0
149,1708,4.0
150,1708,9.0
151,1708,7.0
152,1708,8.0
153,1708,1.0
154,1708,0.0
155,1708,0.0
156,1708,0.0
157,1708,2.0
158,1708,0.0
159,1708,3.0
160,1708,1.0
161,1708,5.0
162,1708,5.0
163,1708,2.0
164,1708,5.0
165,1708,0.0
166,1708,2.0
167,1708,3.0
168,1708,13.0
169,1708,10.0
170,1708,0.0
171,1708,4.0
172,1708,1.0
173,1708,1.0
174,1708,0.0
175,1708,0.0
176,1708,0.0
177,1708,4.0
178,1708,2.0
179,1708,1.0
180,1708,0.0
181,1708,1.0
182,1708,1.0
183,1708,0.0
184,1708,2.0
185,1708,0.0
186,1708,0.0
187,1708,0.0
188,1708,2.0
189,1708,2.0
190,1708,0.0
191,1708,1.0
192,1708,1.0
193,1708,1.0
194,1708,3.0
195,1708,0.0
196,1708,1.0
197,1708,0.0
198,1708,1.0
199,1708,1.0
0,1709,1.0
1,1709,0.0
2,1709,13.0
3,1709,1.0
4,1709,1.0
5,1709,0.0
6,1709,5.0
7,1709,0.0
8,1709,0.0
9,1709,3.0
10,1709,4.0
11,1709,0.0
12,1709,3.0
13,1709,0.0
14,1709,0.0
15,1709,12.0
16,1709,0.0
17,1709,1.0
18,1709,2.0
19,1709,2.0
20,1709,0.0
21,1709,0.0
22,1709,3.0
23,1709,0.0
24,1709,1.0
25,1709,0.0
26,1709,2.0
27,1709,0.0
28,1709,5.0
29,1709,2.0
30,1709,2.0
31,1709,1.0
32,1709,2.0
33,1709,11.0
34,1709,0.0
35,1709,9.0
36,1709,0.0
37,1709,3.0
38,1709,0.0
39,1709,0.0
40,1709,3.0
41,1709,1.0
42,1709,0.0
43,1709,2.0
44,1709,0.0
45,1709,0.0
46,1709,2.0
47,1709,0.0
48,1709,5.0
49,1709,1.0
50,1709,0.0
51,1709,0.0
52,1709,1.0
53,1709,59.0
54,1709,0.0
55,1709,0.0
56,1709,4.0
57,1709,2.0
58,1709,0.0
59,1709,4.0
60,1709,0.0
61,1709,37.0
62,1709,5.0
63,1709,2.0
64,1709,1.0
65,1709,0.0
66,1709,5.0
67,1709,8.0
68,1709,2.0
69,1709,0.0
70,1709,0.0
71,1709,2.0
72,1709,55.0
73,1709,0.0
74,1709,0.0
75,1709,2.0
76,1709,0.0
77,1709,0.0
78,1709,5.0
79,1709,0.0
80,1709,0.0
81,1709,0.0
82,1709,0.0
83,1709,0.0
84,1709,0.0
85,1709,60.0
86,1709,5.0
87,1709,0.0
88,1709,2.0
89,1709,3.0
90,1709,0.0
91,1709,5.0
92,1709,26.0
93,1709,0.0
94,1709,0.0
95,1709,9.0
96,1709,9.0
97,1709,1.0
98,1709,3.0
99,1709,0.0
100,1709,1.0
101,1709,1.0
102,1709,0.0
103,1709,2.0
104,1709,5.0
105,1709,0.0
106,1709,5.0
107,1709,2.0
108,1709,5.0
109,1709,7.0
110,1709,5.0
111,1709,2.0
112,1709,0.0
113,1709,1.0
114,1709,1.0
115,1709,0.0
116,1709,0.0
117,1709,1.0
118,1709,0.0
119,1709,6.0
120,1709,0.0
121,1709,3.0
122,1709,2.0
123,1709,1.0
124,1709,4.0
125,1709,4.0
126,1709,2.0
127,1709,1.0
128,1709,3.0
129,1709,4.0
130,1709,2.0
131,1709,0.0
132,1709,1.0
133,1709,1.0
134,1709,0.0
135,1709,0.0
136,1709,1.0
137,1709,3.0
138,1709,0.0
139,1709,0.0
140,1709,0.0
141,1709,0.0
142,1709,1.0
143,1709,2.0
144,1709,5.0
145,1709,4.0
146,1709,0.0
147,1709,2.0
148,1709,2.0
149,1709,0.0
150,1709,18.0
151,1709,21.0
152,1709,14.0
153,1709,5.0
154,1709,1.0
155,1709,1.0
156,1709,0.0
157,1709,2.0
158,1709,2.0
159,1709,6.0
160,1709,7.0
161,1709,1.0
162,1709,9.0
163,1709,8.0
164,1709,3.0
165,1709,0.0
166,1709,7.0
167,1709,7.0
168,1709,15.0
169,1709,14.0
170,1709,0.0
171,1709,3.0
172,1709,0.0
173,1709,1.0
174,1709,0.0
175,1709,1.0
176,1709,0.0
177,1709,2.0
178,1709,0.0
179,1709,0.0
180,1709,1.0
181,1709,1.0
182,1709,0.0
183,1709,0.0
184,1709,1.0
185,1709,0.0
186,1709,0.0
187,1709,0.0
188,1709,6.0
189,1709,0.0
190,1709,0.0
191,1709,0.0
192,1709,0.0
193,1709,1.0
194,1709,0.0
195,1709,3.0
196,1709,0.0
197,1709,0.0
198,1709,2.0
199,1709,0.0
0,1710,2.0
1,1710,0.0
2,1710,11.0
3,1710,2.0
4,1710,0.0
5,1710,0.0
6,1710,0.0
7,1710,0.0
8,1710,0.0
9,1710,4.0
10,1710,5.0
11,1710,0.0
12,1710,5.0
13,1710,1.0
14,1710,0.0
15,1710,3.0
16,1710,3.0
17,1710,0.0
18,1710,0.0
19,1710,0.0
20,1710,0.0
21,1710,2.0
22,1710,0.0
23,1710,1.0
24,1710,1.0
25,1710,0.0
26,1710,1.0
27,1710,0.0
28,1710,3.0
29,1710,0.0
30,1710,5.0
31,1710,2.0
32,1710,1.0
33,1710,5.0
34,1710,5.0
35,1710,16.0
36,1710,0.0
37,1710,2.0
38,1710,0.0
39,1710,1.0
40,1710,0.0
41,1710,0.0
42,1710,3.0
43,1710,2.0
44,1710,1.0
45,1710,0.0
46,1710,1.0
47,1710,3.0
48,1710,0.0
49,1710,2.0
50,1710,0.0
51,1710,0.0
52,1710,1.0
53,1710,76.0
54,1710,0.0
55,1710,0.0
56,1710,1.0
57,1710,2.0
58,1710,5.0
59,1710,1.0
60,1710,1.0
61,1710,35.0
62,1710,4.0
63,1710,2.0
64,1710,0.0
65,1710,0.0
66,1710,9.0
67,1710,3.0
68,1710,2.0
69,1710,0.0
70,1710,5.0
71,1710,1.0
72,1710,59.0
73,1710,0.0
74,1710,0.0
75,1710,1.0
76,1710,0.0
77,1710,0.0
78,1710,5.0
79,1710,3.0
80,1710,0.0
81,1710,5.0
82,1710,0.0
83,1710,0.0
84,1710,1.0
85,1710,67.0
86,1710,11.0
87,1710,0.0
88,1710,2.0
89,1710,0.0
90,1710,0.0
91,1710,7.0
92,1710,21.0
93,1710,0.0
94,1710,0.0
95,1710,12.0
96,1710,3.0
97,1710,0.0
98,1710,5.0
99,1710,0.0
100,1710,0.0
101,1710,0.0
102,1710,0.0
103,1710,0.0
104,1710,6.0
105,1710,0.0
106,1710,12.0
107,1710,0.0
108,1710,1.0
109,1710,5.0
110,1710,5.0
111,1710,3.0
112,1710,7.0
113,1710,4.0
114,1710,1.0
115,1710,1.0
116,1710,2.0
117,1710,1.0
118,1710,2.0
119,1710,8.0
120,1710,0.0
121,1710,0.0
122,1710,2.0
123,1710,0.0
124,1710,1.0
125,1710,1.0
126,1710,0.0
127,1710,1.0
128,1710,2.0
129,1710,0.0
130,1710,5.0
131,1710,1.0
132,1710,0.0
133,1710,0.0
134,1710,0.0
135,1710,0.0
136,1710,1.0
137,1710,1.0
138,1710,0.0
139,1710,0.0
140,1710,0.0
141,1710,2.0
142,1710,0.0
143,1710,0.0
144,1710,3.0
145,1710,0.0
146,1710,0.0
147,1710,11.0
148,1710,1.0
149,1710,4.0
150,1710,19.0
151,1710,13.0
152,1710,16.0
153,1710,4.0
154,1710,4.0
155,1710,0.0
156,1710,0.0
157,1710,2.0
158,1710,0.0
159,1710,2.0
160,1710,4.0
161,1710,4.0
162,1710,8.0
163,1710,20.0
164,1710,3.0
165,1710,0.0
166,1710,7.0
167,1710,9.0
168,1710,7.0
169,1710,17.0
170,1710,1.0
171,1710,8.0
172,1710,0.0
173,1710,4.0
174,1710,0.0
175,1710,2.0
176,1710,0.0
177,1710,4.0
178,1710,2.0
179,1710,1.0
180,1710,2.0
181,1710,0.0
182,1710,0.0
183,1710,0.0
184,1710,1.0
185,1710,0.0
186,1710,0.0
187,1710,0.0
188,1710,7.0
189,1710,0.0
190,1710,0.0
191,1710,1.0
192,1710,0.0
193,1710,1.0
194,1710,0.0
195,1710,0.0
196,1710,0.0
197,1710,0.0
198,1710,0.0
199,1710,0.0
0,1711,0.0
1,1711,0.0
2,1711,9.0
3,1711,0.0
4,1711,1.0
5,1711,0.0
6,1711,0.0
7,1711,1.0
8,1711,0.0
9,1711,1.0
10,1711,3.0
11,1711,0.0
12,1711,1.0
13,1711,2.0
14,1711,2.0
15,1711,2.0
16,1711,0.0
17,1711,1.0
18,1711,0.0
19,1711,0.0
20,1711,0.0
21,1711,0.0
22,1711,2.0
23,1711,0.0
24,1711,1.0
25,1711,1.0
26,1711,1.0
27,1711,0.0
28,1711,2.0
29,1711,0.0
30,1711,2.0
31,1711,1.0
32,1711,0.0
33,1711,10.0
34,1711,0.0
35,1711,20.0
36,1711,0.0
37,1711,3.0
38,1711,1.0
39,1711,4.0
40,1711,1.0
41,1711,3.0
42,1711,0.0
43,1711,2.0
44,1711,1.0
45,1711,0.0
46,1711,1.0
47,1711,0.0
48,1711,1.0
49,1711,11.0
50,1711,0.0
51,1711,0.0
52,1711,4.0
53,1711,42.0
54,1711,0.0
55,1711,0.0
56,1711,1.0
57,1711,0.0
58,1711,3.0
59,1711,1.0
60,1711,1.0
61,1711,19.0
62,1711,0.0
63,1711,1.0
64,1711,1.0
65,1711,0.0
66,1711,8.0
67,1711,3.0
68,1711,2.0
69,1711,0.0
70,1711,0.0
71,1711,7.0
72,1711,34.0
73,1711,0.0
74,1711,0.0
75,1711,1.0
76,1711,0.0
77,1711,0.0
78,1711,1.0
79,1711,0.0
80,1711,0.0
81,1711,2.0
82,1711,0.0
83,1711,0.0
84,1711,2.0
85,1711,33.0
86,1711,4.0
87,1711,0.0
88,1711,4.0
89,1711,0.0
90,1711,0.0
91,1711,12.0
92,1711,15.0
93,1711,0.0
94,1711,0.0
95,1711,6.0
96,1711,4.0
97,1711,0.0
98,1711,6.0
99,1711,0.0
100,1711,0.0
101,1711,1.0
102,1711,0.0
103,1711,0.0
104,1711,7.0
105,1711,0.0
106,1711,5.0
107,1711,1.0
108,1711,8.0
109,1711,2.0
110,1711,4.0
111,1711,5.0
112,1711,2.0
113,1711,2.0
114,1711,1.0
115,1711,1.0
116,1711,1.0
117,1711,1.0
118,1711,0.0
119,1711,4.0
120,1711,0.0
121,1711,1.0
122,1711,0.0
123,1711,0.0
124,1711,2.0
125,1711,2.0
126,1711,2.0
127,1711,6.0
128,1711,0.0
129,1711,2.0
130,1711,1.0
131,1711,0.0
132,1711,1.0
133,1711,1.0
134,1711,0.0
135,1711,0.0
136,1711,2.0
137,1711,0.0
138,1711,0.0
139,1711,0.0
140,1711,0.0
141,1711,1.0
142,1711,0.0
143,1711,0.0
144,1711,1.0
145,1711,2.0
146,1711,0.0
147,1711,0.0
148,1711,1.0
149,1711,1.0
150,1711,9.0
151,1711,23.0
152,1711,18.0
153,1711,0.0
154,1711,5.0
155,1711,0.0
156,1711,0.0
157,1711,4.0
158,1711,1.0
159,1711,4.0
160,1711,4.0
161,1711,3.0
162,1711,3.0
163,1711,11.0
164,1711,1.0
165,1711,0.0
166,1711,14.0
167,1711,11.0
168,1711,7.0
169,1711,17.0
170,1711,0.0
171,1711,3.0
172,1711,0.0
173,1711,3.0
174,1711,0.0
175,1711,1.0
176,1711,0.0
177,1711,0.0
178,1711,0.0
179,1711,0.0
180,1711,2.0
181,1711,0.0
182,1711,0.0
183,1711,0.0
184,1711,0.0
185,1711,0.0
186,1711,0.0
187,1711,1.0
188,1711,1.0
189,1711,0.0
190,1711,0.0
191,1711,0.0
192,1711,0.0
193,1711,0.0
194,1711,0.0
195,1711,0.0
196,1711,0.0
197,1711,0.0
198,1711,1.0
199,1711,0.0
0,1712,0.0
1,1712,0.0
2,1712,5.0
3,1712,0.0
4,1712,1.0
5,1712,0.0
6,1712,2.0
7,1712,0.0
8,1712,5.0
9,1712,1.0
10,1712,1.0
11,1712,0.0
12,1712,1.0
13,1712,2.0
14,1712,2.0
15,1712,2.0
16,1712,2.0
17,1712,2.0
18,1712,0.0
19,1712,6.0
20,1712,0.0
21,1712,0.0
22,1712,6.0
23,1712,0.0
24,1712,0.0
25,1712,1.0
26,1712,0.0
27,1712,1.0
28,1712,1.0
29,1712,0.0
30,1712,3.0
31,1712,1.0
32,1712,0.0
33,1712,5.0
34,1712,1.0
35,1712,15.0
36,1712,0.0
37,1712,4.0
38,1712,2.0
39,1712,5.0
40,1712,2.0
41,1712,3.0
42,1712,1.0
43,1712,0.0
44,1712,1.0
45,1712,0.0
46,1712,3.0
47,1712,1.0
48,1712,0.0
49,1712,1.0
50,1712,0.0
51,1712,0.0
52,1712,0.0
53,1712,39.0
54,1712,5.0
55,1712,0.0
56,1712,1.0
57,1712,3.0
58,1712,0.0
59,1712,2.0
60,1712,0.0
61,1712,19.0
62,1712,4.0
63,1712,1.0
64,1712,4.0
65,1712,0.0
66,1712,7.0
67,1712,3.0
68,1712,0.0
69,1712,0.0
70,1712,2.0
71,1712,4.0
72,1712,17.0
73,1712,0.0
74,1712,0.0
75,1712,2.0
76,1712,0.0
77,1712,0.0
78,1712,3.0
79,1712,0.0
80,1712,0.0
81,1712,0.0
82,1712,0.0
83,1712,0.0
84,1712,3.0
85,1712,30.0
86,1712,6.0
87,1712,0.0
88,1712,4.0
89,1712,0.0
90,1712,1.0
91,1712,0.0
92,1712,17.0
93,1712,0.0
94,1712,5.0
95,1712,9.0
96,1712,2.0
97,1712,0.0
98,1712,1.0
99,1712,1.0
100,1712,0.0
101,1712,0.0
102,1712,0.0
103,1712,0.0
104,1712,4.0
105,1712,0.0
106,1712,0.0
107,1712,3.0
108,1712,1.0
109,1712,2.0
110,1712,10.0
111,1712,1.0
112,1712,3.0
113,1712,0.0
114,1712,0.0
115,1712,0.0
116,1712,2.0
117,1712,1.0
118,1712,1.0
119,1712,6.0
120,1712,0.0
121,1712,0.0
122,1712,6.0
123,1712,2.0
124,1712,2.0
125,1712,0.0
126,1712,2.0
127,1712,1.0
128,1712,3.0
129,1712,5.0
130,1712,3.0
131,1712,0.0
132,1712,0.0
133,1712,0.0
134,1712,0.0
135,1712,0.0
136,1712,0.0
137,1712,0.0
138,1712,0.0
139,1712,0.0
140,1712,0.0
141,1712,4.0
142,1712,0.0
143,1712,3.0
144,1712,0.0
145,1712,1.0
146,1712,0.0
147,1712,1.0
148,1712,1.0
149,1712,0.0
150,1712,7.0
151,1712,15.0
152,1712,8.0
153,1712,0.0
154,1712,1.0
155,1712,0.0
156,1712,0.0
157,1712,3.0
158,1712,0.0
159,1712,5.0
160,1712,4.0
161,1712,2.0
162,1712,4.0
163,1712,14.0
164,1712,3.0
165,1712,0.0
166,1712,0.0
167,1712,9.0
168,1712,5.0
169,1712,10.0
170,1712,0.0
171,1712,0.0
172,1712,0.0
173,1712,2.0
174,1712,0.0
175,1712,0.0
176,1712,0.0
177,1712,1.0
178,1712,1.0
179,1712,0.0
180,1712,2.0
181,1712,0.0
182,1712,0.0
183,1712,0.0
184,1712,0.0
185,1712,0.0
186,1712,0.0
187,1712,0.0
188,1712,1.0
189,1712,0.0
190,1712,0.0
191,1712,0.0
192,1712,0.0
193,1712,2.0
194,1712,0.0
195,1712,1.0
196,1712,0.0
197,1712,0.0
198,1712,1.0
199,1712,0.0
0,1713,0.0
1,1713,0.0
2,1713,6.0
3,1713,0.0
4,1713,3.0
5,1713,0.0
6,1713,1.0
7,1713,0.0
8,1713,0.0
9,1713,1.0
10,1713,2.0
11,1713,0.0
12,1713,1.0
13,1713,1.0
14,1713,5.0
15,1713,0.0
16,1713,2.0
17,1713,1.0
18,1713,1.0
19,1713,1.0
20,1713,0.0
21,1713,0.0
22,1713,1.0
23,1713,1.0
24,1713,3.0
25,1713,0.0
26,1713,1.0
27,1713,1.0
28,1713,4.0
29,1713,1.0
30,1713,1.0
31,1713,2.0
32,1713,0.0
33,1713,3.0
34,1713,0.0
35,1713,3.0
36,1713,0.0
37,1713,1.0
38,1713,2.0
39,1713,1.0
40,1713,0.0
41,1713,1.0
42,1713,0.0
43,1713,0.0
44,1713,0.0
45,1713,0.0
46,1713,0.0
47,1713,1.0
48,1713,2.0
49,1713,1.0
50,1713,0.0
51,1713,0.0
52,1713,3.0
53,1713,32.0
54,1713,1.0
55,1713,0.0
56,1713,1.0
57,1713,1.0
58,1713,1.0
59,1713,3.0
60,1713,0.0
61,1713,21.0
62,1713,3.0
63,1713,1.0
64,1713,0.0
65,1713,0.0
66,1713,2.0
67,1713,1.0
68,1713,1.0
69,1713,0.0
70,1713,1.0
71,1713,0.0
72,1713,5.0
73,1713,0.0
74,1713,0.0
75,1713,1.0
76,1713,0.0
77,1713,0.0
78,1713,1.0
79,1713,2.0
80,1713,0.0
81,1713,1.0
82,1713,0.0
83,1713,0.0
84,1713,1.0
85,1713,31.0
86,1713,4.0
87,1713,0.0
88,1713,4.0
89,1713,1.0
90,1713,0.0
91,1713,2.0
92,1713,11.0
93,1713,0.0
94,1713,7.0
95,1713,5.0
96,1713,3.0
97,1713,1.0
98,1713,0.0
99,1713,0.0
100,1713,0.0
101,1713,0.0
102,1713,0.0
103,1713,1.0
104,1713,4.0
105,1713,0.0
106,1713,5.0
107,1713,3.0
108,1713,3.0
109,1713,6.0
110,1713,2.0
111,1713,2.0
112,1713,3.0
113,1713,1.0
114,1713,1.0
115,1713,2.0
116,1713,1.0
117,1713,0.0
118,1713,0.0
119,1713,2.0
120,1713,0.0
121,1713,3.0
122,1713,1.0
123,1713,0.0
124,1713,1.0
125,1713,1.0
126,1713,3.0
127,1713,0.0
128,1713,0.0
129,1713,1.0
130,1713,2.0
131,1713,0.0
132,1713,0.0
133,1713,1.0
134,1713,0.0
135,1713,0.0
136,1713,2.0
137,1713,0.0
138,1713,0.0
139,1713,0.0
140,1713,1.0
141,1713,0.0
142,1713,0.0
143,1713,2.0
144,1713,5.0
145,1713,2.0
146,1713,0.0
147,1713,2.0
148,1713,1.0
149,1713,0.0
150,1713,13.0
151,1713,11.0
152,1713,12.0
153,1713,1.0
154,1713,2.0
155,1713,0.0
156,1713,0.0
157,1713,0.0
158,1713,0.0
159,1713,3.0
160,1713,3.0
161,1713,0.0
162,1713,9.0
163,1713,5.0
164,1713,2.0
165,1713,0.0
166,1713,0.0
167,1713,5.0
168,1713,23.0
169,1713,11.0
170,1713,0.0
171,1713,2.0
172,1713,2.0
173,1713,2.0
174,1713,0.0
175,1713,3.0
176,1713,0.0
177,1713,1.0
178,1713,0.0
179,1713,2.0
180,1713,1.0
181,1713,0.0
182,1713,1.0
183,1713,0.0
184,1713,0.0
185,1713,0.0
186,1713,0.0
187,1713,1.0
188,1713,2.0
189,1713,0.0
190,1713,0.0
191,1713,0.0
192,1713,0.0
193,1713,0.0
194,1713,0.0
195,1713,0.0
196,1713,2.0
197,1713,0.0
198,1713,2.0
199,1713,0.0
0,1714,2.0
1,1714,0.0
2,1714,5.0
3,1714,1.0
4,1714,0.0
5,1714,0.0
6,1714,1.0
7,1714,1.0
8,1714,0.0
9,1714,2.0
10,1714,3.0
11,1714,0.0
12,1714,0.0
13,1714,2.0
14,1714,1.0
15,1714,6.0
16,1714,2.0
17,1714,0.0
18,1714,1.0
19,1714,0.0
20,1714,0.0
21,1714,0.0
22,1714,9.0
23,1714,0.0
24,1714,3.0
25,1714,0.0
26,1714,1.0
27,1714,0.0
28,1714,0.0
29,1714,0.0
30,1714,1.0
31,1714,0.0
32,1714,0.0
33,1714,0.0
34,1714,1.0
35,1714,10.0
36,1714,0.0
37,1714,3.0
38,1714,0.0
39,1714,1.0
40,1714,3.0
41,1714,0.0
42,1714,0.0
43,1714,1.0
44,1714,0.0
45,1714,0.0
46,1714,0.0
47,1714,0.0
48,1714,0.0
49,1714,0.0
50,1714,0.0
51,1714,0.0
52,1714,4.0
53,1714,35.0
54,1714,0.0
55,1714,0.0
56,1714,1.0
57,1714,1.0
58,1714,1.0
59,1714,2.0
60,1714,0.0
61,1714,22.0
62,1714,2.0
63,1714,1.0
64,1714,2.0
65,1714,1.0
66,1714,2.0
67,1714,5.0
68,1714,1.0
69,1714,1.0
70,1714,0.0
71,1714,8.0
72,1714,12.0
73,1714,0.0
74,1714,0.0
75,1714,1.0
76,1714,0.0
77,1714,0.0
78,1714,1.0
79,1714,0.0
80,1714,0.0
81,1714,1.0
82,1714,0.0
83,1714,2.0
84,1714,2.0
85,1714,29.0
86,1714,5.0
87,1714,0.0
88,1714,1.0
89,1714,1.0
90,1714,0.0
91,1714,3.0
92,1714,6.0
93,1714,0.0
94,1714,0.0
95,1714,10.0
96,1714,3.0
97,1714,0.0
98,1714,1.0
99,1714,2.0
100,1714,0.0
101,1714,0.0
102,1714,0.0
103,1714,2.0
104,1714,2.0
105,1714,0.0
106,1714,3.0
107,1714,1.0
108,1714,3.0
109,1714,1.0
110,1714,3.0
111,1714,0.0
112,1714,0.0
113,1714,4.0
114,1714,0.0
115,1714,0.0
116,1714,1.0
117,1714,2.0
118,1714,1.0
119,1714,5.0
120,1714,0.0
121,1714,2.0
122,1714,1.0
123,1714,0.0
124,1714,4.0
125,1714,1.0
126,1714,0.0
127,1714,0.0
128,1714,3.0
129,1714,2.0
130,1714,1.0
131,1714,0.0
132,1714,0.0
133,1714,0.0
134,1714,0.0
135,1714,0.0
136,1714,2.0
137,1714,1.0
138,1714,0.0
139,1714,0.0
140,1714,0.0
141,1714,1.0
142,1714,0.0
143,1714,1.0
144,1714,3.0
145,1714,1.0
146,1714,0.0
147,1714,1.0
148,1714,0.0
149,1714,0.0
150,1714,9.0
151,1714,11.0
152,1714,7.0
153,1714,0.0
154,1714,0.0
155,1714,2.0
156,1714,1.0
157,1714,2.0
158,1714,2.0
159,1714,4.0
160,1714,2.0
161,1714,0.0
162,1714,12.0
163,1714,9.0
164,1714,3.0
165,1714,0.0
166,1714,0.0
167,1714,9.0
168,1714,9.0
169,1714,3.0
170,1714,0.0
171,1714,2.0
172,1714,0.0
173,1714,2.0
174,1714,0.0
175,1714,1.0
176,1714,0.0
177,1714,1.0
178,1714,0.0
179,1714,0.0
180,1714,1.0
181,1714,0.0
182,1714,5.0
183,1714,0.0
184,1714,0.0
185,1714,0.0
186,1714,0.0
187,1714,0.0
188,1714,8.0
189,1714,1.0
190,1714,0.0
191,1714,1.0
192,1714,0.0
193,1714,1.0
194,1714,0.0
195,1714,1.0
196,1714,1.0
197,1714,0.0
198,1714,1.0
199,1714,0.0
0,1715,0.0
1,1715,0.0
2,1715,7.0
3,1715,0.0
4,1715,0.0
5,1715,0.0
6,1715,4.0
7,1715,0.0
8,1715,0.0
9,1715,3.0
10,1715,7.0
11,1715,0.0
12,1715,0.0
13,1715,2.0
14,1715,0.0
15,1715,13.0
16,1715,2.0
17,1715,1.0
18,1715,0.0
19,1715,0.0
20,1715,0.0
21,1715,0.0
22,1715,0.0
23,1715,0.0
24,1715,1.0
25,1715,0.0
26,1715,0.0
27,1715,0.0
28,1715,1.0
29,1715,0.0
30,1715,1.0
31,1715,0.0
32,1715,0.0
33,1715,0.0
34,1715,0.0
35,1715,8.0
36,1715,0.0
37,1715,6.0
38,1715,0.0
39,1715,2.0
40,1715,0.0
41,1715,0.0
42,1715,4.0
43,1715,2.0
44,1715,0.0
45,1715,0.0
46,1715,4.0
47,1715,1.0
48,1715,0.0
49,1715,1.0
50,1715,0.0
51,1715,0.0
52,1715,2.0
53,1715,51.0
54,1715,3.0
55,1715,0.0
56,1715,4.0
57,1715,1.0
58,1715,1.0
59,1715,0.0
60,1715,0.0
61,1715,26.0
62,1715,4.0
63,1715,0.0
64,1715,5.0
65,1715,1.0
66,1715,6.0
67,1715,7.0
68,1715,2.0
69,1715,0.0
70,1715,0.0
71,1715,1.0
72,1715,32.0
73,1715,0.0
74,1715,0.0
75,1715,2.0
76,1715,0.0
77,1715,0.0
78,1715,1.0
79,1715,0.0
80,1715,0.0
81,1715,0.0
82,1715,0.0
83,1715,0.0
84,1715,5.0
85,1715,43.0
86,1715,3.0
87,1715,0.0
88,1715,3.0
89,1715,0.0
90,1715,0.0
91,1715,2.0
92,1715,15.0
93,1715,0.0
94,1715,1.0
95,1715,8.0
96,1715,6.0
97,1715,0.0
98,1715,3.0
99,1715,1.0
100,1715,3.0
101,1715,0.0
102,1715,0.0
103,1715,1.0
104,1715,3.0
105,1715,0.0
106,1715,3.0
107,1715,1.0
108,1715,0.0
109,1715,4.0
110,1715,3.0
111,1715,2.0
112,1715,5.0
113,1715,0.0
114,1715,2.0
115,1715,0.0
116,1715,2.0
117,1715,1.0
118,1715,0.0
119,1715,7.0
120,1715,1.0
121,1715,2.0
122,1715,2.0
123,1715,0.0
124,1715,2.0
125,1715,1.0
126,1715,3.0
127,1715,4.0
128,1715,2.0
129,1715,2.0
130,1715,4.0
131,1715,3.0
132,1715,0.0
133,1715,0.0
134,1715,2.0
135,1715,0.0
136,1715,0.0
137,1715,1.0
138,1715,0.0
139,1715,0.0
140,1715,0.0
141,1715,0.0
142,1715,0.0
143,1715,3.0
144,1715,0.0
145,1715,3.0
146,1715,1.0
147,1715,3.0
148,1715,1.0
149,1715,2.0
150,1715,12.0
151,1715,14.0
152,1715,11.0
153,1715,4.0
154,1715,1.0
155,1715,2.0
156,1715,0.0
157,1715,4.0
158,1715,1.0
159,1715,2.0
160,1715,4.0
161,1715,4.0
162,1715,8.0
163,1715,11.0
164,1715,4.0
165,1715,0.0
166,1715,0.0
167,1715,9.0
168,1715,12.0
169,1715,11.0
170,1715,0.0
171,1715,29.0
172,1715,2.0
173,1715,0.0
174,1715,0.0
175,1715,1.0
176,1715,0.0
177,1715,1.0
178,1715,0.0
179,1715,0.0
180,1715,0.0
181,1715,0.0
182,1715,0.0
183,1715,0.0
184,1715,1.0
185,1715,0.0
186,1715,0.0
187,1715,1.0
188,1715,1.0
189,1715,0.0
190,1715,0.0
191,1715,0.0
192,1715,0.0
193,1715,0.0
194,1715,0.0
195,1715,0.0
196,1715,1.0
197,1715,0.0
198,1715,1.0
199,1715,0.0
0,1716,0.0
1,1716,0.0
2,1716,3.0
3,1716,2.0
4,1716,1.0
5,1716,0.0
6,1716,1.0
7,1716,0.0
8,1716,0.0
9,1716,2.0
10,1716,7.0
11,1716,0.0
12,1716,0.0
13,1716,4.0
14,1716,2.0
15,1716,2.0
16,1716,0.0
17,1716,0.0
18,1716,4.0
19,1716,0.0
20,1716,0.0
21,1716,0.0
22,1716,0.0
23,1716,0.0
24,1716,0.0
25,1716,1.0
26,1716,2.0
27,1716,0.0
28,1716,1.0
29,1716,0.0
30,1716,4.0
31,1716,4.0
32,1716,2.0
33,1716,12.0
34,1716,0.0
35,1716,7.0
36,1716,2.0
37,1716,0.0
38,1716,0.0
39,1716,2.0
40,1716,2.0
41,1716,0.0
42,1716,5.0
43,1716,1.0
44,1716,1.0
45,1716,0.0
46,1716,2.0
47,1716,1.0
48,1716,3.0
49,1716,0.0
50,1716,1.0
51,1716,0.0
52,1716,1.0
53,1716,59.0
54,1716,6.0
55,1716,0.0
56,1716,2.0
57,1716,0.0
58,1716,1.0
59,1716,5.0
60,1716,1.0
61,1716,34.0
62,1716,3.0
63,1716,0.0
64,1716,1.0
65,1716,0.0
66,1716,7.0
67,1716,4.0
68,1716,1.0
69,1716,1.0
70,1716,3.0
71,1716,4.0
72,1716,73.0
73,1716,0.0
74,1716,0.0
75,1716,0.0
76,1716,0.0
77,1716,0.0
78,1716,4.0
79,1716,1.0
80,1716,0.0
81,1716,2.0
82,1716,0.0
83,1716,0.0
84,1716,1.0
85,1716,62.0
86,1716,6.0
87,1716,1.0
88,1716,2.0
89,1716,0.0
90,1716,0.0
91,1716,19.0
92,1716,16.0
93,1716,0.0
94,1716,4.0
95,1716,6.0
96,1716,7.0
97,1716,0.0
98,1716,1.0
99,1716,0.0
100,1716,2.0
101,1716,0.0
102,1716,0.0
103,1716,3.0
104,1716,6.0
105,1716,0.0
106,1716,9.0
107,1716,5.0
108,1716,5.0
109,1716,6.0
110,1716,3.0
111,1716,3.0
112,1716,7.0
113,1716,7.0
114,1716,2.0
115,1716,0.0
116,1716,1.0
117,1716,1.0
118,1716,0.0
119,1716,7.0
120,1716,0.0
121,1716,2.0
122,1716,0.0
123,1716,2.0
124,1716,0.0
125,1716,0.0
126,1716,1.0
127,1716,1.0
128,1716,1.0
129,1716,0.0
130,1716,5.0
131,1716,1.0
132,1716,0.0
133,1716,0.0
134,1716,0.0
135,1716,0.0
136,1716,0.0
137,1716,4.0
138,1716,0.0
139,1716,0.0
140,1716,1.0
141,1716,2.0
142,1716,0.0
143,1716,0.0
144,1716,1.0
145,1716,3.0
146,1716,0.0
147,1716,2.0
148,1716,0.0
149,1716,2.0
150,1716,17.0
151,1716,28.0
152,1716,7.0
153,1716,4.0
154,1716,0.0
155,1716,1.0
156,1716,2.0
157,1716,4.0
158,1716,0.0
159,1716,5.0
160,1716,10.0
161,1716,7.0
162,1716,7.0
163,1716,7.0
164,1716,4.0
165,1716,0.0
166,1716,0.0
167,1716,10.0
168,1716,13.0
169,1716,14.0
170,1716,1.0
171,1716,0.0
172,1716,0.0
173,1716,1.0
174,1716,0.0
175,1716,0.0
176,1716,0.0
177,1716,1.0
178,1716,5.0
179,1716,2.0
180,1716,0.0
181,1716,0.0
182,1716,0.0
183,1716,0.0
184,1716,2.0
185,1716,0.0
186,1716,0.0
187,1716,2.0
188,1716,5.0
189,1716,1.0
190,1716,0.0
191,1716,1.0
192,1716,0.0
193,1716,1.0
194,1716,0.0
195,1716,0.0
196,1716,0.0
197,1716,0.0
198,1716,2.0
199,1716,1.0
0,1717,0.0
1,1717,0.0
2,1717,6.0
3,1717,0.0
4,1717,1.0
5,1717,0.0
6,1717,0.0
7,1717,0.0
8,1717,0.0
9,1717,1.0
10,1717,1.0
11,1717,0.0
12,1717,4.0
13,1717,3.0
14,1717,1.0
15,1717,0.0
16,1717,2.0
17,1717,0.0
18,1717,0.0
19,1717,4.0
20,1717,0.0
21,1717,0.0
22,1717,0.0
23,1717,1.0
24,1717,1.0
25,1717,0.0
26,1717,3.0
27,1717,0.0
28,1717,5.0
29,1717,1.0
30,1717,10.0
31,1717,5.0
32,1717,2.0
33,1717,0.0
34,1717,0.0
35,1717,6.0
36,1717,2.0
37,1717,1.0
38,1717,1.0
39,1717,5.0
40,1717,3.0
41,1717,1.0
42,1717,0.0
43,1717,1.0
44,1717,1.0
45,1717,0.0
46,1717,2.0
47,1717,6.0
48,1717,6.0
49,1717,4.0
50,1717,0.0
51,1717,0.0
52,1717,0.0
53,1717,70.0
54,1717,5.0
55,1717,0.0
56,1717,1.0
57,1717,0.0
58,1717,4.0
59,1717,0.0
60,1717,1.0
61,1717,38.0
62,1717,6.0
63,1717,1.0
64,1717,2.0
65,1717,0.0
66,1717,10.0
67,1717,6.0
68,1717,2.0
69,1717,0.0
70,1717,2.0
71,1717,2.0
72,1717,32.0
73,1717,0.0
74,1717,0.0
75,1717,0.0
76,1717,0.0
77,1717,0.0
78,1717,2.0
79,1717,0.0
80,1717,0.0
81,1717,0.0
82,1717,0.0
83,1717,0.0
84,1717,3.0
85,1717,69.0
86,1717,9.0
87,1717,0.0
88,1717,4.0
89,1717,0.0
90,1717,1.0
91,1717,12.0
92,1717,19.0
93,1717,0.0
94,1717,7.0
95,1717,2.0
96,1717,8.0
97,1717,1.0
98,1717,7.0
99,1717,1.0
100,1717,2.0
101,1717,1.0
102,1717,0.0
103,1717,0.0
104,1717,7.0
105,1717,0.0
106,1717,6.0
107,1717,3.0
108,1717,7.0
109,1717,5.0
110,1717,7.0
111,1717,5.0
112,1717,11.0
113,1717,0.0
114,1717,3.0
115,1717,0.0
116,1717,2.0
117,1717,1.0
118,1717,2.0
119,1717,3.0
120,1717,0.0
121,1717,3.0
122,1717,2.0
123,1717,0.0
124,1717,1.0
125,1717,1.0
126,1717,3.0
127,1717,1.0
128,1717,6.0
129,1717,2.0
130,1717,0.0
131,1717,0.0
132,1717,1.0
133,1717,0.0
134,1717,0.0
135,1717,0.0
136,1717,0.0
137,1717,1.0
138,1717,0.0
139,1717,0.0
140,1717,0.0
141,1717,2.0
142,1717,0.0
143,1717,3.0
144,1717,3.0
145,1717,1.0
146,1717,2.0
147,1717,10.0
148,1717,0.0
149,1717,2.0
150,1717,13.0
151,1717,16.0
152,1717,6.0
153,1717,2.0
154,1717,1.0
155,1717,2.0
156,1717,2.0
157,1717,1.0
158,1717,2.0
159,1717,8.0
160,1717,3.0
161,1717,3.0
162,1717,12.0
163,1717,7.0
164,1717,0.0
165,1717,0.0
166,1717,2.0
167,1717,18.0
168,1717,18.0
169,1717,5.0
170,1717,0.0
171,1717,0.0
172,1717,0.0
173,1717,6.0
174,1717,0.0
175,1717,5.0
176,1717,0.0
177,1717,0.0
178,1717,1.0
179,1717,0.0
180,1717,4.0
181,1717,0.0
182,1717,0.0
183,1717,0.0
184,1717,0.0
185,1717,0.0
186,1717,1.0
187,1717,0.0
188,1717,9.0
189,1717,0.0
190,1717,0.0
191,1717,8.0
192,1717,0.0
193,1717,4.0
194,1717,0.0
195,1717,0.0
196,1717,0.0
197,1717,1.0
198,1717,1.0
199,1717,2.0
0,1718,0.0
1,1718,0.0
2,1718,7.0
3,1718,0.0
4,1718,0.0
5,1718,0.0
6,1718,0.0
7,1718,0.0
8,1718,0.0
9,1718,6.0
10,1718,4.0
11,1718,0.0
12,1718,0.0
13,1718,1.0
14,1718,3.0
15,1718,0.0
16,1718,0.0
17,1718,0.0
18,1718,0.0
19,1718,0.0
20,1718,0.0
21,1718,0.0
22,1718,2.0
23,1718,0.0
24,1718,1.0
25,1718,0.0
26,1718,0.0
27,1718,0.0
28,1718,0.0
29,1718,2.0
30,1718,3.0
31,1718,4.0
32,1718,2.0
33,1718,8.0
34,1718,2.0
35,1718,3.0
36,1718,0.0
37,1718,7.0
38,1718,2.0
39,1718,5.0
40,1718,4.0
41,1718,0.0
42,1718,1.0
43,1718,2.0
44,1718,1.0
45,1718,1.0
46,1718,0.0
47,1718,3.0
48,1718,1.0
49,1718,2.0
50,1718,0.0
51,1718,0.0
52,1718,3.0
53,1718,66.0
54,1718,1.0
55,1718,0.0
56,1718,0.0
57,1718,2.0
58,1718,2.0
59,1718,3.0
60,1718,2.0
61,1718,29.0
62,1718,2.0
63,1718,1.0
64,1718,0.0
65,1718,0.0
66,1718,6.0
67,1718,2.0
68,1718,2.0
69,1718,0.0
70,1718,0.0
71,1718,2.0
72,1718,46.0
73,1718,0.0
74,1718,0.0
75,1718,2.0
76,1718,0.0
77,1718,0.0
78,1718,1.0
79,1718,0.0
80,1718,0.0
81,1718,1.0
82,1718,0.0
83,1718,0.0
84,1718,3.0
85,1718,36.0
86,1718,5.0
87,1718,2.0
88,1718,6.0
89,1718,0.0
90,1718,0.0
91,1718,2.0
92,1718,20.0
93,1718,0.0
94,1718,2.0
95,1718,9.0
96,1718,6.0
97,1718,0.0
98,1718,2.0
99,1718,2.0
100,1718,2.0
101,1718,0.0
102,1718,0.0
103,1718,0.0
104,1718,14.0
105,1718,0.0
106,1718,5.0
107,1718,1.0
108,1718,4.0
109,1718,10.0
110,1718,2.0
111,1718,5.0
112,1718,1.0
113,1718,2.0
114,1718,1.0
115,1718,0.0
116,1718,1.0
117,1718,0.0
118,1718,0.0
119,1718,7.0
120,1718,0.0
121,1718,0.0
122,1718,0.0
123,1718,0.0
124,1718,3.0
125,1718,5.0
126,1718,2.0
127,1718,0.0
128,1718,0.0
129,1718,2.0
130,1718,0.0
131,1718,0.0
132,1718,1.0
133,1718,2.0
134,1718,0.0
135,1718,0.0
136,1718,3.0
137,1718,1.0
138,1718,0.0
139,1718,0.0
140,1718,0.0
141,1718,0.0
142,1718,1.0
143,1718,2.0
144,1718,2.0
145,1718,1.0
146,1718,1.0
147,1718,0.0
148,1718,2.0
149,1718,1.0
150,1718,12.0
151,1718,21.0
152,1718,10.0
153,1718,5.0
154,1718,2.0
155,1718,0.0
156,1718,1.0
157,1718,0.0
158,1718,2.0
159,1718,3.0
160,1718,4.0
161,1718,4.0
162,1718,12.0
163,1718,8.0
164,1718,0.0
165,1718,0.0
166,1718,0.0
167,1718,8.0
168,1718,19.0
169,1718,7.0
170,1718,0.0
171,1718,0.0
172,1718,0.0
173,1718,2.0
174,1718,0.0
175,1718,3.0
176,1718,0.0
177,1718,0.0
178,1718,0.0
179,1718,0.0
180,1718,1.0
181,1718,0.0
182,1718,4.0
183,1718,0.0
184,1718,0.0
185,1718,0.0
186,1718,0.0
187,1718,0.0
188,1718,3.0
189,1718,0.0
190,1718,0.0
191,1718,0.0
192,1718,0.0
193,1718,1.0
194,1718,0.0
195,1718,2.0
196,1718,2.0
197,1718,0.0
198,1718,1.0
199,1718,0.0
0,1719,0.0
1,1719,0.0
2,1719,6.0
3,1719,0.0
4,1719,0.0
5,1719,0.0
6,1719,0.0
7,1719,0.0
8,1719,0.0
9,1719,4.0
10,1719,2.0
11,1719,0.0
12,1719,0.0
13,1719,1.0
14,1719,0.0
15,1719,3.0
16,1719,1.0
17,1719,0.0
18,1719,0.0
19,1719,1.0
20,1719,0.0
21,1719,3.0
22,1719,0.0
23,1719,0.0
24,1719,5.0
25,1719,0.0
26,1719,2.0
27,1719,1.0
28,1719,5.0
29,1719,0.0
30,1719,2.0
31,1719,1.0
32,1719,0.0
33,1719,2.0
34,1719,0.0
35,1719,3.0
36,1719,0.0
37,1719,2.0
38,1719,2.0
39,1719,2.0
40,1719,1.0
41,1719,1.0
42,1719,0.0
43,1719,0.0
44,1719,0.0
45,1719,0.0
46,1719,3.0
47,1719,2.0
48,1719,2.0
49,1719,1.0
50,1719,1.0
51,1719,0.0
52,1719,0.0
53,1719,59.0
54,1719,4.0
55,1719,0.0
56,1719,3.0
57,1719,0.0
58,1719,2.0
59,1719,0.0
60,1719,1.0
61,1719,28.0
62,1719,3.0
63,1719,0.0
64,1719,1.0
65,1719,0.0
66,1719,6.0
67,1719,2.0
68,1719,2.0
69,1719,1.0
70,1719,0.0
71,1719,4.0
72,1719,38.0
73,1719,0.0
74,1719,0.0
75,1719,1.0
76,1719,0.0
77,1719,0.0
78,1719,0.0
79,1719,0.0
80,1719,0.0
81,1719,1.0
82,1719,0.0
83,1719,0.0
84,1719,2.0
85,1719,32.0
86,1719,3.0
87,1719,0.0
88,1719,6.0
89,1719,1.0
90,1719,1.0
91,1719,3.0
92,1719,2.0
93,1719,0.0
94,1719,0.0
95,1719,3.0
96,1719,1.0
97,1719,0.0
98,1719,3.0
99,1719,0.0
100,1719,0.0
101,1719,0.0
102,1719,0.0
103,1719,0.0
104,1719,13.0
105,1719,0.0
106,1719,1.0
107,1719,1.0
108,1719,3.0
109,1719,5.0
110,1719,12.0
111,1719,2.0
112,1719,0.0
113,1719,4.0
114,1719,1.0
115,1719,0.0
116,1719,1.0
117,1719,2.0
118,1719,0.0
119,1719,5.0
120,1719,0.0
121,1719,2.0
122,1719,0.0
123,1719,0.0
124,1719,0.0
125,1719,0.0
126,1719,0.0
127,1719,2.0
128,1719,2.0
129,1719,1.0
130,1719,1.0
131,1719,1.0
132,1719,0.0
133,1719,0.0
134,1719,0.0
135,1719,0.0
136,1719,2.0
137,1719,0.0
138,1719,0.0
139,1719,0.0
140,1719,0.0
141,1719,0.0
142,1719,1.0
143,1719,3.0
144,1719,3.0
145,1719,0.0
146,1719,0.0
147,1719,4.0
148,1719,0.0
149,1719,6.0
150,1719,13.0
151,1719,9.0
152,1719,9.0
153,1719,2.0
154,1719,0.0
155,1719,0.0
156,1719,0.0
157,1719,2.0
158,1719,1.0
159,1719,0.0
160,1719,7.0
161,1719,3.0
162,1719,9.0
163,1719,3.0
164,1719,1.0
165,1719,0.0
166,1719,2.0
167,1719,9.0
168,1719,14.0
169,1719,6.0
170,1719,0.0
171,1719,1.0
172,1719,2.0
173,1719,3.0
174,1719,0.0
175,1719,1.0
176,1719,0.0
177,1719,2.0
178,1719,0.0
179,1719,0.0
180,1719,1.0
181,1719,0.0
182,1719,2.0
183,1719,0.0
184,1719,0.0
185,1719,0.0
186,1719,0.0
187,1719,0.0
188,1719,6.0
189,1719,0.0
190,1719,0.0
191,1719,0.0
192,1719,0.0
193,1719,1.0
194,1719,0.0
195,1719,0.0
196,1719,0.0
197,1719,0.0
198,1719,2.0
199,1719,0.0
0,1720,0.0
1,1720,0.0
2,1720,5.0
3,1720,1.0
4,1720,0.0
5,1720,0.0
6,1720,1.0
7,1720,0.0
8,1720,0.0
9,1720,2.0
10,1720,1.0
11,1720,0.0
12,1720,0.0
13,1720,0.0
14,1720,1.0
15,1720,0.0
16,1720,2.0
17,1720,2.0
18,1720,0.0
19,1720,1.0
20,1720,0.0
21,1720,0.0
22,1720,0.0
23,1720,1.0
24,1720,1.0
25,1720,1.0
26,1720,2.0
27,1720,0.0
28,1720,4.0
29,1720,0.0
30,1720,6.0
31,1720,4.0
32,1720,3.0
33,1720,4.0
34,1720,0.0
35,1720,7.0
36,1720,0.0
37,1720,5.0
38,1720,1.0
39,1720,3.0
40,1720,1.0
41,1720,1.0
42,1720,1.0
43,1720,1.0
44,1720,0.0
45,1720,0.0
46,1720,3.0
47,1720,1.0
48,1720,0.0
49,1720,1.0
50,1720,1.0
51,1720,0.0
52,1720,1.0
53,1720,32.0
54,1720,5.0
55,1720,0.0
56,1720,1.0
57,1720,0.0
58,1720,4.0
59,1720,1.0
60,1720,3.0
61,1720,12.0
62,1720,0.0
63,1720,2.0
64,1720,3.0
65,1720,1.0
66,1720,7.0
67,1720,5.0
68,1720,2.0
69,1720,0.0
70,1720,0.0
71,1720,1.0
72,1720,20.0
73,1720,0.0
74,1720,0.0
75,1720,1.0
76,1720,0.0
77,1720,0.0
78,1720,2.0
79,1720,0.0
80,1720,0.0
81,1720,1.0
82,1720,0.0
83,1720,0.0
84,1720,2.0
85,1720,35.0
86,1720,4.0
87,1720,0.0
88,1720,2.0
89,1720,0.0
90,1720,0.0
91,1720,3.0
92,1720,4.0
93,1720,0.0
94,1720,4.0
95,1720,4.0
96,1720,4.0
97,1720,1.0
98,1720,2.0
99,1720,0.0
100,1720,0.0
101,1720,0.0
102,1720,0.0
103,1720,0.0
104,1720,1.0
105,1720,6.0
106,1720,5.0
107,1720,1.0
108,1720,6.0
109,1720,2.0
110,1720,4.0
111,1720,1.0
112,1720,6.0
113,1720,1.0
114,1720,0.0
115,1720,1.0
116,1720,2.0
117,1720,0.0
118,1720,0.0
119,1720,6.0
120,1720,1.0
121,1720,1.0
122,1720,2.0
123,1720,0.0
124,1720,0.0
125,1720,0.0
126,1720,1.0
127,1720,0.0
128,1720,3.0
129,1720,1.0
130,1720,0.0
131,1720,1.0
132,1720,0.0
133,1720,0.0
134,1720,0.0
135,1720,0.0
136,1720,1.0
137,1720,4.0
138,1720,0.0
139,1720,0.0
140,1720,1.0
141,1720,1.0
142,1720,0.0
143,1720,1.0
144,1720,3.0
145,1720,0.0
146,1720,0.0
147,1720,2.0
148,1720,0.0
149,1720,2.0
150,1720,12.0
151,1720,17.0
152,1720,10.0
153,1720,0.0
154,1720,1.0
155,1720,1.0
156,1720,0.0
157,1720,1.0
158,1720,0.0
159,1720,1.0
160,1720,3.0
161,1720,1.0
162,1720,13.0
163,1720,5.0
164,1720,1.0
165,1720,0.0
166,1720,1.0
167,1720,11.0
168,1720,9.0
169,1720,7.0
170,1720,1.0
171,1720,9.0
172,1720,2.0
173,1720,0.0
174,1720,0.0
175,1720,2.0
176,1720,0.0
177,1720,0.0
178,1720,0.0
179,1720,2.0
180,1720,1.0
181,1720,0.0
182,1720,0.0
183,1720,0.0
184,1720,0.0
185,1720,0.0
186,1720,0.0
187,1720,0.0
188,1720,5.0
189,1720,0.0
190,1720,0.0
191,1720,0.0
192,1720,0.0
193,1720,0.0
194,1720,0.0
195,1720,0.0
196,1720,1.0
197,1720,0.0
198,1720,1.0
199,1720,0.0
0,1721,0.0
1,1721,0.0
2,1721,5.0
3,1721,1.0
4,1721,0.0
5,1721,0.0
6,1721,1.0
7,1721,0.0
8,1721,0.0
9,1721,1.0
10,1721,22.0
11,1721,0.0
12,1721,0.0
13,1721,2.0
14,1721,1.0
15,1721,1.0
16,1721,1.0
17,1721,0.0
18,1721,0.0
19,1721,2.0
20,1721,0.0
21,1721,0.0
22,1721,2.0
23,1721,0.0
24,1721,1.0
25,1721,0.0
26,1721,1.0
27,1721,0.0
28,1721,1.0
29,1721,0.0
30,1721,2.0
31,1721,2.0
32,1721,0.0
33,1721,4.0
34,1721,0.0
35,1721,6.0
36,1721,0.0
37,1721,1.0
38,1721,0.0
39,1721,1.0
40,1721,3.0
41,1721,2.0
42,1721,3.0
43,1721,0.0
44,1721,0.0
45,1721,0.0
46,1721,0.0
47,1721,4.0
48,1721,0.0
49,1721,2.0
50,1721,1.0
51,1721,0.0
52,1721,2.0
53,1721,35.0
54,1721,9.0
55,1721,0.0
56,1721,1.0
57,1721,0.0
58,1721,1.0
59,1721,1.0
60,1721,0.0
61,1721,24.0
62,1721,0.0
63,1721,6.0
64,1721,0.0
65,1721,0.0
66,1721,5.0
67,1721,0.0
68,1721,1.0
69,1721,2.0
70,1721,4.0
71,1721,2.0
72,1721,24.0
73,1721,0.0
74,1721,0.0
75,1721,1.0
76,1721,0.0
77,1721,0.0
78,1721,0.0
79,1721,1.0
80,1721,0.0
81,1721,1.0
82,1721,0.0
83,1721,0.0
84,1721,0.0
85,1721,30.0
86,1721,4.0
87,1721,0.0
88,1721,4.0
89,1721,0.0
90,1721,0.0
91,1721,2.0
92,1721,8.0
93,1721,0.0
94,1721,1.0
95,1721,12.0
96,1721,2.0
97,1721,0.0
98,1721,1.0
99,1721,1.0
100,1721,0.0
101,1721,0.0
102,1721,0.0
103,1721,3.0
104,1721,0.0
105,1721,3.0
106,1721,1.0
107,1721,0.0
108,1721,0.0
109,1721,4.0
110,1721,8.0
111,1721,0.0
112,1721,6.0
113,1721,2.0
114,1721,0.0
115,1721,1.0
116,1721,0.0
117,1721,1.0
118,1721,0.0
119,1721,2.0
120,1721,0.0
121,1721,0.0
122,1721,1.0
123,1721,0.0
124,1721,0.0
125,1721,0.0
126,1721,1.0
127,1721,0.0
128,1721,2.0
129,1721,3.0
130,1721,1.0
131,1721,1.0
132,1721,2.0
133,1721,0.0
134,1721,0.0
135,1721,0.0
136,1721,0.0
137,1721,1.0
138,1721,0.0
139,1721,0.0
140,1721,0.0
141,1721,0.0
142,1721,0.0
143,1721,2.0
144,1721,0.0
145,1721,0.0
146,1721,0.0
147,1721,0.0
148,1721,0.0
149,1721,1.0
150,1721,0.0
151,1721,9.0
152,1721,6.0
153,1721,2.0
154,1721,2.0
155,1721,1.0
156,1721,0.0
157,1721,0.0
158,1721,3.0
159,1721,5.0
160,1721,5.0
161,1721,2.0
162,1721,0.0
163,1721,8.0
164,1721,2.0
165,1721,0.0
166,1721,3.0
167,1721,0.0
168,1721,0.0
169,1721,0.0
170,1721,0.0
171,1721,1.0
172,1721,2.0
173,1721,1.0
174,1721,0.0
175,1721,0.0
176,1721,0.0
177,1721,2.0
178,1721,3.0
179,1721,0.0
180,1721,0.0
181,1721,0.0
182,1721,0.0
183,1721,0.0
184,1721,0.0
185,1721,0.0
186,1721,0.0
187,1721,0.0
188,1721,1.0
189,1721,0.0
190,1721,0.0
191,1721,0.0
192,1721,1.0
193,1721,1.0
194,1721,0.0
195,1721,0.0
196,1721,0.0
197,1721,0.0
198,1721,0.0
199,1721,0.0
0,1722,0.0
1,1722,0.0
2,1722,12.0
3,1722,0.0
4,1722,1.0
5,1722,0.0
6,1722,1.0
7,1722,0.0
8,1722,0.0
9,1722,0.0
10,1722,2.0
11,1722,0.0
12,1722,1.0
13,1722,5.0
14,1722,3.0
15,1722,5.0
16,1722,0.0
17,1722,0.0
18,1722,0.0
19,1722,0.0
20,1722,0.0
21,1722,0.0
22,1722,1.0
23,1722,0.0
24,1722,2.0
25,1722,2.0
26,1722,0.0
27,1722,1.0
28,1722,3.0
29,1722,0.0
30,1722,3.0
31,1722,0.0
32,1722,0.0
33,1722,11.0
34,1722,0.0
35,1722,5.0
36,1722,1.0
37,1722,5.0
38,1722,0.0
39,1722,2.0
40,1722,3.0
41,1722,2.0
42,1722,1.0
43,1722,1.0
44,1722,1.0
45,1722,1.0
46,1722,0.0
47,1722,1.0
48,1722,3.0
49,1722,0.0
50,1722,1.0
51,1722,0.0
52,1722,1.0
53,1722,60.0
54,1722,1.0
55,1722,0.0
56,1722,3.0
57,1722,2.0
58,1722,1.0
59,1722,4.0
60,1722,1.0
61,1722,29.0
62,1722,3.0
63,1722,1.0
64,1722,0.0
65,1722,0.0
66,1722,4.0
67,1722,3.0
68,1722,4.0
69,1722,2.0
70,1722,3.0
71,1722,0.0
72,1722,25.0
73,1722,0.0
74,1722,0.0
75,1722,1.0
76,1722,0.0
77,1722,0.0
78,1722,3.0
79,1722,1.0
80,1722,0.0
81,1722,3.0
82,1722,0.0
83,1722,0.0
84,1722,4.0
85,1722,37.0
86,1722,5.0
87,1722,0.0
88,1722,0.0
89,1722,2.0
90,1722,0.0
91,1722,3.0
92,1722,2.0
93,1722,0.0
94,1722,4.0
95,1722,9.0
96,1722,14.0
97,1722,0.0
98,1722,9.0
99,1722,0.0
100,1722,3.0
101,1722,0.0
102,1722,0.0
103,1722,1.0
104,1722,0.0
105,1722,2.0
106,1722,6.0
107,1722,1.0
108,1722,1.0
109,1722,2.0
110,1722,3.0
111,1722,4.0
112,1722,1.0
113,1722,0.0
114,1722,2.0
115,1722,0.0
116,1722,2.0
117,1722,1.0
118,1722,0.0
119,1722,3.0
120,1722,0.0
121,1722,1.0
122,1722,0.0
123,1722,0.0
124,1722,1.0
125,1722,1.0
126,1722,1.0
127,1722,1.0
128,1722,2.0
129,1722,3.0
130,1722,1.0
131,1722,0.0
132,1722,2.0
133,1722,0.0
134,1722,0.0
135,1722,0.0
136,1722,0.0
137,1722,1.0
138,1722,0.0
139,1722,0.0
140,1722,2.0
141,1722,4.0
142,1722,0.0
143,1722,5.0
144,1722,0.0
145,1722,4.0
146,1722,2.0
147,1722,0.0
148,1722,1.0
149,1722,0.0
150,1722,0.0
151,1722,11.0
152,1722,12.0
153,1722,3.0
154,1722,2.0
155,1722,0.0
156,1722,0.0
157,1722,1.0
158,1722,0.0
159,1722,2.0
160,1722,7.0
161,1722,4.0
162,1722,0.0
163,1722,8.0
164,1722,3.0
165,1722,0.0
166,1722,2.0
167,1722,0.0
168,1722,0.0
169,1722,0.0
170,1722,1.0
171,1722,7.0
172,1722,2.0
173,1722,2.0
174,1722,0.0
175,1722,0.0
176,1722,0.0
177,1722,3.0
178,1722,2.0
179,1722,1.0
180,1722,3.0
181,1722,0.0
182,1722,3.0
183,1722,1.0
184,1722,0.0
185,1722,0.0
186,1722,0.0
187,1722,0.0
188,1722,2.0
189,1722,0.0
190,1722,0.0
191,1722,0.0
192,1722,0.0
193,1722,0.0
194,1722,0.0
195,1722,0.0
196,1722,0.0
197,1722,0.0
198,1722,0.0
199,1722,0.0
0,1723,0.0
1,1723,0.0
2,1723,14.0
3,1723,1.0
4,1723,0.0
5,1723,0.0
6,1723,0.0
7,1723,0.0
8,1723,0.0
9,1723,4.0
10,1723,3.0
11,1723,0.0
12,1723,1.0
13,1723,1.0
14,1723,3.0
15,1723,6.0
16,1723,0.0
17,1723,0.0
18,1723,0.0
19,1723,1.0
20,1723,0.0
21,1723,1.0
22,1723,1.0
23,1723,0.0
24,1723,0.0
25,1723,1.0
26,1723,2.0
27,1723,0.0
28,1723,1.0
29,1723,1.0
30,1723,1.0
31,1723,4.0
32,1723,4.0
33,1723,6.0
34,1723,0.0
35,1723,8.0
36,1723,0.0
37,1723,0.0
38,1723,3.0
39,1723,1.0
40,1723,9.0
41,1723,0.0
42,1723,4.0
43,1723,2.0
44,1723,0.0
45,1723,0.0
46,1723,0.0
47,1723,2.0
48,1723,3.0
49,1723,2.0
50,1723,0.0
51,1723,0.0
52,1723,1.0
53,1723,73.0
54,1723,1.0
55,1723,0.0
56,1723,4.0
57,1723,0.0
58,1723,2.0
59,1723,0.0
60,1723,0.0
61,1723,45.0
62,1723,1.0
63,1723,3.0
64,1723,2.0
65,1723,2.0
66,1723,7.0
67,1723,3.0
68,1723,0.0
69,1723,0.0
70,1723,0.0
71,1723,4.0
72,1723,58.0
73,1723,0.0
74,1723,0.0
75,1723,1.0
76,1723,0.0
77,1723,0.0
78,1723,3.0
79,1723,1.0
80,1723,0.0
81,1723,3.0
82,1723,0.0
83,1723,0.0
84,1723,1.0
85,1723,50.0
86,1723,7.0
87,1723,0.0
88,1723,0.0
89,1723,0.0
90,1723,1.0
91,1723,8.0
92,1723,7.0
93,1723,0.0
94,1723,4.0
95,1723,5.0
96,1723,7.0
97,1723,0.0
98,1723,5.0
99,1723,0.0
100,1723,2.0
101,1723,1.0
102,1723,0.0
103,1723,3.0
104,1723,13.0
105,1723,1.0
106,1723,2.0
107,1723,0.0
108,1723,3.0
109,1723,4.0
110,1723,4.0
111,1723,3.0
112,1723,9.0
113,1723,4.0
114,1723,0.0
115,1723,0.0
116,1723,0.0
117,1723,1.0
118,1723,1.0
119,1723,11.0
120,1723,0.0
121,1723,1.0
122,1723,1.0
123,1723,1.0
124,1723,0.0
125,1723,3.0
126,1723,2.0
127,1723,3.0
128,1723,5.0
129,1723,2.0
130,1723,1.0
131,1723,0.0
132,1723,1.0
133,1723,0.0
134,1723,0.0
135,1723,0.0
136,1723,0.0
137,1723,0.0
138,1723,0.0
139,1723,0.0
140,1723,0.0
141,1723,1.0
142,1723,0.0
143,1723,2.0
144,1723,4.0
145,1723,1.0
146,1723,0.0
147,1723,0.0
148,1723,0.0
149,1723,2.0
150,1723,16.0
151,1723,24.0
152,1723,15.0
153,1723,1.0
154,1723,1.0
155,1723,2.0
156,1723,0.0
157,1723,1.0
158,1723,3.0
159,1723,10.0
160,1723,6.0
161,1723,3.0
162,1723,17.0
163,1723,19.0
164,1723,5.0
165,1723,0.0
166,1723,4.0
167,1723,12.0
168,1723,15.0
169,1723,4.0
170,1723,0.0
171,1723,4.0
172,1723,4.0
173,1723,1.0
174,1723,0.0
175,1723,3.0
176,1723,0.0
177,1723,0.0
178,1723,0.0
179,1723,0.0
180,1723,0.0
181,1723,0.0
182,1723,2.0
183,1723,2.0
184,1723,0.0
185,1723,0.0
186,1723,0.0
187,1723,0.0
188,1723,10.0
189,1723,0.0
190,1723,0.0
191,1723,2.0
192,1723,0.0
193,1723,1.0
194,1723,0.0
195,1723,3.0
196,1723,0.0
197,1723,0.0
198,1723,1.0
199,1723,0.0
0,1724,0.0
1,1724,0.0
2,1724,12.0
3,1724,1.0
4,1724,0.0
5,1724,0.0
6,1724,2.0
7,1724,0.0
8,1724,0.0
9,1724,4.0
10,1724,1.0
11,1724,0.0
12,1724,0.0
13,1724,2.0
14,1724,0.0
15,1724,2.0
16,1724,1.0
17,1724,0.0
18,1724,2.0
19,1724,0.0
20,1724,0.0
21,1724,0.0
22,1724,1.0
23,1724,2.0
24,1724,3.0
25,1724,0.0
26,1724,1.0
27,1724,0.0
28,1724,1.0
29,1724,0.0
30,1724,5.0
31,1724,1.0
32,1724,0.0
33,1724,9.0
34,1724,4.0
35,1724,13.0
36,1724,2.0
37,1724,2.0
38,1724,1.0
39,1724,1.0
40,1724,5.0
41,1724,0.0
42,1724,2.0
43,1724,0.0
44,1724,2.0
45,1724,0.0
46,1724,0.0
47,1724,1.0
48,1724,2.0
49,1724,3.0
50,1724,0.0
51,1724,0.0
52,1724,0.0
53,1724,96.0
54,1724,1.0
55,1724,0.0
56,1724,1.0
57,1724,2.0
58,1724,1.0
59,1724,3.0
60,1724,0.0
61,1724,48.0
62,1724,4.0
63,1724,3.0
64,1724,2.0
65,1724,1.0
66,1724,4.0
67,1724,5.0
68,1724,0.0
69,1724,0.0
70,1724,0.0
71,1724,1.0
72,1724,52.0
73,1724,0.0
74,1724,0.0
75,1724,1.0
76,1724,0.0
77,1724,0.0
78,1724,5.0
79,1724,2.0
80,1724,0.0
81,1724,1.0
82,1724,0.0
83,1724,0.0
84,1724,1.0
85,1724,51.0
86,1724,8.0
87,1724,0.0
88,1724,1.0
89,1724,0.0
90,1724,1.0
91,1724,5.0
92,1724,9.0
93,1724,0.0
94,1724,0.0
95,1724,7.0
96,1724,4.0
97,1724,0.0
98,1724,5.0
99,1724,0.0
100,1724,3.0
101,1724,1.0
102,1724,0.0
103,1724,3.0
104,1724,11.0
105,1724,0.0
106,1724,13.0
107,1724,2.0
108,1724,5.0
109,1724,8.0
110,1724,7.0
111,1724,2.0
112,1724,0.0
113,1724,0.0
114,1724,2.0
115,1724,0.0
116,1724,1.0
117,1724,1.0
118,1724,2.0
119,1724,5.0
120,1724,0.0
121,1724,0.0
122,1724,1.0
123,1724,1.0
124,1724,2.0
125,1724,1.0
126,1724,3.0
127,1724,0.0
128,1724,1.0
129,1724,2.0
130,1724,4.0
131,1724,0.0
132,1724,2.0
133,1724,0.0
134,1724,1.0
135,1724,1.0
136,1724,1.0
137,1724,2.0
138,1724,0.0
139,1724,0.0
140,1724,0.0
141,1724,2.0
142,1724,2.0
143,1724,3.0
144,1724,0.0
145,1724,4.0
146,1724,2.0
147,1724,0.0
148,1724,0.0
149,1724,0.0
150,1724,17.0
151,1724,24.0
152,1724,14.0
153,1724,3.0
154,1724,4.0
155,1724,0.0
156,1724,0.0
157,1724,1.0
158,1724,1.0
159,1724,4.0
160,1724,4.0
161,1724,3.0
162,1724,20.0
163,1724,23.0
164,1724,5.0
165,1724,0.0
166,1724,0.0
167,1724,10.0
168,1724,17.0
169,1724,24.0
170,1724,0.0
171,1724,6.0
172,1724,2.0
173,1724,1.0
174,1724,0.0
175,1724,3.0
176,1724,0.0
177,1724,3.0
178,1724,1.0
179,1724,0.0
180,1724,3.0
181,1724,0.0
182,1724,0.0
183,1724,0.0
184,1724,2.0
185,1724,0.0
186,1724,0.0
187,1724,0.0
188,1724,5.0
189,1724,0.0
190,1724,0.0
191,1724,1.0
192,1724,1.0
193,1724,4.0
194,1724,0.0
195,1724,2.0
196,1724,0.0
197,1724,0.0
198,1724,0.0
199,1724,0.0
0,1725,0.0
1,1725,0.0
2,1725,16.0
3,1725,1.0
4,1725,1.0
5,1725,0.0
6,1725,0.0
7,1725,0.0
8,1725,0.0
9,1725,3.0
10,1725,3.0
11,1725,1.0
12,1725,0.0
13,1725,1.0
14,1725,0.0
15,1725,0.0
16,1725,0.0
17,1725,0.0
18,1725,0.0
19,1725,1.0
20,1725,0.0
21,1725,0.0
22,1725,0.0
23,1725,2.0
24,1725,3.0
25,1725,0.0
26,1725,2.0
27,1725,0.0
28,1725,0.0
29,1725,0.0
30,1725,3.0
31,1725,2.0
32,1725,0.0
33,1725,1.0
34,1725,0.0
35,1725,9.0
36,1725,0.0
37,1725,3.0
38,1725,1.0
39,1725,1.0
40,1725,0.0
41,1725,1.0
42,1725,2.0
43,1725,3.0
44,1725,0.0
45,1725,0.0
46,1725,0.0
47,1725,1.0
48,1725,0.0
49,1725,0.0
50,1725,0.0
51,1725,0.0
52,1725,0.0
53,1725,59.0
54,1725,0.0
55,1725,0.0
56,1725,1.0
57,1725,1.0
58,1725,0.0
59,1725,0.0
60,1725,0.0
61,1725,17.0
62,1725,0.0
63,1725,1.0
64,1725,1.0
65,1725,1.0
66,1725,3.0
67,1725,7.0
68,1725,1.0
69,1725,2.0
70,1725,1.0
71,1725,1.0
72,1725,25.0
73,1725,0.0
74,1725,0.0
75,1725,1.0
76,1725,0.0
77,1725,0.0
78,1725,3.0
79,1725,0.0
80,1725,0.0
81,1725,5.0
82,1725,0.0
83,1725,0.0
84,1725,5.0
85,1725,32.0
86,1725,1.0
87,1725,1.0
88,1725,1.0
89,1725,0.0
90,1725,1.0
91,1725,1.0
92,1725,5.0
93,1725,0.0
94,1725,1.0
95,1725,5.0
96,1725,8.0
97,1725,2.0
98,1725,2.0
99,1725,0.0
100,1725,0.0
101,1725,0.0
102,1725,0.0
103,1725,2.0
104,1725,3.0
105,1725,0.0
106,1725,3.0
107,1725,1.0
108,1725,2.0
109,1725,4.0
110,1725,5.0
111,1725,5.0
112,1725,0.0
113,1725,1.0
114,1725,0.0
115,1725,0.0
116,1725,0.0
117,1725,0.0
118,1725,0.0
119,1725,2.0
120,1725,0.0
121,1725,3.0
122,1725,0.0
123,1725,0.0
124,1725,1.0
125,1725,3.0
126,1725,0.0
127,1725,1.0
128,1725,1.0
129,1725,0.0
130,1725,2.0
131,1725,1.0
132,1725,0.0
133,1725,0.0
134,1725,0.0
135,1725,0.0
136,1725,1.0
137,1725,2.0
138,1725,0.0
139,1725,0.0
140,1725,0.0
141,1725,3.0
142,1725,0.0
143,1725,5.0
144,1725,2.0
145,1725,2.0
146,1725,3.0
147,1725,0.0
148,1725,3.0
149,1725,1.0
150,1725,10.0
151,1725,17.0
152,1725,4.0
153,1725,0.0
154,1725,1.0
155,1725,2.0
156,1725,1.0
157,1725,4.0
158,1725,3.0
159,1725,1.0
160,1725,3.0
161,1725,4.0
162,1725,10.0
163,1725,6.0
164,1725,4.0
165,1725,0.0
166,1725,1.0
167,1725,4.0
168,1725,5.0
169,1725,10.0
170,1725,0.0
171,1725,5.0
172,1725,0.0
173,1725,1.0
174,1725,0.0
175,1725,0.0
176,1725,0.0
177,1725,0.0
178,1725,0.0
179,1725,0.0
180,1725,0.0
181,1725,1.0
182,1725,1.0
183,1725,0.0
184,1725,2.0
185,1725,0.0
186,1725,0.0
187,1725,0.0
188,1725,2.0
189,1725,0.0
190,1725,0.0
191,1725,5.0
192,1725,0.0
193,1725,0.0
194,1725,4.0
195,1725,1.0
196,1725,1.0
197,1725,0.0
198,1725,0.0
199,1725,0.0
0,1726,0.0
1,1726,0.0
2,1726,10.0
3,1726,1.0
4,1726,1.0
5,1726,0.0
6,1726,0.0
7,1726,0.0
8,1726,0.0
9,1726,6.0
10,1726,1.0
11,1726,0.0
12,1726,1.0
13,1726,1.0
14,1726,0.0
15,1726,2.0
16,1726,0.0
17,1726,1.0
18,1726,3.0
19,1726,0.0
20,1726,0.0
21,1726,0.0
22,1726,1.0
23,1726,0.0
24,1726,1.0
25,1726,1.0
26,1726,0.0
27,1726,1.0
28,1726,0.0
29,1726,0.0
30,1726,2.0
31,1726,2.0
32,1726,0.0
33,1726,8.0
34,1726,0.0
35,1726,1.0
36,1726,0.0
37,1726,2.0
38,1726,0.0
39,1726,0.0
40,1726,0.0
41,1726,0.0
42,1726,0.0
43,1726,3.0
44,1726,0.0
45,1726,0.0
46,1726,0.0
47,1726,0.0
48,1726,0.0
49,1726,3.0
50,1726,0.0
51,1726,0.0
52,1726,1.0
53,1726,25.0
54,1726,0.0
55,1726,1.0
56,1726,0.0
57,1726,0.0
58,1726,0.0
59,1726,1.0
60,1726,0.0
61,1726,16.0
62,1726,4.0
63,1726,1.0
64,1726,2.0
65,1726,0.0
66,1726,3.0
67,1726,6.0
68,1726,2.0
69,1726,0.0
70,1726,0.0
71,1726,6.0
72,1726,31.0
73,1726,0.0
74,1726,0.0
75,1726,0.0
76,1726,0.0
77,1726,0.0
78,1726,2.0
79,1726,0.0
80,1726,0.0
81,1726,2.0
82,1726,0.0
83,1726,0.0
84,1726,3.0
85,1726,34.0
86,1726,6.0
87,1726,0.0
88,1726,0.0
89,1726,4.0
90,1726,0.0
91,1726,7.0
92,1726,2.0
93,1726,0.0
94,1726,3.0
95,1726,6.0
96,1726,4.0
97,1726,1.0
98,1726,2.0
99,1726,1.0
100,1726,0.0
101,1726,0.0
102,1726,0.0
103,1726,8.0
104,1726,4.0
105,1726,0.0
106,1726,5.0
107,1726,4.0
108,1726,2.0
109,1726,3.0
110,1726,2.0
111,1726,2.0
112,1726,1.0
113,1726,4.0
114,1726,1.0
115,1726,0.0
116,1726,1.0
117,1726,1.0
118,1726,2.0
119,1726,5.0
120,1726,0.0
121,1726,1.0
122,1726,3.0
123,1726,0.0
124,1726,0.0
125,1726,0.0
126,1726,0.0
127,1726,1.0
128,1726,0.0
129,1726,2.0
130,1726,1.0
131,1726,0.0
132,1726,0.0
133,1726,0.0
134,1726,0.0
135,1726,0.0
136,1726,2.0
137,1726,1.0
138,1726,0.0
139,1726,0.0
140,1726,0.0
141,1726,2.0
142,1726,0.0
143,1726,2.0
144,1726,0.0
145,1726,1.0
146,1726,0.0
147,1726,0.0
148,1726,4.0
149,1726,1.0
150,1726,7.0
151,1726,13.0
152,1726,11.0
153,1726,2.0
154,1726,2.0
155,1726,1.0
156,1726,0.0
157,1726,0.0
158,1726,0.0
159,1726,5.0
160,1726,4.0
161,1726,2.0
162,1726,14.0
163,1726,13.0
164,1726,0.0
165,1726,0.0
166,1726,3.0
167,1726,4.0
168,1726,8.0
169,1726,5.0
170,1726,0.0
171,1726,0.0
172,1726,1.0
173,1726,4.0
174,1726,0.0
175,1726,3.0
176,1726,0.0
177,1726,0.0
178,1726,0.0
179,1726,1.0
180,1726,1.0
181,1726,0.0
182,1726,0.0
183,1726,1.0
184,1726,1.0
185,1726,0.0
186,1726,0.0
187,1726,0.0
188,1726,2.0
189,1726,0.0
190,1726,0.0
191,1726,0.0
192,1726,0.0
193,1726,0.0
194,1726,1.0
195,1726,0.0
196,1726,0.0
197,1726,0.0
198,1726,0.0
199,1726,0.0
0,1727,0.0
1,1727,0.0
2,1727,5.0
3,1727,0.0
4,1727,0.0
5,1727,0.0
6,1727,0.0
7,1727,0.0
8,1727,0.0
9,1727,4.0
10,1727,4.0
11,1727,0.0
12,1727,1.0
13,1727,0.0
14,1727,0.0
15,1727,5.0
16,1727,0.0
17,1727,2.0
18,1727,3.0
19,1727,1.0
20,1727,0.0
21,1727,0.0
22,1727,0.0
23,1727,0.0
24,1727,0.0
25,1727,0.0
26,1727,1.0
27,1727,0.0
28,1727,3.0
29,1727,0.0
30,1727,0.0
31,1727,0.0
32,1727,1.0
33,1727,4.0
34,1727,3.0
35,1727,6.0
36,1727,0.0
37,1727,1.0
38,1727,3.0
39,1727,0.0
40,1727,0.0
41,1727,0.0
42,1727,0.0
43,1727,0.0
44,1727,0.0
45,1727,0.0
46,1727,0.0
47,1727,1.0
48,1727,0.0
49,1727,1.0
50,1727,0.0
51,1727,0.0
52,1727,1.0
53,1727,0.0
54,1727,0.0
55,1727,1.0
56,1727,4.0
57,1727,0.0
58,1727,0.0
59,1727,1.0
60,1727,0.0
61,1727,12.0
62,1727,0.0
63,1727,0.0
64,1727,0.0
65,1727,0.0
66,1727,6.0
67,1727,0.0
68,1727,3.0
69,1727,0.0
70,1727,4.0
71,1727,4.0
72,1727,22.0
73,1727,0.0
74,1727,0.0
75,1727,1.0
76,1727,0.0
77,1727,0.0
78,1727,1.0
79,1727,1.0
80,1727,0.0
81,1727,4.0
82,1727,0.0
83,1727,0.0
84,1727,2.0
85,1727,34.0
86,1727,2.0
87,1727,0.0
88,1727,7.0
89,1727,0.0
90,1727,0.0
91,1727,2.0
92,1727,8.0
93,1727,0.0
94,1727,2.0
95,1727,5.0
96,1727,9.0
97,1727,1.0
98,1727,6.0
99,1727,1.0
100,1727,0.0
101,1727,0.0
102,1727,0.0
103,1727,0.0
104,1727,4.0
105,1727,0.0
106,1727,2.0
107,1727,2.0
108,1727,3.0
109,1727,3.0
110,1727,3.0
111,1727,3.0
112,1727,0.0
113,1727,3.0
114,1727,3.0
115,1727,0.0
116,1727,0.0
117,1727,0.0
118,1727,0.0
119,1727,3.0
120,1727,1.0
121,1727,1.0
122,1727,2.0
123,1727,1.0
124,1727,2.0
125,1727,4.0
126,1727,0.0
127,1727,1.0
128,1727,2.0
129,1727,0.0
130,1727,1.0
131,1727,0.0
132,1727,2.0
133,1727,0.0
134,1727,4.0
135,1727,0.0
136,1727,0.0
137,1727,0.0
138,1727,0.0
139,1727,0.0
140,1727,0.0
141,1727,1.0
142,1727,1.0
143,1727,2.0
144,1727,2.0
145,1727,1.0
146,1727,0.0
147,1727,0.0
148,1727,0.0
149,1727,8.0
150,1727,12.0
151,1727,23.0
152,1727,7.0
153,1727,0.0
154,1727,0.0
155,1727,1.0
156,1727,1.0
157,1727,14.0
158,1727,2.0
159,1727,1.0
160,1727,6.0
161,1727,5.0
162,1727,7.0
163,1727,15.0
164,1727,1.0
165,1727,0.0
166,1727,0.0
167,1727,13.0
168,1727,10.0
169,1727,8.0
170,1727,0.0
171,1727,6.0
172,1727,2.0
173,1727,2.0
174,1727,0.0
175,1727,0.0
176,1727,0.0
177,1727,4.0
178,1727,0.0
179,1727,0.0
180,1727,1.0
181,1727,0.0
182,1727,0.0
183,1727,0.0
184,1727,0.0
185,1727,0.0
186,1727,0.0
187,1727,1.0
188,1727,1.0
189,1727,0.0
190,1727,0.0
191,1727,0.0
192,1727,0.0
193,1727,1.0
194,1727,6.0
195,1727,0.0
196,1727,3.0
197,1727,1.0
198,1727,0.0
199,1727,0.0
0,1728,0.0
1,1728,0.0
2,1728,12.0
3,1728,1.0
4,1728,0.0
5,1728,0.0
6,1728,1.0
7,1728,0.0
8,1728,0.0
9,1728,3.0
10,1728,0.0
11,1728,0.0
12,1728,4.0
13,1728,0.0
14,1728,0.0
15,1728,3.0
16,1728,1.0
17,1728,1.0
18,1728,0.0
19,1728,1.0
20,1728,0.0
21,1728,0.0
22,1728,1.0
23,1728,0.0
24,1728,3.0
25,1728,2.0
26,1728,1.0
27,1728,0.0
28,1728,0.0
29,1728,0.0
30,1728,1.0
31,1728,0.0
32,1728,0.0
33,1728,1.0
34,1728,0.0
35,1728,11.0
36,1728,0.0
37,1728,0.0
38,1728,0.0
39,1728,3.0
40,1728,0.0
41,1728,2.0
42,1728,1.0
43,1728,2.0
44,1728,1.0
45,1728,1.0
46,1728,0.0
47,1728,2.0
48,1728,0.0
49,1728,0.0
50,1728,0.0
51,1728,0.0
52,1728,0.0
53,1728,37.0
54,1728,0.0
55,1728,0.0
56,1728,1.0
57,1728,0.0
58,1728,0.0
59,1728,4.0
60,1728,0.0
61,1728,18.0
62,1728,2.0
63,1728,1.0
64,1728,1.0
65,1728,0.0
66,1728,0.0
67,1728,0.0
68,1728,0.0
69,1728,0.0
70,1728,3.0
71,1728,3.0
72,1728,11.0
73,1728,0.0
74,1728,0.0
75,1728,1.0
76,1728,0.0
77,1728,0.0
78,1728,0.0
79,1728,0.0
80,1728,0.0
81,1728,0.0
82,1728,0.0
83,1728,0.0
84,1728,1.0
85,1728,28.0
86,1728,3.0
87,1728,1.0
88,1728,3.0
89,1728,0.0
90,1728,0.0
91,1728,3.0
92,1728,8.0
93,1728,0.0
94,1728,1.0
95,1728,5.0
96,1728,1.0
97,1728,0.0
98,1728,1.0
99,1728,1.0
100,1728,0.0
101,1728,0.0
102,1728,0.0
103,1728,0.0
104,1728,6.0
105,1728,0.0
106,1728,3.0
107,1728,0.0
108,1728,0.0
109,1728,6.0
110,1728,5.0
111,1728,2.0
112,1728,0.0
113,1728,2.0
114,1728,1.0
115,1728,0.0
116,1728,1.0
117,1728,2.0
118,1728,0.0
119,1728,3.0
120,1728,0.0
121,1728,4.0
122,1728,2.0
123,1728,0.0
124,1728,0.0
125,1728,0.0
126,1728,2.0
127,1728,1.0
128,1728,3.0
129,1728,0.0
130,1728,1.0
131,1728,1.0
132,1728,0.0
133,1728,0.0
134,1728,0.0
135,1728,0.0
136,1728,0.0
137,1728,2.0
138,1728,0.0
139,1728,1.0
140,1728,1.0
141,1728,2.0
142,1728,0.0
143,1728,2.0
144,1728,0.0
145,1728,1.0
146,1728,0.0
147,1728,0.0
148,1728,0.0
149,1728,1.0
150,1728,7.0
151,1728,7.0
152,1728,6.0
153,1728,1.0
154,1728,1.0
155,1728,1.0
156,1728,0.0
157,1728,0.0
158,1728,0.0
159,1728,3.0
160,1728,3.0
161,1728,2.0
162,1728,10.0
163,1728,10.0
164,1728,4.0
165,1728,0.0
166,1728,4.0
167,1728,7.0
168,1728,11.0
169,1728,8.0
170,1728,1.0
171,1728,5.0
172,1728,0.0
173,1728,2.0
174,1728,0.0
175,1728,2.0
176,1728,0.0
177,1728,0.0
178,1728,0.0
179,1728,1.0
180,1728,0.0
181,1728,1.0
182,1728,1.0
183,1728,0.0
184,1728,1.0
185,1728,0.0
186,1728,0.0
187,1728,0.0
188,1728,6.0
189,1728,1.0
190,1728,0.0
191,1728,0.0
192,1728,1.0
193,1728,0.0
194,1728,1.0
195,1728,0.0
196,1728,0.0
197,1728,0.0
198,1728,0.0
199,1728,0.0
0,1729,0.0
1,1729,0.0
2,1729,9.0
3,1729,0.0
4,1729,0.0
5,1729,0.0
6,1729,0.0
7,1729,0.0
8,1729,1.0
9,1729,6.0
10,1729,7.0
11,1729,0.0
12,1729,0.0
13,1729,4.0
14,1729,0.0
15,1729,6.0
16,1729,0.0
17,1729,0.0
18,1729,0.0
19,1729,1.0
20,1729,1.0
21,1729,0.0
22,1729,2.0
23,1729,1.0
24,1729,0.0
25,1729,2.0
26,1729,1.0
27,1729,0.0
28,1729,3.0
29,1729,0.0
30,1729,1.0
31,1729,2.0
32,1729,0.0
33,1729,3.0
34,1729,0.0
35,1729,1.0
36,1729,0.0
37,1729,1.0
38,1729,0.0
39,1729,1.0
40,1729,0.0
41,1729,0.0
42,1729,2.0
43,1729,2.0
44,1729,1.0
45,1729,2.0
46,1729,0.0
47,1729,0.0
48,1729,3.0
49,1729,0.0
50,1729,0.0
51,1729,0.0
52,1729,0.0
53,1729,1.0
54,1729,0.0
55,1729,3.0
56,1729,3.0
57,1729,0.0
58,1729,1.0
59,1729,0.0
60,1729,0.0
61,1729,22.0
62,1729,0.0
63,1729,0.0
64,1729,3.0
65,1729,1.0
66,1729,9.0
67,1729,2.0
68,1729,0.0
69,1729,3.0
70,1729,1.0
71,1729,1.0
72,1729,14.0
73,1729,0.0
74,1729,0.0
75,1729,0.0
76,1729,0.0
77,1729,0.0
78,1729,4.0
79,1729,1.0
80,1729,0.0
81,1729,0.0
82,1729,0.0
83,1729,0.0
84,1729,3.0
85,1729,27.0
86,1729,2.0
87,1729,0.0
88,1729,3.0
89,1729,2.0
90,1729,0.0
91,1729,4.0
92,1729,6.0
93,1729,0.0
94,1729,3.0
95,1729,2.0
96,1729,0.0
97,1729,0.0
98,1729,2.0
99,1729,0.0
100,1729,0.0
101,1729,0.0
102,1729,0.0
103,1729,0.0
104,1729,7.0
105,1729,0.0
106,1729,2.0
107,1729,3.0
108,1729,2.0
109,1729,3.0
110,1729,2.0
111,1729,1.0
112,1729,0.0
113,1729,1.0
114,1729,1.0
115,1729,0.0
116,1729,1.0
117,1729,1.0
118,1729,0.0
119,1729,4.0
120,1729,2.0
121,1729,1.0
122,1729,0.0
123,1729,0.0
124,1729,2.0
125,1729,0.0
126,1729,1.0
127,1729,6.0
128,1729,2.0
129,1729,3.0
130,1729,1.0
131,1729,0.0
132,1729,3.0
133,1729,0.0
134,1729,0.0
135,1729,0.0
136,1729,0.0
137,1729,0.0
138,1729,0.0
139,1729,0.0
140,1729,1.0
141,1729,3.0
142,1729,0.0
143,1729,2.0
144,1729,0.0
145,1729,5.0
146,1729,2.0
147,1729,0.0
148,1729,0.0
149,1729,0.0
150,1729,16.0
151,1729,17.0
152,1729,8.0
153,1729,2.0
154,1729,1.0
155,1729,0.0
156,1729,0.0
157,1729,0.0
158,1729,0.0
159,1729,7.0
160,1729,5.0
161,1729,4.0
162,1729,10.0
163,1729,9.0
164,1729,2.0
165,1729,0.0
166,1729,2.0
167,1729,2.0
168,1729,13.0
169,1729,3.0
170,1729,0.0
171,1729,3.0
172,1729,0.0
173,1729,1.0
174,1729,0.0
175,1729,3.0
176,1729,0.0
177,1729,1.0
178,1729,0.0
179,1729,1.0
180,1729,0.0
181,1729,1.0
182,1729,0.0
183,1729,0.0
184,1729,4.0
185,1729,0.0
186,1729,0.0
187,1729,0.0
188,1729,2.0
189,1729,1.0
190,1729,0.0
191,1729,1.0
192,1729,0.0
193,1729,0.0
194,1729,5.0
195,1729,0.0
196,1729,1.0
197,1729,0.0
198,1729,2.0
199,1729,0.0
0,1730,0.0
1,1730,0.0
2,1730,5.0
3,1730,0.0
4,1730,0.0
5,1730,0.0
6,1730,1.0
7,1730,0.0
8,1730,0.0
9,1730,1.0
10,1730,4.0
11,1730,0.0
12,1730,0.0
13,1730,0.0
14,1730,2.0
15,1730,11.0
16,1730,0.0
17,1730,0.0
18,1730,0.0
19,1730,1.0
20,1730,2.0
21,1730,0.0
22,1730,0.0
23,1730,0.0
24,1730,1.0
25,1730,0.0
26,1730,1.0
27,1730,0.0
28,1730,7.0
29,1730,1.0
30,1730,3.0
31,1730,3.0
32,1730,0.0
33,1730,4.0
34,1730,2.0
35,1730,8.0
36,1730,0.0
37,1730,1.0
38,1730,0.0
39,1730,0.0
40,1730,0.0
41,1730,0.0
42,1730,0.0
43,1730,1.0
44,1730,0.0
45,1730,1.0
46,1730,3.0
47,1730,2.0
48,1730,3.0
49,1730,4.0
50,1730,1.0
51,1730,0.0
52,1730,1.0
53,1730,8.0
54,1730,0.0
55,1730,0.0
56,1730,1.0
57,1730,2.0
58,1730,3.0
59,1730,3.0
60,1730,0.0
61,1730,30.0
62,1730,5.0
63,1730,1.0
64,1730,2.0
65,1730,1.0
66,1730,7.0
67,1730,0.0
68,1730,3.0
69,1730,0.0
70,1730,0.0
71,1730,4.0
72,1730,34.0
73,1730,0.0
74,1730,0.0
75,1730,1.0
76,1730,0.0
77,1730,0.0
78,1730,3.0
79,1730,1.0
80,1730,0.0
81,1730,2.0
82,1730,8.0
83,1730,0.0
84,1730,1.0
85,1730,49.0
86,1730,8.0
87,1730,1.0
88,1730,2.0
89,1730,0.0
90,1730,0.0
91,1730,7.0
92,1730,13.0
93,1730,0.0
94,1730,2.0
95,1730,0.0
96,1730,0.0
97,1730,2.0
98,1730,4.0
99,1730,4.0
100,1730,0.0
101,1730,0.0
102,1730,0.0
103,1730,1.0
104,1730,3.0
105,1730,0.0
106,1730,5.0
107,1730,3.0
108,1730,2.0
109,1730,4.0
110,1730,5.0
111,1730,6.0
112,1730,1.0
113,1730,1.0
114,1730,2.0
115,1730,0.0
116,1730,0.0
117,1730,1.0
118,1730,0.0
119,1730,7.0
120,1730,0.0
121,1730,4.0
122,1730,0.0
123,1730,1.0
124,1730,4.0
125,1730,1.0
126,1730,3.0
127,1730,6.0
128,1730,1.0
129,1730,1.0
130,1730,0.0
131,1730,1.0
132,1730,1.0
133,1730,0.0
134,1730,0.0
135,1730,0.0
136,1730,0.0
137,1730,3.0
138,1730,0.0
139,1730,2.0
140,1730,0.0
141,1730,1.0
142,1730,0.0
143,1730,4.0
144,1730,0.0
145,1730,3.0
146,1730,0.0
147,1730,0.0
148,1730,0.0
149,1730,1.0
150,1730,10.0
151,1730,14.0
152,1730,13.0
153,1730,2.0
154,1730,0.0
155,1730,0.0
156,1730,1.0
157,1730,0.0
158,1730,2.0
159,1730,4.0
160,1730,1.0
161,1730,3.0
162,1730,12.0
163,1730,16.0
164,1730,2.0
165,1730,0.0
166,1730,5.0
167,1730,2.0
168,1730,8.0
169,1730,12.0
170,1730,2.0
171,1730,9.0
172,1730,0.0
173,1730,0.0
174,1730,0.0
175,1730,5.0
176,1730,0.0
177,1730,1.0
178,1730,1.0
179,1730,0.0
180,1730,0.0
181,1730,0.0
182,1730,1.0
183,1730,0.0
184,1730,0.0
185,1730,0.0
186,1730,1.0
187,1730,0.0
188,1730,3.0
189,1730,1.0
190,1730,0.0
191,1730,0.0
192,1730,0.0
193,1730,3.0
194,1730,2.0
195,1730,3.0
196,1730,0.0
197,1730,0.0
198,1730,0.0
199,1730,0.0
0,1731,0.0
1,1731,0.0
2,1731,9.0
3,1731,3.0
4,1731,0.0
5,1731,0.0
6,1731,2.0
7,1731,0.0
8,1731,0.0
9,1731,5.0
10,1731,5.0
11,1731,0.0
12,1731,4.0
13,1731,0.0
14,1731,3.0
15,1731,8.0
16,1731,3.0
17,1731,0.0
18,1731,3.0
19,1731,0.0
20,1731,0.0
21,1731,0.0
22,1731,2.0
23,1731,1.0
24,1731,3.0
25,1731,0.0
26,1731,1.0
27,1731,0.0
28,1731,0.0
29,1731,1.0
30,1731,2.0
31,1731,2.0
32,1731,0.0
33,1731,4.0
34,1731,6.0
35,1731,8.0
36,1731,0.0
37,1731,2.0
38,1731,1.0
39,1731,2.0
40,1731,6.0
41,1731,0.0
42,1731,2.0
43,1731,0.0
44,1731,0.0
45,1731,0.0
46,1731,2.0
47,1731,2.0
48,1731,4.0
49,1731,2.0
50,1731,1.0
51,1731,0.0
52,1731,3.0
53,1731,2.0
54,1731,0.0
55,1731,0.0
56,1731,0.0
57,1731,1.0
58,1731,1.0
59,1731,2.0
60,1731,0.0
61,1731,29.0
62,1731,2.0
63,1731,0.0
64,1731,2.0
65,1731,1.0
66,1731,13.0
67,1731,0.0
68,1731,0.0
69,1731,0.0
70,1731,2.0
71,1731,4.0
72,1731,73.0
73,1731,0.0
74,1731,0.0
75,1731,0.0
76,1731,0.0
77,1731,0.0
78,1731,1.0
79,1731,0.0
80,1731,0.0
81,1731,0.0
82,1731,8.0
83,1731,0.0
84,1731,3.0
85,1731,60.0
86,1731,9.0
87,1731,1.0
88,1731,1.0
89,1731,0.0
90,1731,1.0
91,1731,9.0
92,1731,10.0
93,1731,0.0
94,1731,3.0
95,1731,0.0
96,1731,0.0
97,1731,0.0
98,1731,2.0
99,1731,0.0
100,1731,0.0
101,1731,1.0
102,1731,0.0
103,1731,0.0
104,1731,3.0
105,1731,0.0
106,1731,6.0
107,1731,7.0
108,1731,5.0
109,1731,6.0
110,1731,9.0
111,1731,3.0
112,1731,0.0
113,1731,0.0
114,1731,4.0
115,1731,0.0
116,1731,1.0
117,1731,5.0
118,1731,2.0
119,1731,11.0
120,1731,0.0
121,1731,1.0
122,1731,2.0
123,1731,1.0
124,1731,2.0
125,1731,2.0
126,1731,2.0
127,1731,1.0
128,1731,1.0
129,1731,1.0
130,1731,0.0
131,1731,1.0
132,1731,1.0
133,1731,0.0
134,1731,0.0
135,1731,11.0
136,1731,4.0
137,1731,2.0
138,1731,0.0
139,1731,0.0
140,1731,1.0
141,1731,2.0
142,1731,1.0
143,1731,2.0
144,1731,0.0
145,1731,3.0
146,1731,0.0
147,1731,0.0
148,1731,0.0
149,1731,2.0
150,1731,8.0
151,1731,20.0
152,1731,15.0
153,1731,3.0
154,1731,2.0
155,1731,1.0
156,1731,1.0
157,1731,0.0
158,1731,1.0
159,1731,2.0
160,1731,3.0
161,1731,1.0
162,1731,21.0
163,1731,15.0
164,1731,4.0
165,1731,0.0
166,1731,4.0
167,1731,4.0
168,1731,13.0
169,1731,8.0
170,1731,0.0
171,1731,5.0
172,1731,0.0
173,1731,0.0
174,1731,0.0
175,1731,5.0
176,1731,0.0
177,1731,3.0
178,1731,2.0
179,1731,1.0
180,1731,1.0
181,1731,0.0
182,1731,0.0
183,1731,0.0
184,1731,2.0
185,1731,0.0
186,1731,1.0
187,1731,1.0
188,1731,11.0
189,1731,0.0
190,1731,0.0
191,1731,3.0
192,1731,0.0
193,1731,2.0
194,1731,1.0
195,1731,0.0
196,1731,1.0
197,1731,0.0
198,1731,3.0
199,1731,0.0
0,1732,0.0
1,1732,0.0
2,1732,4.0
3,1732,1.0
4,1732,0.0
5,1732,0.0
6,1732,0.0
7,1732,2.0
8,1732,0.0
9,1732,1.0
10,1732,2.0
11,1732,0.0
12,1732,0.0
13,1732,1.0
14,1732,2.0
15,1732,0.0
16,1732,0.0
17,1732,0.0
18,1732,0.0
19,1732,1.0
20,1732,0.0
21,1732,0.0
22,1732,0.0
23,1732,1.0
24,1732,6.0
25,1732,0.0
26,1732,1.0
27,1732,0.0
28,1732,0.0
29,1732,0.0
30,1732,1.0
31,1732,4.0
32,1732,0.0
33,1732,2.0
34,1732,2.0
35,1732,13.0
36,1732,0.0
37,1732,2.0
38,1732,1.0
39,1732,2.0
40,1732,2.0
41,1732,0.0
42,1732,0.0
43,1732,0.0
44,1732,0.0
45,1732,0.0
46,1732,2.0
47,1732,0.0
48,1732,0.0
49,1732,4.0
50,1732,0.0
51,1732,0.0
52,1732,7.0
53,1732,8.0
54,1732,1.0
55,1732,0.0
56,1732,3.0
57,1732,1.0
58,1732,4.0
59,1732,0.0
60,1732,0.0
61,1732,13.0
62,1732,2.0
63,1732,0.0
64,1732,1.0
65,1732,0.0
66,1732,1.0
67,1732,0.0
68,1732,4.0
69,1732,2.0
70,1732,3.0
71,1732,3.0
72,1732,34.0
73,1732,0.0
74,1732,0.0
75,1732,0.0
76,1732,0.0
77,1732,0.0
78,1732,3.0
79,1732,0.0
80,1732,0.0
81,1732,1.0
82,1732,5.0
83,1732,0.0
84,1732,0.0
85,1732,23.0
86,1732,0.0
87,1732,1.0
88,1732,1.0
89,1732,0.0
90,1732,1.0
91,1732,5.0
92,1732,6.0
93,1732,0.0
94,1732,3.0
95,1732,0.0
96,1732,0.0
97,1732,0.0
98,1732,7.0
99,1732,0.0
100,1732,0.0
101,1732,0.0
102,1732,0.0
103,1732,0.0
104,1732,4.0
105,1732,5.0
106,1732,6.0
107,1732,2.0
108,1732,4.0
109,1732,5.0
110,1732,8.0
111,1732,2.0
112,1732,0.0
113,1732,4.0
114,1732,1.0
115,1732,1.0
116,1732,0.0
117,1732,0.0
118,1732,1.0
119,1732,3.0
120,1732,0.0
121,1732,3.0
122,1732,0.0
123,1732,2.0
124,1732,0.0
125,1732,1.0
126,1732,0.0
127,1732,1.0
128,1732,0.0
129,1732,2.0
130,1732,2.0
131,1732,0.0
132,1732,0.0
133,1732,0.0
134,1732,2.0
135,1732,0.0
136,1732,0.0
137,1732,0.0
138,1732,0.0
139,1732,0.0
140,1732,1.0
141,1732,1.0
142,1732,1.0
143,1732,1.0
144,1732,1.0
145,1732,1.0
146,1732,1.0
147,1732,0.0
148,1732,0.0
149,1732,5.0
150,1732,4.0
151,1732,17.0
152,1732,13.0
153,1732,1.0
154,1732,2.0
155,1732,1.0
156,1732,0.0
157,1732,4.0
158,1732,0.0
159,1732,0.0
160,1732,4.0
161,1732,3.0
162,1732,23.0
163,1732,15.0
164,1732,1.0
165,1732,0.0
166,1732,0.0
167,1732,5.0
168,1732,3.0
169,1732,14.0
170,1732,0.0
171,1732,0.0
172,1732,0.0
173,1732,1.0
174,1732,0.0
175,1732,1.0
176,1732,0.0
177,1732,2.0
178,1732,0.0
179,1732,0.0
180,1732,1.0
181,1732,0.0
182,1732,0.0
183,1732,0.0
184,1732,1.0
185,1732,0.0
186,1732,1.0
187,1732,0.0
188,1732,2.0
189,1732,0.0
190,1732,0.0
191,1732,0.0
192,1732,0.0
193,1732,1.0
194,1732,3.0
195,1732,2.0
196,1732,1.0
197,1732,0.0
198,1732,0.0
199,1732,1.0
0,1733,0.0
1,1733,0.0
2,1733,8.0
3,1733,0.0
4,1733,0.0
5,1733,0.0
6,1733,2.0
7,1733,0.0
8,1733,0.0
9,1733,0.0
10,1733,1.0
11,1733,0.0
12,1733,5.0
13,1733,6.0
14,1733,0.0
15,1733,0.0
16,1733,0.0
17,1733,0.0
18,1733,5.0
19,1733,0.0
20,1733,2.0
21,1733,2.0
22,1733,1.0
23,1733,1.0
24,1733,2.0
25,1733,0.0
26,1733,0.0
27,1733,0.0
28,1733,1.0
29,1733,2.0
30,1733,4.0
31,1733,3.0
32,1733,1.0
33,1733,9.0
34,1733,1.0
35,1733,8.0
36,1733,0.0
37,1733,1.0
38,1733,0.0
39,1733,2.0
40,1733,0.0
41,1733,1.0
42,1733,5.0
43,1733,0.0
44,1733,0.0
45,1733,2.0
46,1733,0.0
47,1733,3.0
48,1733,1.0
49,1733,1.0
50,1733,0.0
51,1733,0.0
52,1733,1.0
53,1733,15.0
54,1733,4.0
55,1733,1.0
56,1733,0.0
57,1733,0.0
58,1733,0.0
59,1733,2.0
60,1733,0.0
61,1733,24.0
62,1733,0.0
63,1733,0.0
64,1733,0.0
65,1733,3.0
66,1733,9.0
67,1733,0.0
68,1733,2.0
69,1733,0.0
70,1733,1.0
71,1733,2.0
72,1733,18.0
73,1733,0.0
74,1733,0.0
75,1733,2.0
76,1733,0.0
77,1733,0.0
78,1733,1.0
79,1733,0.0
80,1733,0.0
81,1733,1.0
82,1733,7.0
83,1733,0.0
84,1733,1.0
85,1733,32.0
86,1733,4.0
87,1733,0.0
88,1733,2.0
89,1733,0.0
90,1733,0.0
91,1733,0.0
92,1733,8.0
93,1733,0.0
94,1733,3.0
95,1733,0.0
96,1733,0.0
97,1733,1.0
98,1733,2.0
99,1733,1.0
100,1733,0.0
101,1733,0.0
102,1733,0.0
103,1733,0.0
104,1733,3.0
105,1733,3.0
106,1733,2.0
107,1733,1.0
108,1733,3.0
109,1733,5.0
110,1733,10.0
111,1733,3.0
112,1733,7.0
113,1733,1.0
114,1733,0.0
115,1733,0.0
116,1733,0.0
117,1733,0.0
118,1733,0.0
119,1733,4.0
120,1733,1.0
121,1733,0.0
122,1733,1.0
123,1733,1.0
124,1733,1.0
125,1733,0.0
126,1733,0.0
127,1733,1.0
128,1733,2.0
129,1733,1.0
130,1733,3.0
131,1733,0.0
132,1733,3.0
133,1733,0.0
134,1733,2.0
135,1733,0.0
136,1733,4.0
137,1733,0.0
138,1733,0.0
139,1733,0.0
140,1733,0.0
141,1733,0.0
142,1733,0.0
143,1733,1.0
144,1733,2.0
145,1733,5.0
146,1733,0.0
147,1733,0.0
148,1733,1.0
149,1733,1.0
150,1733,2.0
151,1733,13.0
152,1733,6.0
153,1733,0.0
154,1733,1.0
155,1733,4.0
156,1733,0.0
157,1733,0.0
158,1733,2.0
159,1733,3.0
160,1733,3.0
161,1733,4.0
162,1733,14.0
163,1733,3.0
164,1733,1.0
165,1733,0.0
166,1733,5.0
167,1733,1.0
168,1733,4.0
169,1733,8.0
170,1733,0.0
171,1733,3.0
172,1733,0.0
173,1733,2.0
174,1733,2.0
175,1733,0.0
176,1733,0.0
177,1733,0.0
178,1733,0.0
179,1733,1.0
180,1733,3.0
181,1733,0.0
182,1733,0.0
183,1733,0.0
184,1733,3.0
185,1733,0.0
186,1733,0.0
187,1733,0.0
188,1733,2.0
189,1733,0.0
190,1733,0.0
191,1733,0.0
192,1733,0.0
193,1733,1.0
194,1733,3.0
195,1733,0.0
196,1733,0.0
197,1733,0.0
198,1733,2.0
199,1733,0.0
0,1734,0.0
1,1734,0.0
2,1734,7.0
3,1734,1.0
4,1734,0.0
5,1734,0.0
6,1734,0.0
7,1734,0.0
8,1734,0.0
9,1734,2.0
10,1734,2.0
11,1734,0.0
12,1734,0.0
13,1734,0.0
14,1734,2.0
15,1734,0.0
16,1734,1.0
17,1734,0.0
18,1734,5.0
19,1734,1.0
20,1734,1.0
21,1734,0.0
22,1734,11.0
23,1734,0.0
24,1734,1.0
25,1734,1.0
26,1734,0.0
27,1734,0.0
28,1734,4.0
29,1734,0.0
30,1734,2.0
31,1734,2.0
32,1734,0.0
33,1734,2.0
34,1734,0.0
35,1734,2.0
36,1734,1.0
37,1734,0.0
38,1734,0.0
39,1734,4.0
40,1734,1.0
41,1734,0.0
42,1734,0.0
43,1734,1.0
44,1734,1.0
45,1734,0.0
46,1734,0.0
47,1734,0.0
48,1734,1.0
49,1734,10.0
50,1734,0.0
51,1734,0.0
52,1734,1.0
53,1734,15.0
54,1734,2.0
55,1734,2.0
56,1734,0.0
57,1734,0.0
58,1734,1.0
59,1734,1.0
60,1734,0.0
61,1734,13.0
62,1734,1.0
63,1734,3.0
64,1734,5.0
65,1734,0.0
66,1734,3.0
67,1734,0.0
68,1734,0.0
69,1734,0.0
70,1734,0.0
71,1734,1.0
72,1734,13.0
73,1734,0.0
74,1734,0.0
75,1734,0.0
76,1734,0.0
77,1734,0.0
78,1734,2.0
79,1734,0.0
80,1734,0.0
81,1734,1.0
82,1734,5.0
83,1734,0.0
84,1734,3.0
85,1734,32.0
86,1734,2.0
87,1734,1.0
88,1734,1.0
89,1734,0.0
90,1734,0.0
91,1734,3.0
92,1734,5.0
93,1734,0.0
94,1734,2.0
95,1734,0.0
96,1734,0.0
97,1734,0.0
98,1734,1.0
99,1734,0.0
100,1734,0.0
101,1734,0.0
102,1734,0.0
103,1734,0.0
104,1734,5.0
105,1734,1.0
106,1734,2.0
107,1734,0.0
108,1734,0.0
109,1734,5.0
110,1734,6.0
111,1734,4.0
112,1734,2.0
113,1734,2.0
114,1734,0.0
115,1734,0.0
116,1734,2.0
117,1734,1.0
118,1734,1.0
119,1734,1.0
120,1734,0.0
121,1734,0.0
122,1734,1.0
123,1734,0.0
124,1734,0.0
125,1734,0.0
126,1734,0.0
127,1734,1.0
128,1734,0.0
129,1734,13.0
130,1734,3.0
131,1734,0.0
132,1734,0.0
133,1734,0.0
134,1734,0.0
135,1734,0.0
136,1734,1.0
137,1734,0.0
138,1734,0.0
139,1734,1.0
140,1734,2.0
141,1734,2.0
142,1734,0.0
143,1734,3.0
144,1734,0.0
145,1734,6.0
146,1734,2.0
147,1734,0.0
148,1734,0.0
149,1734,0.0
150,1734,12.0
151,1734,8.0
152,1734,6.0
153,1734,2.0
154,1734,0.0
155,1734,0.0
156,1734,0.0
157,1734,2.0
158,1734,0.0
159,1734,2.0
160,1734,5.0
161,1734,1.0
162,1734,13.0
163,1734,10.0
164,1734,4.0
165,1734,0.0
166,1734,5.0
167,1734,7.0
168,1734,9.0
169,1734,6.0
170,1734,0.0
171,1734,1.0
172,1734,0.0
173,1734,10.0
174,1734,1.0
175,1734,2.0
176,1734,0.0
177,1734,0.0
178,1734,0.0
179,1734,0.0
180,1734,1.0
181,1734,0.0
182,1734,2.0
183,1734,0.0
184,1734,1.0
185,1734,0.0
186,1734,0.0
187,1734,0.0
188,1734,2.0
189,1734,0.0
190,1734,0.0
191,1734,0.0
192,1734,0.0
193,1734,0.0
194,1734,3.0
195,1734,0.0
196,1734,0.0
197,1734,0.0
198,1734,0.0
199,1734,0.0
0,1735,0.0
1,1735,0.0
2,1735,9.0
3,1735,0.0
4,1735,0.0
5,1735,0.0
6,1735,1.0
7,1735,2.0
8,1735,0.0
9,1735,0.0
10,1735,2.0
11,1735,0.0
12,1735,0.0
13,1735,2.0
14,1735,5.0
15,1735,0.0
16,1735,0.0
17,1735,0.0
18,1735,3.0
19,1735,0.0
20,1735,0.0
21,1735,0.0
22,1735,0.0
23,1735,0.0
24,1735,0.0
25,1735,0.0
26,1735,0.0
27,1735,0.0
28,1735,1.0
29,1735,0.0
30,1735,0.0
31,1735,1.0
32,1735,0.0
33,1735,3.0
34,1735,0.0
35,1735,15.0
36,1735,0.0
37,1735,3.0
38,1735,1.0
39,1735,0.0
40,1735,0.0
41,1735,0.0
42,1735,1.0
43,1735,0.0
44,1735,0.0
45,1735,3.0
46,1735,1.0
47,1735,0.0
48,1735,1.0
49,1735,0.0
50,1735,2.0
51,1735,0.0
52,1735,0.0
53,1735,0.0
54,1735,0.0
55,1735,2.0
56,1735,3.0
57,1735,2.0
58,1735,0.0
59,1735,1.0
60,1735,1.0
61,1735,17.0
62,1735,2.0
63,1735,0.0
64,1735,3.0
65,1735,0.0
66,1735,7.0
67,1735,0.0
68,1735,3.0
69,1735,0.0
70,1735,0.0
71,1735,3.0
72,1735,7.0
73,1735,0.0
74,1735,0.0
75,1735,0.0
76,1735,0.0
77,1735,0.0
78,1735,1.0
79,1735,0.0
80,1735,0.0
81,1735,0.0
82,1735,11.0
83,1735,0.0
84,1735,7.0
85,1735,41.0
86,1735,2.0
87,1735,0.0
88,1735,1.0
89,1735,2.0
90,1735,1.0
91,1735,4.0
92,1735,4.0
93,1735,0.0
94,1735,1.0
95,1735,0.0
96,1735,0.0
97,1735,0.0
98,1735,0.0
99,1735,0.0
100,1735,4.0
101,1735,0.0
102,1735,0.0
103,1735,0.0
104,1735,3.0
105,1735,2.0
106,1735,3.0
107,1735,1.0
108,1735,0.0
109,1735,3.0
110,1735,7.0
111,1735,2.0
112,1735,8.0
113,1735,2.0
114,1735,0.0
115,1735,1.0
116,1735,1.0
117,1735,0.0
118,1735,0.0
119,1735,5.0
120,1735,0.0
121,1735,1.0
122,1735,2.0
123,1735,0.0
124,1735,0.0
125,1735,2.0
126,1735,0.0
127,1735,1.0
128,1735,3.0
129,1735,0.0
130,1735,3.0
131,1735,3.0
132,1735,1.0
133,1735,0.0
134,1735,0.0
135,1735,0.0
136,1735,0.0
137,1735,0.0
138,1735,0.0
139,1735,0.0
140,1735,0.0
141,1735,0.0
142,1735,0.0
143,1735,3.0
144,1735,0.0
145,1735,3.0
146,1735,1.0
147,1735,0.0
148,1735,0.0
149,1735,2.0
150,1735,5.0
151,1735,23.0
152,1735,13.0
153,1735,1.0
154,1735,0.0
155,1735,1.0
156,1735,0.0
157,1735,0.0
158,1735,1.0
159,1735,5.0
160,1735,3.0
161,1735,2.0
162,1735,11.0
163,1735,9.0
164,1735,2.0
165,1735,0.0
166,1735,2.0
167,1735,5.0
168,1735,5.0
169,1735,11.0
170,1735,0.0
171,1735,4.0
172,1735,0.0
173,1735,0.0
174,1735,2.0
175,1735,1.0
176,1735,0.0
177,1735,1.0
178,1735,0.0
179,1735,0.0
180,1735,1.0
181,1735,0.0
182,1735,2.0
183,1735,0.0
184,1735,0.0
185,1735,0.0
186,1735,0.0
187,1735,0.0
188,1735,5.0
189,1735,0.0
190,1735,0.0
191,1735,1.0
192,1735,0.0
193,1735,1.0
194,1735,2.0
195,1735,3.0
196,1735,0.0
197,1735,0.0
198,1735,3.0
199,1735,0.0
0,1736,0.0
1,1736,0.0
2,1736,26.0
3,1736,0.0
4,1736,0.0
5,1736,0.0
6,1736,0.0
7,1736,2.0
8,1736,0.0
9,1736,0.0
10,1736,2.0
11,1736,1.0
12,1736,0.0
13,1736,1.0
14,1736,1.0
15,1736,2.0
16,1736,2.0
17,1736,3.0
18,1736,2.0
19,1736,0.0
20,1736,0.0
21,1736,0.0
22,1736,0.0
23,1736,0.0
24,1736,0.0
25,1736,0.0
26,1736,1.0
27,1736,0.0
28,1736,0.0
29,1736,0.0
30,1736,0.0
31,1736,0.0
32,1736,5.0
33,1736,5.0
34,1736,2.0
35,1736,5.0
36,1736,0.0
37,1736,2.0
38,1736,0.0
39,1736,0.0
40,1736,0.0
41,1736,0.0
42,1736,1.0
43,1736,1.0
44,1736,0.0
45,1736,1.0
46,1736,2.0
47,1736,0.0
48,1736,5.0
49,1736,0.0
50,1736,0.0
51,1736,0.0
52,1736,1.0
53,1736,11.0
54,1736,5.0
55,1736,0.0
56,1736,1.0
57,1736,1.0
58,1736,0.0
59,1736,5.0
60,1736,1.0
61,1736,17.0
62,1736,6.0
63,1736,0.0
64,1736,4.0
65,1736,0.0
66,1736,8.0
67,1736,0.0
68,1736,2.0
69,1736,0.0
70,1736,0.0
71,1736,3.0
72,1736,6.0
73,1736,0.0
74,1736,0.0
75,1736,1.0
76,1736,0.0
77,1736,0.0
78,1736,2.0
79,1736,0.0
80,1736,0.0
81,1736,1.0
82,1736,8.0
83,1736,0.0
84,1736,1.0
85,1736,34.0
86,1736,1.0
87,1736,0.0
88,1736,2.0
89,1736,0.0
90,1736,0.0
91,1736,7.0
92,1736,5.0
93,1736,0.0
94,1736,1.0
95,1736,0.0
96,1736,0.0
97,1736,0.0
98,1736,3.0
99,1736,1.0
100,1736,2.0
101,1736,0.0
102,1736,0.0
103,1736,0.0
104,1736,6.0
105,1736,3.0
106,1736,5.0
107,1736,3.0
108,1736,1.0
109,1736,2.0
110,1736,14.0
111,1736,3.0
112,1736,8.0
113,1736,2.0
114,1736,1.0
115,1736,0.0
116,1736,0.0
117,1736,2.0
118,1736,0.0
119,1736,3.0
120,1736,0.0
121,1736,2.0
122,1736,0.0
123,1736,0.0
124,1736,3.0
125,1736,2.0
126,1736,2.0
127,1736,3.0
128,1736,1.0
129,1736,0.0
130,1736,3.0
131,1736,2.0
132,1736,0.0
133,1736,1.0
134,1736,1.0
135,1736,0.0
136,1736,0.0
137,1736,0.0
138,1736,0.0
139,1736,0.0
140,1736,0.0
141,1736,2.0
142,1736,0.0
143,1736,1.0
144,1736,0.0
145,1736,0.0
146,1736,0.0
147,1736,0.0
148,1736,0.0
149,1736,1.0
150,1736,13.0
151,1736,23.0
152,1736,12.0
153,1736,1.0
154,1736,2.0
155,1736,1.0
156,1736,0.0
157,1736,1.0
158,1736,1.0
159,1736,5.0
160,1736,4.0
161,1736,5.0
162,1736,18.0
163,1736,21.0
164,1736,1.0
165,1736,0.0
166,1736,6.0
167,1736,8.0
168,1736,10.0
169,1736,9.0
170,1736,0.0
171,1736,2.0
172,1736,2.0
173,1736,2.0
174,1736,2.0
175,1736,0.0
176,1736,0.0
177,1736,2.0
178,1736,2.0
179,1736,1.0
180,1736,2.0
181,1736,1.0
182,1736,0.0
183,1736,0.0
184,1736,1.0
185,1736,0.0
186,1736,1.0
187,1736,0.0
188,1736,7.0
189,1736,0.0
190,1736,0.0
191,1736,0.0
192,1736,0.0
193,1736,3.0
194,1736,2.0
195,1736,0.0
196,1736,1.0
197,1736,0.0
198,1736,0.0
199,1736,0.0
0,1737,0.0
1,1737,0.0
2,1737,17.0
3,1737,1.0
4,1737,1.0
5,1737,0.0
6,1737,0.0
7,1737,0.0
8,1737,1.0
9,1737,1.0
10,1737,7.0
11,1737,0.0
12,1737,0.0
13,1737,0.0
14,1737,0.0
15,1737,10.0
16,1737,0.0
17,1737,0.0
18,1737,3.0
19,1737,2.0
20,1737,0.0
21,1737,0.0
22,1737,1.0
23,1737,0.0
24,1737,0.0
25,1737,0.0
26,1737,2.0
27,1737,0.0
28,1737,2.0
29,1737,0.0
30,1737,0.0
31,1737,2.0
32,1737,0.0
33,1737,9.0
34,1737,1.0
35,1737,5.0
36,1737,1.0
37,1737,4.0
38,1737,0.0
39,1737,1.0
40,1737,2.0
41,1737,2.0
42,1737,1.0
43,1737,1.0
44,1737,1.0
45,1737,0.0
46,1737,1.0
47,1737,1.0
48,1737,0.0
49,1737,4.0
50,1737,1.0
51,1737,0.0
52,1737,0.0
53,1737,4.0
54,1737,0.0
55,1737,2.0
56,1737,0.0
57,1737,0.0
58,1737,2.0
59,1737,1.0
60,1737,0.0
61,1737,32.0
62,1737,3.0
63,1737,0.0
64,1737,2.0
65,1737,1.0
66,1737,5.0
67,1737,0.0
68,1737,1.0
69,1737,0.0
70,1737,0.0
71,1737,4.0
72,1737,14.0
73,1737,0.0
74,1737,0.0
75,1737,0.0
76,1737,0.0
77,1737,0.0
78,1737,3.0
79,1737,0.0
80,1737,0.0
81,1737,1.0
82,1737,4.0
83,1737,0.0
84,1737,1.0
85,1737,66.0
86,1737,4.0
87,1737,1.0
88,1737,3.0
89,1737,1.0
90,1737,0.0
91,1737,4.0
92,1737,3.0
93,1737,0.0
94,1737,3.0
95,1737,0.0
96,1737,0.0
97,1737,0.0
98,1737,4.0
99,1737,0.0
100,1737,1.0
101,1737,0.0
102,1737,0.0
103,1737,0.0
104,1737,1.0
105,1737,3.0
106,1737,2.0
107,1737,7.0
108,1737,3.0
109,1737,5.0
110,1737,5.0
111,1737,5.0
112,1737,1.0
113,1737,2.0
114,1737,3.0
115,1737,1.0
116,1737,0.0
117,1737,1.0
118,1737,1.0
119,1737,6.0
120,1737,1.0
121,1737,3.0
122,1737,3.0
123,1737,2.0
124,1737,0.0
125,1737,0.0
126,1737,1.0
127,1737,1.0
128,1737,4.0
129,1737,0.0
130,1737,3.0
131,1737,2.0
132,1737,2.0
133,1737,0.0
134,1737,0.0
135,1737,0.0
136,1737,0.0
137,1737,0.0
138,1737,0.0
139,1737,0.0
140,1737,0.0
141,1737,0.0
142,1737,0.0
143,1737,4.0
144,1737,0.0
145,1737,1.0
146,1737,1.0
147,1737,0.0
148,1737,0.0
149,1737,2.0
150,1737,12.0
151,1737,24.0
152,1737,14.0
153,1737,4.0
154,1737,0.0
155,1737,1.0
156,1737,0.0
157,1737,4.0
158,1737,2.0
159,1737,6.0
160,1737,5.0
161,1737,2.0
162,1737,18.0
163,1737,8.0
164,1737,1.0
165,1737,0.0
166,1737,4.0
167,1737,11.0
168,1737,14.0
169,1737,5.0
170,1737,0.0
171,1737,9.0
172,1737,1.0
173,1737,1.0
174,1737,4.0
175,1737,6.0
176,1737,0.0
177,1737,2.0
178,1737,0.0
179,1737,2.0
180,1737,1.0
181,1737,0.0
182,1737,0.0
183,1737,0.0
184,1737,0.0
185,1737,0.0
186,1737,0.0
187,1737,0.0
188,1737,6.0
189,1737,0.0
190,1737,0.0
191,1737,1.0
192,1737,0.0
193,1737,2.0
194,1737,4.0
195,1737,0.0
196,1737,2.0
197,1737,0.0
198,1737,3.0
199,1737,1.0
0,1738,0.0
1,1738,0.0
2,1738,6.0
3,1738,0.0
4,1738,0.0
5,1738,0.0
6,1738,1.0
7,1738,0.0
8,1738,0.0
9,1738,3.0
10,1738,1.0
11,1738,0.0
12,1738,0.0
13,1738,0.0
14,1738,2.0
15,1738,4.0
16,1738,1.0
17,1738,2.0
18,1738,1.0
19,1738,2.0
20,1738,1.0
21,1738,0.0
22,1738,3.0
23,1738,1.0
24,1738,2.0
25,1738,2.0
26,1738,2.0
27,1738,0.0
28,1738,0.0
29,1738,0.0
30,1738,1.0
31,1738,5.0
32,1738,3.0
33,1738,8.0
34,1738,3.0
35,1738,8.0
36,1738,0.0
37,1738,0.0
38,1738,0.0
39,1738,2.0
40,1738,2.0
41,1738,0.0
42,1738,0.0
43,1738,2.0
44,1738,0.0
45,1738,1.0
46,1738,0.0
47,1738,2.0
48,1738,1.0
49,1738,1.0
50,1738,2.0
51,1738,0.0
52,1738,0.0
53,1738,9.0
54,1738,5.0
55,1738,0.0
56,1738,4.0
57,1738,0.0
58,1738,0.0
59,1738,3.0
60,1738,0.0
61,1738,34.0
62,1738,1.0
63,1738,0.0
64,1738,4.0
65,1738,0.0
66,1738,7.0
67,1738,0.0
68,1738,6.0
69,1738,0.0
70,1738,0.0
71,1738,3.0
72,1738,23.0
73,1738,0.0
74,1738,0.0
75,1738,0.0
76,1738,0.0
77,1738,0.0
78,1738,3.0
79,1738,0.0
80,1738,0.0
81,1738,4.0
82,1738,5.0
83,1738,0.0
84,1738,1.0
85,1738,47.0
86,1738,8.0
87,1738,2.0
88,1738,1.0
89,1738,2.0
90,1738,1.0
91,1738,2.0
92,1738,7.0
93,1738,0.0
94,1738,3.0
95,1738,0.0
96,1738,0.0
97,1738,0.0
98,1738,6.0
99,1738,1.0
100,1738,1.0
101,1738,0.0
102,1738,0.0
103,1738,0.0
104,1738,3.0
105,1738,1.0
106,1738,6.0
107,1738,3.0
108,1738,2.0
109,1738,4.0
110,1738,12.0
111,1738,5.0
112,1738,0.0
113,1738,3.0
114,1738,1.0
115,1738,1.0
116,1738,0.0
117,1738,1.0
118,1738,0.0
119,1738,6.0
120,1738,1.0
121,1738,3.0
122,1738,0.0
123,1738,0.0
124,1738,2.0
125,1738,1.0
126,1738,1.0
127,1738,4.0
128,1738,1.0
129,1738,7.0
130,1738,6.0
131,1738,1.0
132,1738,3.0
133,1738,0.0
134,1738,0.0
135,1738,0.0
136,1738,0.0
137,1738,0.0
138,1738,0.0
139,1738,2.0
140,1738,0.0
141,1738,2.0
142,1738,0.0
143,1738,2.0
144,1738,0.0
145,1738,5.0
146,1738,1.0
147,1738,9.0
148,1738,1.0
149,1738,1.0
150,1738,13.0
151,1738,25.0
152,1738,19.0
153,1738,0.0
154,1738,4.0
155,1738,3.0
156,1738,0.0
157,1738,1.0
158,1738,1.0
159,1738,5.0
160,1738,6.0
161,1738,5.0
162,1738,19.0
163,1738,8.0
164,1738,0.0
165,1738,0.0
166,1738,7.0
167,1738,4.0
168,1738,10.0
169,1738,9.0
170,1738,0.0
171,1738,6.0
172,1738,0.0
173,1738,1.0
174,1738,1.0
175,1738,1.0
176,1738,0.0
177,1738,4.0
178,1738,1.0
179,1738,0.0
180,1738,1.0
181,1738,0.0
182,1738,0.0
183,1738,2.0
184,1738,1.0
185,1738,0.0
186,1738,0.0
187,1738,0.0
188,1738,6.0
189,1738,0.0
190,1738,0.0
191,1738,1.0
192,1738,0.0
193,1738,0.0
194,1738,0.0
195,1738,0.0
196,1738,0.0
197,1738,0.0
198,1738,1.0
199,1738,0.0
0,1739,0.0
1,1739,0.0
2,1739,6.0
3,1739,2.0
4,1739,0.0
5,1739,0.0
6,1739,0.0
7,1739,0.0
8,1739,0.0
9,1739,1.0
10,1739,1.0
11,1739,0.0
12,1739,0.0
13,1739,0.0
14,1739,1.0
15,1739,1.0
16,1739,2.0
17,1739,0.0
18,1739,0.0
19,1739,2.0
20,1739,1.0
21,1739,1.0
22,1739,1.0
23,1739,0.0
24,1739,0.0
25,1739,0.0
26,1739,0.0
27,1739,0.0
28,1739,0.0
29,1739,0.0
30,1739,1.0
31,1739,3.0
32,1739,2.0
33,1739,11.0
34,1739,0.0
35,1739,10.0
36,1739,0.0
37,1739,1.0
38,1739,0.0
39,1739,1.0
40,1739,3.0
41,1739,0.0
42,1739,1.0
43,1739,4.0
44,1739,0.0
45,1739,0.0
46,1739,2.0
47,1739,1.0
48,1739,0.0
49,1739,0.0
50,1739,1.0
51,1739,0.0
52,1739,1.0
53,1739,0.0
54,1739,2.0
55,1739,0.0
56,1739,3.0
57,1739,0.0
58,1739,0.0
59,1739,0.0
60,1739,1.0
61,1739,17.0
62,1739,1.0
63,1739,0.0
64,1739,3.0
65,1739,0.0
66,1739,2.0
67,1739,0.0
68,1739,3.0
69,1739,0.0
70,1739,0.0
71,1739,1.0
72,1739,3.0
73,1739,0.0
74,1739,0.0
75,1739,1.0
76,1739,0.0
77,1739,0.0
78,1739,4.0
79,1739,0.0
80,1739,0.0
81,1739,2.0
82,1739,8.0
83,1739,0.0
84,1739,0.0
85,1739,20.0
86,1739,8.0
87,1739,1.0
88,1739,1.0
89,1739,0.0
90,1739,0.0
91,1739,4.0
92,1739,12.0
93,1739,0.0
94,1739,2.0
95,1739,0.0
96,1739,0.0
97,1739,0.0
98,1739,7.0
99,1739,0.0
100,1739,0.0
101,1739,2.0
102,1739,0.0
103,1739,0.0
104,1739,7.0
105,1739,2.0
106,1739,11.0
107,1739,1.0
108,1739,2.0
109,1739,6.0
110,1739,5.0
111,1739,3.0
112,1739,0.0
113,1739,0.0
114,1739,4.0
115,1739,0.0
116,1739,1.0
117,1739,1.0
118,1739,0.0
119,1739,6.0
120,1739,0.0
121,1739,1.0
122,1739,2.0
123,1739,3.0
124,1739,0.0
125,1739,0.0
126,1739,2.0
127,1739,0.0
128,1739,5.0
129,1739,8.0
130,1739,3.0
131,1739,0.0
132,1739,1.0
133,1739,0.0
134,1739,1.0
135,1739,0.0
136,1739,6.0
137,1739,0.0
138,1739,0.0
139,1739,0.0
140,1739,0.0
141,1739,2.0
142,1739,0.0
143,1739,1.0
144,1739,0.0
145,1739,0.0
146,1739,0.0
147,1739,0.0
148,1739,0.0
149,1739,4.0
150,1739,13.0
151,1739,17.0
152,1739,20.0
153,1739,1.0
154,1739,1.0
155,1739,1.0
156,1739,0.0
157,1739,1.0
158,1739,0.0
159,1739,4.0
160,1739,6.0
161,1739,3.0
162,1739,15.0
163,1739,16.0
164,1739,2.0
165,1739,0.0
166,1739,4.0
167,1739,9.0
168,1739,6.0
169,1739,8.0
170,1739,0.0
171,1739,4.0
172,1739,1.0
173,1739,6.0
174,1739,5.0
175,1739,0.0
176,1739,0.0
177,1739,1.0
178,1739,0.0
179,1739,0.0
180,1739,0.0
181,1739,0.0
182,1739,0.0
183,1739,0.0
184,1739,1.0
185,1739,0.0
186,1739,1.0
187,1739,0.0
188,1739,2.0
189,1739,0.0
190,1739,0.0
191,1739,0.0
192,1739,0.0
193,1739,0.0
194,1739,2.0
195,1739,0.0
196,1739,0.0
197,1739,0.0
198,1739,0.0
199,1739,3.0
0,1740,0.0
1,1740,0.0
2,1740,5.0
3,1740,1.0
4,1740,0.0
5,1740,0.0
6,1740,1.0
7,1740,0.0
8,1740,1.0
9,1740,3.0
10,1740,2.0
11,1740,0.0
12,1740,0.0
13,1740,0.0
14,1740,1.0
15,1740,0.0
16,1740,1.0
17,1740,1.0
18,1740,0.0
19,1740,1.0
20,1740,0.0
21,1740,0.0
22,1740,3.0
23,1740,1.0
24,1740,1.0
25,1740,0.0
26,1740,1.0
27,1740,0.0
28,1740,1.0
29,1740,0.0
30,1740,4.0
31,1740,1.0
32,1740,0.0
33,1740,5.0
34,1740,9.0
35,1740,11.0
36,1740,0.0
37,1740,1.0
38,1740,0.0
39,1740,3.0
40,1740,0.0
41,1740,0.0
42,1740,0.0
43,1740,0.0
44,1740,1.0
45,1740,0.0
46,1740,1.0
47,1740,0.0
48,1740,0.0
49,1740,6.0
50,1740,0.0
51,1740,0.0
52,1740,0.0
53,1740,12.0
54,1740,3.0
55,1740,0.0
56,1740,1.0
57,1740,0.0
58,1740,0.0
59,1740,0.0
60,1740,0.0
61,1740,13.0
62,1740,1.0
63,1740,1.0
64,1740,1.0
65,1740,1.0
66,1740,5.0
67,1740,0.0
68,1740,4.0
69,1740,0.0
70,1740,0.0
71,1740,9.0
72,1740,7.0
73,1740,0.0
74,1740,0.0
75,1740,1.0
76,1740,0.0
77,1740,0.0
78,1740,3.0
79,1740,1.0
80,1740,0.0
81,1740,1.0
82,1740,5.0
83,1740,0.0
84,1740,3.0
85,1740,29.0
86,1740,8.0
87,1740,1.0
88,1740,2.0
89,1740,0.0
90,1740,1.0
91,1740,8.0
92,1740,7.0
93,1740,0.0
94,1740,1.0
95,1740,0.0
96,1740,0.0
97,1740,0.0
98,1740,3.0
99,1740,0.0
100,1740,1.0
101,1740,0.0
102,1740,0.0
103,1740,0.0
104,1740,5.0
105,1740,3.0
106,1740,9.0
107,1740,0.0
108,1740,1.0
109,1740,7.0
110,1740,5.0
111,1740,7.0
112,1740,0.0
113,1740,0.0
114,1740,0.0
115,1740,0.0
116,1740,3.0
117,1740,0.0
118,1740,0.0
119,1740,6.0
120,1740,0.0
121,1740,0.0
122,1740,1.0
123,1740,0.0
124,1740,1.0
125,1740,2.0
126,1740,2.0
127,1740,1.0
128,1740,2.0
129,1740,3.0
130,1740,2.0
131,1740,4.0
132,1740,0.0
133,1740,0.0
134,1740,0.0
135,1740,0.0
136,1740,0.0
137,1740,0.0
138,1740,0.0
139,1740,0.0
140,1740,1.0
141,1740,0.0
142,1740,0.0
143,1740,1.0
144,1740,0.0
145,1740,1.0
146,1740,0.0
147,1740,0.0
148,1740,0.0
149,1740,0.0
150,1740,16.0
151,1740,12.0
152,1740,3.0
153,1740,0.0
154,1740,4.0
155,1740,0.0
156,1740,0.0
157,1740,0.0
158,1740,1.0
159,1740,3.0
160,1740,4.0
161,1740,1.0
162,1740,15.0
163,1740,6.0
164,1740,3.0
165,1740,0.0
166,1740,2.0
167,1740,7.0
168,1740,17.0
169,1740,8.0
170,1740,0.0
171,1740,1.0
172,1740,0.0
173,1740,3.0
174,1740,1.0
175,1740,0.0
176,1740,0.0
177,1740,1.0
178,1740,1.0
179,1740,0.0
180,1740,0.0
181,1740,0.0
182,1740,0.0
183,1740,0.0
184,1740,1.0
185,1740,0.0
186,1740,0.0
187,1740,0.0
188,1740,8.0
189,1740,0.0
190,1740,0.0
191,1740,0.0
192,1740,2.0
193,1740,1.0
194,1740,2.0
195,1740,1.0
196,1740,0.0
197,1740,0.0
198,1740,0.0
199,1740,0.0
0,1741,0.0
1,1741,0.0
2,1741,9.0
3,1741,0.0
4,1741,0.0
5,1741,0.0
6,1741,1.0
7,1741,2.0
8,1741,0.0
9,1741,3.0
10,1741,3.0
11,1741,0.0
12,1741,0.0
13,1741,2.0
14,1741,1.0
15,1741,1.0
16,1741,0.0
17,1741,1.0
18,1741,0.0
19,1741,2.0
20,1741,1.0
21,1741,2.0
22,1741,0.0
23,1741,0.0
24,1741,0.0
25,1741,1.0
26,1741,1.0
27,1741,0.0
28,1741,1.0
29,1741,0.0
30,1741,1.0
31,1741,0.0
32,1741,0.0
33,1741,1.0
34,1741,0.0
35,1741,7.0
36,1741,0.0
37,1741,0.0
38,1741,0.0
39,1741,1.0
40,1741,0.0
41,1741,1.0
42,1741,0.0
43,1741,0.0
44,1741,0.0
45,1741,2.0
46,1741,2.0
47,1741,0.0
48,1741,0.0
49,1741,2.0
50,1741,1.0
51,1741,0.0
52,1741,0.0
53,1741,34.0
54,1741,0.0
55,1741,0.0
56,1741,1.0
57,1741,1.0
58,1741,0.0
59,1741,0.0
60,1741,0.0
61,1741,19.0
62,1741,1.0
63,1741,2.0
64,1741,0.0
65,1741,4.0
66,1741,4.0
67,1741,0.0
68,1741,0.0
69,1741,0.0
70,1741,0.0
71,1741,1.0
72,1741,4.0
73,1741,0.0
74,1741,0.0
75,1741,4.0
76,1741,0.0
77,1741,0.0
78,1741,0.0
79,1741,0.0
80,1741,0.0
81,1741,0.0
82,1741,9.0
83,1741,0.0
84,1741,1.0
85,1741,28.0
86,1741,3.0
87,1741,0.0
88,1741,2.0
89,1741,0.0
90,1741,0.0
91,1741,7.0
92,1741,1.0
93,1741,0.0
94,1741,0.0
95,1741,0.0
96,1741,0.0
97,1741,1.0
98,1741,6.0
99,1741,0.0
100,1741,0.0
101,1741,0.0
102,1741,0.0
103,1741,0.0
104,1741,8.0
105,1741,0.0
106,1741,8.0
107,1741,1.0
108,1741,4.0
109,1741,1.0
110,1741,9.0
111,1741,2.0
112,1741,0.0
113,1741,1.0
114,1741,1.0
115,1741,0.0
116,1741,3.0
117,1741,1.0
118,1741,0.0
119,1741,4.0
120,1741,0.0
121,1741,2.0
122,1741,2.0
123,1741,3.0
124,1741,2.0
125,1741,5.0
126,1741,3.0
127,1741,0.0
128,1741,3.0
129,1741,1.0
130,1741,2.0
131,1741,1.0
132,1741,1.0
133,1741,0.0
134,1741,0.0
135,1741,0.0
136,1741,0.0
137,1741,0.0
138,1741,0.0
139,1741,0.0
140,1741,1.0
141,1741,0.0
142,1741,0.0
143,1741,1.0
144,1741,4.0
145,1741,3.0
146,1741,0.0
147,1741,2.0
148,1741,0.0
149,1741,1.0
150,1741,9.0
151,1741,9.0
152,1741,9.0
153,1741,0.0
154,1741,2.0
155,1741,0.0
156,1741,0.0
157,1741,2.0
158,1741,2.0
159,1741,2.0
160,1741,3.0
161,1741,2.0
162,1741,2.0
163,1741,13.0
164,1741,0.0
165,1741,0.0
166,1741,2.0
167,1741,3.0
168,1741,6.0
169,1741,15.0
170,1741,0.0
171,1741,5.0
172,1741,0.0
173,1741,1.0
174,1741,3.0
175,1741,2.0
176,1741,0.0
177,1741,4.0
178,1741,0.0
179,1741,2.0
180,1741,0.0
181,1741,0.0
182,1741,0.0
183,1741,0.0
184,1741,0.0
185,1741,0.0
186,1741,0.0
187,1741,1.0
188,1741,1.0
189,1741,0.0
190,1741,0.0
191,1741,0.0
192,1741,1.0
193,1741,2.0
194,1741,1.0
195,1741,0.0
196,1741,0.0
197,1741,0.0
198,1741,2.0
199,1741,0.0
0,1742,0.0
1,1742,0.0
2,1742,6.0
3,1742,1.0
4,1742,0.0
5,1742,0.0
6,1742,1.0
7,1742,0.0
8,1742,0.0
9,1742,3.0
10,1742,3.0
11,1742,0.0
12,1742,0.0
13,1742,3.0
14,1742,1.0
15,1742,5.0
16,1742,0.0
17,1742,0.0
18,1742,2.0
19,1742,0.0
20,1742,1.0
21,1742,0.0
22,1742,0.0
23,1742,1.0
24,1742,0.0
25,1742,0.0
26,1742,0.0
27,1742,0.0
28,1742,2.0
29,1742,1.0
30,1742,1.0
31,1742,1.0
32,1742,0.0
33,1742,7.0
34,1742,2.0
35,1742,7.0
36,1742,0.0
37,1742,0.0
38,1742,0.0
39,1742,3.0
40,1742,4.0
41,1742,0.0
42,1742,4.0
43,1742,2.0
44,1742,1.0
45,1742,1.0
46,1742,0.0
47,1742,6.0
48,1742,1.0
49,1742,0.0
50,1742,0.0
51,1742,0.0
52,1742,0.0
53,1742,0.0
54,1742,4.0
55,1742,0.0
56,1742,0.0
57,1742,0.0
58,1742,0.0
59,1742,1.0
60,1742,0.0
61,1742,23.0
62,1742,3.0
63,1742,2.0
64,1742,1.0
65,1742,1.0
66,1742,6.0
67,1742,0.0
68,1742,3.0
69,1742,0.0
70,1742,0.0
71,1742,4.0
72,1742,11.0
73,1742,0.0
74,1742,0.0
75,1742,0.0
76,1742,0.0
77,1742,0.0
78,1742,0.0
79,1742,0.0
80,1742,0.0
81,1742,1.0
82,1742,7.0
83,1742,0.0
84,1742,3.0
85,1742,31.0
86,1742,3.0
87,1742,1.0
88,1742,0.0
89,1742,2.0
90,1742,0.0
91,1742,1.0
92,1742,9.0
93,1742,0.0
94,1742,0.0
95,1742,0.0
96,1742,0.0
97,1742,0.0
98,1742,3.0
99,1742,1.0
100,1742,2.0
101,1742,0.0
102,1742,0.0
103,1742,0.0
104,1742,4.0
105,1742,1.0
106,1742,7.0
107,1742,2.0
108,1742,1.0
109,1742,0.0
110,1742,4.0
111,1742,3.0
112,1742,0.0
113,1742,0.0
114,1742,1.0
115,1742,0.0
116,1742,0.0
117,1742,0.0
118,1742,3.0
119,1742,7.0
120,1742,0.0
121,1742,0.0
122,1742,2.0
123,1742,1.0
124,1742,1.0
125,1742,0.0
126,1742,1.0
127,1742,0.0
128,1742,2.0
129,1742,0.0
130,1742,1.0
131,1742,0.0
132,1742,0.0
133,1742,0.0
134,1742,0.0
135,1742,0.0
136,1742,4.0
137,1742,0.0
138,1742,0.0
139,1742,0.0
140,1742,0.0
141,1742,2.0
142,1742,0.0
143,1742,0.0
144,1742,0.0
145,1742,3.0
146,1742,0.0
147,1742,2.0
148,1742,0.0
149,1742,0.0
150,1742,8.0
151,1742,12.0
152,1742,8.0
153,1742,1.0
154,1742,5.0
155,1742,1.0
156,1742,0.0
157,1742,0.0
158,1742,1.0
159,1742,2.0
160,1742,4.0
161,1742,4.0
162,1742,4.0
163,1742,10.0
164,1742,2.0
165,1742,0.0
166,1742,7.0
167,1742,11.0
168,1742,5.0
169,1742,10.0
170,1742,0.0
171,1742,1.0
172,1742,0.0
173,1742,0.0
174,1742,2.0
175,1742,0.0
176,1742,0.0
177,1742,0.0
178,1742,0.0
179,1742,0.0
180,1742,1.0
181,1742,0.0
182,1742,0.0
183,1742,0.0
184,1742,0.0
185,1742,0.0
186,1742,0.0
187,1742,0.0
188,1742,2.0
189,1742,2.0
190,1742,0.0
191,1742,0.0
192,1742,0.0
193,1742,0.0
194,1742,1.0
195,1742,1.0
196,1742,1.0
197,1742,0.0
198,1742,1.0
199,1742,0.0
0,1743,0.0
1,1743,0.0
2,1743,9.0
3,1743,1.0
4,1743,0.0
5,1743,0.0
6,1743,4.0
7,1743,2.0
8,1743,0.0
9,1743,1.0
10,1743,6.0
11,1743,0.0
12,1743,0.0
13,1743,0.0
14,1743,1.0
15,1743,3.0
16,1743,0.0
17,1743,1.0
18,1743,1.0
19,1743,0.0
20,1743,0.0
21,1743,0.0
22,1743,2.0
23,1743,2.0
24,1743,0.0
25,1743,0.0
26,1743,0.0
27,1743,0.0
28,1743,2.0
29,1743,1.0
30,1743,2.0
31,1743,0.0
32,1743,0.0
33,1743,6.0
34,1743,1.0
35,1743,9.0
36,1743,0.0
37,1743,3.0
38,1743,0.0
39,1743,0.0
40,1743,0.0
41,1743,0.0
42,1743,1.0
43,1743,0.0
44,1743,1.0
45,1743,1.0
46,1743,2.0
47,1743,0.0
48,1743,0.0
49,1743,2.0
50,1743,2.0
51,1743,0.0
52,1743,2.0
53,1743,0.0
54,1743,0.0
55,1743,3.0
56,1743,0.0
57,1743,0.0
58,1743,1.0
59,1743,2.0
60,1743,0.0
61,1743,23.0
62,1743,2.0
63,1743,0.0
64,1743,3.0
65,1743,0.0
66,1743,1.0
67,1743,0.0
68,1743,3.0
69,1743,0.0
70,1743,0.0
71,1743,1.0
72,1743,7.0
73,1743,0.0
74,1743,0.0
75,1743,0.0
76,1743,0.0
77,1743,0.0
78,1743,0.0
79,1743,0.0
80,1743,0.0
81,1743,0.0
82,1743,5.0
83,1743,0.0
84,1743,3.0
85,1743,41.0
86,1743,6.0
87,1743,2.0
88,1743,0.0
89,1743,0.0
90,1743,0.0
91,1743,8.0
92,1743,6.0
93,1743,0.0
94,1743,1.0
95,1743,0.0
96,1743,0.0
97,1743,1.0
98,1743,5.0
99,1743,0.0
100,1743,3.0
101,1743,0.0
102,1743,0.0
103,1743,0.0
104,1743,2.0
105,1743,0.0
106,1743,7.0
107,1743,0.0
108,1743,0.0
109,1743,0.0
110,1743,8.0
111,1743,4.0
112,1743,5.0
113,1743,4.0
114,1743,0.0
115,1743,0.0
116,1743,2.0
117,1743,2.0
118,1743,0.0
119,1743,11.0
120,1743,1.0
121,1743,0.0
122,1743,1.0
123,1743,0.0
124,1743,1.0
125,1743,1.0
126,1743,0.0
127,1743,0.0
128,1743,2.0
129,1743,10.0
130,1743,4.0
131,1743,2.0
132,1743,0.0
133,1743,0.0
134,1743,0.0
135,1743,0.0
136,1743,1.0
137,1743,0.0
138,1743,0.0
139,1743,0.0
140,1743,0.0
141,1743,0.0
142,1743,0.0
143,1743,1.0
144,1743,0.0
145,1743,1.0
146,1743,0.0
147,1743,1.0
148,1743,2.0
149,1743,0.0
150,1743,6.0
151,1743,14.0
152,1743,12.0
153,1743,1.0
154,1743,2.0
155,1743,1.0
156,1743,0.0
157,1743,0.0
158,1743,1.0
159,1743,4.0
160,1743,3.0
161,1743,1.0
162,1743,8.0
163,1743,8.0
164,1743,1.0
165,1743,0.0
166,1743,5.0
167,1743,18.0
168,1743,6.0
169,1743,7.0
170,1743,0.0
171,1743,5.0
172,1743,0.0
173,1743,2.0
174,1743,1.0
175,1743,0.0
176,1743,0.0
177,1743,0.0
178,1743,0.0
179,1743,0.0
180,1743,0.0
181,1743,0.0
182,1743,0.0
183,1743,0.0
184,1743,0.0
185,1743,0.0
186,1743,0.0
187,1743,0.0
188,1743,8.0
189,1743,1.0
190,1743,0.0
191,1743,0.0
192,1743,0.0
193,1743,0.0
194,1743,1.0
195,1743,0.0
196,1743,1.0
197,1743,0.0
198,1743,0.0
199,1743,0.0
0,1744,0.0
1,1744,0.0
2,1744,6.0
3,1744,0.0
4,1744,0.0
5,1744,0.0
6,1744,1.0
7,1744,0.0
8,1744,0.0
9,1744,2.0
10,1744,5.0
11,1744,0.0
12,1744,1.0
13,1744,3.0
14,1744,3.0
15,1744,14.0
16,1744,3.0
17,1744,4.0
18,1744,1.0
19,1744,2.0
20,1744,2.0
21,1744,0.0
22,1744,0.0
23,1744,1.0
24,1744,1.0
25,1744,0.0
26,1744,1.0
27,1744,0.0
28,1744,1.0
29,1744,0.0
30,1744,3.0
31,1744,1.0
32,1744,0.0
33,1744,19.0
34,1744,3.0
35,1744,9.0
36,1744,0.0
37,1744,3.0
38,1744,0.0
39,1744,1.0
40,1744,2.0
41,1744,0.0
42,1744,3.0
43,1744,1.0
44,1744,0.0
45,1744,0.0
46,1744,0.0
47,1744,4.0
48,1744,1.0
49,1744,1.0
50,1744,5.0
51,1744,0.0
52,1744,1.0
53,1744,14.0
54,1744,0.0
55,1744,1.0
56,1744,3.0
57,1744,1.0
58,1744,0.0
59,1744,1.0
60,1744,0.0
61,1744,24.0
62,1744,3.0
63,1744,0.0
64,1744,3.0
65,1744,0.0
66,1744,5.0
67,1744,0.0
68,1744,0.0
69,1744,0.0
70,1744,0.0
71,1744,6.0
72,1744,28.0
73,1744,0.0
74,1744,0.0
75,1744,0.0
76,1744,0.0
77,1744,0.0
78,1744,6.0
79,1744,0.0
80,1744,0.0
81,1744,2.0
82,1744,7.0
83,1744,0.0
84,1744,4.0
85,1744,55.0
86,1744,10.0
87,1744,0.0
88,1744,1.0
89,1744,2.0
90,1744,1.0
91,1744,4.0
92,1744,17.0
93,1744,0.0
94,1744,0.0
95,1744,0.0
96,1744,0.0
97,1744,1.0
98,1744,3.0
99,1744,2.0
100,1744,1.0
101,1744,0.0
102,1744,0.0
103,1744,0.0
104,1744,2.0
105,1744,0.0
106,1744,11.0
107,1744,2.0
108,1744,1.0
109,1744,6.0
110,1744,7.0
111,1744,7.0
112,1744,3.0
113,1744,1.0
114,1744,4.0
115,1744,0.0
116,1744,0.0
117,1744,1.0
118,1744,0.0
119,1744,5.0
120,1744,0.0
121,1744,1.0
122,1744,1.0
123,1744,1.0
124,1744,0.0
125,1744,1.0
126,1744,1.0
127,1744,0.0
128,1744,2.0
129,1744,1.0
130,1744,0.0
131,1744,2.0
132,1744,0.0
133,1744,0.0
134,1744,2.0
135,1744,0.0
136,1744,1.0
137,1744,0.0
138,1744,0.0
139,1744,1.0
140,1744,0.0
141,1744,3.0
142,1744,0.0
143,1744,2.0
144,1744,0.0
145,1744,4.0
146,1744,1.0
147,1744,5.0
148,1744,2.0
149,1744,1.0
150,1744,12.0
151,1744,18.0
152,1744,14.0
153,1744,4.0
154,1744,0.0
155,1744,1.0
156,1744,1.0
157,1744,9.0
158,1744,5.0
159,1744,2.0
160,1744,0.0
161,1744,2.0
162,1744,12.0
163,1744,19.0
164,1744,1.0
165,1744,0.0
166,1744,9.0
167,1744,8.0
168,1744,9.0
169,1744,11.0
170,1744,0.0
171,1744,6.0
172,1744,1.0
173,1744,2.0
174,1744,3.0
175,1744,2.0
176,1744,0.0
177,1744,1.0
178,1744,1.0
179,1744,1.0
180,1744,3.0
181,1744,1.0
182,1744,0.0
183,1744,0.0
184,1744,2.0
185,1744,0.0
186,1744,0.0
187,1744,0.0
188,1744,8.0
189,1744,0.0
190,1744,0.0
191,1744,1.0
192,1744,0.0
193,1744,3.0
194,1744,5.0
195,1744,1.0
196,1744,1.0
197,1744,0.0
198,1744,0.0
199,1744,0.0
0,1745,0.0
1,1745,0.0
2,1745,25.0
3,1745,1.0
4,1745,0.0
5,1745,0.0
6,1745,0.0
7,1745,1.0
8,1745,0.0
9,1745,2.0
10,1745,11.0
11,1745,0.0
12,1745,0.0
13,1745,2.0
14,1745,4.0
15,1745,15.0
16,1745,0.0
17,1745,0.0
18,1745,1.0
19,1745,0.0
20,1745,0.0
21,1745,0.0
22,1745,1.0
23,1745,1.0
24,1745,0.0
25,1745,0.0
26,1745,2.0
27,1745,0.0
28,1745,1.0
29,1745,0.0
30,1745,0.0
31,1745,0.0
32,1745,0.0
33,1745,5.0
34,1745,0.0
35,1745,2.0
36,1745,1.0
37,1745,2.0
38,1745,4.0
39,1745,1.0
40,1745,1.0
41,1745,0.0
42,1745,1.0
43,1745,3.0
44,1745,1.0
45,1745,1.0
46,1745,0.0
47,1745,2.0
48,1745,0.0
49,1745,1.0
50,1745,1.0
51,1745,0.0
52,1745,3.0
53,1745,0.0
54,1745,6.0
55,1745,1.0
56,1745,1.0
57,1745,0.0
58,1745,1.0
59,1745,4.0
60,1745,1.0
61,1745,44.0
62,1745,0.0
63,1745,0.0
64,1745,3.0
65,1745,0.0
66,1745,5.0
67,1745,0.0
68,1745,4.0
69,1745,0.0
70,1745,0.0
71,1745,1.0
72,1745,16.0
73,1745,0.0
74,1745,0.0
75,1745,0.0
76,1745,0.0
77,1745,0.0
78,1745,3.0
79,1745,0.0
80,1745,0.0
81,1745,3.0
82,1745,10.0
83,1745,0.0
84,1745,3.0
85,1745,46.0
86,1745,8.0
87,1745,0.0
88,1745,3.0
89,1745,0.0
90,1745,0.0
91,1745,3.0
92,1745,12.0
93,1745,0.0
94,1745,6.0
95,1745,0.0
96,1745,0.0
97,1745,1.0
98,1745,10.0
99,1745,3.0
100,1745,0.0
101,1745,1.0
102,1745,0.0
103,1745,0.0
104,1745,1.0
105,1745,0.0
106,1745,11.0
107,1745,4.0
108,1745,2.0
109,1745,4.0
110,1745,7.0
111,1745,7.0
112,1745,4.0
113,1745,5.0
114,1745,0.0
115,1745,0.0
116,1745,0.0
117,1745,4.0
118,1745,0.0
119,1745,6.0
120,1745,0.0
121,1745,0.0
122,1745,5.0
123,1745,0.0
124,1745,2.0
125,1745,2.0
126,1745,0.0
127,1745,0.0
128,1745,1.0
129,1745,4.0
130,1745,0.0
131,1745,1.0
132,1745,0.0
133,1745,0.0
134,1745,1.0
135,1745,0.0
136,1745,2.0
137,1745,0.0
138,1745,0.0
139,1745,1.0
140,1745,0.0
141,1745,0.0
142,1745,0.0
143,1745,3.0
144,1745,0.0
145,1745,4.0
146,1745,0.0
147,1745,3.0
148,1745,0.0
149,1745,2.0
150,1745,13.0
151,1745,17.0
152,1745,14.0
153,1745,3.0
154,1745,0.0
155,1745,0.0
156,1745,0.0
157,1745,7.0
158,1745,1.0
159,1745,8.0
160,1745,0.0
161,1745,8.0
162,1745,18.0
163,1745,15.0
164,1745,1.0
165,1745,0.0
166,1745,3.0
167,1745,10.0
168,1745,17.0
169,1745,10.0
170,1745,0.0
171,1745,4.0
172,1745,0.0
173,1745,4.0
174,1745,5.0
175,1745,3.0
176,1745,0.0
177,1745,2.0
178,1745,1.0
179,1745,0.0
180,1745,3.0
181,1745,0.0
182,1745,0.0
183,1745,1.0
184,1745,0.0
185,1745,0.0
186,1745,1.0
187,1745,0.0
188,1745,3.0
189,1745,0.0
190,1745,0.0
191,1745,0.0
192,1745,0.0
193,1745,3.0
194,1745,0.0
195,1745,1.0
196,1745,2.0
197,1745,0.0
198,1745,0.0
199,1745,0.0
0,1746,0.0
1,1746,0.0
2,1746,3.0
3,1746,0.0
4,1746,0.0
5,1746,0.0
6,1746,1.0
7,1746,1.0
8,1746,0.0
9,1746,6.0
10,1746,6.0
11,1746,0.0
12,1746,0.0
13,1746,1.0
14,1746,0.0
15,1746,3.0
16,1746,0.0
17,1746,0.0
18,1746,2.0
19,1746,0.0
20,1746,0.0
21,1746,0.0
22,1746,1.0
23,1746,0.0
24,1746,0.0
25,1746,1.0
26,1746,2.0
27,1746,0.0
28,1746,0.0
29,1746,0.0
30,1746,4.0
31,1746,1.0
32,1746,0.0
33,1746,9.0
34,1746,4.0
35,1746,0.0
36,1746,2.0
37,1746,9.0
38,1746,5.0
39,1746,5.0
40,1746,5.0
41,1746,2.0
42,1746,3.0
43,1746,0.0
44,1746,0.0
45,1746,6.0
46,1746,1.0
47,1746,1.0
48,1746,1.0
49,1746,2.0
50,1746,0.0
51,1746,0.0
52,1746,2.0
53,1746,1.0
54,1746,2.0
55,1746,0.0
56,1746,1.0
57,1746,0.0
58,1746,0.0
59,1746,0.0
60,1746,1.0
61,1746,14.0
62,1746,1.0
63,1746,2.0
64,1746,1.0
65,1746,0.0
66,1746,4.0
67,1746,0.0
68,1746,4.0
69,1746,0.0
70,1746,0.0
71,1746,0.0
72,1746,11.0
73,1746,0.0
74,1746,0.0
75,1746,0.0
76,1746,0.0
77,1746,0.0
78,1746,5.0
79,1746,0.0
80,1746,0.0
81,1746,4.0
82,1746,5.0
83,1746,0.0
84,1746,2.0
85,1746,20.0
86,1746,5.0
87,1746,0.0
88,1746,5.0
89,1746,0.0
90,1746,0.0
91,1746,9.0
92,1746,11.0
93,1746,0.0
94,1746,1.0
95,1746,0.0
96,1746,0.0
97,1746,1.0
98,1746,4.0
99,1746,0.0
100,1746,1.0
101,1746,0.0
102,1746,0.0
103,1746,0.0
104,1746,2.0
105,1746,0.0
106,1746,9.0
107,1746,3.0
108,1746,0.0
109,1746,3.0
110,1746,5.0
111,1746,5.0
112,1746,3.0
113,1746,2.0
114,1746,0.0
115,1746,0.0
116,1746,0.0
117,1746,1.0
118,1746,0.0
119,1746,2.0
120,1746,0.0
121,1746,3.0
122,1746,1.0
123,1746,0.0
124,1746,0.0
125,1746,1.0
126,1746,0.0
127,1746,0.0
128,1746,2.0
129,1746,1.0
130,1746,0.0
131,1746,1.0
132,1746,3.0
133,1746,0.0
134,1746,0.0
135,1746,0.0
136,1746,2.0
137,1746,3.0
138,1746,0.0
139,1746,0.0
140,1746,1.0
141,1746,1.0
142,1746,0.0
143,1746,0.0
144,1746,2.0
145,1746,4.0
146,1746,1.0
147,1746,2.0
148,1746,0.0
149,1746,3.0
150,1746,10.0
151,1746,18.0
152,1746,15.0
153,1746,1.0
154,1746,2.0
155,1746,1.0
156,1746,0.0
157,1746,1.0
158,1746,0.0
159,1746,4.0
160,1746,1.0
161,1746,5.0
162,1746,10.0
163,1746,10.0
164,1746,1.0
165,1746,0.0
166,1746,3.0
167,1746,7.0
168,1746,1.0
169,1746,10.0
170,1746,0.0
171,1746,2.0
172,1746,0.0
173,1746,4.0
174,1746,2.0
175,1746,2.0
176,1746,0.0
177,1746,0.0
178,1746,1.0
179,1746,0.0
180,1746,0.0
181,1746,0.0
182,1746,0.0
183,1746,0.0
184,1746,0.0
185,1746,0.0
186,1746,0.0
187,1746,0.0
188,1746,9.0
189,1746,0.0
190,1746,0.0
191,1746,0.0
192,1746,0.0
193,1746,0.0
194,1746,0.0
195,1746,0.0
196,1746,0.0
197,1746,1.0
198,1746,0.0
199,1746,0.0
0,1747,0.0
1,1747,0.0
2,1747,7.0
3,1747,0.0
4,1747,0.0
5,1747,0.0
6,1747,1.0
7,1747,0.0
8,1747,0.0
9,1747,1.0
10,1747,1.0
11,1747,0.0
12,1747,4.0
13,1747,0.0
14,1747,1.0
15,1747,3.0
16,1747,1.0
17,1747,3.0
18,1747,0.0
19,1747,0.0
20,1747,0.0
21,1747,0.0
22,1747,0.0
23,1747,0.0
24,1747,0.0
25,1747,1.0
26,1747,0.0
27,1747,0.0
28,1747,0.0
29,1747,0.0
30,1747,4.0
31,1747,0.0
32,1747,0.0
33,1747,13.0
34,1747,1.0
35,1747,4.0
36,1747,0.0
37,1747,1.0
38,1747,21.0
39,1747,3.0
40,1747,2.0
41,1747,1.0
42,1747,1.0
43,1747,0.0
44,1747,1.0
45,1747,1.0
46,1747,0.0
47,1747,2.0
48,1747,0.0
49,1747,4.0
50,1747,2.0
51,1747,0.0
52,1747,1.0
53,1747,43.0
54,1747,2.0
55,1747,1.0
56,1747,0.0
57,1747,0.0
58,1747,1.0
59,1747,2.0
60,1747,0.0
61,1747,14.0
62,1747,2.0
63,1747,1.0
64,1747,4.0
65,1747,0.0
66,1747,1.0
67,1747,0.0
68,1747,2.0
69,1747,0.0
70,1747,0.0
71,1747,0.0
72,1747,3.0
73,1747,0.0
74,1747,0.0
75,1747,0.0
76,1747,0.0
77,1747,0.0
78,1747,0.0
79,1747,0.0
80,1747,0.0
81,1747,2.0
82,1747,3.0
83,1747,0.0
84,1747,0.0
85,1747,47.0
86,1747,9.0
87,1747,0.0
88,1747,2.0
89,1747,0.0
90,1747,0.0
91,1747,4.0
92,1747,7.0
93,1747,0.0
94,1747,1.0
95,1747,0.0
96,1747,0.0
97,1747,0.0
98,1747,3.0
99,1747,0.0
100,1747,0.0
101,1747,0.0
102,1747,0.0
103,1747,0.0
104,1747,0.0
105,1747,1.0
106,1747,6.0
107,1747,0.0
108,1747,5.0
109,1747,9.0
110,1747,3.0
111,1747,5.0
112,1747,9.0
113,1747,2.0
114,1747,1.0
115,1747,0.0
116,1747,2.0
117,1747,1.0
118,1747,1.0
119,1747,7.0
120,1747,0.0
121,1747,0.0
122,1747,3.0
123,1747,0.0
124,1747,1.0
125,1747,1.0
126,1747,0.0
127,1747,0.0
128,1747,6.0
129,1747,0.0
130,1747,2.0
131,1747,1.0
132,1747,1.0
133,1747,0.0
134,1747,3.0
135,1747,1.0
136,1747,1.0
137,1747,0.0
138,1747,0.0
139,1747,0.0
140,1747,2.0
141,1747,2.0
142,1747,1.0
143,1747,2.0
144,1747,2.0
145,1747,0.0
146,1747,3.0
147,1747,3.0
148,1747,0.0
149,1747,0.0
150,1747,12.0
151,1747,17.0
152,1747,2.0
153,1747,0.0
154,1747,0.0
155,1747,0.0
156,1747,0.0
157,1747,0.0
158,1747,0.0
159,1747,2.0
160,1747,4.0
161,1747,7.0
162,1747,14.0
163,1747,7.0
164,1747,0.0
165,1747,0.0
166,1747,2.0
167,1747,7.0
168,1747,0.0
169,1747,12.0
170,1747,0.0
171,1747,1.0
172,1747,2.0
173,1747,1.0
174,1747,0.0
175,1747,1.0
176,1747,0.0
177,1747,0.0
178,1747,0.0
179,1747,0.0
180,1747,0.0
181,1747,0.0
182,1747,0.0
183,1747,0.0
184,1747,0.0
185,1747,0.0
186,1747,0.0
187,1747,0.0
188,1747,4.0
189,1747,0.0
190,1747,0.0
191,1747,0.0
192,1747,1.0
193,1747,2.0
194,1747,6.0
195,1747,1.0
196,1747,0.0
197,1747,0.0
198,1747,0.0
199,1747,0.0
0,1748,0.0
1,1748,0.0
2,1748,5.0
3,1748,0.0
4,1748,0.0
5,1748,0.0
6,1748,0.0
7,1748,0.0
8,1748,0.0
9,1748,1.0
10,1748,2.0
11,1748,0.0
12,1748,0.0
13,1748,0.0
14,1748,1.0
15,1748,0.0
16,1748,0.0
17,1748,1.0
18,1748,0.0
19,1748,1.0
20,1748,1.0
21,1748,0.0
22,1748,0.0
23,1748,1.0
24,1748,2.0
25,1748,2.0
26,1748,1.0
27,1748,0.0
28,1748,4.0
29,1748,0.0
30,1748,1.0
31,1748,1.0
32,1748,2.0
33,1748,3.0
34,1748,3.0
35,1748,1.0
36,1748,0.0
37,1748,6.0
38,1748,5.0
39,1748,2.0
40,1748,1.0
41,1748,0.0
42,1748,3.0
43,1748,2.0
44,1748,1.0
45,1748,0.0
46,1748,0.0
47,1748,1.0
48,1748,1.0
49,1748,0.0
50,1748,0.0
51,1748,0.0
52,1748,2.0
53,1748,0.0
54,1748,2.0
55,1748,0.0
56,1748,0.0
57,1748,1.0
58,1748,1.0
59,1748,1.0
60,1748,0.0
61,1748,17.0
62,1748,1.0
63,1748,0.0
64,1748,4.0
65,1748,0.0
66,1748,3.0
67,1748,0.0
68,1748,4.0
69,1748,0.0
70,1748,0.0
71,1748,0.0
72,1748,10.0
73,1748,0.0
74,1748,0.0
75,1748,2.0
76,1748,0.0
77,1748,0.0
78,1748,1.0
79,1748,0.0
80,1748,0.0
81,1748,0.0
82,1748,3.0
83,1748,0.0
84,1748,5.0
85,1748,40.0
86,1748,7.0
87,1748,0.0
88,1748,3.0
89,1748,0.0
90,1748,0.0
91,1748,2.0
92,1748,0.0
93,1748,0.0
94,1748,1.0
95,1748,0.0
96,1748,0.0
97,1748,0.0
98,1748,2.0
99,1748,1.0
100,1748,1.0
101,1748,0.0
102,1748,0.0
103,1748,0.0
104,1748,1.0
105,1748,2.0
106,1748,5.0
107,1748,3.0
108,1748,2.0
109,1748,3.0
110,1748,5.0
111,1748,2.0
112,1748,3.0
113,1748,1.0
114,1748,2.0
115,1748,0.0
116,1748,2.0
117,1748,0.0
118,1748,1.0
119,1748,3.0
120,1748,0.0
121,1748,1.0
122,1748,1.0
123,1748,0.0
124,1748,1.0
125,1748,2.0
126,1748,0.0
127,1748,0.0
128,1748,3.0
129,1748,3.0
130,1748,0.0
131,1748,0.0
132,1748,4.0
133,1748,0.0
134,1748,0.0
135,1748,0.0
136,1748,0.0
137,1748,2.0
138,1748,0.0
139,1748,0.0
140,1748,0.0
141,1748,2.0
142,1748,0.0
143,1748,0.0
144,1748,0.0
145,1748,0.0
146,1748,1.0
147,1748,0.0
148,1748,3.0
149,1748,0.0
150,1748,3.0
151,1748,7.0
152,1748,6.0
153,1748,2.0
154,1748,3.0
155,1748,0.0
156,1748,0.0
157,1748,0.0
158,1748,2.0
159,1748,2.0
160,1748,0.0
161,1748,0.0
162,1748,13.0
163,1748,8.0
164,1748,2.0
165,1748,0.0
166,1748,0.0
167,1748,15.0
168,1748,2.0
169,1748,9.0
170,1748,0.0
171,1748,8.0
172,1748,2.0
173,1748,3.0
174,1748,0.0
175,1748,1.0
176,1748,0.0
177,1748,1.0
178,1748,0.0
179,1748,0.0
180,1748,2.0
181,1748,0.0
182,1748,0.0
183,1748,0.0
184,1748,1.0
185,1748,0.0
186,1748,0.0
187,1748,0.0
188,1748,4.0
189,1748,1.0
190,1748,0.0
191,1748,2.0
192,1748,0.0
193,1748,0.0
194,1748,1.0
195,1748,0.0
196,1748,0.0
197,1748,0.0
198,1748,0.0
199,1748,0.0
0,1749,0.0
1,1749,0.0
2,1749,4.0
3,1749,0.0
4,1749,0.0
5,1749,0.0
6,1749,1.0
7,1749,0.0
8,1749,0.0
9,1749,2.0
10,1749,0.0
11,1749,0.0
12,1749,1.0
13,1749,1.0
14,1749,2.0
15,1749,4.0
16,1749,0.0
17,1749,3.0
18,1749,0.0
19,1749,1.0
20,1749,2.0
21,1749,0.0
22,1749,4.0
23,1749,0.0
24,1749,0.0
25,1749,0.0
26,1749,0.0
27,1749,0.0
28,1749,0.0
29,1749,0.0
30,1749,3.0
31,1749,1.0
32,1749,1.0
33,1749,5.0
34,1749,0.0
35,1749,5.0
36,1749,0.0
37,1749,2.0
38,1749,14.0
39,1749,0.0
40,1749,1.0
41,1749,0.0
42,1749,1.0
43,1749,0.0
44,1749,1.0
45,1749,2.0
46,1749,0.0
47,1749,1.0
48,1749,1.0
49,1749,0.0
50,1749,0.0
51,1749,0.0
52,1749,1.0
53,1749,0.0
54,1749,2.0
55,1749,0.0
56,1749,0.0
57,1749,1.0
58,1749,0.0
59,1749,0.0
60,1749,0.0
61,1749,11.0
62,1749,2.0
63,1749,0.0
64,1749,0.0
65,1749,0.0
66,1749,8.0
67,1749,0.0
68,1749,1.0
69,1749,0.0
70,1749,0.0
71,1749,0.0
72,1749,1.0
73,1749,0.0
74,1749,0.0
75,1749,0.0
76,1749,0.0
77,1749,0.0
78,1749,2.0
79,1749,0.0
80,1749,0.0
81,1749,1.0
82,1749,5.0
83,1749,0.0
84,1749,3.0
85,1749,37.0
86,1749,4.0
87,1749,1.0
88,1749,4.0
89,1749,1.0
90,1749,0.0
91,1749,3.0
92,1749,2.0
93,1749,0.0
94,1749,1.0
95,1749,0.0
96,1749,0.0
97,1749,0.0
98,1749,2.0
99,1749,0.0
100,1749,1.0
101,1749,0.0
102,1749,0.0
103,1749,0.0
104,1749,1.0
105,1749,0.0
106,1749,10.0
107,1749,1.0
108,1749,1.0
109,1749,1.0
110,1749,3.0
111,1749,5.0
112,1749,7.0
113,1749,1.0
114,1749,3.0
115,1749,0.0
116,1749,1.0
117,1749,1.0
118,1749,0.0
119,1749,3.0
120,1749,0.0
121,1749,0.0
122,1749,0.0
123,1749,2.0
124,1749,2.0
125,1749,1.0
126,1749,0.0
127,1749,0.0
128,1749,2.0
129,1749,0.0
130,1749,1.0
131,1749,0.0
132,1749,0.0
133,1749,1.0
134,1749,0.0
135,1749,0.0
136,1749,0.0
137,1749,3.0
138,1749,0.0
139,1749,0.0
140,1749,0.0
141,1749,0.0
142,1749,0.0
143,1749,2.0
144,1749,0.0
145,1749,6.0
146,1749,1.0
147,1749,4.0
148,1749,1.0
149,1749,0.0
150,1749,9.0
151,1749,11.0
152,1749,2.0
153,1749,0.0
154,1749,0.0
155,1749,1.0
156,1749,0.0
157,1749,1.0
158,1749,1.0
159,1749,5.0
160,1749,6.0
161,1749,1.0
162,1749,15.0
163,1749,12.0
164,1749,0.0
165,1749,0.0
166,1749,3.0
167,1749,15.0
168,1749,1.0
169,1749,8.0
170,1749,0.0
171,1749,11.0
172,1749,0.0
173,1749,0.0
174,1749,1.0
175,1749,1.0
176,1749,0.0
177,1749,1.0
178,1749,0.0
179,1749,0.0
180,1749,3.0
181,1749,0.0
182,1749,0.0
183,1749,0.0
184,1749,0.0
185,1749,0.0
186,1749,1.0
187,1749,0.0
188,1749,4.0
189,1749,0.0
190,1749,0.0
191,1749,0.0
192,1749,0.0
193,1749,1.0
194,1749,1.0
195,1749,0.0
196,1749,0.0
197,1749,0.0
198,1749,0.0
199,1749,1.0
0,1750,0.0
1,1750,0.0
2,1750,6.0
3,1750,1.0
4,1750,0.0
5,1750,0.0
6,1750,2.0
7,1750,2.0
8,1750,0.0
9,1750,2.0
10,1750,3.0
11,1750,0.0
12,1750,0.0
13,1750,0.0
14,1750,1.0
15,1750,1.0
16,1750,1.0
17,1750,0.0
18,1750,2.0
19,1750,3.0
20,1750,2.0
21,1750,0.0
22,1750,6.0
23,1750,0.0
24,1750,0.0
25,1750,0.0
26,1750,0.0
27,1750,0.0
28,1750,0.0
29,1750,0.0
30,1750,4.0
31,1750,1.0
32,1750,3.0
33,1750,2.0
34,1750,0.0
35,1750,11.0
36,1750,0.0
37,1750,5.0
38,1750,0.0
39,1750,1.0
40,1750,4.0
41,1750,2.0
42,1750,0.0
43,1750,3.0
44,1750,1.0
45,1750,0.0
46,1750,1.0
47,1750,1.0
48,1750,1.0
49,1750,4.0
50,1750,0.0
51,1750,0.0
52,1750,0.0
53,1750,32.0
54,1750,6.0
55,1750,6.0
56,1750,0.0
57,1750,2.0
58,1750,0.0
59,1750,2.0
60,1750,1.0
61,1750,22.0
62,1750,0.0
63,1750,1.0
64,1750,3.0
65,1750,0.0
66,1750,1.0
67,1750,0.0
68,1750,2.0
69,1750,0.0
70,1750,0.0
71,1750,8.0
72,1750,24.0
73,1750,0.0
74,1750,0.0
75,1750,4.0
76,1750,0.0
77,1750,0.0
78,1750,3.0
79,1750,0.0
80,1750,0.0
81,1750,2.0
82,1750,7.0
83,1750,0.0
84,1750,1.0
85,1750,35.0
86,1750,0.0
87,1750,2.0
88,1750,2.0
89,1750,1.0
90,1750,0.0
91,1750,3.0
92,1750,0.0
93,1750,0.0
94,1750,2.0
95,1750,0.0
96,1750,0.0
97,1750,1.0
98,1750,4.0
99,1750,0.0
100,1750,1.0
101,1750,0.0
102,1750,0.0
103,1750,0.0
104,1750,2.0
105,1750,2.0
106,1750,3.0
107,1750,0.0
108,1750,0.0
109,1750,3.0
110,1750,5.0
111,1750,2.0
112,1750,1.0
113,1750,2.0
114,1750,1.0
115,1750,0.0
116,1750,0.0
117,1750,0.0
118,1750,0.0
119,1750,2.0
120,1750,0.0
121,1750,1.0
122,1750,2.0
123,1750,0.0
124,1750,0.0
125,1750,2.0
126,1750,0.0
127,1750,0.0
128,1750,0.0
129,1750,2.0
130,1750,2.0
131,1750,1.0
132,1750,4.0
133,1750,1.0
134,1750,0.0
135,1750,0.0
136,1750,0.0
137,1750,0.0
138,1750,0.0
139,1750,0.0
140,1750,1.0
141,1750,0.0
142,1750,0.0
143,1750,5.0
144,1750,0.0
145,1750,2.0
146,1750,0.0
147,1750,0.0
148,1750,1.0
149,1750,4.0
150,1750,9.0
151,1750,4.0
152,1750,2.0
153,1750,3.0
154,1750,1.0
155,1750,1.0
156,1750,0.0
157,1750,0.0
158,1750,0.0
159,1750,4.0
160,1750,1.0
161,1750,5.0
162,1750,12.0
163,1750,17.0
164,1750,3.0
165,1750,0.0
166,1750,5.0
167,1750,11.0
168,1750,4.0
169,1750,9.0
170,1750,0.0
171,1750,2.0
172,1750,0.0
173,1750,0.0
174,1750,0.0
175,1750,0.0
176,1750,0.0
177,1750,0.0
178,1750,0.0
179,1750,2.0
180,1750,0.0
181,1750,0.0
182,1750,0.0
183,1750,0.0
184,1750,0.0
185,1750,0.0
186,1750,0.0
187,1750,0.0
188,1750,3.0
189,1750,1.0
190,1750,0.0
191,1750,1.0
192,1750,0.0
193,1750,0.0
194,1750,3.0
195,1750,1.0
196,1750,0.0
197,1750,0.0
198,1750,1.0
199,1750,0.0
0,1751,0.0
1,1751,0.0
2,1751,3.0
3,1751,2.0
4,1751,0.0
5,1751,0.0
6,1751,0.0
7,1751,0.0
8,1751,0.0
9,1751,1.0
10,1751,4.0
11,1751,1.0
12,1751,0.0
13,1751,3.0
14,1751,1.0
15,1751,0.0
16,1751,1.0
17,1751,1.0
18,1751,2.0
19,1751,2.0
20,1751,0.0
21,1751,2.0
22,1751,0.0
23,1751,0.0
24,1751,0.0
25,1751,0.0
26,1751,3.0
27,1751,0.0
28,1751,1.0
29,1751,0.0
30,1751,1.0
31,1751,1.0
32,1751,2.0
33,1751,4.0
34,1751,0.0
35,1751,7.0
36,1751,0.0
37,1751,1.0
38,1751,17.0
39,1751,0.0
40,1751,3.0
41,1751,0.0
42,1751,1.0
43,1751,0.0
44,1751,1.0
45,1751,2.0
46,1751,0.0
47,1751,0.0
48,1751,1.0
49,1751,0.0
50,1751,3.0
51,1751,0.0
52,1751,2.0
53,1751,2.0
54,1751,2.0
55,1751,0.0
56,1751,1.0
57,1751,2.0
58,1751,0.0
59,1751,1.0
60,1751,0.0
61,1751,36.0
62,1751,3.0
63,1751,6.0
64,1751,3.0
65,1751,2.0
66,1751,1.0
67,1751,0.0
68,1751,2.0
69,1751,0.0
70,1751,0.0
71,1751,6.0
72,1751,17.0
73,1751,0.0
74,1751,0.0
75,1751,0.0
76,1751,0.0
77,1751,0.0
78,1751,1.0
79,1751,0.0
80,1751,0.0
81,1751,10.0
82,1751,10.0
83,1751,0.0
84,1751,3.0
85,1751,55.0
86,1751,12.0
87,1751,1.0
88,1751,0.0
89,1751,0.0
90,1751,0.0
91,1751,9.0
92,1751,0.0
93,1751,0.0
94,1751,3.0
95,1751,0.0
96,1751,0.0
97,1751,1.0
98,1751,6.0
99,1751,0.0
100,1751,1.0
101,1751,0.0
102,1751,0.0
103,1751,0.0
104,1751,2.0
105,1751,1.0
106,1751,10.0
107,1751,1.0
108,1751,1.0
109,1751,7.0
110,1751,7.0
111,1751,5.0
112,1751,4.0
113,1751,1.0
114,1751,4.0
115,1751,0.0
116,1751,2.0
117,1751,0.0
118,1751,1.0
119,1751,6.0
120,1751,1.0
121,1751,5.0
122,1751,1.0
123,1751,1.0
124,1751,2.0
125,1751,0.0
126,1751,0.0
127,1751,0.0
128,1751,1.0
129,1751,1.0
130,1751,3.0
131,1751,0.0
132,1751,1.0
133,1751,0.0
134,1751,0.0
135,1751,0.0
136,1751,1.0
137,1751,3.0
138,1751,0.0
139,1751,1.0
140,1751,0.0
141,1751,1.0
142,1751,0.0
143,1751,1.0
144,1751,0.0
145,1751,3.0
146,1751,1.0
147,1751,3.0
148,1751,1.0
149,1751,2.0
150,1751,7.0
151,1751,16.0
152,1751,11.0
153,1751,2.0
154,1751,0.0
155,1751,3.0
156,1751,0.0
157,1751,4.0
158,1751,0.0
159,1751,5.0
160,1751,0.0
161,1751,4.0
162,1751,16.0
163,1751,13.0
164,1751,1.0
165,1751,0.0
166,1751,7.0
167,1751,4.0
168,1751,2.0
169,1751,7.0
170,1751,0.0
171,1751,6.0
172,1751,0.0
173,1751,1.0
174,1751,0.0
175,1751,0.0
176,1751,0.0
177,1751,3.0
178,1751,0.0
179,1751,1.0
180,1751,0.0
181,1751,0.0
182,1751,0.0
183,1751,1.0
184,1751,1.0
185,1751,0.0
186,1751,0.0
187,1751,0.0
188,1751,9.0
189,1751,1.0
190,1751,0.0
191,1751,7.0
192,1751,0.0
193,1751,2.0
194,1751,4.0
195,1751,1.0
196,1751,4.0
197,1751,0.0
198,1751,2.0
199,1751,1.0
0,1752,0.0
1,1752,0.0
2,1752,6.0
3,1752,0.0
4,1752,0.0
5,1752,0.0
6,1752,1.0
7,1752,1.0
8,1752,3.0
9,1752,4.0
10,1752,4.0
11,1752,0.0
12,1752,4.0
13,1752,0.0
14,1752,1.0
15,1752,12.0
16,1752,3.0
17,1752,2.0
18,1752,3.0
19,1752,0.0
20,1752,0.0
21,1752,2.0
22,1752,5.0
23,1752,1.0
24,1752,1.0
25,1752,0.0
26,1752,4.0
27,1752,0.0
28,1752,0.0
29,1752,0.0
30,1752,2.0
31,1752,0.0
32,1752,5.0
33,1752,9.0
34,1752,6.0
35,1752,7.0
36,1752,3.0
37,1752,0.0
38,1752,6.0
39,1752,4.0
40,1752,4.0
41,1752,0.0
42,1752,3.0
43,1752,0.0
44,1752,0.0
45,1752,1.0
46,1752,2.0
47,1752,5.0
48,1752,3.0
49,1752,0.0
50,1752,1.0
51,1752,0.0
52,1752,2.0
53,1752,1.0
54,1752,1.0
55,1752,0.0
56,1752,0.0
57,1752,0.0
58,1752,0.0
59,1752,5.0
60,1752,0.0
61,1752,43.0
62,1752,5.0
63,1752,0.0
64,1752,3.0
65,1752,0.0
66,1752,8.0
67,1752,0.0
68,1752,6.0
69,1752,0.0
70,1752,0.0
71,1752,4.0
72,1752,17.0
73,1752,0.0
74,1752,0.0
75,1752,1.0
76,1752,0.0
77,1752,0.0
78,1752,4.0
79,1752,0.0
80,1752,0.0
81,1752,1.0
82,1752,2.0
83,1752,0.0
84,1752,4.0
85,1752,68.0
86,1752,12.0
87,1752,1.0
88,1752,2.0
89,1752,1.0
90,1752,0.0
91,1752,5.0
92,1752,0.0
93,1752,0.0
94,1752,0.0
95,1752,0.0
96,1752,0.0
97,1752,2.0
98,1752,6.0
99,1752,0.0
100,1752,3.0
101,1752,2.0
102,1752,0.0
103,1752,0.0
104,1752,2.0
105,1752,4.0
106,1752,17.0
107,1752,3.0
108,1752,8.0
109,1752,6.0
110,1752,8.0
111,1752,4.0
112,1752,3.0
113,1752,3.0
114,1752,1.0
115,1752,0.0
116,1752,1.0
117,1752,3.0
118,1752,0.0
119,1752,6.0
120,1752,0.0
121,1752,3.0
122,1752,1.0
123,1752,0.0
124,1752,1.0
125,1752,2.0
126,1752,0.0
127,1752,0.0
128,1752,0.0
129,1752,4.0
130,1752,0.0
131,1752,0.0
132,1752,2.0
133,1752,0.0
134,1752,1.0
135,1752,2.0
136,1752,2.0
137,1752,1.0
138,1752,0.0
139,1752,0.0
140,1752,1.0
141,1752,1.0
142,1752,0.0
143,1752,0.0
144,1752,4.0
145,1752,3.0
146,1752,1.0
147,1752,0.0
148,1752,0.0
149,1752,0.0
150,1752,14.0
151,1752,8.0
152,1752,8.0
153,1752,2.0
154,1752,0.0
155,1752,2.0
156,1752,0.0
157,1752,6.0
158,1752,2.0
159,1752,2.0
160,1752,6.0
161,1752,9.0
162,1752,20.0
163,1752,3.0
164,1752,0.0
165,1752,0.0
166,1752,13.0
167,1752,11.0
168,1752,3.0
169,1752,16.0
170,1752,0.0
171,1752,2.0
172,1752,0.0
173,1752,4.0
174,1752,0.0
175,1752,2.0
176,1752,0.0
177,1752,1.0
178,1752,1.0
179,1752,0.0
180,1752,3.0
181,1752,0.0
182,1752,0.0
183,1752,0.0
184,1752,0.0
185,1752,0.0
186,1752,0.0
187,1752,0.0
188,1752,5.0
189,1752,0.0
190,1752,0.0
191,1752,0.0
192,1752,0.0
193,1752,4.0
194,1752,3.0
195,1752,0.0
196,1752,1.0
197,1752,1.0
198,1752,0.0
199,1752,0.0
0,1753,0.0
1,1753,0.0
2,1753,10.0
3,1753,0.0
4,1753,0.0
5,1753,0.0
6,1753,2.0
7,1753,3.0
8,1753,2.0
9,1753,2.0
10,1753,3.0
11,1753,0.0
12,1753,0.0
13,1753,1.0
14,1753,2.0
15,1753,0.0
16,1753,0.0
17,1753,2.0
18,1753,1.0
19,1753,0.0
20,1753,0.0
21,1753,0.0
22,1753,0.0
23,1753,0.0
24,1753,2.0
25,1753,0.0
26,1753,3.0
27,1753,0.0
28,1753,1.0
29,1753,0.0
30,1753,1.0
31,1753,1.0
32,1753,3.0
33,1753,1.0
34,1753,1.0
35,1753,10.0
36,1753,1.0
37,1753,1.0
38,1753,19.0
39,1753,1.0
40,1753,0.0
41,1753,0.0
42,1753,0.0
43,1753,0.0
44,1753,1.0
45,1753,1.0
46,1753,2.0
47,1753,0.0
48,1753,0.0
49,1753,0.0
50,1753,0.0
51,1753,0.0
52,1753,1.0
53,1753,0.0
54,1753,2.0
55,1753,0.0
56,1753,0.0
57,1753,2.0
58,1753,0.0
59,1753,1.0
60,1753,1.0
61,1753,13.0
62,1753,0.0
63,1753,0.0
64,1753,1.0
65,1753,0.0
66,1753,3.0
67,1753,0.0
68,1753,5.0
69,1753,0.0
70,1753,0.0
71,1753,2.0
72,1753,10.0
73,1753,0.0
74,1753,0.0
75,1753,0.0
76,1753,0.0
77,1753,0.0
78,1753,0.0
79,1753,0.0
80,1753,0.0
81,1753,0.0
82,1753,9.0
83,1753,0.0
84,1753,7.0
85,1753,22.0
86,1753,4.0
87,1753,0.0
88,1753,0.0
89,1753,0.0
90,1753,0.0
91,1753,5.0
92,1753,4.0
93,1753,0.0
94,1753,1.0
95,1753,0.0
96,1753,0.0
97,1753,0.0
98,1753,5.0
99,1753,2.0
100,1753,2.0
101,1753,0.0
102,1753,0.0
103,1753,0.0
104,1753,4.0
105,1753,2.0
106,1753,7.0
107,1753,0.0
108,1753,1.0
109,1753,6.0
110,1753,6.0
111,1753,3.0
112,1753,4.0
113,1753,0.0
114,1753,0.0
115,1753,0.0
116,1753,0.0
117,1753,1.0
118,1753,0.0
119,1753,5.0
120,1753,1.0
121,1753,3.0
122,1753,2.0
123,1753,2.0
124,1753,2.0
125,1753,1.0
126,1753,0.0
127,1753,0.0
128,1753,4.0
129,1753,1.0
130,1753,2.0
131,1753,0.0
132,1753,0.0
133,1753,0.0
134,1753,1.0
135,1753,0.0
136,1753,1.0
137,1753,0.0
138,1753,0.0
139,1753,0.0
140,1753,0.0
141,1753,1.0
142,1753,0.0
143,1753,4.0
144,1753,4.0
145,1753,0.0
146,1753,1.0
147,1753,7.0
148,1753,1.0
149,1753,2.0
150,1753,5.0
151,1753,8.0
152,1753,4.0
153,1753,1.0
154,1753,1.0
155,1753,1.0
156,1753,0.0
157,1753,0.0
158,1753,4.0
159,1753,7.0
160,1753,3.0
161,1753,4.0
162,1753,11.0
163,1753,10.0
164,1753,3.0
165,1753,0.0
166,1753,5.0
167,1753,12.0
168,1753,3.0
169,1753,13.0
170,1753,0.0
171,1753,7.0
172,1753,0.0
173,1753,0.0
174,1753,0.0
175,1753,2.0
176,1753,0.0
177,1753,5.0
178,1753,0.0
179,1753,0.0
180,1753,2.0
181,1753,0.0
182,1753,0.0
183,1753,0.0
184,1753,1.0
185,1753,0.0
186,1753,0.0
187,1753,0.0
188,1753,2.0
189,1753,0.0
190,1753,0.0
191,1753,0.0
192,1753,0.0
193,1753,3.0
194,1753,1.0
195,1753,0.0
196,1753,0.0
197,1753,0.0
198,1753,0.0
199,1753,0.0
0,1754,0.0
1,1754,0.0
2,1754,9.0
3,1754,0.0
4,1754,0.0
5,1754,0.0
6,1754,2.0
7,1754,0.0
8,1754,0.0
9,1754,0.0
10,1754,2.0
11,1754,1.0
12,1754,0.0
13,1754,4.0
14,1754,1.0
15,1754,1.0
16,1754,0.0
17,1754,0.0
18,1754,1.0
19,1754,1.0
20,1754,1.0
21,1754,0.0
22,1754,0.0
23,1754,0.0
24,1754,1.0
25,1754,0.0
26,1754,1.0
27,1754,0.0
28,1754,0.0
29,1754,0.0
30,1754,2.0
31,1754,1.0
32,1754,0.0
33,1754,6.0
34,1754,3.0
35,1754,9.0
36,1754,0.0
37,1754,5.0
38,1754,3.0
39,1754,3.0
40,1754,1.0
41,1754,0.0
42,1754,0.0
43,1754,0.0
44,1754,0.0
45,1754,2.0
46,1754,0.0
47,1754,0.0
48,1754,0.0
49,1754,3.0
50,1754,1.0
51,1754,0.0
52,1754,2.0
53,1754,16.0
54,1754,1.0
55,1754,0.0
56,1754,0.0
57,1754,0.0
58,1754,0.0
59,1754,0.0
60,1754,2.0
61,1754,19.0
62,1754,0.0
63,1754,1.0
64,1754,1.0
65,1754,0.0
66,1754,5.0
67,1754,0.0
68,1754,3.0
69,1754,0.0
70,1754,0.0
71,1754,6.0
72,1754,10.0
73,1754,0.0
74,1754,0.0
75,1754,0.0
76,1754,0.0
77,1754,0.0
78,1754,3.0
79,1754,0.0
80,1754,0.0
81,1754,1.0
82,1754,0.0
83,1754,0.0
84,1754,1.0
85,1754,34.0
86,1754,5.0
87,1754,0.0
88,1754,3.0
89,1754,0.0
90,1754,0.0
91,1754,3.0
92,1754,6.0
93,1754,0.0
94,1754,1.0
95,1754,0.0
96,1754,0.0
97,1754,0.0
98,1754,3.0
99,1754,0.0
100,1754,0.0
101,1754,1.0
102,1754,0.0
103,1754,1.0
104,1754,0.0
105,1754,3.0
106,1754,2.0
107,1754,0.0
108,1754,5.0
109,1754,6.0
110,1754,8.0
111,1754,3.0
112,1754,1.0
113,1754,1.0
114,1754,3.0
115,1754,0.0
116,1754,0.0
117,1754,0.0
118,1754,0.0
119,1754,4.0
120,1754,0.0
121,1754,1.0
122,1754,4.0
123,1754,0.0
124,1754,1.0
125,1754,2.0
126,1754,0.0
127,1754,0.0
128,1754,2.0
129,1754,1.0
130,1754,1.0
131,1754,0.0
132,1754,0.0
133,1754,0.0
134,1754,0.0
135,1754,0.0
136,1754,1.0
137,1754,0.0
138,1754,0.0
139,1754,0.0
140,1754,1.0
141,1754,2.0
142,1754,0.0
143,1754,2.0
144,1754,2.0
145,1754,4.0
146,1754,0.0
147,1754,3.0
148,1754,0.0
149,1754,0.0
150,1754,9.0
151,1754,10.0
152,1754,10.0
153,1754,0.0
154,1754,0.0
155,1754,1.0
156,1754,0.0
157,1754,1.0
158,1754,0.0
159,1754,4.0
160,1754,0.0
161,1754,3.0
162,1754,21.0
163,1754,8.0
164,1754,2.0
165,1754,0.0
166,1754,2.0
167,1754,12.0
168,1754,1.0
169,1754,14.0
170,1754,0.0
171,1754,7.0
172,1754,0.0
173,1754,2.0
174,1754,0.0
175,1754,2.0
176,1754,0.0
177,1754,1.0
178,1754,0.0
179,1754,0.0
180,1754,0.0
181,1754,0.0
182,1754,0.0
183,1754,0.0
184,1754,2.0
185,1754,0.0
186,1754,0.0
187,1754,0.0
188,1754,6.0
189,1754,0.0
190,1754,0.0
191,1754,0.0
192,1754,0.0
193,1754,1.0
194,1754,3.0
195,1754,1.0
196,1754,1.0
197,1754,0.0
198,1754,0.0
199,1754,0.0
0,1755,0.0
1,1755,0.0
2,1755,13.0
3,1755,1.0
4,1755,0.0
5,1755,0.0
6,1755,2.0
7,1755,1.0
8,1755,0.0
9,1755,3.0
10,1755,3.0
11,1755,1.0
12,1755,0.0
13,1755,0.0
14,1755,0.0
15,1755,4.0
16,1755,2.0
17,1755,0.0
18,1755,1.0
19,1755,1.0
20,1755,0.0
21,1755,0.0
22,1755,5.0
23,1755,1.0
24,1755,0.0
25,1755,0.0
26,1755,1.0
27,1755,0.0
28,1755,0.0
29,1755,0.0
30,1755,2.0
31,1755,0.0
32,1755,0.0
33,1755,2.0
34,1755,0.0
35,1755,6.0
36,1755,0.0
37,1755,2.0
38,1755,12.0
39,1755,1.0
40,1755,3.0
41,1755,0.0
42,1755,1.0
43,1755,0.0
44,1755,1.0
45,1755,0.0
46,1755,0.0
47,1755,0.0
48,1755,0.0
49,1755,0.0
50,1755,6.0
51,1755,0.0
52,1755,0.0
53,1755,4.0
54,1755,3.0
55,1755,0.0
56,1755,1.0
57,1755,1.0
58,1755,0.0
59,1755,3.0
60,1755,0.0
61,1755,17.0
62,1755,1.0
63,1755,1.0
64,1755,3.0
65,1755,0.0
66,1755,4.0
67,1755,0.0
68,1755,1.0
69,1755,0.0
70,1755,0.0
71,1755,3.0
72,1755,3.0
73,1755,0.0
74,1755,0.0
75,1755,0.0
76,1755,0.0
77,1755,0.0
78,1755,1.0
79,1755,0.0
80,1755,0.0
81,1755,1.0
82,1755,1.0
83,1755,0.0
84,1755,0.0
85,1755,39.0
86,1755,1.0
87,1755,2.0
88,1755,1.0
89,1755,0.0
90,1755,0.0
91,1755,6.0
92,1755,7.0
93,1755,0.0
94,1755,3.0
95,1755,0.0
96,1755,0.0
97,1755,0.0
98,1755,2.0
99,1755,0.0
100,1755,1.0
101,1755,0.0
102,1755,0.0
103,1755,2.0
104,1755,0.0
105,1755,0.0
106,1755,9.0
107,1755,0.0
108,1755,2.0
109,1755,6.0
110,1755,6.0
111,1755,0.0
112,1755,1.0
113,1755,2.0
114,1755,2.0
115,1755,0.0
116,1755,3.0
117,1755,3.0
118,1755,0.0
119,1755,2.0
120,1755,0.0
121,1755,2.0
122,1755,1.0
123,1755,0.0
124,1755,1.0
125,1755,0.0
126,1755,0.0
127,1755,2.0
128,1755,2.0
129,1755,0.0
130,1755,0.0
131,1755,0.0
132,1755,1.0
133,1755,0.0
134,1755,0.0
135,1755,0.0
136,1755,1.0
137,1755,0.0
138,1755,0.0
139,1755,0.0
140,1755,0.0
141,1755,1.0
142,1755,0.0
143,1755,1.0
144,1755,1.0
145,1755,0.0
146,1755,1.0
147,1755,0.0
148,1755,0.0
149,1755,0.0
150,1755,16.0
151,1755,4.0
152,1755,0.0
153,1755,0.0
154,1755,0.0
155,1755,0.0
156,1755,0.0
157,1755,1.0
158,1755,1.0
159,1755,3.0
160,1755,0.0
161,1755,1.0
162,1755,8.0
163,1755,19.0
164,1755,1.0
165,1755,0.0
166,1755,0.0
167,1755,7.0
168,1755,5.0
169,1755,6.0
170,1755,0.0
171,1755,0.0
172,1755,1.0
173,1755,1.0
174,1755,0.0
175,1755,1.0
176,1755,0.0
177,1755,1.0
178,1755,1.0
179,1755,1.0
180,1755,2.0
181,1755,0.0
182,1755,0.0
183,1755,0.0
184,1755,2.0
185,1755,0.0
186,1755,0.0
187,1755,0.0
188,1755,6.0
189,1755,0.0
190,1755,0.0
191,1755,1.0
192,1755,0.0
193,1755,1.0
194,1755,1.0
195,1755,1.0
196,1755,2.0
197,1755,0.0
198,1755,1.0
199,1755,0.0
0,1756,0.0
1,1756,0.0
2,1756,16.0
3,1756,1.0
4,1756,0.0
5,1756,0.0
6,1756,1.0
7,1756,0.0
8,1756,0.0
9,1756,5.0
10,1756,1.0
11,1756,0.0
12,1756,1.0
13,1756,1.0
14,1756,1.0
15,1756,16.0
16,1756,1.0
17,1756,0.0
18,1756,1.0
19,1756,1.0
20,1756,0.0
21,1756,0.0
22,1756,0.0
23,1756,1.0
24,1756,1.0
25,1756,0.0
26,1756,1.0
27,1756,0.0
28,1756,1.0
29,1756,0.0
30,1756,1.0
31,1756,1.0
32,1756,0.0
33,1756,1.0
34,1756,3.0
35,1756,3.0
36,1756,0.0
37,1756,1.0
38,1756,26.0
39,1756,2.0
40,1756,2.0
41,1756,0.0
42,1756,1.0
43,1756,0.0
44,1756,0.0
45,1756,1.0
46,1756,1.0
47,1756,2.0
48,1756,2.0
49,1756,5.0
50,1756,1.0
51,1756,0.0
52,1756,1.0
53,1756,0.0
54,1756,0.0
55,1756,0.0
56,1756,1.0
57,1756,0.0
58,1756,0.0
59,1756,2.0
60,1756,0.0
61,1756,15.0
62,1756,1.0
63,1756,0.0
64,1756,0.0
65,1756,0.0
66,1756,4.0
67,1756,0.0
68,1756,6.0
69,1756,0.0
70,1756,0.0
71,1756,4.0
72,1756,3.0
73,1756,0.0
74,1756,0.0
75,1756,0.0
76,1756,0.0
77,1756,0.0
78,1756,5.0
79,1756,0.0
80,1756,0.0
81,1756,1.0
82,1756,1.0
83,1756,0.0
84,1756,1.0
85,1756,27.0
86,1756,3.0
87,1756,0.0
88,1756,1.0
89,1756,1.0
90,1756,0.0
91,1756,5.0
92,1756,7.0
93,1756,0.0
94,1756,3.0
95,1756,0.0
96,1756,0.0
97,1756,0.0
98,1756,3.0
99,1756,1.0
100,1756,0.0
101,1756,0.0
102,1756,0.0
103,1756,0.0
104,1756,1.0
105,1756,0.0
106,1756,13.0
107,1756,0.0
108,1756,2.0
109,1756,2.0
110,1756,4.0
111,1756,1.0
112,1756,2.0
113,1756,2.0
114,1756,0.0
115,1756,0.0
116,1756,1.0
117,1756,2.0
118,1756,0.0
119,1756,1.0
120,1756,0.0
121,1756,0.0
122,1756,1.0
123,1756,0.0
124,1756,0.0
125,1756,0.0
126,1756,0.0
127,1756,0.0
128,1756,1.0
129,1756,1.0
130,1756,1.0
131,1756,1.0
132,1756,2.0
133,1756,1.0
134,1756,1.0
135,1756,0.0
136,1756,0.0
137,1756,0.0
138,1756,0.0
139,1756,1.0
140,1756,0.0
141,1756,0.0
142,1756,0.0
143,1756,0.0
144,1756,4.0
145,1756,2.0
146,1756,1.0
147,1756,0.0
148,1756,2.0
149,1756,1.0
150,1756,7.0
151,1756,11.0
152,1756,2.0
153,1756,0.0
154,1756,3.0
155,1756,0.0
156,1756,0.0
157,1756,0.0
158,1756,2.0
159,1756,2.0
160,1756,5.0
161,1756,1.0
162,1756,9.0
163,1756,2.0
164,1756,2.0
165,1756,0.0
166,1756,3.0
167,1756,4.0
168,1756,3.0
169,1756,8.0
170,1756,0.0
171,1756,4.0
172,1756,0.0
173,1756,3.0
174,1756,1.0
175,1756,2.0
176,1756,0.0
177,1756,4.0
178,1756,0.0
179,1756,0.0
180,1756,2.0
181,1756,1.0
182,1756,0.0
183,1756,1.0
184,1756,0.0
185,1756,0.0
186,1756,0.0
187,1756,1.0
188,1756,3.0
189,1756,0.0
190,1756,0.0
191,1756,0.0
192,1756,0.0
193,1756,0.0
194,1756,0.0
195,1756,0.0
196,1756,0.0
197,1756,0.0
198,1756,0.0
199,1756,1.0
0,1757,0.0
1,1757,0.0
2,1757,7.0
3,1757,0.0
4,1757,0.0
5,1757,0.0
6,1757,2.0
7,1757,1.0
8,1757,1.0
9,1757,1.0
10,1757,2.0
11,1757,0.0
12,1757,0.0
13,1757,0.0
14,1757,1.0
15,1757,5.0
16,1757,0.0
17,1757,0.0
18,1757,2.0
19,1757,0.0
20,1757,1.0
21,1757,0.0
22,1757,2.0
23,1757,0.0
24,1757,1.0
25,1757,0.0
26,1757,2.0
27,1757,0.0
28,1757,1.0
29,1757,0.0
30,1757,2.0
31,1757,0.0
32,1757,0.0
33,1757,8.0
34,1757,1.0
35,1757,6.0
36,1757,0.0
37,1757,0.0
38,1757,24.0
39,1757,4.0
40,1757,1.0
41,1757,1.0
42,1757,2.0
43,1757,0.0
44,1757,0.0
45,1757,0.0
46,1757,3.0
47,1757,0.0
48,1757,0.0
49,1757,1.0
50,1757,10.0
51,1757,0.0
52,1757,2.0
53,1757,6.0
54,1757,0.0
55,1757,0.0
56,1757,6.0
57,1757,0.0
58,1757,2.0
59,1757,5.0
60,1757,0.0
61,1757,14.0
62,1757,1.0
63,1757,2.0
64,1757,1.0
65,1757,0.0
66,1757,1.0
67,1757,0.0
68,1757,2.0
69,1757,0.0
70,1757,0.0
71,1757,1.0
72,1757,3.0
73,1757,0.0
74,1757,0.0
75,1757,0.0
76,1757,0.0
77,1757,0.0
78,1757,4.0
79,1757,0.0
80,1757,0.0
81,1757,1.0
82,1757,6.0
83,1757,0.0
84,1757,4.0
85,1757,42.0
86,1757,3.0
87,1757,0.0
88,1757,1.0
89,1757,2.0
90,1757,0.0
91,1757,3.0
92,1757,9.0
93,1757,0.0
94,1757,0.0
95,1757,0.0
96,1757,0.0
97,1757,1.0
98,1757,5.0
99,1757,0.0
100,1757,6.0
101,1757,0.0
102,1757,0.0
103,1757,2.0
104,1757,2.0
105,1757,0.0
106,1757,5.0
107,1757,0.0
108,1757,1.0
109,1757,5.0
110,1757,11.0
111,1757,2.0
112,1757,3.0
113,1757,4.0
114,1757,1.0
115,1757,0.0
116,1757,1.0
117,1757,0.0
118,1757,1.0
119,1757,5.0
120,1757,1.0
121,1757,0.0
122,1757,1.0
123,1757,0.0
124,1757,2.0
125,1757,1.0
126,1757,0.0
127,1757,4.0
128,1757,2.0
129,1757,1.0
130,1757,4.0
131,1757,1.0
132,1757,1.0
133,1757,1.0
134,1757,0.0
135,1757,3.0
136,1757,0.0
137,1757,0.0
138,1757,0.0
139,1757,1.0
140,1757,1.0
141,1757,1.0
142,1757,0.0
143,1757,1.0
144,1757,3.0
145,1757,2.0
146,1757,1.0
147,1757,0.0
148,1757,4.0
149,1757,1.0
150,1757,11.0
151,1757,18.0
152,1757,9.0
153,1757,3.0
154,1757,2.0
155,1757,0.0
156,1757,0.0
157,1757,1.0
158,1757,2.0
159,1757,5.0
160,1757,6.0
161,1757,0.0
162,1757,12.0
163,1757,5.0
164,1757,1.0
165,1757,0.0
166,1757,5.0
167,1757,11.0
168,1757,4.0
169,1757,10.0
170,1757,0.0
171,1757,3.0
172,1757,0.0
173,1757,2.0
174,1757,2.0
175,1757,2.0
176,1757,0.0
177,1757,3.0
178,1757,2.0
179,1757,0.0
180,1757,3.0
181,1757,0.0
182,1757,0.0
183,1757,0.0
184,1757,0.0
185,1757,0.0
186,1757,0.0
187,1757,0.0
188,1757,8.0
189,1757,0.0
190,1757,0.0
191,1757,0.0
192,1757,1.0
193,1757,1.0
194,1757,2.0
195,1757,0.0
196,1757,1.0
197,1757,0.0
198,1757,0.0
199,1757,1.0
0,1758,0.0
1,1758,0.0
2,1758,6.0
3,1758,0.0
4,1758,0.0
5,1758,0.0
6,1758,1.0
7,1758,2.0
8,1758,1.0
9,1758,4.0
10,1758,5.0
11,1758,0.0
12,1758,1.0
13,1758,0.0
14,1758,3.0
15,1758,5.0
16,1758,0.0
17,1758,2.0
18,1758,1.0
19,1758,0.0
20,1758,1.0
21,1758,0.0
22,1758,9.0
23,1758,0.0
24,1758,0.0
25,1758,0.0
26,1758,0.0
27,1758,0.0
28,1758,1.0
29,1758,0.0
30,1758,1.0
31,1758,1.0
32,1758,0.0
33,1758,1.0
34,1758,0.0
35,1758,0.0
36,1758,0.0
37,1758,2.0
38,1758,43.0
39,1758,2.0
40,1758,3.0
41,1758,0.0
42,1758,2.0
43,1758,1.0
44,1758,0.0
45,1758,5.0
46,1758,9.0
47,1758,1.0
48,1758,0.0
49,1758,0.0
50,1758,7.0
51,1758,0.0
52,1758,1.0
53,1758,43.0
54,1758,4.0
55,1758,1.0
56,1758,3.0
57,1758,0.0
58,1758,1.0
59,1758,1.0
60,1758,0.0
61,1758,29.0
62,1758,4.0
63,1758,0.0
64,1758,5.0
65,1758,0.0
66,1758,0.0
67,1758,0.0
68,1758,1.0
69,1758,0.0
70,1758,0.0
71,1758,8.0
72,1758,14.0
73,1758,0.0
74,1758,0.0
75,1758,3.0
76,1758,0.0
77,1758,0.0
78,1758,3.0
79,1758,0.0
80,1758,0.0
81,1758,2.0
82,1758,5.0
83,1758,0.0
84,1758,7.0
85,1758,49.0
86,1758,3.0
87,1758,0.0
88,1758,2.0
89,1758,0.0
90,1758,0.0
91,1758,4.0
92,1758,13.0
93,1758,0.0
94,1758,0.0
95,1758,0.0
96,1758,0.0
97,1758,0.0
98,1758,5.0
99,1758,0.0
100,1758,2.0
101,1758,0.0
102,1758,0.0
103,1758,2.0
104,1758,0.0
105,1758,1.0
106,1758,11.0
107,1758,2.0
108,1758,3.0
109,1758,6.0
110,1758,6.0
111,1758,3.0
112,1758,2.0
113,1758,2.0
114,1758,3.0
115,1758,0.0
116,1758,1.0
117,1758,2.0
118,1758,0.0
119,1758,4.0
120,1758,0.0
121,1758,0.0
122,1758,4.0
123,1758,1.0
124,1758,4.0
125,1758,1.0
126,1758,0.0
127,1758,0.0
128,1758,1.0
129,1758,2.0
130,1758,1.0
131,1758,2.0
132,1758,6.0
133,1758,0.0
134,1758,0.0
135,1758,0.0
136,1758,0.0
137,1758,3.0
138,1758,0.0
139,1758,0.0
140,1758,2.0
141,1758,0.0
142,1758,1.0
143,1758,1.0
144,1758,3.0
145,1758,5.0
146,1758,1.0
147,1758,3.0
148,1758,1.0
149,1758,0.0
150,1758,21.0
151,1758,9.0
152,1758,1.0
153,1758,0.0
154,1758,2.0
155,1758,1.0
156,1758,0.0
157,1758,0.0
158,1758,3.0
159,1758,5.0
160,1758,0.0
161,1758,8.0
162,1758,20.0
163,1758,10.0
164,1758,2.0
165,1758,0.0
166,1758,1.0
167,1758,9.0
168,1758,13.0
169,1758,20.0
170,1758,0.0
171,1758,2.0
172,1758,4.0
173,1758,1.0
174,1758,5.0
175,1758,1.0
176,1758,0.0
177,1758,4.0
178,1758,1.0
179,1758,0.0
180,1758,1.0
181,1758,0.0
182,1758,0.0
183,1758,0.0
184,1758,0.0
185,1758,0.0
186,1758,0.0
187,1758,1.0
188,1758,4.0
189,1758,0.0
190,1758,0.0
191,1758,0.0
192,1758,0.0
193,1758,2.0
194,1758,0.0
195,1758,0.0
196,1758,0.0
197,1758,0.0
198,1758,0.0
199,1758,0.0
0,1759,0.0
1,1759,0.0
2,1759,12.0
3,1759,0.0
4,1759,0.0
5,1759,0.0
6,1759,0.0
7,1759,0.0
8,1759,0.0
9,1759,8.0
10,1759,4.0
11,1759,0.0
12,1759,0.0
13,1759,1.0
14,1759,2.0
15,1759,14.0
16,1759,2.0
17,1759,3.0
18,1759,2.0
19,1759,1.0
20,1759,1.0
21,1759,0.0
22,1759,0.0
23,1759,0.0
24,1759,0.0
25,1759,0.0
26,1759,1.0
27,1759,0.0
28,1759,0.0
29,1759,0.0
30,1759,4.0
31,1759,1.0
32,1759,0.0
33,1759,5.0
34,1759,3.0
35,1759,2.0
36,1759,0.0
37,1759,2.0
38,1759,54.0
39,1759,1.0
40,1759,3.0
41,1759,0.0
42,1759,0.0
43,1759,1.0
44,1759,1.0
45,1759,0.0
46,1759,4.0
47,1759,1.0
48,1759,0.0
49,1759,2.0
50,1759,14.0
51,1759,0.0
52,1759,4.0
53,1759,14.0
54,1759,2.0
55,1759,0.0
56,1759,1.0
57,1759,0.0
58,1759,1.0
59,1759,0.0
60,1759,1.0
61,1759,34.0
62,1759,3.0
63,1759,0.0
64,1759,3.0
65,1759,0.0
66,1759,7.0
67,1759,0.0
68,1759,0.0
69,1759,0.0
70,1759,0.0
71,1759,0.0
72,1759,4.0
73,1759,0.0
74,1759,1.0
75,1759,0.0
76,1759,0.0
77,1759,0.0
78,1759,2.0
79,1759,0.0
80,1759,0.0
81,1759,0.0
82,1759,6.0
83,1759,0.0
84,1759,8.0
85,1759,59.0
86,1759,7.0
87,1759,0.0
88,1759,1.0
89,1759,0.0
90,1759,0.0
91,1759,10.0
92,1759,22.0
93,1759,0.0
94,1759,4.0
95,1759,0.0
96,1759,0.0
97,1759,1.0
98,1759,6.0
99,1759,2.0
100,1759,0.0
101,1759,0.0
102,1759,0.0
103,1759,4.0
104,1759,4.0
105,1759,0.0
106,1759,13.0
107,1759,8.0
108,1759,2.0
109,1759,6.0
110,1759,6.0
111,1759,2.0
112,1759,2.0
113,1759,3.0
114,1759,2.0
115,1759,1.0
116,1759,0.0
117,1759,1.0
118,1759,1.0
119,1759,5.0
120,1759,0.0
121,1759,0.0
122,1759,1.0
123,1759,0.0
124,1759,1.0
125,1759,2.0
126,1759,0.0
127,1759,4.0
128,1759,0.0
129,1759,4.0
130,1759,4.0
131,1759,1.0
132,1759,6.0
133,1759,0.0
134,1759,1.0
135,1759,0.0
136,1759,4.0
137,1759,2.0
138,1759,0.0
139,1759,0.0
140,1759,0.0
141,1759,2.0
142,1759,0.0
143,1759,3.0
144,1759,4.0
145,1759,2.0
146,1759,0.0
147,1759,4.0
148,1759,1.0
149,1759,0.0
150,1759,18.0
151,1759,9.0
152,1759,0.0
153,1759,4.0
154,1759,1.0
155,1759,0.0
156,1759,0.0
157,1759,0.0
158,1759,0.0
159,1759,3.0
160,1759,0.0
161,1759,1.0
162,1759,20.0
163,1759,12.0
164,1759,2.0
165,1759,0.0
166,1759,4.0
167,1759,15.0
168,1759,10.0
169,1759,9.0
170,1759,0.0
171,1759,6.0
172,1759,1.0
173,1759,1.0
174,1759,4.0
175,1759,2.0
176,1759,0.0
177,1759,5.0
178,1759,1.0
179,1759,1.0
180,1759,1.0
181,1759,0.0
182,1759,0.0
183,1759,0.0
184,1759,0.0
185,1759,0.0
186,1759,0.0
187,1759,0.0
188,1759,4.0
189,1759,1.0
190,1759,0.0
191,1759,0.0
192,1759,0.0
193,1759,1.0
194,1759,1.0
195,1759,0.0
196,1759,1.0
197,1759,0.0
198,1759,0.0
199,1759,0.0
0,1760,0.0
1,1760,0.0
2,1760,4.0
3,1760,0.0
4,1760,0.0
5,1760,0.0
6,1760,0.0
7,1760,0.0
8,1760,0.0
9,1760,2.0
10,1760,7.0
11,1760,0.0
12,1760,0.0
13,1760,2.0
14,1760,0.0
15,1760,6.0
16,1760,0.0
17,1760,1.0
18,1760,0.0
19,1760,1.0
20,1760,1.0
21,1760,0.0
22,1760,2.0
23,1760,0.0
24,1760,1.0
25,1760,0.0
26,1760,0.0
27,1760,0.0
28,1760,3.0
29,1760,0.0
30,1760,2.0
31,1760,0.0
32,1760,0.0
33,1760,6.0
34,1760,1.0
35,1760,5.0
36,1760,0.0
37,1760,1.0
38,1760,55.0
39,1760,2.0
40,1760,1.0
41,1760,0.0
42,1760,1.0
43,1760,0.0
44,1760,0.0
45,1760,0.0
46,1760,4.0
47,1760,4.0
48,1760,0.0
49,1760,0.0
50,1760,11.0
51,1760,0.0
52,1760,5.0
53,1760,0.0
54,1760,8.0
55,1760,0.0
56,1760,0.0
57,1760,0.0
58,1760,0.0
59,1760,0.0
60,1760,1.0
61,1760,12.0
62,1760,2.0
63,1760,0.0
64,1760,3.0
65,1760,0.0
66,1760,4.0
67,1760,0.0
68,1760,3.0
69,1760,0.0
70,1760,0.0
71,1760,2.0
72,1760,7.0
73,1760,0.0
74,1760,2.0
75,1760,0.0
76,1760,0.0
77,1760,0.0
78,1760,6.0
79,1760,0.0
80,1760,0.0
81,1760,1.0
82,1760,2.0
83,1760,0.0
84,1760,1.0
85,1760,30.0
86,1760,1.0
87,1760,1.0
88,1760,1.0
89,1760,0.0
90,1760,0.0
91,1760,4.0
92,1760,17.0
93,1760,1.0
94,1760,2.0
95,1760,0.0
96,1760,0.0
97,1760,0.0
98,1760,2.0
99,1760,0.0
100,1760,1.0
101,1760,0.0
102,1760,0.0
103,1760,1.0
104,1760,2.0
105,1760,0.0
106,1760,8.0
107,1760,4.0
108,1760,4.0
109,1760,1.0
110,1760,12.0
111,1760,2.0
112,1760,3.0
113,1760,1.0
114,1760,1.0
115,1760,0.0
116,1760,1.0
117,1760,0.0
118,1760,1.0
119,1760,7.0
120,1760,0.0
121,1760,5.0
122,1760,2.0
123,1760,0.0
124,1760,3.0
125,1760,0.0
126,1760,0.0
127,1760,3.0
128,1760,2.0
129,1760,2.0
130,1760,8.0
131,1760,1.0
132,1760,7.0
133,1760,0.0
134,1760,2.0
135,1760,0.0
136,1760,0.0
137,1760,0.0
138,1760,0.0
139,1760,1.0
140,1760,0.0
141,1760,1.0
142,1760,1.0
143,1760,1.0
144,1760,2.0
145,1760,1.0
146,1760,0.0
147,1760,1.0
148,1760,0.0
149,1760,1.0
150,1760,19.0
151,1760,15.0
152,1760,7.0
153,1760,1.0
154,1760,1.0
155,1760,0.0
156,1760,0.0
157,1760,0.0
158,1760,2.0
159,1760,5.0
160,1760,0.0
161,1760,7.0
162,1760,5.0
163,1760,21.0
164,1760,6.0
165,1760,0.0
166,1760,3.0
167,1760,20.0
168,1760,3.0
169,1760,11.0
170,1760,0.0
171,1760,7.0
172,1760,0.0
173,1760,1.0
174,1760,0.0
175,1760,1.0
176,1760,0.0
177,1760,3.0
178,1760,0.0
179,1760,0.0
180,1760,2.0
181,1760,0.0
182,1760,0.0
183,1760,0.0
184,1760,0.0
185,1760,0.0
186,1760,0.0
187,1760,0.0
188,1760,2.0
189,1760,1.0
190,1760,0.0
191,1760,1.0
192,1760,0.0
193,1760,2.0
194,1760,1.0
195,1760,0.0
196,1760,1.0
197,1760,0.0
198,1760,0.0
199,1760,0.0
0,1761,0.0
1,1761,0.0
2,1761,4.0
3,1761,0.0
4,1761,0.0
5,1761,0.0
6,1761,1.0
7,1761,0.0
8,1761,0.0
9,1761,6.0
10,1761,6.0
11,1761,0.0
12,1761,0.0
13,1761,1.0
14,1761,5.0
15,1761,3.0
16,1761,5.0
17,1761,0.0
18,1761,2.0
19,1761,0.0
20,1761,0.0
21,1761,0.0
22,1761,0.0
23,1761,1.0
24,1761,1.0
25,1761,0.0
26,1761,1.0
27,1761,0.0
28,1761,0.0
29,1761,0.0
30,1761,1.0
31,1761,0.0
32,1761,0.0
33,1761,2.0
34,1761,0.0
35,1761,6.0
36,1761,0.0
37,1761,0.0
38,1761,34.0
39,1761,0.0
40,1761,2.0
41,1761,0.0
42,1761,2.0
43,1761,1.0
44,1761,0.0
45,1761,0.0
46,1761,3.0
47,1761,1.0
48,1761,1.0
49,1761,0.0
50,1761,10.0
51,1761,0.0
52,1761,3.0
53,1761,0.0
54,1761,1.0
55,1761,0.0
56,1761,1.0
57,1761,1.0
58,1761,0.0
59,1761,2.0
60,1761,1.0
61,1761,21.0
62,1761,2.0
63,1761,1.0
64,1761,2.0
65,1761,1.0
66,1761,5.0
67,1761,0.0
68,1761,0.0
69,1761,0.0
70,1761,0.0
71,1761,3.0
72,1761,11.0
73,1761,0.0
74,1761,2.0
75,1761,1.0
76,1761,0.0
77,1761,0.0
78,1761,4.0
79,1761,0.0
80,1761,0.0
81,1761,2.0
82,1761,2.0
83,1761,0.0
84,1761,2.0
85,1761,36.0
86,1761,0.0
87,1761,1.0
88,1761,1.0
89,1761,0.0
90,1761,0.0
91,1761,5.0
92,1761,11.0
93,1761,0.0
94,1761,0.0
95,1761,0.0
96,1761,0.0
97,1761,0.0
98,1761,2.0
99,1761,1.0
100,1761,0.0
101,1761,1.0
102,1761,0.0
103,1761,0.0
104,1761,3.0
105,1761,2.0
106,1761,7.0
107,1761,4.0
108,1761,2.0
109,1761,2.0
110,1761,1.0
111,1761,2.0
112,1761,4.0
113,1761,2.0
114,1761,3.0
115,1761,0.0
116,1761,1.0
117,1761,0.0
118,1761,1.0
119,1761,2.0
120,1761,1.0
121,1761,0.0
122,1761,1.0
123,1761,0.0
124,1761,2.0
125,1761,1.0
126,1761,0.0
127,1761,1.0
128,1761,2.0
129,1761,0.0
130,1761,4.0
131,1761,2.0
132,1761,1.0
133,1761,0.0
134,1761,1.0
135,1761,0.0
136,1761,3.0
137,1761,0.0
138,1761,0.0
139,1761,0.0
140,1761,1.0
141,1761,1.0
142,1761,0.0
143,1761,2.0
144,1761,4.0
145,1761,5.0
146,1761,1.0
147,1761,1.0
148,1761,0.0
149,1761,2.0
150,1761,5.0
151,1761,10.0
152,1761,10.0
153,1761,0.0
154,1761,0.0
155,1761,1.0
156,1761,0.0
157,1761,2.0
158,1761,2.0
159,1761,3.0
160,1761,5.0
161,1761,4.0
162,1761,15.0
163,1761,24.0
164,1761,2.0
165,1761,0.0
166,1761,2.0
167,1761,1.0
168,1761,1.0
169,1761,5.0
170,1761,0.0
171,1761,4.0
172,1761,2.0
173,1761,0.0
174,1761,0.0
175,1761,0.0
176,1761,0.0
177,1761,2.0
178,1761,0.0
179,1761,1.0
180,1761,0.0
181,1761,0.0
182,1761,0.0
183,1761,0.0
184,1761,2.0
185,1761,0.0
186,1761,0.0
187,1761,1.0
188,1761,5.0
189,1761,0.0
190,1761,0.0
191,1761,0.0
192,1761,0.0
193,1761,1.0
194,1761,0.0
195,1761,0.0
196,1761,2.0
197,1761,0.0
198,1761,0.0
199,1761,0.0
0,1762,0.0
1,1762,0.0
2,1762,3.0
3,1762,0.0
4,1762,0.0
5,1762,0.0
6,1762,1.0
7,1762,0.0
8,1762,0.0
9,1762,4.0
10,1762,4.0
11,1762,0.0
12,1762,0.0
13,1762,1.0
14,1762,4.0
15,1762,8.0
16,1762,1.0
17,1762,1.0
18,1762,0.0
19,1762,1.0
20,1762,2.0
21,1762,2.0
22,1762,1.0
23,1762,0.0
24,1762,0.0
25,1762,0.0
26,1762,1.0
27,1762,0.0
28,1762,1.0
29,1762,0.0
30,1762,2.0
31,1762,0.0
32,1762,1.0
33,1762,2.0
34,1762,0.0
35,1762,12.0
36,1762,1.0
37,1762,1.0
38,1762,30.0
39,1762,0.0
40,1762,0.0
41,1762,0.0
42,1762,0.0
43,1762,0.0
44,1762,0.0
45,1762,1.0
46,1762,9.0
47,1762,4.0
48,1762,0.0
49,1762,2.0
50,1762,17.0
51,1762,0.0
52,1762,2.0
53,1762,51.0
54,1762,10.0
55,1762,3.0
56,1762,1.0
57,1762,1.0
58,1762,0.0
59,1762,5.0
60,1762,1.0
61,1762,50.0
62,1762,4.0
63,1762,0.0
64,1762,0.0
65,1762,0.0
66,1762,6.0
67,1762,0.0
68,1762,2.0
69,1762,0.0
70,1762,0.0
71,1762,5.0
72,1762,6.0
73,1762,0.0
74,1762,0.0
75,1762,0.0
76,1762,0.0
77,1762,0.0
78,1762,1.0
79,1762,0.0
80,1762,0.0
81,1762,3.0
82,1762,4.0
83,1762,0.0
84,1762,4.0
85,1762,42.0
86,1762,6.0
87,1762,1.0
88,1762,0.0
89,1762,0.0
90,1762,0.0
91,1762,7.0
92,1762,11.0
93,1762,0.0
94,1762,0.0
95,1762,0.0
96,1762,0.0
97,1762,0.0
98,1762,3.0
99,1762,0.0
100,1762,0.0
101,1762,1.0
102,1762,0.0
103,1762,0.0
104,1762,0.0
105,1762,0.0
106,1762,7.0
107,1762,1.0
108,1762,0.0
109,1762,5.0
110,1762,4.0
111,1762,4.0
112,1762,0.0
113,1762,1.0
114,1762,0.0
115,1762,0.0
116,1762,1.0
117,1762,1.0
118,1762,0.0
119,1762,5.0
120,1762,0.0
121,1762,0.0
122,1762,1.0
123,1762,0.0
124,1762,2.0
125,1762,1.0
126,1762,5.0
127,1762,0.0
128,1762,0.0
129,1762,2.0
130,1762,3.0
131,1762,0.0
132,1762,1.0
133,1762,0.0
134,1762,0.0
135,1762,0.0
136,1762,0.0
137,1762,0.0
138,1762,0.0
139,1762,1.0
140,1762,1.0
141,1762,0.0
142,1762,0.0
143,1762,3.0
144,1762,2.0
145,1762,1.0
146,1762,1.0
147,1762,0.0
148,1762,0.0
149,1762,4.0
150,1762,10.0
151,1762,19.0
152,1762,7.0
153,1762,2.0
154,1762,0.0
155,1762,0.0
156,1762,0.0
157,1762,0.0
158,1762,0.0
159,1762,4.0
160,1762,9.0
161,1762,4.0
162,1762,20.0
163,1762,21.0
164,1762,3.0
165,1762,0.0
166,1762,6.0
167,1762,16.0
168,1762,4.0
169,1762,7.0
170,1762,2.0
171,1762,1.0
172,1762,0.0
173,1762,1.0
174,1762,1.0
175,1762,3.0
176,1762,0.0
177,1762,1.0
178,1762,0.0
179,1762,1.0
180,1762,0.0
181,1762,0.0
182,1762,0.0
183,1762,0.0
184,1762,0.0
185,1762,0.0
186,1762,0.0
187,1762,0.0
188,1762,3.0
189,1762,0.0
190,1762,0.0
191,1762,0.0
192,1762,0.0
193,1762,0.0
194,1762,6.0
195,1762,0.0
196,1762,0.0
197,1762,0.0
198,1762,1.0
199,1762,0.0
0,1763,0.0
1,1763,0.0
2,1763,1.0
3,1763,2.0
4,1763,0.0
5,1763,0.0
6,1763,2.0
7,1763,0.0
8,1763,0.0
9,1763,3.0
10,1763,8.0
11,1763,0.0
12,1763,4.0
13,1763,0.0
14,1763,0.0
15,1763,1.0
16,1763,1.0
17,1763,1.0
18,1763,0.0
19,1763,1.0
20,1763,0.0
21,1763,1.0
22,1763,0.0
23,1763,0.0
24,1763,0.0
25,1763,1.0
26,1763,2.0
27,1763,0.0
28,1763,0.0
29,1763,0.0
30,1763,0.0
31,1763,0.0
32,1763,0.0
33,1763,0.0
34,1763,0.0
35,1763,3.0
36,1763,0.0
37,1763,1.0
38,1763,2.0
39,1763,2.0
40,1763,0.0
41,1763,0.0
42,1763,1.0
43,1763,0.0
44,1763,1.0
45,1763,0.0
46,1763,3.0
47,1763,0.0
48,1763,0.0
49,1763,0.0
50,1763,11.0
51,1763,0.0
52,1763,1.0
53,1763,8.0
54,1763,5.0
55,1763,0.0
56,1763,0.0
57,1763,2.0
58,1763,0.0
59,1763,1.0
60,1763,0.0
61,1763,60.0
62,1763,6.0
63,1763,0.0
64,1763,8.0
65,1763,0.0
66,1763,1.0
67,1763,0.0
68,1763,6.0
69,1763,0.0
70,1763,0.0
71,1763,0.0
72,1763,1.0
73,1763,0.0
74,1763,0.0
75,1763,0.0
76,1763,0.0
77,1763,0.0
78,1763,2.0
79,1763,0.0
80,1763,0.0
81,1763,0.0
82,1763,9.0
83,1763,0.0
84,1763,7.0
85,1763,61.0
86,1763,0.0
87,1763,0.0
88,1763,0.0
89,1763,0.0
90,1763,0.0
91,1763,4.0
92,1763,3.0
93,1763,1.0
94,1763,0.0
95,1763,0.0
96,1763,0.0
97,1763,0.0
98,1763,1.0
99,1763,0.0
100,1763,0.0
101,1763,0.0
102,1763,0.0
103,1763,2.0
104,1763,0.0
105,1763,4.0
106,1763,5.0
107,1763,2.0
108,1763,0.0
109,1763,10.0
110,1763,9.0
111,1763,1.0
112,1763,0.0
113,1763,0.0
114,1763,1.0
115,1763,1.0
116,1763,1.0
117,1763,0.0
118,1763,0.0
119,1763,0.0
120,1763,0.0
121,1763,0.0
122,1763,0.0
123,1763,0.0
124,1763,2.0
125,1763,1.0
126,1763,0.0
127,1763,0.0
128,1763,0.0
129,1763,1.0
130,1763,0.0
131,1763,1.0
132,1763,0.0
133,1763,0.0
134,1763,1.0
135,1763,0.0
136,1763,0.0
137,1763,1.0
138,1763,0.0
139,1763,0.0
140,1763,1.0
141,1763,0.0
142,1763,0.0
143,1763,0.0
144,1763,0.0
145,1763,5.0
146,1763,0.0
147,1763,1.0
148,1763,0.0
149,1763,3.0
150,1763,3.0
151,1763,14.0
152,1763,17.0
153,1763,1.0
154,1763,0.0
155,1763,0.0
156,1763,0.0
157,1763,0.0
158,1763,1.0
159,1763,2.0
160,1763,4.0
161,1763,1.0
162,1763,9.0
163,1763,18.0
164,1763,3.0
165,1763,0.0
166,1763,0.0
167,1763,1.0
168,1763,1.0
169,1763,5.0
170,1763,0.0
171,1763,9.0
172,1763,0.0
173,1763,0.0
174,1763,2.0
175,1763,0.0
176,1763,0.0
177,1763,0.0
178,1763,0.0
179,1763,1.0
180,1763,0.0
181,1763,0.0
182,1763,0.0
183,1763,0.0
184,1763,2.0
185,1763,0.0
186,1763,0.0
187,1763,0.0
188,1763,1.0
189,1763,0.0
190,1763,0.0
191,1763,0.0
192,1763,0.0
193,1763,0.0
194,1763,0.0
195,1763,0.0
196,1763,1.0
197,1763,0.0
198,1763,2.0
199,1763,0.0
0,1764,0.0
1,1764,0.0
2,1764,7.0
3,1764,1.0
4,1764,0.0
5,1764,0.0
6,1764,2.0
7,1764,1.0
8,1764,0.0
9,1764,2.0
10,1764,7.0
11,1764,1.0
12,1764,0.0
13,1764,0.0
14,1764,1.0
15,1764,5.0
16,1764,0.0
17,1764,0.0
18,1764,1.0
19,1764,0.0
20,1764,0.0
21,1764,0.0
22,1764,0.0
23,1764,0.0
24,1764,0.0
25,1764,0.0
26,1764,0.0
27,1764,0.0
28,1764,3.0
29,1764,0.0
30,1764,2.0
31,1764,0.0
32,1764,0.0
33,1764,2.0
34,1764,0.0
35,1764,2.0
36,1764,0.0
37,1764,0.0
38,1764,2.0
39,1764,2.0
40,1764,1.0
41,1764,1.0
42,1764,0.0
43,1764,0.0
44,1764,0.0
45,1764,0.0
46,1764,0.0
47,1764,1.0
48,1764,1.0
49,1764,0.0
50,1764,3.0
51,1764,0.0
52,1764,4.0
53,1764,26.0
54,1764,4.0
55,1764,0.0
56,1764,0.0
57,1764,1.0
58,1764,0.0
59,1764,1.0
60,1764,0.0
61,1764,18.0
62,1764,1.0
63,1764,0.0
64,1764,2.0
65,1764,1.0
66,1764,0.0
67,1764,0.0
68,1764,0.0
69,1764,0.0
70,1764,0.0
71,1764,0.0
72,1764,10.0
73,1764,0.0
74,1764,2.0
75,1764,1.0
76,1764,0.0
77,1764,0.0
78,1764,1.0
79,1764,0.0
80,1764,0.0
81,1764,1.0
82,1764,3.0
83,1764,0.0
84,1764,0.0
85,1764,62.0
86,1764,1.0
87,1764,0.0
88,1764,1.0
89,1764,0.0
90,1764,0.0
91,1764,2.0
92,1764,2.0
93,1764,0.0
94,1764,0.0
95,1764,0.0
96,1764,0.0
97,1764,1.0
98,1764,1.0
99,1764,0.0
100,1764,0.0
101,1764,0.0
102,1764,0.0
103,1764,2.0
104,1764,4.0
105,1764,0.0
106,1764,12.0
107,1764,0.0
108,1764,1.0
109,1764,2.0
110,1764,10.0
111,1764,5.0
112,1764,0.0
113,1764,5.0
114,1764,2.0
115,1764,0.0
116,1764,0.0
117,1764,2.0
118,1764,0.0
119,1764,2.0
120,1764,0.0
121,1764,1.0
122,1764,2.0
123,1764,2.0
124,1764,0.0
125,1764,1.0
126,1764,5.0
127,1764,0.0
128,1764,1.0
129,1764,0.0
130,1764,1.0
131,1764,1.0
132,1764,3.0
133,1764,0.0
134,1764,0.0
135,1764,0.0
136,1764,0.0
137,1764,0.0
138,1764,0.0
139,1764,0.0
140,1764,0.0
141,1764,3.0
142,1764,0.0
143,1764,0.0
144,1764,2.0
145,1764,0.0
146,1764,2.0
147,1764,1.0
148,1764,0.0
149,1764,2.0
150,1764,7.0
151,1764,19.0
152,1764,3.0
153,1764,1.0
154,1764,1.0
155,1764,1.0
156,1764,0.0
157,1764,0.0
158,1764,0.0
159,1764,3.0
160,1764,1.0
161,1764,0.0
162,1764,7.0
163,1764,22.0
164,1764,1.0
165,1764,0.0
166,1764,1.0
167,1764,4.0
168,1764,1.0
169,1764,18.0
170,1764,0.0
171,1764,2.0
172,1764,0.0
173,1764,0.0
174,1764,0.0
175,1764,0.0
176,1764,0.0
177,1764,1.0
178,1764,0.0
179,1764,0.0
180,1764,1.0
181,1764,1.0
182,1764,0.0
183,1764,0.0
184,1764,0.0
185,1764,0.0
186,1764,1.0
187,1764,0.0
188,1764,4.0
189,1764,0.0
190,1764,0.0
191,1764,0.0
192,1764,0.0
193,1764,1.0
194,1764,2.0
195,1764,0.0
196,1764,0.0
197,1764,0.0
198,1764,0.0
199,1764,1.0
0,1765,0.0
1,1765,0.0
2,1765,2.0
3,1765,5.0
4,1765,0.0
5,1765,0.0
6,1765,1.0
7,1765,0.0
8,1765,0.0
9,1765,1.0
10,1765,4.0
11,1765,1.0
12,1765,0.0
13,1765,1.0
14,1765,3.0
15,1765,1.0
16,1765,0.0
17,1765,2.0
18,1765,0.0
19,1765,3.0
20,1765,0.0
21,1765,0.0
22,1765,2.0
23,1765,1.0
24,1765,0.0
25,1765,0.0
26,1765,1.0
27,1765,0.0
28,1765,1.0
29,1765,0.0
30,1765,0.0
31,1765,1.0
32,1765,1.0
33,1765,0.0
34,1765,1.0
35,1765,7.0
36,1765,0.0
37,1765,0.0
38,1765,4.0
39,1765,0.0
40,1765,3.0
41,1765,0.0
42,1765,0.0
43,1765,0.0
44,1765,0.0
45,1765,2.0
46,1765,3.0
47,1765,0.0
48,1765,2.0
49,1765,0.0
50,1765,0.0
51,1765,0.0
52,1765,0.0
53,1765,33.0
54,1765,1.0
55,1765,0.0
56,1765,0.0
57,1765,0.0
58,1765,0.0
59,1765,0.0
60,1765,1.0
61,1765,26.0
62,1765,0.0
63,1765,3.0
64,1765,2.0
65,1765,0.0
66,1765,7.0
67,1765,0.0
68,1765,0.0
69,1765,0.0
70,1765,0.0
71,1765,3.0
72,1765,17.0
73,1765,0.0
74,1765,2.0
75,1765,0.0
76,1765,0.0
77,1765,0.0
78,1765,1.0
79,1765,0.0
80,1765,0.0
81,1765,0.0
82,1765,7.0
83,1765,0.0
84,1765,5.0
85,1765,43.0
86,1765,3.0
87,1765,0.0
88,1765,2.0
89,1765,0.0
90,1765,0.0
91,1765,2.0
92,1765,5.0
93,1765,0.0
94,1765,2.0
95,1765,0.0
96,1765,0.0
97,1765,0.0
98,1765,0.0
99,1765,1.0
100,1765,0.0
101,1765,0.0
102,1765,0.0
103,1765,0.0
104,1765,0.0
105,1765,0.0
106,1765,10.0
107,1765,2.0
108,1765,3.0
109,1765,1.0
110,1765,6.0
111,1765,4.0
112,1765,2.0
113,1765,3.0
114,1765,1.0
115,1765,0.0
116,1765,0.0
117,1765,1.0
118,1765,0.0
119,1765,4.0
120,1765,1.0
121,1765,2.0
122,1765,3.0
123,1765,0.0
124,1765,0.0
125,1765,3.0
126,1765,5.0
127,1765,1.0
128,1765,0.0
129,1765,5.0
130,1765,4.0
131,1765,0.0
132,1765,0.0
133,1765,0.0
134,1765,0.0
135,1765,0.0
136,1765,0.0
137,1765,1.0
138,1765,0.0
139,1765,0.0
140,1765,2.0
141,1765,0.0
142,1765,0.0
143,1765,0.0
144,1765,0.0
145,1765,1.0
146,1765,2.0
147,1765,3.0
148,1765,1.0
149,1765,2.0
150,1765,13.0
151,1765,17.0
152,1765,6.0
153,1765,0.0
154,1765,3.0
155,1765,3.0
156,1765,0.0
157,1765,0.0
158,1765,1.0
159,1765,4.0
160,1765,1.0
161,1765,0.0
162,1765,18.0
163,1765,17.0
164,1765,3.0
165,1765,0.0
166,1765,4.0
167,1765,7.0
168,1765,2.0
169,1765,8.0
170,1765,1.0
171,1765,6.0
172,1765,0.0
173,1765,2.0
174,1765,0.0
175,1765,0.0
176,1765,0.0
177,1765,1.0
178,1765,1.0
179,1765,0.0
180,1765,1.0
181,1765,0.0
182,1765,0.0
183,1765,0.0
184,1765,0.0
185,1765,0.0
186,1765,1.0
187,1765,0.0
188,1765,11.0
189,1765,0.0
190,1765,0.0
191,1765,3.0
192,1765,0.0
193,1765,4.0
194,1765,1.0
195,1765,0.0
196,1765,2.0
197,1765,0.0
198,1765,1.0
199,1765,0.0
0,1766,0.0
1,1766,0.0
2,1766,3.0
3,1766,1.0
4,1766,0.0
5,1766,0.0
6,1766,0.0
7,1766,0.0
8,1766,0.0
9,1766,2.0
10,1766,1.0
11,1766,0.0
12,1766,2.0
13,1766,4.0
14,1766,4.0
15,1766,1.0
16,1766,1.0
17,1766,0.0
18,1766,1.0
19,1766,0.0
20,1766,3.0
21,1766,0.0
22,1766,4.0
23,1766,0.0
24,1766,1.0
25,1766,1.0
26,1766,2.0
27,1766,0.0
28,1766,5.0
29,1766,2.0
30,1766,1.0
31,1766,3.0
32,1766,0.0
33,1766,10.0
34,1766,0.0
35,1766,8.0
36,1766,0.0
37,1766,1.0
38,1766,4.0
39,1766,0.0
40,1766,2.0
41,1766,0.0
42,1766,0.0
43,1766,1.0
44,1766,2.0
45,1766,0.0
46,1766,0.0
47,1766,0.0
48,1766,0.0
49,1766,5.0
50,1766,0.0
51,1766,0.0
52,1766,2.0
53,1766,52.0
54,1766,3.0
55,1766,0.0
56,1766,3.0
57,1766,0.0
58,1766,0.0
59,1766,3.0
60,1766,0.0
61,1766,13.0
62,1766,0.0
63,1766,1.0
64,1766,1.0
65,1766,0.0
66,1766,6.0
67,1766,0.0
68,1766,0.0
69,1766,0.0
70,1766,0.0
71,1766,2.0
72,1766,16.0
73,1766,0.0
74,1766,0.0
75,1766,1.0
76,1766,0.0
77,1766,0.0
78,1766,3.0
79,1766,0.0
80,1766,0.0
81,1766,0.0
82,1766,3.0
83,1766,0.0
84,1766,2.0
85,1766,49.0
86,1766,8.0
87,1766,0.0
88,1766,1.0
89,1766,0.0
90,1766,0.0
91,1766,5.0
92,1766,3.0
93,1766,0.0
94,1766,1.0
95,1766,0.0
96,1766,0.0
97,1766,3.0
98,1766,0.0
99,1766,0.0
100,1766,0.0
101,1766,0.0
102,1766,1.0
103,1766,6.0
104,1766,0.0
105,1766,2.0
106,1766,14.0
107,1766,13.0
108,1766,0.0
109,1766,11.0
110,1766,6.0
111,1766,4.0
112,1766,0.0
113,1766,0.0
114,1766,6.0
115,1766,0.0
116,1766,1.0
117,1766,2.0
118,1766,0.0
119,1766,6.0
120,1766,0.0
121,1766,1.0
122,1766,2.0
123,1766,2.0
124,1766,2.0
125,1766,1.0
126,1766,4.0
127,1766,2.0
128,1766,1.0
129,1766,2.0
130,1766,5.0
131,1766,0.0
132,1766,1.0
133,1766,0.0
134,1766,0.0
135,1766,0.0
136,1766,1.0
137,1766,0.0
138,1766,0.0
139,1766,0.0
140,1766,1.0
141,1766,1.0
142,1766,0.0
143,1766,2.0
144,1766,3.0
145,1766,1.0
146,1766,6.0
147,1766,1.0
148,1766,3.0
149,1766,4.0
150,1766,21.0
151,1766,16.0
152,1766,6.0
153,1766,1.0
154,1766,1.0
155,1766,0.0
156,1766,0.0
157,1766,0.0
158,1766,0.0
159,1766,3.0
160,1766,7.0
161,1766,0.0
162,1766,16.0
163,1766,12.0
164,1766,3.0
165,1766,0.0
166,1766,7.0
167,1766,7.0
168,1766,0.0
169,1766,8.0
170,1766,1.0
171,1766,3.0
172,1766,0.0
173,1766,3.0
174,1766,5.0
175,1766,0.0
176,1766,0.0
177,1766,1.0
178,1766,0.0
179,1766,0.0
180,1766,5.0
181,1766,0.0
182,1766,0.0
183,1766,0.0
184,1766,0.0
185,1766,0.0
186,1766,0.0
187,1766,0.0
188,1766,7.0
189,1766,0.0
190,1766,0.0
191,1766,0.0
192,1766,0.0
193,1766,0.0
194,1766,3.0
195,1766,0.0
196,1766,1.0
197,1766,0.0
198,1766,0.0
199,1766,0.0
0,1767,0.0
1,1767,0.0
2,1767,1.0
3,1767,0.0
4,1767,0.0
5,1767,0.0
6,1767,0.0
7,1767,0.0
8,1767,0.0
9,1767,10.0
10,1767,1.0
11,1767,0.0
12,1767,1.0
13,1767,0.0
14,1767,4.0
15,1767,0.0
16,1767,0.0
17,1767,1.0
18,1767,0.0
19,1767,3.0
20,1767,2.0
21,1767,0.0
22,1767,0.0
23,1767,0.0
24,1767,1.0
25,1767,0.0
26,1767,0.0
27,1767,0.0
28,1767,0.0
29,1767,0.0
30,1767,1.0
31,1767,1.0
32,1767,0.0
33,1767,7.0
34,1767,1.0
35,1767,9.0
36,1767,0.0
37,1767,2.0
38,1767,5.0
39,1767,0.0
40,1767,0.0
41,1767,0.0
42,1767,2.0
43,1767,2.0
44,1767,0.0
45,1767,0.0
46,1767,0.0
47,1767,0.0
48,1767,0.0
49,1767,1.0
50,1767,0.0
51,1767,0.0
52,1767,0.0
53,1767,38.0
54,1767,0.0
55,1767,1.0
56,1767,1.0
57,1767,1.0
58,1767,0.0
59,1767,3.0
60,1767,0.0
61,1767,11.0
62,1767,0.0
63,1767,2.0
64,1767,1.0
65,1767,0.0
66,1767,3.0
67,1767,0.0
68,1767,2.0
69,1767,0.0
70,1767,0.0
71,1767,5.0
72,1767,3.0
73,1767,0.0
74,1767,0.0
75,1767,0.0
76,1767,0.0
77,1767,0.0
78,1767,4.0
79,1767,0.0
80,1767,0.0
81,1767,0.0
82,1767,2.0
83,1767,0.0
84,1767,2.0
85,1767,29.0
86,1767,1.0
87,1767,1.0
88,1767,1.0
89,1767,0.0
90,1767,0.0
91,1767,3.0
92,1767,8.0
93,1767,0.0
94,1767,0.0
95,1767,0.0
96,1767,0.0
97,1767,0.0
98,1767,1.0
99,1767,0.0
100,1767,0.0
101,1767,0.0
102,1767,0.0
103,1767,0.0
104,1767,1.0
105,1767,3.0
106,1767,2.0
107,1767,3.0
108,1767,6.0
109,1767,4.0
110,1767,8.0
111,1767,6.0
112,1767,1.0
113,1767,4.0
114,1767,2.0
115,1767,0.0
116,1767,0.0
117,1767,0.0
118,1767,0.0
119,1767,5.0
120,1767,0.0
121,1767,1.0
122,1767,0.0
123,1767,1.0
124,1767,2.0
125,1767,0.0
126,1767,8.0
127,1767,1.0
128,1767,0.0
129,1767,2.0
130,1767,0.0
131,1767,0.0
132,1767,2.0
133,1767,0.0
134,1767,1.0
135,1767,0.0
136,1767,1.0
137,1767,0.0
138,1767,0.0
139,1767,0.0
140,1767,0.0
141,1767,1.0
142,1767,0.0
143,1767,0.0
144,1767,0.0
145,1767,2.0
146,1767,0.0
147,1767,3.0
148,1767,0.0
149,1767,0.0
150,1767,16.0
151,1767,17.0
152,1767,14.0
153,1767,2.0
154,1767,3.0
155,1767,1.0
156,1767,0.0
157,1767,0.0
158,1767,2.0
159,1767,5.0
160,1767,4.0
161,1767,0.0
162,1767,16.0
163,1767,25.0
164,1767,3.0
165,1767,0.0
166,1767,3.0
167,1767,5.0
168,1767,5.0
169,1767,11.0
170,1767,0.0
171,1767,3.0
172,1767,0.0
173,1767,1.0
174,1767,3.0
175,1767,0.0
176,1767,0.0
177,1767,2.0
178,1767,1.0
179,1767,2.0
180,1767,1.0
181,1767,0.0
182,1767,0.0
183,1767,0.0
184,1767,1.0
185,1767,0.0
186,1767,0.0
187,1767,0.0
188,1767,5.0
189,1767,0.0
190,1767,0.0
191,1767,1.0
192,1767,0.0
193,1767,1.0
194,1767,2.0
195,1767,0.0
196,1767,1.0
197,1767,0.0
198,1767,1.0
199,1767,0.0
0,1768,0.0
1,1768,0.0
2,1768,2.0
3,1768,0.0
4,1768,0.0
5,1768,0.0
6,1768,0.0
7,1768,2.0
8,1768,0.0
9,1768,0.0
10,1768,7.0
11,1768,0.0
12,1768,4.0
13,1768,0.0
14,1768,1.0
15,1768,2.0
16,1768,2.0
17,1768,1.0
18,1768,0.0
19,1768,0.0
20,1768,0.0
21,1768,0.0
22,1768,1.0
23,1768,1.0
24,1768,3.0
25,1768,2.0
26,1768,1.0
27,1768,0.0
28,1768,1.0
29,1768,0.0
30,1768,5.0
31,1768,0.0
32,1768,0.0
33,1768,3.0
34,1768,10.0
35,1768,9.0
36,1768,0.0
37,1768,0.0
38,1768,3.0
39,1768,1.0
40,1768,0.0
41,1768,3.0
42,1768,0.0
43,1768,1.0
44,1768,0.0
45,1768,0.0
46,1768,0.0
47,1768,0.0
48,1768,1.0
49,1768,1.0
50,1768,0.0
51,1768,0.0
52,1768,2.0
53,1768,35.0
54,1768,5.0
55,1768,0.0
56,1768,1.0
57,1768,0.0
58,1768,2.0
59,1768,2.0
60,1768,1.0
61,1768,25.0
62,1768,4.0
63,1768,1.0
64,1768,3.0
65,1768,0.0
66,1768,2.0
67,1768,0.0
68,1768,1.0
69,1768,0.0
70,1768,0.0
71,1768,2.0
72,1768,8.0
73,1768,0.0
74,1768,1.0
75,1768,1.0
76,1768,0.0
77,1768,0.0
78,1768,1.0
79,1768,0.0
80,1768,0.0
81,1768,0.0
82,1768,4.0
83,1768,0.0
84,1768,2.0
85,1768,25.0
86,1768,3.0
87,1768,2.0
88,1768,2.0
89,1768,0.0
90,1768,0.0
91,1768,5.0
92,1768,5.0
93,1768,0.0
94,1768,1.0
95,1768,0.0
96,1768,0.0
97,1768,1.0
98,1768,1.0
99,1768,1.0
100,1768,0.0
101,1768,0.0
102,1768,1.0
103,1768,0.0
104,1768,0.0
105,1768,1.0
106,1768,8.0
107,1768,3.0
108,1768,2.0
109,1768,4.0
110,1768,6.0
111,1768,6.0
112,1768,0.0
113,1768,0.0
114,1768,0.0
115,1768,1.0
116,1768,1.0
117,1768,4.0
118,1768,2.0
119,1768,4.0
120,1768,0.0
121,1768,0.0
122,1768,2.0
123,1768,0.0
124,1768,1.0
125,1768,3.0
126,1768,7.0
127,1768,1.0
128,1768,6.0
129,1768,2.0
130,1768,4.0
131,1768,0.0
132,1768,1.0
133,1768,0.0
134,1768,1.0
135,1768,0.0
136,1768,2.0
137,1768,1.0
138,1768,0.0
139,1768,0.0
140,1768,0.0
141,1768,4.0
142,1768,0.0
143,1768,3.0
144,1768,3.0
145,1768,1.0
146,1768,1.0
147,1768,1.0
148,1768,0.0
149,1768,1.0
150,1768,12.0
151,1768,14.0
152,1768,12.0
153,1768,1.0
154,1768,2.0
155,1768,1.0
156,1768,1.0
157,1768,0.0
158,1768,0.0
159,1768,5.0
160,1768,9.0
161,1768,0.0
162,1768,15.0
163,1768,18.0
164,1768,0.0
165,1768,0.0
166,1768,4.0
167,1768,4.0
168,1768,0.0
169,1768,16.0
170,1768,0.0
171,1768,2.0
172,1768,2.0
173,1768,2.0
174,1768,1.0
175,1768,0.0
176,1768,0.0
177,1768,1.0
178,1768,3.0
179,1768,1.0
180,1768,3.0
181,1768,0.0
182,1768,0.0
183,1768,0.0
184,1768,0.0
185,1768,0.0
186,1768,1.0
187,1768,0.0
188,1768,7.0
189,1768,0.0
190,1768,0.0
191,1768,0.0
192,1768,1.0
193,1768,0.0
194,1768,4.0
195,1768,0.0
196,1768,1.0
197,1768,0.0
198,1768,1.0
199,1768,0.0
0,1769,0.0
1,1769,0.0
2,1769,9.0
3,1769,0.0
4,1769,0.0
5,1769,0.0
6,1769,0.0
7,1769,0.0
8,1769,0.0
9,1769,2.0
10,1769,1.0
11,1769,0.0
12,1769,1.0
13,1769,0.0
14,1769,3.0
15,1769,9.0
16,1769,0.0
17,1769,0.0
18,1769,1.0
19,1769,0.0
20,1769,0.0
21,1769,0.0
22,1769,1.0
23,1769,0.0
24,1769,0.0
25,1769,1.0
26,1769,1.0
27,1769,0.0
28,1769,2.0
29,1769,0.0
30,1769,2.0
31,1769,2.0
32,1769,2.0
33,1769,4.0
34,1769,0.0
35,1769,19.0
36,1769,0.0
37,1769,3.0
38,1769,4.0
39,1769,0.0
40,1769,8.0
41,1769,2.0
42,1769,3.0
43,1769,1.0
44,1769,1.0
45,1769,1.0
46,1769,0.0
47,1769,1.0
48,1769,0.0
49,1769,0.0
50,1769,1.0
51,1769,0.0
52,1769,1.0
53,1769,24.0
54,1769,0.0
55,1769,0.0
56,1769,0.0
57,1769,1.0
58,1769,2.0
59,1769,0.0
60,1769,0.0
61,1769,18.0
62,1769,0.0
63,1769,2.0
64,1769,3.0
65,1769,0.0
66,1769,4.0
67,1769,0.0
68,1769,1.0
69,1769,0.0
70,1769,0.0
71,1769,4.0
72,1769,17.0
73,1769,0.0
74,1769,2.0
75,1769,1.0
76,1769,0.0
77,1769,0.0
78,1769,1.0
79,1769,0.0
80,1769,0.0
81,1769,0.0
82,1769,7.0
83,1769,0.0
84,1769,4.0
85,1769,30.0
86,1769,5.0
87,1769,0.0
88,1769,1.0
89,1769,0.0
90,1769,1.0
91,1769,6.0
92,1769,4.0
93,1769,1.0
94,1769,5.0
95,1769,0.0
96,1769,0.0
97,1769,0.0
98,1769,8.0
99,1769,0.0
100,1769,0.0
101,1769,0.0
102,1769,0.0
103,1769,0.0
104,1769,9.0
105,1769,1.0
106,1769,4.0
107,1769,8.0
108,1769,3.0
109,1769,5.0
110,1769,6.0
111,1769,4.0
112,1769,0.0
113,1769,0.0
114,1769,1.0
115,1769,1.0
116,1769,2.0
117,1769,1.0
118,1769,1.0
119,1769,3.0
120,1769,0.0
121,1769,0.0
122,1769,1.0
123,1769,0.0
124,1769,1.0
125,1769,1.0
126,1769,8.0
127,1769,3.0
128,1769,0.0
129,1769,3.0
130,1769,2.0
131,1769,0.0
132,1769,1.0
133,1769,0.0
134,1769,0.0
135,1769,0.0
136,1769,1.0
137,1769,2.0
138,1769,0.0
139,1769,0.0
140,1769,0.0
141,1769,1.0
142,1769,0.0
143,1769,1.0
144,1769,2.0
145,1769,3.0
146,1769,1.0
147,1769,1.0
148,1769,0.0
149,1769,3.0
150,1769,9.0
151,1769,14.0
152,1769,10.0
153,1769,0.0
154,1769,0.0
155,1769,1.0
156,1769,0.0
157,1769,3.0
158,1769,1.0
159,1769,1.0
160,1769,6.0
161,1769,0.0
162,1769,10.0
163,1769,16.0
164,1769,0.0
165,1769,0.0
166,1769,0.0
167,1769,8.0
168,1769,0.0
169,1769,13.0
170,1769,1.0
171,1769,5.0
172,1769,1.0
173,1769,0.0
174,1769,0.0
175,1769,1.0
176,1769,0.0
177,1769,0.0
178,1769,0.0
179,1769,0.0
180,1769,0.0
181,1769,0.0
182,1769,0.0
183,1769,1.0
184,1769,1.0
185,1769,0.0
186,1769,0.0
187,1769,0.0
188,1769,3.0
189,1769,0.0
190,1769,0.0
191,1769,1.0
192,1769,1.0
193,1769,0.0
194,1769,2.0
195,1769,0.0
196,1769,0.0
197,1769,0.0
198,1769,0.0
199,1769,1.0
0,1770,0.0
1,1770,0.0
2,1770,5.0
3,1770,0.0
4,1770,0.0
5,1770,0.0
6,1770,0.0
7,1770,0.0
8,1770,0.0
9,1770,4.0
10,1770,3.0
11,1770,0.0
12,1770,0.0
13,1770,2.0
14,1770,1.0
15,1770,2.0
16,1770,1.0
17,1770,1.0
18,1770,2.0
19,1770,0.0
20,1770,0.0
21,1770,1.0
22,1770,0.0
23,1770,0.0
24,1770,1.0
25,1770,0.0
26,1770,2.0
27,1770,0.0
28,1770,3.0
29,1770,0.0
30,1770,4.0
31,1770,2.0
32,1770,0.0
33,1770,10.0
34,1770,1.0
35,1770,6.0
36,1770,0.0
37,1770,1.0
38,1770,0.0
39,1770,1.0
40,1770,2.0
41,1770,1.0
42,1770,2.0
43,1770,0.0
44,1770,0.0
45,1770,0.0
46,1770,0.0
47,1770,3.0
48,1770,0.0
49,1770,3.0
50,1770,1.0
51,1770,0.0
52,1770,0.0
53,1770,6.0
54,1770,4.0
55,1770,3.0
56,1770,0.0
57,1770,0.0
58,1770,0.0
59,1770,0.0
60,1770,0.0
61,1770,22.0
62,1770,1.0
63,1770,2.0
64,1770,5.0
65,1770,0.0
66,1770,7.0
67,1770,0.0
68,1770,4.0
69,1770,0.0
70,1770,0.0
71,1770,7.0
72,1770,3.0
73,1770,0.0
74,1770,1.0
75,1770,0.0
76,1770,0.0
77,1770,0.0
78,1770,0.0
79,1770,0.0
80,1770,0.0
81,1770,2.0
82,1770,5.0
83,1770,0.0
84,1770,7.0
85,1770,27.0
86,1770,2.0
87,1770,0.0
88,1770,1.0
89,1770,0.0
90,1770,1.0
91,1770,4.0
92,1770,14.0
93,1770,0.0
94,1770,1.0
95,1770,0.0
96,1770,0.0
97,1770,1.0
98,1770,5.0
99,1770,1.0
100,1770,0.0
101,1770,1.0
102,1770,3.0
103,1770,2.0
104,1770,1.0
105,1770,2.0
106,1770,6.0
107,1770,8.0
108,1770,2.0
109,1770,5.0
110,1770,4.0
111,1770,1.0
112,1770,2.0
113,1770,1.0
114,1770,0.0
115,1770,0.0
116,1770,1.0
117,1770,0.0
118,1770,0.0
119,1770,5.0
120,1770,0.0
121,1770,2.0
122,1770,0.0
123,1770,0.0
124,1770,1.0
125,1770,1.0
126,1770,3.0
127,1770,0.0
128,1770,1.0
129,1770,1.0
130,1770,0.0
131,1770,0.0
132,1770,4.0
133,1770,0.0
134,1770,2.0
135,1770,0.0
136,1770,0.0
137,1770,1.0
138,1770,0.0
139,1770,1.0
140,1770,1.0
141,1770,0.0
142,1770,0.0
143,1770,2.0
144,1770,3.0
145,1770,4.0
146,1770,2.0
147,1770,1.0
148,1770,0.0
149,1770,1.0
150,1770,13.0
151,1770,6.0
152,1770,4.0
153,1770,0.0
154,1770,0.0
155,1770,0.0
156,1770,0.0
157,1770,1.0
158,1770,0.0
159,1770,3.0
160,1770,9.0
161,1770,0.0
162,1770,17.0
163,1770,11.0
164,1770,1.0
165,1770,0.0
166,1770,3.0
167,1770,17.0
168,1770,0.0
169,1770,14.0
170,1770,1.0
171,1770,4.0
172,1770,0.0
173,1770,5.0
174,1770,0.0
175,1770,0.0
176,1770,0.0
177,1770,2.0
178,1770,0.0
179,1770,0.0
180,1770,0.0
181,1770,0.0
182,1770,0.0
183,1770,0.0
184,1770,1.0
185,1770,0.0
186,1770,0.0
187,1770,0.0
188,1770,7.0
189,1770,1.0
190,1770,0.0
191,1770,1.0
192,1770,0.0
193,1770,0.0
194,1770,2.0
195,1770,0.0
196,1770,0.0
197,1770,0.0
198,1770,3.0
199,1770,0.0
0,1771,0.0
1,1771,0.0
2,1771,3.0
3,1771,0.0
4,1771,0.0
5,1771,0.0
6,1771,0.0
7,1771,1.0
8,1771,0.0
9,1771,3.0
10,1771,5.0
11,1771,0.0
12,1771,0.0
13,1771,2.0
14,1771,2.0
15,1771,6.0
16,1771,0.0
17,1771,0.0
18,1771,1.0
19,1771,1.0
20,1771,3.0
21,1771,0.0
22,1771,2.0
23,1771,1.0
24,1771,1.0
25,1771,0.0
26,1771,3.0
27,1771,0.0
28,1771,2.0
29,1771,0.0
30,1771,0.0
31,1771,2.0
32,1771,1.0
33,1771,10.0
34,1771,1.0
35,1771,5.0
36,1771,0.0
37,1771,1.0
38,1771,0.0
39,1771,0.0
40,1771,1.0
41,1771,0.0
42,1771,0.0
43,1771,1.0
44,1771,0.0
45,1771,0.0
46,1771,3.0
47,1771,1.0
48,1771,2.0
49,1771,0.0
50,1771,0.0
51,1771,0.0
52,1771,4.0
53,1771,30.0
54,1771,1.0
55,1771,1.0
56,1771,1.0
57,1771,0.0
58,1771,3.0
59,1771,2.0
60,1771,0.0
61,1771,26.0
62,1771,3.0
63,1771,0.0
64,1771,2.0
65,1771,0.0
66,1771,6.0
67,1771,0.0
68,1771,4.0
69,1771,0.0
70,1771,0.0
71,1771,3.0
72,1771,15.0
73,1771,0.0
74,1771,0.0
75,1771,0.0
76,1771,0.0
77,1771,0.0
78,1771,0.0
79,1771,0.0
80,1771,0.0
81,1771,1.0
82,1771,8.0
83,1771,0.0
84,1771,1.0
85,1771,34.0
86,1771,6.0
87,1771,0.0
88,1771,4.0
89,1771,0.0
90,1771,0.0
91,1771,7.0
92,1771,0.0
93,1771,0.0
94,1771,3.0
95,1771,0.0
96,1771,0.0
97,1771,1.0
98,1771,3.0
99,1771,0.0
100,1771,1.0
101,1771,0.0
102,1771,1.0
103,1771,1.0
104,1771,1.0
105,1771,2.0
106,1771,15.0
107,1771,4.0
108,1771,2.0
109,1771,10.0
110,1771,3.0
111,1771,3.0
112,1771,0.0
113,1771,4.0
114,1771,3.0
115,1771,0.0
116,1771,0.0
117,1771,5.0
118,1771,0.0
119,1771,3.0
120,1771,0.0
121,1771,0.0
122,1771,0.0
123,1771,2.0
124,1771,3.0
125,1771,1.0
126,1771,5.0
127,1771,0.0
128,1771,8.0
129,1771,0.0
130,1771,0.0
131,1771,0.0
132,1771,2.0
133,1771,1.0
134,1771,0.0
135,1771,0.0
136,1771,0.0
137,1771,1.0
138,1771,0.0
139,1771,0.0
140,1771,1.0
141,1771,5.0
142,1771,0.0
143,1771,1.0
144,1771,5.0
145,1771,4.0
146,1771,1.0
147,1771,3.0
148,1771,1.0
149,1771,1.0
150,1771,6.0
151,1771,6.0
152,1771,3.0
153,1771,0.0
154,1771,0.0
155,1771,0.0
156,1771,0.0
157,1771,0.0
158,1771,0.0
159,1771,6.0
160,1771,9.0
161,1771,0.0
162,1771,11.0
163,1771,12.0
164,1771,3.0
165,1771,0.0
166,1771,3.0
167,1771,12.0
168,1771,0.0
169,1771,12.0
170,1771,0.0
171,1771,4.0
172,1771,0.0
173,1771,0.0
174,1771,0.0
175,1771,1.0
176,1771,0.0
177,1771,0.0
178,1771,0.0
179,1771,1.0
180,1771,3.0
181,1771,1.0
182,1771,0.0
183,1771,0.0
184,1771,1.0
185,1771,0.0
186,1771,0.0
187,1771,0.0
188,1771,7.0
189,1771,0.0
190,1771,0.0
191,1771,0.0
192,1771,0.0
193,1771,2.0
194,1771,0.0
195,1771,0.0
196,1771,2.0
197,1771,0.0
198,1771,0.0
199,1771,1.0
0,1772,0.0
1,1772,0.0
2,1772,5.0
3,1772,0.0
4,1772,0.0
5,1772,0.0
6,1772,1.0
7,1772,1.0
8,1772,0.0
9,1772,4.0
10,1772,1.0
11,1772,0.0
12,1772,0.0
13,1772,4.0
14,1772,5.0
15,1772,1.0
16,1772,0.0
17,1772,0.0
18,1772,2.0
19,1772,0.0
20,1772,0.0
21,1772,0.0
22,1772,4.0
23,1772,0.0
24,1772,0.0
25,1772,0.0
26,1772,3.0
27,1772,0.0
28,1772,1.0
29,1772,0.0
30,1772,4.0
31,1772,2.0
32,1772,1.0
33,1772,8.0
34,1772,3.0
35,1772,17.0
36,1772,0.0
37,1772,2.0
38,1772,2.0
39,1772,0.0
40,1772,2.0
41,1772,1.0
42,1772,2.0
43,1772,0.0
44,1772,2.0
45,1772,1.0
46,1772,2.0
47,1772,0.0
48,1772,1.0
49,1772,5.0
50,1772,0.0
51,1772,0.0
52,1772,1.0
53,1772,62.0
54,1772,2.0
55,1772,0.0
56,1772,0.0
57,1772,1.0
58,1772,3.0
59,1772,3.0
60,1772,0.0
61,1772,30.0
62,1772,2.0
63,1772,0.0
64,1772,0.0
65,1772,0.0
66,1772,1.0
67,1772,0.0
68,1772,1.0
69,1772,0.0
70,1772,0.0
71,1772,6.0
72,1772,23.0
73,1772,0.0
74,1772,1.0
75,1772,1.0
76,1772,0.0
77,1772,0.0
78,1772,0.0
79,1772,0.0
80,1772,0.0
81,1772,2.0
82,1772,11.0
83,1772,0.0
84,1772,6.0
85,1772,79.0
86,1772,3.0
87,1772,0.0
88,1772,2.0
89,1772,0.0
90,1772,0.0
91,1772,6.0
92,1772,0.0
93,1772,0.0
94,1772,2.0
95,1772,0.0
96,1772,0.0
97,1772,1.0
98,1772,6.0
99,1772,0.0
100,1772,1.0
101,1772,0.0
102,1772,0.0
103,1772,3.0
104,1772,3.0
105,1772,3.0
106,1772,19.0
107,1772,8.0
108,1772,6.0
109,1772,9.0
110,1772,15.0
111,1772,4.0
112,1772,0.0
113,1772,4.0
114,1772,0.0
115,1772,0.0
116,1772,2.0
117,1772,1.0
118,1772,1.0
119,1772,12.0
120,1772,2.0
121,1772,1.0
122,1772,2.0
123,1772,0.0
124,1772,2.0
125,1772,3.0
126,1772,7.0
127,1772,1.0
128,1772,1.0
129,1772,2.0
130,1772,0.0
131,1772,2.0
132,1772,2.0
133,1772,0.0
134,1772,0.0
135,1772,0.0
136,1772,0.0
137,1772,1.0
138,1772,0.0
139,1772,2.0
140,1772,0.0
141,1772,3.0
142,1772,0.0
143,1772,3.0
144,1772,0.0
145,1772,0.0
146,1772,1.0
147,1772,5.0
148,1772,0.0
149,1772,2.0
150,1772,12.0
151,1772,10.0
152,1772,0.0
153,1772,0.0
154,1772,0.0
155,1772,0.0
156,1772,0.0
157,1772,1.0
158,1772,0.0
159,1772,3.0
160,1772,9.0
161,1772,0.0
162,1772,12.0
163,1772,9.0
164,1772,0.0
165,1772,0.0
166,1772,11.0
167,1772,17.0
168,1772,0.0
169,1772,21.0
170,1772,0.0
171,1772,4.0
172,1772,0.0
173,1772,0.0
174,1772,4.0
175,1772,1.0
176,1772,0.0
177,1772,4.0
178,1772,2.0
179,1772,1.0
180,1772,2.0
181,1772,0.0
182,1772,0.0
183,1772,0.0
184,1772,1.0
185,1772,0.0
186,1772,0.0
187,1772,0.0
188,1772,5.0
189,1772,0.0
190,1772,0.0
191,1772,0.0
192,1772,0.0
193,1772,3.0
194,1772,2.0
195,1772,0.0
196,1772,1.0
197,1772,0.0
198,1772,2.0
199,1772,0.0
0,1773,0.0
1,1773,0.0
2,1773,9.0
3,1773,0.0
4,1773,0.0
5,1773,0.0
6,1773,2.0
7,1773,0.0
8,1773,0.0
9,1773,0.0
10,1773,0.0
11,1773,0.0
12,1773,3.0
13,1773,5.0
14,1773,2.0
15,1773,18.0
16,1773,0.0
17,1773,0.0
18,1773,0.0
19,1773,2.0
20,1773,0.0
21,1773,0.0
22,1773,4.0
23,1773,1.0
24,1773,3.0
25,1773,0.0
26,1773,2.0
27,1773,0.0
28,1773,2.0
29,1773,0.0
30,1773,5.0
31,1773,1.0
32,1773,0.0
33,1773,4.0
34,1773,5.0
35,1773,15.0
36,1773,0.0
37,1773,5.0
38,1773,2.0
39,1773,2.0
40,1773,2.0
41,1773,3.0
42,1773,1.0
43,1773,0.0
44,1773,1.0
45,1773,1.0
46,1773,0.0
47,1773,3.0
48,1773,1.0
49,1773,1.0
50,1773,0.0
51,1773,0.0
52,1773,3.0
53,1773,4.0
54,1773,3.0
55,1773,1.0
56,1773,1.0
57,1773,1.0
58,1773,2.0
59,1773,4.0
60,1773,0.0
61,1773,27.0
62,1773,5.0
63,1773,0.0
64,1773,1.0
65,1773,0.0
66,1773,11.0
67,1773,0.0
68,1773,3.0
69,1773,0.0
70,1773,0.0
71,1773,0.0
72,1773,13.0
73,1773,0.0
74,1773,2.0
75,1773,0.0
76,1773,0.0
77,1773,0.0
78,1773,0.0
79,1773,0.0
80,1773,0.0
81,1773,4.0
82,1773,8.0
83,1773,0.0
84,1773,3.0
85,1773,78.0
86,1773,3.0
87,1773,2.0
88,1773,5.0
89,1773,0.0
90,1773,1.0
91,1773,13.0
92,1773,0.0
93,1773,0.0
94,1773,0.0
95,1773,0.0
96,1773,0.0
97,1773,0.0
98,1773,6.0
99,1773,0.0
100,1773,2.0
101,1773,1.0
102,1773,1.0
103,1773,0.0
104,1773,3.0
105,1773,2.0
106,1773,19.0
107,1773,3.0
108,1773,0.0
109,1773,8.0
110,1773,9.0
111,1773,10.0
112,1773,0.0
113,1773,4.0
114,1773,2.0
115,1773,0.0
116,1773,0.0
117,1773,2.0
118,1773,1.0
119,1773,5.0
120,1773,1.0
121,1773,1.0
122,1773,1.0
123,1773,1.0
124,1773,3.0
125,1773,2.0
126,1773,1.0
127,1773,1.0
128,1773,0.0
129,1773,1.0
130,1773,5.0
131,1773,0.0
132,1773,1.0
133,1773,0.0
134,1773,0.0
135,1773,0.0
136,1773,0.0
137,1773,2.0
138,1773,0.0
139,1773,0.0
140,1773,0.0
141,1773,1.0
142,1773,0.0
143,1773,0.0
144,1773,0.0
145,1773,0.0
146,1773,0.0
147,1773,3.0
148,1773,1.0
149,1773,1.0
150,1773,16.0
151,1773,12.0
152,1773,0.0
153,1773,1.0
154,1773,1.0
155,1773,1.0
156,1773,0.0
157,1773,4.0
158,1773,1.0
159,1773,4.0
160,1773,4.0
161,1773,23.0
162,1773,18.0
163,1773,8.0
164,1773,4.0
165,1773,0.0
166,1773,6.0
167,1773,8.0
168,1773,2.0
169,1773,5.0
170,1773,1.0
171,1773,11.0
172,1773,0.0
173,1773,1.0
174,1773,2.0
175,1773,1.0
176,1773,0.0
177,1773,1.0
178,1773,1.0
179,1773,0.0
180,1773,3.0
181,1773,0.0
182,1773,0.0
183,1773,0.0
184,1773,0.0
185,1773,0.0
186,1773,0.0
187,1773,0.0
188,1773,8.0
189,1773,0.0
190,1773,0.0
191,1773,0.0
192,1773,0.0
193,1773,3.0
194,1773,1.0
195,1773,0.0
196,1773,0.0
197,1773,0.0
198,1773,1.0
199,1773,1.0
0,1774,0.0
1,1774,0.0
2,1774,1.0
3,1774,0.0
4,1774,0.0
5,1774,0.0
6,1774,0.0
7,1774,0.0
8,1774,0.0
9,1774,2.0
10,1774,1.0
11,1774,0.0
12,1774,0.0
13,1774,1.0
14,1774,1.0
15,1774,7.0
16,1774,0.0
17,1774,0.0
18,1774,1.0
19,1774,0.0
20,1774,3.0
21,1774,0.0
22,1774,1.0
23,1774,1.0
24,1774,1.0
25,1774,1.0
26,1774,0.0
27,1774,0.0
28,1774,2.0
29,1774,0.0
30,1774,4.0
31,1774,1.0
32,1774,4.0
33,1774,9.0
34,1774,5.0
35,1774,8.0
36,1774,0.0
37,1774,3.0
38,1774,1.0
39,1774,2.0
40,1774,0.0
41,1774,1.0
42,1774,4.0
43,1774,0.0
44,1774,0.0
45,1774,1.0
46,1774,0.0
47,1774,0.0
48,1774,1.0
49,1774,2.0
50,1774,0.0
51,1774,0.0
52,1774,2.0
53,1774,1.0
54,1774,0.0
55,1774,1.0
56,1774,3.0
57,1774,2.0
58,1774,0.0
59,1774,0.0
60,1774,0.0
61,1774,20.0
62,1774,2.0
63,1774,2.0
64,1774,3.0
65,1774,0.0
66,1774,5.0
67,1774,0.0
68,1774,1.0
69,1774,0.0
70,1774,0.0
71,1774,1.0
72,1774,10.0
73,1774,0.0
74,1774,1.0
75,1774,0.0
76,1774,0.0
77,1774,0.0
78,1774,0.0
79,1774,0.0
80,1774,0.0
81,1774,2.0
82,1774,7.0
83,1774,0.0
84,1774,5.0
85,1774,32.0
86,1774,8.0
87,1774,0.0
88,1774,0.0
89,1774,0.0
90,1774,1.0
91,1774,7.0
92,1774,0.0
93,1774,0.0
94,1774,0.0
95,1774,0.0
96,1774,0.0
97,1774,1.0
98,1774,1.0
99,1774,1.0
100,1774,0.0
101,1774,0.0
102,1774,0.0
103,1774,1.0
104,1774,1.0
105,1774,1.0
106,1774,11.0
107,1774,0.0
108,1774,2.0
109,1774,1.0
110,1774,7.0
111,1774,2.0
112,1774,0.0
113,1774,4.0
114,1774,0.0
115,1774,0.0
116,1774,1.0
117,1774,2.0
118,1774,0.0
119,1774,4.0
120,1774,3.0
121,1774,1.0
122,1774,1.0
123,1774,0.0
124,1774,0.0
125,1774,0.0
126,1774,3.0
127,1774,1.0
128,1774,2.0
129,1774,0.0
130,1774,2.0
131,1774,0.0
132,1774,1.0
133,1774,1.0
134,1774,0.0
135,1774,0.0
136,1774,1.0
137,1774,1.0
138,1774,0.0
139,1774,0.0
140,1774,0.0
141,1774,1.0
142,1774,0.0
143,1774,2.0
144,1774,1.0
145,1774,1.0
146,1774,2.0
147,1774,4.0
148,1774,0.0
149,1774,3.0
150,1774,9.0
151,1774,7.0
152,1774,7.0
153,1774,0.0
154,1774,1.0
155,1774,1.0
156,1774,0.0
157,1774,5.0
158,1774,0.0
159,1774,4.0
160,1774,5.0
161,1774,5.0
162,1774,9.0
163,1774,11.0
164,1774,2.0
165,1774,0.0
166,1774,2.0
167,1774,9.0
168,1774,4.0
169,1774,4.0
170,1774,0.0
171,1774,1.0
172,1774,0.0
173,1774,1.0
174,1774,5.0
175,1774,3.0
176,1774,0.0
177,1774,0.0
178,1774,1.0
179,1774,0.0
180,1774,1.0
181,1774,0.0
182,1774,0.0
183,1774,0.0
184,1774,4.0
185,1774,1.0
186,1774,0.0
187,1774,0.0
188,1774,5.0
189,1774,0.0
190,1774,0.0
191,1774,0.0
192,1774,0.0
193,1774,1.0
194,1774,1.0
195,1774,0.0
196,1774,0.0
197,1774,0.0
198,1774,0.0
199,1774,0.0
0,1775,0.0
1,1775,0.0
2,1775,6.0
3,1775,1.0
4,1775,0.0
5,1775,0.0
6,1775,2.0
7,1775,0.0
8,1775,0.0
9,1775,1.0
10,1775,0.0
11,1775,0.0
12,1775,1.0
13,1775,2.0
14,1775,2.0
15,1775,3.0
16,1775,0.0
17,1775,0.0
18,1775,3.0
19,1775,0.0
20,1775,0.0
21,1775,1.0
22,1775,0.0
23,1775,1.0
24,1775,1.0
25,1775,0.0
26,1775,1.0
27,1775,0.0
28,1775,1.0
29,1775,0.0
30,1775,1.0
31,1775,0.0
32,1775,1.0
33,1775,3.0
34,1775,0.0
35,1775,8.0
36,1775,0.0
37,1775,1.0
38,1775,0.0
39,1775,2.0
40,1775,1.0
41,1775,0.0
42,1775,0.0
43,1775,1.0
44,1775,0.0
45,1775,0.0
46,1775,0.0
47,1775,0.0
48,1775,2.0
49,1775,2.0
50,1775,1.0
51,1775,0.0
52,1775,1.0
53,1775,22.0
54,1775,0.0
55,1775,0.0
56,1775,0.0
57,1775,0.0
58,1775,0.0
59,1775,0.0
60,1775,0.0
61,1775,26.0
62,1775,0.0
63,1775,1.0
64,1775,1.0
65,1775,0.0
66,1775,3.0
67,1775,0.0
68,1775,2.0
69,1775,0.0
70,1775,0.0
71,1775,2.0
72,1775,13.0
73,1775,0.0
74,1775,2.0
75,1775,0.0
76,1775,0.0
77,1775,0.0
78,1775,0.0
79,1775,0.0
80,1775,0.0
81,1775,1.0
82,1775,4.0
83,1775,0.0
84,1775,2.0
85,1775,30.0
86,1775,5.0
87,1775,0.0
88,1775,1.0
89,1775,0.0
90,1775,0.0
91,1775,3.0
92,1775,0.0
93,1775,0.0
94,1775,2.0
95,1775,0.0
96,1775,0.0
97,1775,1.0
98,1775,6.0
99,1775,0.0
100,1775,1.0
101,1775,1.0
102,1775,0.0
103,1775,2.0
104,1775,1.0
105,1775,0.0
106,1775,4.0
107,1775,1.0
108,1775,1.0
109,1775,7.0
110,1775,3.0
111,1775,0.0
112,1775,0.0
113,1775,1.0
114,1775,0.0
115,1775,0.0
116,1775,0.0
117,1775,1.0
118,1775,1.0
119,1775,4.0
120,1775,0.0
121,1775,2.0
122,1775,2.0
123,1775,1.0
124,1775,1.0
125,1775,0.0
126,1775,0.0
127,1775,2.0
128,1775,1.0
129,1775,1.0
130,1775,0.0
131,1775,1.0
132,1775,1.0
133,1775,0.0
134,1775,0.0
135,1775,0.0
136,1775,1.0
137,1775,1.0
138,1775,0.0
139,1775,0.0
140,1775,1.0
141,1775,0.0
142,1775,0.0
143,1775,1.0
144,1775,2.0
145,1775,2.0
146,1775,2.0
147,1775,0.0
148,1775,0.0
149,1775,0.0
150,1775,9.0
151,1775,8.0
152,1775,1.0
153,1775,2.0
154,1775,0.0
155,1775,0.0
156,1775,0.0
157,1775,2.0
158,1775,1.0
159,1775,2.0
160,1775,1.0
161,1775,6.0
162,1775,12.0
163,1775,4.0
164,1775,1.0
165,1775,0.0
166,1775,5.0
167,1775,4.0
168,1775,2.0
169,1775,7.0
170,1775,2.0
171,1775,4.0
172,1775,0.0
173,1775,2.0
174,1775,0.0
175,1775,0.0
176,1775,0.0
177,1775,2.0
178,1775,1.0
179,1775,2.0
180,1775,3.0
181,1775,1.0
182,1775,0.0
183,1775,0.0
184,1775,0.0
185,1775,0.0
186,1775,0.0
187,1775,0.0
188,1775,5.0
189,1775,0.0
190,1775,0.0
191,1775,6.0
192,1775,0.0
193,1775,2.0
194,1775,2.0
195,1775,0.0
196,1775,0.0
197,1775,1.0
198,1775,1.0
199,1775,0.0
0,1776,0.0
1,1776,0.0
2,1776,5.0
3,1776,0.0
4,1776,0.0
5,1776,0.0
6,1776,1.0
7,1776,0.0
8,1776,0.0
9,1776,1.0
10,1776,0.0
11,1776,0.0
12,1776,1.0
13,1776,2.0
14,1776,1.0
15,1776,0.0
16,1776,0.0
17,1776,0.0
18,1776,1.0
19,1776,0.0
20,1776,2.0
21,1776,0.0
22,1776,2.0
23,1776,2.0
24,1776,0.0
25,1776,0.0
26,1776,1.0
27,1776,0.0
28,1776,4.0
29,1776,0.0
30,1776,0.0
31,1776,0.0
32,1776,0.0
33,1776,6.0
34,1776,1.0
35,1776,10.0
36,1776,0.0
37,1776,6.0
38,1776,7.0
39,1776,3.0
40,1776,2.0
41,1776,0.0
42,1776,2.0
43,1776,0.0
44,1776,0.0
45,1776,0.0
46,1776,1.0
47,1776,0.0
48,1776,2.0
49,1776,0.0
50,1776,2.0
51,1776,0.0
52,1776,1.0
53,1776,35.0
54,1776,2.0
55,1776,0.0
56,1776,5.0
57,1776,0.0
58,1776,0.0
59,1776,0.0
60,1776,0.0
61,1776,21.0
62,1776,0.0
63,1776,0.0
64,1776,0.0
65,1776,1.0
66,1776,4.0
67,1776,0.0
68,1776,0.0
69,1776,0.0
70,1776,0.0
71,1776,2.0
72,1776,12.0
73,1776,0.0
74,1776,0.0
75,1776,4.0
76,1776,0.0
77,1776,0.0
78,1776,0.0
79,1776,0.0
80,1776,0.0
81,1776,1.0
82,1776,8.0
83,1776,0.0
84,1776,4.0
85,1776,36.0
86,1776,7.0
87,1776,0.0
88,1776,2.0
89,1776,1.0
90,1776,0.0
91,1776,13.0
92,1776,0.0
93,1776,0.0
94,1776,0.0
95,1776,0.0
96,1776,0.0
97,1776,0.0
98,1776,0.0
99,1776,0.0
100,1776,2.0
101,1776,0.0
102,1776,1.0
103,1776,2.0
104,1776,1.0
105,1776,2.0
106,1776,5.0
107,1776,3.0
108,1776,3.0
109,1776,10.0
110,1776,3.0
111,1776,1.0
112,1776,2.0
113,1776,2.0
114,1776,0.0
115,1776,1.0
116,1776,2.0
117,1776,0.0
118,1776,1.0
119,1776,6.0
120,1776,0.0
121,1776,2.0
122,1776,0.0
123,1776,0.0
124,1776,2.0
125,1776,0.0
126,1776,4.0
127,1776,1.0
128,1776,1.0
129,1776,0.0
130,1776,0.0
131,1776,0.0
132,1776,1.0
133,1776,0.0
134,1776,1.0
135,1776,0.0
136,1776,0.0
137,1776,2.0
138,1776,0.0
139,1776,0.0
140,1776,1.0
141,1776,4.0
142,1776,0.0
143,1776,0.0
144,1776,3.0
145,1776,4.0
146,1776,3.0
147,1776,2.0
148,1776,1.0
149,1776,0.0
150,1776,3.0
151,1776,3.0
152,1776,4.0
153,1776,1.0
154,1776,0.0
155,1776,1.0
156,1776,0.0
157,1776,0.0
158,1776,2.0
159,1776,2.0
160,1776,0.0
161,1776,5.0
162,1776,12.0
163,1776,11.0
164,1776,2.0
165,1776,0.0
166,1776,0.0
167,1776,3.0
168,1776,3.0
169,1776,5.0
170,1776,2.0
171,1776,1.0
172,1776,2.0
173,1776,1.0
174,1776,0.0
175,1776,0.0
176,1776,0.0
177,1776,0.0
178,1776,1.0
179,1776,0.0
180,1776,0.0
181,1776,0.0
182,1776,0.0
183,1776,0.0
184,1776,0.0
185,1776,1.0
186,1776,0.0
187,1776,0.0
188,1776,5.0
189,1776,0.0
190,1776,0.0
191,1776,0.0
192,1776,0.0
193,1776,2.0
194,1776,3.0
195,1776,0.0
196,1776,1.0
197,1776,0.0
198,1776,0.0
199,1776,0.0
0,1777,0.0
1,1777,0.0
2,1777,1.0
3,1777,1.0
4,1777,0.0
5,1777,0.0
6,1777,2.0
7,1777,1.0
8,1777,0.0
9,1777,3.0
10,1777,0.0
11,1777,0.0
12,1777,4.0
13,1777,0.0
14,1777,0.0
15,1777,5.0
16,1777,2.0
17,1777,0.0
18,1777,0.0
19,1777,1.0
20,1777,4.0
21,1777,0.0
22,1777,0.0
23,1777,0.0
24,1777,2.0
25,1777,0.0
26,1777,2.0
27,1777,0.0
28,1777,3.0
29,1777,1.0
30,1777,2.0
31,1777,1.0
32,1777,0.0
33,1777,3.0
34,1777,0.0
35,1777,17.0
36,1777,0.0
37,1777,2.0
38,1777,2.0
39,1777,1.0
40,1777,1.0
41,1777,1.0
42,1777,0.0
43,1777,3.0
44,1777,1.0
45,1777,2.0
46,1777,1.0
47,1777,0.0
48,1777,0.0
49,1777,0.0
50,1777,3.0
51,1777,0.0
52,1777,0.0
53,1777,25.0
54,1777,8.0
55,1777,0.0
56,1777,0.0
57,1777,0.0
58,1777,0.0
59,1777,0.0
60,1777,0.0
61,1777,20.0
62,1777,2.0
63,1777,5.0
64,1777,3.0
65,1777,0.0
66,1777,5.0
67,1777,0.0
68,1777,0.0
69,1777,0.0
70,1777,0.0
71,1777,6.0
72,1777,4.0
73,1777,0.0
74,1777,0.0
75,1777,0.0
76,1777,0.0
77,1777,0.0
78,1777,0.0
79,1777,0.0
80,1777,0.0
81,1777,2.0
82,1777,6.0
83,1777,0.0
84,1777,6.0
85,1777,31.0
86,1777,2.0
87,1777,1.0
88,1777,1.0
89,1777,0.0
90,1777,0.0
91,1777,4.0
92,1777,0.0
93,1777,0.0
94,1777,1.0
95,1777,0.0
96,1777,0.0
97,1777,1.0
98,1777,2.0
99,1777,0.0
100,1777,0.0
101,1777,0.0
102,1777,1.0
103,1777,0.0
104,1777,0.0
105,1777,4.0
106,1777,10.0
107,1777,1.0
108,1777,0.0
109,1777,3.0
110,1777,8.0
111,1777,2.0
112,1777,1.0
113,1777,2.0
114,1777,0.0
115,1777,0.0
116,1777,3.0
117,1777,2.0
118,1777,0.0
119,1777,6.0
120,1777,1.0
121,1777,1.0
122,1777,1.0
123,1777,1.0
124,1777,2.0
125,1777,0.0
126,1777,2.0
127,1777,2.0
128,1777,1.0
129,1777,2.0
130,1777,3.0
131,1777,0.0
132,1777,2.0
133,1777,0.0
134,1777,0.0
135,1777,0.0
136,1777,3.0
137,1777,1.0
138,1777,0.0
139,1777,0.0
140,1777,0.0
141,1777,3.0
142,1777,0.0
143,1777,1.0
144,1777,0.0
145,1777,3.0
146,1777,1.0
147,1777,2.0
148,1777,0.0
149,1777,2.0
150,1777,9.0
151,1777,10.0
152,1777,0.0
153,1777,0.0
154,1777,0.0
155,1777,0.0
156,1777,0.0
157,1777,1.0
158,1777,3.0
159,1777,3.0
160,1777,4.0
161,1777,9.0
162,1777,15.0
163,1777,9.0
164,1777,3.0
165,1777,0.0
166,1777,2.0
167,1777,9.0
168,1777,0.0
169,1777,4.0
170,1777,0.0
171,1777,2.0
172,1777,1.0
173,1777,1.0
174,1777,3.0
175,1777,2.0
176,1777,0.0
177,1777,0.0
178,1777,0.0
179,1777,1.0
180,1777,0.0
181,1777,0.0
182,1777,0.0
183,1777,0.0
184,1777,2.0
185,1777,0.0
186,1777,2.0
187,1777,0.0
188,1777,5.0
189,1777,0.0
190,1777,0.0
191,1777,0.0
192,1777,0.0
193,1777,2.0
194,1777,1.0
195,1777,0.0
196,1777,2.0
197,1777,0.0
198,1777,4.0
199,1777,0.0
0,1778,0.0
1,1778,0.0
2,1778,4.0
3,1778,1.0
4,1778,0.0
5,1778,0.0
6,1778,1.0
7,1778,3.0
8,1778,0.0
9,1778,7.0
10,1778,0.0
11,1778,0.0
12,1778,0.0
13,1778,1.0
14,1778,5.0
15,1778,2.0
16,1778,0.0
17,1778,2.0
18,1778,2.0
19,1778,1.0
20,1778,1.0
21,1778,0.0
22,1778,0.0
23,1778,2.0
24,1778,0.0
25,1778,1.0
26,1778,0.0
27,1778,0.0
28,1778,3.0
29,1778,2.0
30,1778,1.0
31,1778,1.0
32,1778,0.0
33,1778,10.0
34,1778,0.0
35,1778,11.0
36,1778,0.0
37,1778,2.0
38,1778,1.0
39,1778,3.0
40,1778,2.0
41,1778,0.0
42,1778,0.0
43,1778,2.0
44,1778,1.0
45,1778,0.0
46,1778,4.0
47,1778,3.0
48,1778,1.0
49,1778,2.0
50,1778,1.0
51,1778,0.0
52,1778,0.0
53,1778,0.0
54,1778,4.0
55,1778,0.0
56,1778,0.0
57,1778,1.0
58,1778,1.0
59,1778,1.0
60,1778,0.0
61,1778,21.0
62,1778,1.0
63,1778,3.0
64,1778,2.0
65,1778,0.0
66,1778,2.0
67,1778,0.0
68,1778,0.0
69,1778,0.0
70,1778,0.0
71,1778,0.0
72,1778,6.0
73,1778,0.0
74,1778,0.0
75,1778,2.0
76,1778,0.0
77,1778,0.0
78,1778,0.0
79,1778,0.0
80,1778,0.0
81,1778,2.0
82,1778,4.0
83,1778,0.0
84,1778,2.0
85,1778,28.0
86,1778,6.0
87,1778,1.0
88,1778,0.0
89,1778,0.0
90,1778,0.0
91,1778,1.0
92,1778,0.0
93,1778,0.0
94,1778,0.0
95,1778,0.0
96,1778,0.0
97,1778,0.0
98,1778,2.0
99,1778,1.0
100,1778,1.0
101,1778,0.0
102,1778,1.0
103,1778,1.0
104,1778,2.0
105,1778,0.0
106,1778,12.0
107,1778,0.0
108,1778,0.0
109,1778,7.0
110,1778,25.0
111,1778,4.0
112,1778,0.0
113,1778,4.0
114,1778,3.0
115,1778,0.0
116,1778,0.0
117,1778,0.0
118,1778,0.0
119,1778,1.0
120,1778,0.0
121,1778,3.0
122,1778,1.0
123,1778,2.0
124,1778,1.0
125,1778,0.0
126,1778,4.0
127,1778,2.0
128,1778,2.0
129,1778,0.0
130,1778,0.0
131,1778,0.0
132,1778,2.0
133,1778,0.0
134,1778,0.0
135,1778,0.0
136,1778,1.0
137,1778,0.0
138,1778,0.0
139,1778,0.0
140,1778,0.0
141,1778,1.0
142,1778,0.0
143,1778,2.0
144,1778,1.0
145,1778,3.0
146,1778,1.0
147,1778,5.0
148,1778,1.0
149,1778,0.0
150,1778,13.0
151,1778,9.0
152,1778,0.0
153,1778,2.0
154,1778,1.0
155,1778,0.0
156,1778,0.0
157,1778,5.0
158,1778,1.0
159,1778,3.0
160,1778,4.0
161,1778,5.0
162,1778,10.0
163,1778,5.0
164,1778,1.0
165,1778,0.0
166,1778,3.0
167,1778,8.0
168,1778,4.0
169,1778,5.0
170,1778,0.0
171,1778,3.0
172,1778,0.0
173,1778,0.0
174,1778,1.0
175,1778,2.0
176,1778,0.0
177,1778,2.0
178,1778,0.0
179,1778,0.0
180,1778,0.0
181,1778,0.0
182,1778,0.0
183,1778,0.0
184,1778,0.0
185,1778,0.0
186,1778,1.0
187,1778,0.0
188,1778,3.0
189,1778,0.0
190,1778,0.0
191,1778,0.0
192,1778,1.0
193,1778,3.0
194,1778,1.0
195,1778,0.0
196,1778,1.0
197,1778,1.0
198,1778,0.0
199,1778,0.0
0,1779,0.0
1,1779,0.0
2,1779,4.0
3,1779,0.0
4,1779,0.0
5,1779,0.0
6,1779,1.0
7,1779,0.0
8,1779,0.0
9,1779,2.0
10,1779,0.0
11,1779,0.0
12,1779,0.0
13,1779,0.0
14,1779,2.0
15,1779,7.0
16,1779,0.0
17,1779,0.0
18,1779,2.0
19,1779,3.0
20,1779,0.0
21,1779,0.0
22,1779,0.0
23,1779,0.0
24,1779,1.0
25,1779,3.0
26,1779,4.0
27,1779,0.0
28,1779,1.0
29,1779,1.0
30,1779,3.0
31,1779,0.0
32,1779,2.0
33,1779,2.0
34,1779,0.0
35,1779,2.0
36,1779,0.0
37,1779,6.0
38,1779,2.0
39,1779,3.0
40,1779,1.0
41,1779,2.0
42,1779,2.0
43,1779,0.0
44,1779,1.0
45,1779,0.0
46,1779,1.0
47,1779,1.0
48,1779,2.0
49,1779,0.0
50,1779,10.0
51,1779,0.0
52,1779,3.0
53,1779,49.0
54,1779,1.0
55,1779,0.0
56,1779,1.0
57,1779,1.0
58,1779,0.0
59,1779,2.0
60,1779,0.0
61,1779,26.0
62,1779,4.0
63,1779,0.0
64,1779,1.0
65,1779,2.0
66,1779,5.0
67,1779,0.0
68,1779,2.0
69,1779,0.0
70,1779,0.0
71,1779,3.0
72,1779,9.0
73,1779,0.0
74,1779,1.0
75,1779,1.0
76,1779,0.0
77,1779,0.0
78,1779,0.0
79,1779,0.0
80,1779,0.0
81,1779,1.0
82,1779,10.0
83,1779,0.0
84,1779,6.0
85,1779,65.0
86,1779,8.0
87,1779,2.0
88,1779,3.0
89,1779,0.0
90,1779,1.0
91,1779,3.0
92,1779,0.0
93,1779,3.0
94,1779,1.0
95,1779,0.0
96,1779,0.0
97,1779,0.0
98,1779,6.0
99,1779,2.0
100,1779,0.0
101,1779,0.0
102,1779,0.0
103,1779,10.0
104,1779,7.0
105,1779,1.0
106,1779,11.0
107,1779,1.0
108,1779,4.0
109,1779,9.0
110,1779,23.0
111,1779,4.0
112,1779,0.0
113,1779,2.0
114,1779,3.0
115,1779,0.0
116,1779,0.0
117,1779,1.0
118,1779,1.0
119,1779,7.0
120,1779,0.0
121,1779,2.0
122,1779,2.0
123,1779,0.0
124,1779,1.0
125,1779,1.0
126,1779,0.0
127,1779,1.0
128,1779,0.0
129,1779,0.0
130,1779,5.0
131,1779,2.0
132,1779,2.0
133,1779,0.0
134,1779,1.0
135,1779,0.0
136,1779,0.0
137,1779,2.0
138,1779,0.0
139,1779,0.0
140,1779,0.0
141,1779,3.0
142,1779,1.0
143,1779,2.0
144,1779,2.0
145,1779,1.0
146,1779,2.0
147,1779,7.0
148,1779,0.0
149,1779,3.0
150,1779,26.0
151,1779,12.0
152,1779,0.0
153,1779,0.0
154,1779,0.0
155,1779,1.0
156,1779,0.0
157,1779,2.0
158,1779,0.0
159,1779,6.0
160,1779,2.0
161,1779,13.0
162,1779,20.0
163,1779,19.0
164,1779,2.0
165,1779,0.0
166,1779,7.0
167,1779,8.0
168,1779,0.0
169,1779,16.0
170,1779,1.0
171,1779,6.0
172,1779,0.0
173,1779,0.0
174,1779,2.0
175,1779,3.0
176,1779,0.0
177,1779,3.0
178,1779,0.0
179,1779,2.0
180,1779,1.0
181,1779,0.0
182,1779,0.0
183,1779,0.0
184,1779,2.0
185,1779,0.0
186,1779,0.0
187,1779,0.0
188,1779,6.0
189,1779,0.0
190,1779,0.0
191,1779,0.0
192,1779,0.0
193,1779,4.0
194,1779,1.0
195,1779,0.0
196,1779,2.0
197,1779,0.0
198,1779,1.0
199,1779,0.0
0,1780,0.0
1,1780,0.0
2,1780,12.0
3,1780,1.0
4,1780,0.0
5,1780,0.0
6,1780,3.0
7,1780,0.0
8,1780,0.0
9,1780,1.0
10,1780,0.0
11,1780,0.0
12,1780,0.0
13,1780,0.0
14,1780,2.0
15,1780,14.0
16,1780,1.0
17,1780,0.0
18,1780,2.0
19,1780,1.0
20,1780,2.0
21,1780,3.0
22,1780,5.0
23,1780,4.0
24,1780,0.0
25,1780,0.0
26,1780,1.0
27,1780,0.0
28,1780,2.0
29,1780,1.0
30,1780,6.0
31,1780,1.0
32,1780,0.0
33,1780,6.0
34,1780,1.0
35,1780,16.0
36,1780,0.0
37,1780,3.0
38,1780,1.0
39,1780,2.0
40,1780,9.0
41,1780,1.0
42,1780,0.0
43,1780,0.0
44,1780,1.0
45,1780,0.0
46,1780,0.0
47,1780,1.0
48,1780,2.0
49,1780,3.0
50,1780,0.0
51,1780,0.0
52,1780,1.0
53,1780,7.0
54,1780,8.0
55,1780,1.0
56,1780,1.0
57,1780,1.0
58,1780,1.0
59,1780,0.0
60,1780,0.0
61,1780,40.0
62,1780,2.0
63,1780,0.0
64,1780,5.0
65,1780,2.0
66,1780,6.0
67,1780,0.0
68,1780,4.0
69,1780,0.0
70,1780,0.0
71,1780,7.0
72,1780,17.0
73,1780,0.0
74,1780,1.0
75,1780,1.0
76,1780,0.0
77,1780,0.0
78,1780,0.0
79,1780,0.0
80,1780,0.0
81,1780,0.0
82,1780,14.0
83,1780,0.0
84,1780,5.0
85,1780,65.0
86,1780,6.0
87,1780,0.0
88,1780,3.0
89,1780,0.0
90,1780,0.0
91,1780,5.0
92,1780,9.0
93,1780,0.0
94,1780,0.0
95,1780,0.0
96,1780,0.0
97,1780,0.0
98,1780,10.0
99,1780,0.0
100,1780,0.0
101,1780,0.0
102,1780,0.0
103,1780,3.0
104,1780,4.0
105,1780,2.0
106,1780,14.0
107,1780,2.0
108,1780,3.0
109,1780,8.0
110,1780,38.0
111,1780,6.0
112,1780,1.0
113,1780,2.0
114,1780,2.0
115,1780,0.0
116,1780,2.0
117,1780,3.0
118,1780,0.0
119,1780,8.0
120,1780,0.0
121,1780,0.0
122,1780,2.0
123,1780,0.0
124,1780,2.0
125,1780,0.0
126,1780,2.0
127,1780,0.0
128,1780,4.0
129,1780,1.0
130,1780,3.0
131,1780,1.0
132,1780,2.0
133,1780,0.0
134,1780,2.0
135,1780,0.0
136,1780,0.0
137,1780,2.0
138,1780,0.0
139,1780,0.0
140,1780,0.0
141,1780,1.0
142,1780,0.0
143,1780,4.0
144,1780,1.0
145,1780,2.0
146,1780,1.0
147,1780,1.0
148,1780,0.0
149,1780,2.0
150,1780,16.0
151,1780,17.0
152,1780,0.0
153,1780,0.0
154,1780,0.0
155,1780,1.0
156,1780,0.0
157,1780,1.0
158,1780,3.0
159,1780,2.0
160,1780,4.0
161,1780,12.0
162,1780,15.0
163,1780,13.0
164,1780,3.0
165,1780,0.0
166,1780,6.0
167,1780,9.0
168,1780,0.0
169,1780,12.0
170,1780,0.0
171,1780,19.0
172,1780,2.0
173,1780,2.0
174,1780,2.0
175,1780,1.0
176,1780,0.0
177,1780,0.0
178,1780,3.0
179,1780,1.0
180,1780,2.0
181,1780,0.0
182,1780,0.0
183,1780,0.0
184,1780,2.0
185,1780,0.0
186,1780,0.0
187,1780,0.0
188,1780,5.0
189,1780,0.0
190,1780,0.0
191,1780,0.0
192,1780,0.0
193,1780,1.0
194,1780,2.0
195,1780,0.0
196,1780,0.0
197,1780,0.0
198,1780,1.0
199,1780,0.0
0,1781,0.0
1,1781,0.0
2,1781,15.0
3,1781,0.0
4,1781,0.0
5,1781,0.0
6,1781,3.0
7,1781,0.0
8,1781,0.0
9,1781,1.0
10,1781,1.0
11,1781,0.0
12,1781,0.0
13,1781,0.0
14,1781,2.0
15,1781,5.0
16,1781,0.0
17,1781,0.0
18,1781,2.0
19,1781,1.0
20,1781,0.0
21,1781,0.0
22,1781,1.0
23,1781,0.0
24,1781,1.0
25,1781,3.0
26,1781,0.0
27,1781,0.0
28,1781,1.0
29,1781,0.0
30,1781,2.0
31,1781,0.0
32,1781,1.0
33,1781,4.0
34,1781,0.0
35,1781,12.0
36,1781,0.0
37,1781,2.0
38,1781,1.0
39,1781,2.0
40,1781,2.0
41,1781,1.0
42,1781,1.0
43,1781,1.0
44,1781,0.0
45,1781,1.0
46,1781,14.0
47,1781,1.0
48,1781,0.0
49,1781,0.0
50,1781,0.0
51,1781,0.0
52,1781,0.0
53,1781,0.0
54,1781,2.0
55,1781,1.0
56,1781,0.0
57,1781,0.0
58,1781,3.0
59,1781,1.0
60,1781,0.0
61,1781,28.0
62,1781,3.0
63,1781,1.0
64,1781,2.0
65,1781,2.0
66,1781,4.0
67,1781,0.0
68,1781,0.0
69,1781,0.0
70,1781,0.0
71,1781,2.0
72,1781,11.0
73,1781,0.0
74,1781,1.0
75,1781,1.0
76,1781,0.0
77,1781,0.0
78,1781,0.0
79,1781,0.0
80,1781,0.0
81,1781,3.0
82,1781,4.0
83,1781,0.0
84,1781,5.0
85,1781,33.0
86,1781,5.0
87,1781,0.0
88,1781,3.0
89,1781,0.0
90,1781,0.0
91,1781,7.0
92,1781,11.0
93,1781,0.0
94,1781,1.0
95,1781,0.0
96,1781,0.0
97,1781,1.0
98,1781,2.0
99,1781,0.0
100,1781,0.0
101,1781,0.0
102,1781,1.0
103,1781,2.0
104,1781,4.0
105,1781,3.0
106,1781,6.0
107,1781,2.0
108,1781,2.0
109,1781,5.0
110,1781,9.0
111,1781,3.0
112,1781,0.0
113,1781,2.0
114,1781,2.0
115,1781,1.0
116,1781,3.0
117,1781,2.0
118,1781,0.0
119,1781,3.0
120,1781,0.0
121,1781,1.0
122,1781,7.0
123,1781,1.0
124,1781,3.0
125,1781,1.0
126,1781,3.0
127,1781,0.0
128,1781,2.0
129,1781,1.0
130,1781,2.0
131,1781,0.0
132,1781,4.0
133,1781,0.0
134,1781,0.0
135,1781,0.0
136,1781,1.0
137,1781,0.0
138,1781,0.0
139,1781,0.0
140,1781,0.0
141,1781,1.0
142,1781,1.0
143,1781,0.0
144,1781,8.0
145,1781,1.0
146,1781,1.0
147,1781,2.0
148,1781,2.0
149,1781,3.0
150,1781,15.0
151,1781,10.0
152,1781,0.0
153,1781,0.0
154,1781,1.0
155,1781,0.0
156,1781,1.0
157,1781,2.0
158,1781,1.0
159,1781,4.0
160,1781,5.0
161,1781,12.0
162,1781,6.0
163,1781,7.0
164,1781,2.0
165,1781,0.0
166,1781,4.0
167,1781,12.0
168,1781,0.0
169,1781,7.0
170,1781,0.0
171,1781,1.0
172,1781,0.0
173,1781,1.0
174,1781,1.0
175,1781,0.0
176,1781,0.0
177,1781,0.0
178,1781,1.0
179,1781,0.0
180,1781,1.0
181,1781,0.0
182,1781,0.0
183,1781,0.0
184,1781,0.0
185,1781,0.0
186,1781,0.0
187,1781,2.0
188,1781,5.0
189,1781,0.0
190,1781,0.0
191,1781,0.0
192,1781,0.0
193,1781,0.0
194,1781,2.0
195,1781,0.0
196,1781,0.0
197,1781,0.0
198,1781,1.0
199,1781,0.0
0,1782,0.0
1,1782,0.0
2,1782,11.0
3,1782,2.0
4,1782,0.0
5,1782,0.0
6,1782,1.0
7,1782,0.0
8,1782,0.0
9,1782,4.0
10,1782,1.0
11,1782,0.0
12,1782,0.0
13,1782,1.0
14,1782,2.0
15,1782,1.0
16,1782,1.0
17,1782,1.0
18,1782,1.0
19,1782,0.0
20,1782,0.0
21,1782,0.0
22,1782,2.0
23,1782,1.0
24,1782,1.0
25,1782,0.0
26,1782,1.0
27,1782,0.0
28,1782,3.0
29,1782,2.0
30,1782,1.0
31,1782,1.0
32,1782,1.0
33,1782,27.0
34,1782,0.0
35,1782,6.0
36,1782,0.0
37,1782,0.0
38,1782,2.0
39,1782,0.0
40,1782,2.0
41,1782,1.0
42,1782,1.0
43,1782,1.0
44,1782,0.0
45,1782,0.0
46,1782,5.0
47,1782,0.0
48,1782,3.0
49,1782,0.0
50,1782,2.0
51,1782,0.0
52,1782,0.0
53,1782,0.0
54,1782,2.0
55,1782,0.0
56,1782,2.0
57,1782,1.0
58,1782,0.0
59,1782,2.0
60,1782,0.0
61,1782,45.0
62,1782,2.0
63,1782,0.0
64,1782,1.0
65,1782,0.0
66,1782,9.0
67,1782,0.0
68,1782,2.0
69,1782,0.0
70,1782,0.0
71,1782,3.0
72,1782,11.0
73,1782,0.0
74,1782,0.0
75,1782,0.0
76,1782,0.0
77,1782,0.0
78,1782,0.0
79,1782,0.0
80,1782,0.0
81,1782,0.0
82,1782,7.0
83,1782,0.0
84,1782,2.0
85,1782,38.0
86,1782,5.0
87,1782,0.0
88,1782,2.0
89,1782,0.0
90,1782,0.0
91,1782,6.0
92,1782,16.0
93,1782,0.0
94,1782,1.0
95,1782,0.0
96,1782,0.0
97,1782,0.0
98,1782,0.0
99,1782,0.0
100,1782,0.0
101,1782,0.0
102,1782,0.0
103,1782,1.0
104,1782,0.0
105,1782,2.0
106,1782,9.0
107,1782,4.0
108,1782,3.0
109,1782,1.0
110,1782,10.0
111,1782,5.0
112,1782,1.0
113,1782,0.0
114,1782,1.0
115,1782,0.0
116,1782,0.0
117,1782,0.0
118,1782,1.0
119,1782,2.0
120,1782,0.0
121,1782,2.0
122,1782,0.0
123,1782,1.0
124,1782,1.0
125,1782,0.0
126,1782,2.0
127,1782,1.0
128,1782,2.0
129,1782,3.0
130,1782,0.0
131,1782,0.0
132,1782,2.0
133,1782,1.0
134,1782,1.0
135,1782,0.0
136,1782,3.0
137,1782,1.0
138,1782,0.0
139,1782,0.0
140,1782,0.0
141,1782,1.0
142,1782,0.0
143,1782,0.0
144,1782,1.0
145,1782,1.0
146,1782,0.0
147,1782,6.0
148,1782,1.0
149,1782,2.0
150,1782,8.0
151,1782,7.0
152,1782,0.0
153,1782,0.0
154,1782,0.0
155,1782,1.0
156,1782,0.0
157,1782,0.0
158,1782,0.0
159,1782,2.0
160,1782,3.0
161,1782,7.0
162,1782,36.0
163,1782,7.0
164,1782,2.0
165,1782,0.0
166,1782,4.0
167,1782,10.0
168,1782,0.0
169,1782,11.0
170,1782,3.0
171,1782,1.0
172,1782,0.0
173,1782,0.0
174,1782,0.0
175,1782,0.0
176,1782,0.0
177,1782,2.0
178,1782,0.0
179,1782,1.0
180,1782,0.0
181,1782,0.0
182,1782,0.0
183,1782,0.0
184,1782,0.0
185,1782,0.0
186,1782,0.0
187,1782,0.0
188,1782,1.0
189,1782,0.0
190,1782,0.0
191,1782,2.0
192,1782,0.0
193,1782,0.0
194,1782,1.0
195,1782,0.0
196,1782,0.0
197,1782,0.0
198,1782,1.0
199,1782,0.0
0,1783,0.0
1,1783,0.0
2,1783,15.0
3,1783,0.0
4,1783,0.0
5,1783,0.0
6,1783,0.0
7,1783,1.0
8,1783,0.0
9,1783,1.0
10,1783,4.0
11,1783,0.0
12,1783,3.0
13,1783,3.0
14,1783,1.0
15,1783,2.0
16,1783,1.0
17,1783,1.0
18,1783,1.0
19,1783,1.0
20,1783,0.0
21,1783,0.0
22,1783,7.0
23,1783,1.0
24,1783,2.0
25,1783,2.0
26,1783,0.0
27,1783,0.0
28,1783,0.0
29,1783,1.0
30,1783,2.0
31,1783,1.0
32,1783,0.0
33,1783,0.0
34,1783,0.0
35,1783,7.0
36,1783,0.0
37,1783,5.0
38,1783,2.0
39,1783,6.0
40,1783,0.0
41,1783,0.0
42,1783,1.0
43,1783,0.0
44,1783,1.0
45,1783,0.0
46,1783,8.0
47,1783,1.0
48,1783,2.0
49,1783,1.0
50,1783,4.0
51,1783,0.0
52,1783,0.0
53,1783,21.0
54,1783,4.0
55,1783,0.0
56,1783,0.0
57,1783,1.0
58,1783,0.0
59,1783,0.0
60,1783,0.0
61,1783,29.0
62,1783,1.0
63,1783,2.0
64,1783,3.0
65,1783,0.0
66,1783,8.0
67,1783,0.0
68,1783,2.0
69,1783,0.0
70,1783,0.0
71,1783,3.0
72,1783,19.0
73,1783,0.0
74,1783,0.0
75,1783,1.0
76,1783,0.0
77,1783,0.0
78,1783,0.0
79,1783,0.0
80,1783,0.0
81,1783,2.0
82,1783,26.0
83,1783,0.0
84,1783,4.0
85,1783,30.0
86,1783,4.0
87,1783,0.0
88,1783,3.0
89,1783,0.0
90,1783,1.0
91,1783,0.0
92,1783,11.0
93,1783,0.0
94,1783,1.0
95,1783,0.0
96,1783,0.0
97,1783,0.0
98,1783,3.0
99,1783,0.0
100,1783,0.0
101,1783,0.0
102,1783,1.0
103,1783,1.0
104,1783,0.0
105,1783,2.0
106,1783,3.0
107,1783,0.0
108,1783,1.0
109,1783,10.0
110,1783,6.0
111,1783,6.0
112,1783,0.0
113,1783,1.0
114,1783,0.0
115,1783,0.0
116,1783,3.0
117,1783,1.0
118,1783,2.0
119,1783,4.0
120,1783,0.0
121,1783,1.0
122,1783,0.0
123,1783,0.0
124,1783,2.0
125,1783,1.0
126,1783,3.0
127,1783,0.0
128,1783,3.0
129,1783,0.0
130,1783,1.0
131,1783,1.0
132,1783,2.0
133,1783,0.0
134,1783,0.0
135,1783,0.0
136,1783,1.0
137,1783,0.0
138,1783,0.0
139,1783,0.0
140,1783,1.0
141,1783,1.0
142,1783,0.0
143,1783,6.0
144,1783,0.0
145,1783,0.0
146,1783,1.0
147,1783,3.0
148,1783,0.0
149,1783,1.0
150,1783,8.0
151,1783,9.0
152,1783,0.0
153,1783,0.0
154,1783,0.0
155,1783,1.0
156,1783,0.0
157,1783,0.0
158,1783,0.0
159,1783,3.0
160,1783,2.0
161,1783,5.0
162,1783,2.0
163,1783,4.0
164,1783,1.0
165,1783,1.0
166,1783,1.0
167,1783,7.0
168,1783,2.0
169,1783,5.0
170,1783,0.0
171,1783,3.0
172,1783,0.0
173,1783,0.0
174,1783,3.0
175,1783,0.0
176,1783,0.0
177,1783,2.0
178,1783,2.0
179,1783,1.0
180,1783,0.0
181,1783,0.0
182,1783,1.0
183,1783,0.0
184,1783,1.0
185,1783,0.0
186,1783,0.0
187,1783,1.0
188,1783,9.0
189,1783,0.0
190,1783,0.0
191,1783,3.0
192,1783,0.0
193,1783,2.0
194,1783,2.0
195,1783,0.0
196,1783,0.0
197,1783,0.0
198,1783,0.0
199,1783,0.0
0,1784,0.0
1,1784,0.0
2,1784,14.0
3,1784,0.0
4,1784,0.0
5,1784,0.0
6,1784,2.0
7,1784,1.0
8,1784,0.0
9,1784,10.0
10,1784,5.0
11,1784,0.0
12,1784,0.0
13,1784,1.0
14,1784,0.0
15,1784,31.0
16,1784,1.0
17,1784,3.0
18,1784,0.0
19,1784,5.0
20,1784,0.0
21,1784,0.0
22,1784,0.0
23,1784,2.0
24,1784,0.0
25,1784,0.0
26,1784,0.0
27,1784,0.0
28,1784,3.0
29,1784,3.0
30,1784,2.0
31,1784,1.0
32,1784,1.0
33,1784,0.0
34,1784,0.0
35,1784,6.0
36,1784,0.0
37,1784,1.0
38,1784,7.0
39,1784,1.0
40,1784,0.0
41,1784,1.0
42,1784,0.0
43,1784,0.0
44,1784,0.0
45,1784,0.0
46,1784,8.0
47,1784,3.0
48,1784,4.0
49,1784,0.0
50,1784,2.0
51,1784,0.0
52,1784,1.0
53,1784,12.0
54,1784,2.0
55,1784,0.0
56,1784,0.0
57,1784,0.0
58,1784,0.0
59,1784,1.0
60,1784,0.0
61,1784,29.0
62,1784,1.0
63,1784,3.0
64,1784,2.0
65,1784,2.0
66,1784,5.0
67,1784,0.0
68,1784,4.0
69,1784,0.0
70,1784,0.0
71,1784,1.0
72,1784,12.0
73,1784,0.0
74,1784,1.0
75,1784,1.0
76,1784,0.0
77,1784,0.0
78,1784,0.0
79,1784,0.0
80,1784,0.0
81,1784,0.0
82,1784,0.0
83,1784,0.0
84,1784,3.0
85,1784,49.0
86,1784,4.0
87,1784,0.0
88,1784,3.0
89,1784,0.0
90,1784,0.0
91,1784,4.0
92,1784,17.0
93,1784,0.0
94,1784,1.0
95,1784,0.0
96,1784,0.0
97,1784,1.0
98,1784,3.0
99,1784,0.0
100,1784,0.0
101,1784,1.0
102,1784,0.0
103,1784,0.0
104,1784,3.0
105,1784,5.0
106,1784,7.0
107,1784,1.0
108,1784,0.0
109,1784,5.0
110,1784,13.0
111,1784,6.0
112,1784,1.0
113,1784,0.0
114,1784,0.0
115,1784,0.0
116,1784,0.0
117,1784,3.0
118,1784,0.0
119,1784,8.0
120,1784,0.0
121,1784,0.0
122,1784,0.0
123,1784,0.0
124,1784,0.0
125,1784,1.0
126,1784,0.0
127,1784,0.0
128,1784,1.0
129,1784,0.0
130,1784,2.0
131,1784,1.0
132,1784,0.0
133,1784,0.0
134,1784,3.0
135,1784,0.0
136,1784,0.0
137,1784,0.0
138,1784,0.0
139,1784,0.0
140,1784,0.0
141,1784,1.0
142,1784,0.0
143,1784,1.0
144,1784,0.0
145,1784,0.0
146,1784,2.0
147,1784,7.0
148,1784,0.0
149,1784,0.0
150,1784,7.0
151,1784,14.0
152,1784,0.0
153,1784,0.0
154,1784,3.0
155,1784,1.0
156,1784,0.0
157,1784,0.0
158,1784,0.0
159,1784,6.0
160,1784,4.0
161,1784,6.0
162,1784,9.0
163,1784,5.0
164,1784,4.0
165,1784,1.0
166,1784,1.0
167,1784,12.0
168,1784,2.0
169,1784,11.0
170,1784,0.0
171,1784,8.0
172,1784,0.0
173,1784,1.0
174,1784,1.0
175,1784,1.0
176,1784,0.0
177,1784,0.0
178,1784,0.0
179,1784,1.0
180,1784,0.0
181,1784,0.0
182,1784,2.0
183,1784,2.0
184,1784,0.0
185,1784,1.0
186,1784,0.0
187,1784,0.0
188,1784,4.0
189,1784,0.0
190,1784,0.0
191,1784,0.0
192,1784,0.0
193,1784,0.0
194,1784,2.0
195,1784,0.0
196,1784,0.0
197,1784,0.0
198,1784,0.0
199,1784,0.0
0,1785,0.0
1,1785,0.0
2,1785,8.0
3,1785,0.0
4,1785,0.0
5,1785,0.0
6,1785,0.0
7,1785,0.0
8,1785,0.0
9,1785,2.0
10,1785,2.0
11,1785,0.0
12,1785,0.0
13,1785,1.0
14,1785,4.0
15,1785,3.0
16,1785,0.0
17,1785,0.0
18,1785,1.0
19,1785,0.0
20,1785,0.0
21,1785,0.0
22,1785,0.0
23,1785,0.0
24,1785,0.0
25,1785,0.0
26,1785,0.0
27,1785,0.0
28,1785,0.0
29,1785,0.0
30,1785,1.0
31,1785,0.0
32,1785,3.0
33,1785,6.0
34,1785,0.0
35,1785,14.0
36,1785,0.0
37,1785,1.0
38,1785,14.0
39,1785,1.0
40,1785,1.0
41,1785,0.0
42,1785,0.0
43,1785,0.0
44,1785,2.0
45,1785,0.0
46,1785,4.0
47,1785,0.0
48,1785,5.0
49,1785,1.0
50,1785,1.0
51,1785,0.0
52,1785,1.0
53,1785,33.0
54,1785,0.0
55,1785,1.0
56,1785,1.0
57,1785,1.0
58,1785,0.0
59,1785,2.0
60,1785,0.0
61,1785,22.0
62,1785,1.0
63,1785,0.0
64,1785,3.0
65,1785,0.0
66,1785,1.0
67,1785,0.0
68,1785,0.0
69,1785,0.0
70,1785,0.0
71,1785,5.0
72,1785,9.0
73,1785,0.0
74,1785,3.0
75,1785,0.0
76,1785,0.0
77,1785,0.0
78,1785,0.0
79,1785,0.0
80,1785,0.0
81,1785,1.0
82,1785,7.0
83,1785,0.0
84,1785,2.0
85,1785,35.0
86,1785,4.0
87,1785,0.0
88,1785,2.0
89,1785,0.0
90,1785,0.0
91,1785,1.0
92,1785,10.0
93,1785,0.0
94,1785,2.0
95,1785,0.0
96,1785,0.0
97,1785,1.0
98,1785,5.0
99,1785,0.0
100,1785,0.0
101,1785,3.0
102,1785,1.0
103,1785,1.0
104,1785,3.0
105,1785,2.0
106,1785,12.0
107,1785,4.0
108,1785,0.0
109,1785,3.0
110,1785,6.0
111,1785,1.0
112,1785,0.0
113,1785,2.0
114,1785,1.0
115,1785,0.0
116,1785,0.0
117,1785,1.0
118,1785,1.0
119,1785,2.0
120,1785,0.0
121,1785,1.0
122,1785,0.0
123,1785,0.0
124,1785,0.0
125,1785,0.0
126,1785,0.0
127,1785,1.0
128,1785,3.0
129,1785,0.0
130,1785,0.0
131,1785,1.0
132,1785,0.0
133,1785,0.0
134,1785,1.0
135,1785,0.0
136,1785,0.0
137,1785,1.0
138,1785,0.0
139,1785,0.0
140,1785,0.0
141,1785,0.0
142,1785,0.0
143,1785,0.0
144,1785,3.0
145,1785,3.0
146,1785,1.0
147,1785,2.0
148,1785,0.0
149,1785,0.0
150,1785,12.0
151,1785,10.0
152,1785,0.0
153,1785,0.0
154,1785,5.0
155,1785,1.0
156,1785,0.0
157,1785,4.0
158,1785,0.0
159,1785,1.0
160,1785,6.0
161,1785,9.0
162,1785,8.0
163,1785,6.0
164,1785,1.0
165,1785,1.0
166,1785,3.0
167,1785,13.0
168,1785,8.0
169,1785,13.0
170,1785,0.0
171,1785,7.0
172,1785,0.0
173,1785,0.0
174,1785,1.0
175,1785,0.0
176,1785,0.0
177,1785,3.0
178,1785,1.0
179,1785,0.0
180,1785,0.0
181,1785,0.0
182,1785,2.0
183,1785,1.0
184,1785,1.0
185,1785,0.0
186,1785,0.0
187,1785,1.0
188,1785,6.0
189,1785,0.0
190,1785,0.0
191,1785,2.0
192,1785,0.0
193,1785,0.0
194,1785,1.0
195,1785,0.0
196,1785,0.0
197,1785,0.0
198,1785,0.0
199,1785,0.0
0,1786,0.0
1,1786,0.0
2,1786,4.0
3,1786,0.0
4,1786,0.0
5,1786,0.0
6,1786,0.0
7,1786,0.0
8,1786,0.0
9,1786,5.0
10,1786,9.0
11,1786,0.0
12,1786,4.0
13,1786,0.0
14,1786,6.0
15,1786,9.0
16,1786,0.0
17,1786,1.0
18,1786,1.0
19,1786,1.0
20,1786,0.0
21,1786,0.0
22,1786,0.0
23,1786,0.0
24,1786,2.0
25,1786,0.0
26,1786,0.0
27,1786,0.0
28,1786,3.0
29,1786,0.0
30,1786,0.0
31,1786,1.0
32,1786,0.0
33,1786,18.0
34,1786,0.0
35,1786,12.0
36,1786,1.0
37,1786,1.0
38,1786,6.0
39,1786,3.0
40,1786,3.0
41,1786,0.0
42,1786,8.0
43,1786,0.0
44,1786,0.0
45,1786,0.0
46,1786,5.0
47,1786,0.0
48,1786,2.0
49,1786,1.0
50,1786,6.0
51,1786,0.0
52,1786,3.0
53,1786,33.0
54,1786,0.0
55,1786,0.0
56,1786,0.0
57,1786,0.0
58,1786,0.0
59,1786,0.0
60,1786,0.0
61,1786,25.0
62,1786,5.0
63,1786,1.0
64,1786,1.0
65,1786,0.0
66,1786,3.0
67,1786,0.0
68,1786,2.0
69,1786,0.0
70,1786,0.0
71,1786,7.0
72,1786,9.0
73,1786,0.0
74,1786,1.0
75,1786,2.0
76,1786,0.0
77,1786,0.0
78,1786,0.0
79,1786,0.0
80,1786,0.0
81,1786,0.0
82,1786,10.0
83,1786,0.0
84,1786,3.0
85,1786,61.0
86,1786,2.0
87,1786,0.0
88,1786,2.0
89,1786,0.0
90,1786,0.0
91,1786,1.0
92,1786,13.0
93,1786,0.0
94,1786,4.0
95,1786,0.0
96,1786,0.0
97,1786,0.0
98,1786,5.0
99,1786,0.0
100,1786,0.0
101,1786,0.0
102,1786,1.0
103,1786,1.0
104,1786,5.0
105,1786,7.0
106,1786,9.0
107,1786,5.0
108,1786,0.0
109,1786,7.0
110,1786,9.0
111,1786,5.0
112,1786,2.0
113,1786,5.0
114,1786,1.0
115,1786,1.0
116,1786,3.0
117,1786,2.0
118,1786,0.0
119,1786,2.0
120,1786,0.0
121,1786,2.0
122,1786,1.0
123,1786,2.0
124,1786,3.0
125,1786,1.0
126,1786,3.0
127,1786,0.0
128,1786,0.0
129,1786,0.0
130,1786,1.0
131,1786,2.0
132,1786,1.0
133,1786,0.0
134,1786,0.0
135,1786,0.0
136,1786,0.0
137,1786,0.0
138,1786,0.0
139,1786,0.0
140,1786,1.0
141,1786,1.0
142,1786,1.0
143,1786,2.0
144,1786,1.0
145,1786,3.0
146,1786,2.0
147,1786,2.0
148,1786,0.0
149,1786,5.0
150,1786,22.0
151,1786,5.0
152,1786,0.0
153,1786,1.0
154,1786,0.0
155,1786,0.0
156,1786,0.0
157,1786,2.0
158,1786,2.0
159,1786,3.0
160,1786,3.0
161,1786,11.0
162,1786,13.0
163,1786,4.0
164,1786,2.0
165,1786,1.0
166,1786,9.0
167,1786,12.0
168,1786,0.0
169,1786,13.0
170,1786,0.0
171,1786,6.0
172,1786,0.0
173,1786,1.0
174,1786,3.0
175,1786,0.0
176,1786,0.0
177,1786,0.0
178,1786,4.0
179,1786,0.0
180,1786,2.0
181,1786,0.0
182,1786,5.0
183,1786,0.0
184,1786,1.0
185,1786,0.0
186,1786,0.0
187,1786,1.0
188,1786,5.0
189,1786,1.0
190,1786,0.0
191,1786,1.0
192,1786,0.0
193,1786,3.0
194,1786,1.0
195,1786,0.0
196,1786,3.0
197,1786,0.0
198,1786,1.0
199,1786,0.0
0,1787,0.0
1,1787,0.0
2,1787,5.0
3,1787,2.0
4,1787,0.0
5,1787,0.0
6,1787,0.0
7,1787,0.0
8,1787,0.0
9,1787,1.0
10,1787,5.0
11,1787,0.0
12,1787,2.0
13,1787,2.0
14,1787,2.0
15,1787,2.0
16,1787,1.0
17,1787,1.0
18,1787,0.0
19,1787,2.0
20,1787,4.0
21,1787,0.0
22,1787,4.0
23,1787,0.0
24,1787,2.0
25,1787,0.0
26,1787,0.0
27,1787,0.0
28,1787,2.0
29,1787,0.0
30,1787,6.0
31,1787,2.0
32,1787,0.0
33,1787,1.0
34,1787,0.0
35,1787,4.0
36,1787,1.0
37,1787,2.0
38,1787,3.0
39,1787,2.0
40,1787,1.0
41,1787,0.0
42,1787,1.0
43,1787,0.0
44,1787,0.0
45,1787,1.0
46,1787,16.0
47,1787,0.0
48,1787,3.0
49,1787,1.0
50,1787,1.0
51,1787,0.0
52,1787,1.0
53,1787,9.0
54,1787,2.0
55,1787,2.0
56,1787,0.0
57,1787,0.0
58,1787,0.0
59,1787,0.0
60,1787,0.0
61,1787,29.0
62,1787,2.0
63,1787,1.0
64,1787,2.0
65,1787,0.0
66,1787,6.0
67,1787,0.0
68,1787,1.0
69,1787,0.0
70,1787,0.0
71,1787,0.0
72,1787,14.0
73,1787,0.0
74,1787,1.0
75,1787,1.0
76,1787,0.0
77,1787,0.0
78,1787,0.0
79,1787,0.0
80,1787,0.0
81,1787,0.0
82,1787,10.0
83,1787,0.0
84,1787,5.0
85,1787,54.0
86,1787,3.0
87,1787,2.0
88,1787,4.0
89,1787,0.0
90,1787,2.0
91,1787,6.0
92,1787,11.0
93,1787,0.0
94,1787,4.0
95,1787,0.0
96,1787,0.0
97,1787,0.0
98,1787,3.0
99,1787,0.0
100,1787,0.0
101,1787,0.0
102,1787,2.0
103,1787,3.0
104,1787,4.0
105,1787,1.0
106,1787,6.0
107,1787,5.0
108,1787,6.0
109,1787,13.0
110,1787,13.0
111,1787,6.0
112,1787,1.0
113,1787,2.0
114,1787,2.0
115,1787,0.0
116,1787,1.0
117,1787,4.0
118,1787,0.0
119,1787,2.0
120,1787,0.0
121,1787,0.0
122,1787,2.0
123,1787,1.0
124,1787,0.0
125,1787,1.0
126,1787,3.0
127,1787,1.0
128,1787,4.0
129,1787,4.0
130,1787,1.0
131,1787,0.0
132,1787,2.0
133,1787,1.0
134,1787,0.0
135,1787,0.0
136,1787,1.0
137,1787,0.0
138,1787,0.0
139,1787,0.0
140,1787,0.0
141,1787,1.0
142,1787,0.0
143,1787,1.0
144,1787,4.0
145,1787,2.0
146,1787,1.0
147,1787,4.0
148,1787,0.0
149,1787,5.0
150,1787,11.0
151,1787,20.0
152,1787,0.0
153,1787,0.0
154,1787,1.0
155,1787,0.0
156,1787,1.0
157,1787,7.0
158,1787,1.0
159,1787,3.0
160,1787,6.0
161,1787,16.0
162,1787,9.0
163,1787,16.0
164,1787,3.0
165,1787,4.0
166,1787,3.0
167,1787,14.0
168,1787,0.0
169,1787,12.0
170,1787,0.0
171,1787,5.0
172,1787,0.0
173,1787,1.0
174,1787,2.0
175,1787,4.0
176,1787,0.0
177,1787,5.0
178,1787,0.0
179,1787,0.0
180,1787,0.0
181,1787,0.0
182,1787,1.0
183,1787,0.0
184,1787,0.0
185,1787,0.0
186,1787,0.0
187,1787,0.0
188,1787,4.0
189,1787,0.0
190,1787,0.0
191,1787,2.0
192,1787,0.0
193,1787,2.0
194,1787,4.0
195,1787,0.0
196,1787,0.0
197,1787,0.0
198,1787,6.0
199,1787,0.0
0,1788,0.0
1,1788,0.0
2,1788,6.0
3,1788,0.0
4,1788,0.0
5,1788,0.0
6,1788,0.0
7,1788,0.0
8,1788,0.0
9,1788,4.0
10,1788,5.0
11,1788,0.0
12,1788,1.0
13,1788,1.0
14,1788,3.0
15,1788,11.0
16,1788,0.0
17,1788,0.0
18,1788,3.0
19,1788,1.0
20,1788,2.0
21,1788,0.0
22,1788,12.0
23,1788,1.0
24,1788,0.0
25,1788,0.0
26,1788,0.0
27,1788,0.0
28,1788,1.0
29,1788,0.0
30,1788,4.0
31,1788,0.0
32,1788,1.0
33,1788,0.0
34,1788,0.0
35,1788,5.0
36,1788,0.0
37,1788,1.0
38,1788,9.0
39,1788,4.0
40,1788,0.0
41,1788,1.0
42,1788,2.0
43,1788,0.0
44,1788,2.0
45,1788,2.0
46,1788,23.0
47,1788,0.0
48,1788,4.0
49,1788,0.0
50,1788,11.0
51,1788,0.0
52,1788,4.0
53,1788,32.0
54,1788,4.0
55,1788,0.0
56,1788,0.0
57,1788,1.0
58,1788,0.0
59,1788,0.0
60,1788,0.0
61,1788,34.0
62,1788,1.0
63,1788,0.0
64,1788,0.0
65,1788,0.0
66,1788,4.0
67,1788,0.0
68,1788,3.0
69,1788,0.0
70,1788,0.0
71,1788,5.0
72,1788,11.0
73,1788,0.0
74,1788,3.0
75,1788,1.0
76,1788,0.0
77,1788,0.0
78,1788,0.0
79,1788,0.0
80,1788,0.0
81,1788,0.0
82,1788,4.0
83,1788,0.0
84,1788,7.0
85,1788,42.0
86,1788,5.0
87,1788,0.0
88,1788,0.0
89,1788,2.0
90,1788,0.0
91,1788,1.0
92,1788,15.0
93,1788,0.0
94,1788,0.0
95,1788,0.0
96,1788,0.0
97,1788,2.0
98,1788,5.0
99,1788,0.0
100,1788,0.0
101,1788,2.0
102,1788,1.0
103,1788,0.0
104,1788,0.0
105,1788,6.0
106,1788,4.0
107,1788,1.0
108,1788,2.0
109,1788,8.0
110,1788,12.0
111,1788,5.0
112,1788,1.0
113,1788,2.0
114,1788,2.0
115,1788,0.0
116,1788,3.0
117,1788,0.0
118,1788,2.0
119,1788,4.0
120,1788,1.0
121,1788,1.0
122,1788,1.0
123,1788,1.0
124,1788,3.0
125,1788,1.0
126,1788,3.0
127,1788,0.0
128,1788,2.0
129,1788,5.0
130,1788,0.0
131,1788,0.0
132,1788,3.0
133,1788,0.0
134,1788,0.0
135,1788,0.0
136,1788,0.0
137,1788,1.0
138,1788,0.0
139,1788,0.0
140,1788,2.0
141,1788,1.0
142,1788,0.0
143,1788,2.0
144,1788,2.0
145,1788,2.0
146,1788,0.0
147,1788,4.0
148,1788,0.0
149,1788,0.0
150,1788,9.0
151,1788,5.0
152,1788,6.0
153,1788,3.0
154,1788,0.0
155,1788,1.0
156,1788,1.0
157,1788,4.0
158,1788,3.0
159,1788,4.0
160,1788,4.0
161,1788,10.0
162,1788,14.0
163,1788,9.0
164,1788,0.0
165,1788,3.0
166,1788,3.0
167,1788,13.0
168,1788,1.0
169,1788,11.0
170,1788,0.0
171,1788,0.0
172,1788,2.0
173,1788,0.0
174,1788,0.0
175,1788,0.0
176,1788,0.0
177,1788,1.0
178,1788,0.0
179,1788,2.0
180,1788,1.0
181,1788,0.0
182,1788,0.0
183,1788,1.0
184,1788,0.0
185,1788,0.0
186,1788,0.0
187,1788,0.0
188,1788,5.0
189,1788,0.0
190,1788,0.0
191,1788,1.0
192,1788,0.0
193,1788,1.0
194,1788,0.0
195,1788,0.0
196,1788,1.0
197,1788,0.0
198,1788,1.0
199,1788,0.0
0,1789,0.0
1,1789,0.0
2,1789,4.0
3,1789,0.0
4,1789,0.0
5,1789,0.0
6,1789,1.0
7,1789,3.0
8,1789,0.0
9,1789,2.0
10,1789,4.0
11,1789,0.0
12,1789,3.0
13,1789,3.0
14,1789,1.0
15,1789,10.0
16,1789,0.0
17,1789,2.0
18,1789,3.0
19,1789,0.0
20,1789,1.0
21,1789,2.0
22,1789,0.0
23,1789,0.0
24,1789,1.0
25,1789,3.0
26,1789,0.0
27,1789,0.0
28,1789,1.0
29,1789,0.0
30,1789,0.0
31,1789,0.0
32,1789,1.0
33,1789,4.0
34,1789,4.0
35,1789,4.0
36,1789,0.0
37,1789,0.0
38,1789,7.0
39,1789,0.0
40,1789,0.0
41,1789,1.0
42,1789,1.0
43,1789,0.0
44,1789,1.0
45,1789,1.0
46,1789,28.0
47,1789,0.0
48,1789,2.0
49,1789,1.0
50,1789,9.0
51,1789,0.0
52,1789,2.0
53,1789,3.0
54,1789,4.0
55,1789,0.0
56,1789,0.0
57,1789,0.0
58,1789,0.0
59,1789,5.0
60,1789,0.0
61,1789,18.0
62,1789,0.0
63,1789,0.0
64,1789,2.0
65,1789,0.0
66,1789,7.0
67,1789,0.0
68,1789,0.0
69,1789,0.0
70,1789,0.0
71,1789,0.0
72,1789,12.0
73,1789,0.0
74,1789,1.0
75,1789,0.0
76,1789,0.0
77,1789,0.0
78,1789,0.0
79,1789,0.0
80,1789,0.0
81,1789,2.0
82,1789,4.0
83,1789,0.0
84,1789,6.0
85,1789,36.0
86,1789,5.0
87,1789,0.0
88,1789,2.0
89,1789,0.0
90,1789,0.0
91,1789,2.0
92,1789,12.0
93,1789,1.0
94,1789,0.0
95,1789,0.0
96,1789,0.0
97,1789,0.0
98,1789,1.0
99,1789,0.0
100,1789,0.0
101,1789,0.0
102,1789,1.0
103,1789,0.0
104,1789,0.0
105,1789,0.0
106,1789,8.0
107,1789,1.0
108,1789,1.0
109,1789,3.0
110,1789,7.0
111,1789,4.0
112,1789,1.0
113,1789,1.0
114,1789,0.0
115,1789,0.0
116,1789,0.0
117,1789,1.0
118,1789,0.0
119,1789,3.0
120,1789,0.0
121,1789,3.0
122,1789,2.0
123,1789,1.0
124,1789,1.0
125,1789,2.0
126,1789,2.0
127,1789,0.0
128,1789,3.0
129,1789,1.0
130,1789,0.0
131,1789,0.0
132,1789,0.0
133,1789,0.0
134,1789,2.0
135,1789,0.0
136,1789,0.0
137,1789,0.0
138,1789,0.0
139,1789,0.0
140,1789,0.0
141,1789,3.0
142,1789,0.0
143,1789,0.0
144,1789,1.0
145,1789,1.0
146,1789,0.0
147,1789,2.0
148,1789,0.0
149,1789,4.0
150,1789,10.0
151,1789,12.0
152,1789,4.0
153,1789,0.0
154,1789,1.0
155,1789,0.0
156,1789,0.0
157,1789,0.0
158,1789,1.0
159,1789,2.0
160,1789,3.0
161,1789,10.0
162,1789,16.0
163,1789,7.0
164,1789,1.0
165,1789,3.0
166,1789,2.0
167,1789,17.0
168,1789,0.0
169,1789,17.0
170,1789,0.0
171,1789,3.0
172,1789,3.0
173,1789,1.0
174,1789,2.0
175,1789,1.0
176,1789,0.0
177,1789,1.0
178,1789,0.0
179,1789,0.0
180,1789,0.0
181,1789,0.0
182,1789,0.0
183,1789,0.0
184,1789,0.0
185,1789,0.0
186,1789,0.0
187,1789,1.0
188,1789,6.0
189,1789,1.0
190,1789,0.0
191,1789,0.0
192,1789,0.0
193,1789,2.0
194,1789,0.0
195,1789,0.0
196,1789,0.0
197,1789,0.0
198,1789,1.0
199,1789,0.0
0,1790,0.0
1,1790,0.0
2,1790,8.0
3,1790,0.0
4,1790,0.0
5,1790,0.0
6,1790,0.0
7,1790,0.0
8,1790,0.0
9,1790,4.0
10,1790,16.0
11,1790,0.0
12,1790,1.0
13,1790,4.0
14,1790,5.0
15,1790,12.0
16,1790,3.0
17,1790,0.0
18,1790,1.0
19,1790,2.0
20,1790,0.0
21,1790,0.0
22,1790,2.0
23,1790,0.0
24,1790,1.0
25,1790,0.0
26,1790,0.0
27,1790,0.0
28,1790,0.0
29,1790,1.0
30,1790,1.0
31,1790,1.0
32,1790,0.0
33,1790,0.0
34,1790,0.0
35,1790,5.0
36,1790,0.0
37,1790,4.0
38,1790,21.0
39,1790,0.0
40,1790,0.0
41,1790,2.0
42,1790,0.0
43,1790,0.0
44,1790,0.0
45,1790,1.0
46,1790,28.0
47,1790,1.0
48,1790,1.0
49,1790,0.0
50,1790,7.0
51,1790,0.0
52,1790,1.0
53,1790,25.0
54,1790,4.0
55,1790,0.0
56,1790,0.0
57,1790,0.0
58,1790,0.0
59,1790,1.0
60,1790,0.0
61,1790,38.0
62,1790,3.0
63,1790,1.0
64,1790,1.0
65,1790,0.0
66,1790,3.0
67,1790,0.0
68,1790,0.0
69,1790,0.0
70,1790,0.0
71,1790,0.0
72,1790,4.0
73,1790,0.0
74,1790,3.0
75,1790,0.0
76,1790,0.0
77,1790,0.0
78,1790,0.0
79,1790,0.0
80,1790,0.0
81,1790,2.0
82,1790,6.0
83,1790,0.0
84,1790,4.0
85,1790,51.0
86,1790,2.0
87,1790,0.0
88,1790,0.0
89,1790,1.0
90,1790,0.0
91,1790,1.0
92,1790,15.0
93,1790,0.0
94,1790,2.0
95,1790,0.0
96,1790,0.0
97,1790,0.0
98,1790,2.0
99,1790,1.0
100,1790,0.0
101,1790,0.0
102,1790,1.0
103,1790,4.0
104,1790,2.0
105,1790,3.0
106,1790,3.0
107,1790,2.0
108,1790,0.0
109,1790,0.0
110,1790,8.0
111,1790,2.0
112,1790,0.0
113,1790,2.0
114,1790,0.0
115,1790,0.0
116,1790,2.0
117,1790,2.0
118,1790,0.0
119,1790,5.0
120,1790,0.0
121,1790,1.0
122,1790,0.0
123,1790,0.0
124,1790,1.0
125,1790,1.0
126,1790,2.0
127,1790,1.0
128,1790,6.0
129,1790,0.0
130,1790,3.0
131,1790,1.0
132,1790,3.0
133,1790,0.0
134,1790,0.0
135,1790,0.0
136,1790,2.0
137,1790,1.0
138,1790,0.0
139,1790,0.0
140,1790,0.0
141,1790,0.0
142,1790,0.0
143,1790,4.0
144,1790,2.0
145,1790,2.0
146,1790,1.0
147,1790,0.0
148,1790,0.0
149,1790,2.0
150,1790,12.0
151,1790,4.0
152,1790,2.0
153,1790,0.0
154,1790,0.0
155,1790,1.0
156,1790,0.0
157,1790,2.0
158,1790,1.0
159,1790,4.0
160,1790,2.0
161,1790,12.0
162,1790,9.0
163,1790,9.0
164,1790,5.0
165,1790,2.0
166,1790,3.0
167,1790,11.0
168,1790,0.0
169,1790,13.0
170,1790,0.0
171,1790,5.0
172,1790,0.0
173,1790,2.0
174,1790,2.0
175,1790,0.0
176,1790,0.0
177,1790,1.0
178,1790,0.0
179,1790,1.0
180,1790,0.0
181,1790,0.0
182,1790,0.0
183,1790,0.0
184,1790,0.0
185,1790,1.0
186,1790,0.0
187,1790,1.0
188,1790,8.0
189,1790,0.0
190,1790,0.0
191,1790,1.0
192,1790,0.0
193,1790,1.0
194,1790,1.0
195,1790,0.0
196,1790,0.0
197,1790,0.0
198,1790,1.0
199,1790,0.0
0,1791,0.0
1,1791,0.0
2,1791,4.0
3,1791,0.0
4,1791,0.0
5,1791,0.0
6,1791,0.0
7,1791,0.0
8,1791,0.0
9,1791,13.0
10,1791,19.0
11,1791,2.0
12,1791,2.0
13,1791,1.0
14,1791,4.0
15,1791,3.0
16,1791,0.0
17,1791,0.0
18,1791,4.0
19,1791,0.0
20,1791,0.0
21,1791,1.0
22,1791,0.0
23,1791,0.0
24,1791,0.0
25,1791,0.0
26,1791,0.0
27,1791,0.0
28,1791,2.0
29,1791,4.0
30,1791,6.0
31,1791,0.0
32,1791,1.0
33,1791,0.0
34,1791,0.0
35,1791,2.0
36,1791,1.0
37,1791,0.0
38,1791,15.0
39,1791,2.0
40,1791,0.0
41,1791,0.0
42,1791,0.0
43,1791,0.0
44,1791,0.0
45,1791,2.0
46,1791,14.0
47,1791,0.0
48,1791,0.0
49,1791,0.0
50,1791,7.0
51,1791,0.0
52,1791,1.0
53,1791,41.0
54,1791,2.0
55,1791,0.0
56,1791,0.0
57,1791,1.0
58,1791,0.0
59,1791,1.0
60,1791,0.0
61,1791,102.0
62,1791,9.0
63,1791,0.0
64,1791,4.0
65,1791,0.0
66,1791,4.0
67,1791,0.0
68,1791,0.0
69,1791,0.0
70,1791,0.0
71,1791,1.0
72,1791,6.0
73,1791,0.0
74,1791,1.0
75,1791,0.0
76,1791,0.0
77,1791,0.0
78,1791,0.0
79,1791,0.0
80,1791,0.0
81,1791,0.0
82,1791,2.0
83,1791,0.0
84,1791,5.0
85,1791,56.0
86,1791,5.0
87,1791,0.0
88,1791,1.0
89,1791,0.0
90,1791,0.0
91,1791,7.0
92,1791,5.0
93,1791,0.0
94,1791,3.0
95,1791,0.0
96,1791,0.0
97,1791,0.0
98,1791,5.0
99,1791,0.0
100,1791,0.0
101,1791,0.0
102,1791,2.0
103,1791,1.0
104,1791,0.0
105,1791,1.0
106,1791,7.0
107,1791,1.0
108,1791,1.0
109,1791,4.0
110,1791,10.0
111,1791,2.0
112,1791,1.0
113,1791,3.0
114,1791,0.0
115,1791,0.0
116,1791,1.0
117,1791,0.0
118,1791,0.0
119,1791,4.0
120,1791,0.0
121,1791,0.0
122,1791,0.0
123,1791,0.0
124,1791,2.0
125,1791,1.0
126,1791,2.0
127,1791,0.0
128,1791,1.0
129,1791,1.0
130,1791,0.0
131,1791,0.0
132,1791,3.0
133,1791,0.0
134,1791,0.0
135,1791,0.0
136,1791,1.0
137,1791,1.0
138,1791,0.0
139,1791,0.0
140,1791,1.0
141,1791,0.0
142,1791,0.0
143,1791,0.0
144,1791,3.0
145,1791,0.0
146,1791,0.0
147,1791,4.0
148,1791,0.0
149,1791,2.0
150,1791,8.0
151,1791,20.0
152,1791,0.0
153,1791,0.0
154,1791,0.0
155,1791,1.0
156,1791,0.0
157,1791,0.0
158,1791,1.0
159,1791,3.0
160,1791,5.0
161,1791,12.0
162,1791,11.0
163,1791,12.0
164,1791,0.0
165,1791,3.0
166,1791,2.0
167,1791,9.0
168,1791,0.0
169,1791,14.0
170,1791,1.0
171,1791,2.0
172,1791,0.0
173,1791,1.0
174,1791,1.0
175,1791,0.0
176,1791,0.0
177,1791,0.0
178,1791,0.0
179,1791,0.0
180,1791,1.0
181,1791,0.0
182,1791,0.0
183,1791,0.0
184,1791,1.0
185,1791,0.0
186,1791,0.0
187,1791,0.0
188,1791,4.0
189,1791,0.0
190,1791,0.0
191,1791,0.0
192,1791,0.0
193,1791,2.0
194,1791,3.0
195,1791,0.0
196,1791,0.0
197,1791,0.0
198,1791,0.0
199,1791,0.0
0,1792,0.0
1,1792,0.0
2,1792,0.0
3,1792,0.0
4,1792,0.0
5,1792,0.0
6,1792,0.0
7,1792,0.0
8,1792,0.0
9,1792,0.0
10,1792,0.0
11,1792,0.0
12,1792,0.0
13,1792,0.0
14,1792,0.0
15,1792,0.0
16,1792,0.0
17,1792,0.0
18,1792,0.0
19,1792,0.0
20,1792,0.0
21,1792,0.0
22,1792,0.0
23,1792,0.0
24,1792,0.0
25,1792,0.0
26,1792,0.0
27,1792,0.0
28,1792,0.0
29,1792,0.0
30,1792,0.0
31,1792,0.0
32,1792,0.0
33,1792,0.0
34,1792,0.0
35,1792,0.0
36,1792,0.0
37,1792,0.0
38,1792,0.0
39,1792,0.0
40,1792,0.0
41,1792,0.0
42,1792,0.0
43,1792,0.0
44,1792,0.0
45,1792,0.0
46,1792,0.0
47,1792,0.0
48,1792,0.0
49,1792,0.0
50,1792,0.0
51,1792,0.0
52,1792,0.0
53,1792,0.0
54,1792,0.0
55,1792,0.0
56,1792,0.0
57,1792,0.0
58,1792,0.0
59,1792,0.0
60,1792,0.0
61,1792,0.0
62,1792,0.0
63,1792,0.0
64,1792,0.0
65,1792,0.0
66,1792,0.0
67,1792,0.0
68,1792,0.0
69,1792,0.0
70,1792,0.0
71,1792,0.0
72,1792,0.0
73,1792,0.0
74,1792,0.0
75,1792,0.0
76,1792,0.0
77,1792,0.0
78,1792,0.0
79,1792,0.0
80,1792,0.0
81,1792,0.0
82,1792,0.0
83,1792,0.0
84,1792,0.0
85,1792,0.0
86,1792,0.0
87,1792,0.0
88,1792,0.0
89,1792,0.0
90,1792,0.0
91,1792,0.0
92,1792,0.0
93,1792,0.0
94,1792,0.0
95,1792,0.0
96,1792,0.0
97,1792,0.0
98,1792,0.0
99,1792,0.0
100,1792,0.0
101,1792,0.0
102,1792,0.0
103,1792,0.0
104,1792,0.0
105,1792,0.0
106,1792,0.0
107,1792,0.0
108,1792,0.0
109,1792,0.0
110,1792,0.0
111,1792,0.0
112,1792,0.0
113,1792,0.0
114,1792,0.0
115,1792,0.0
116,1792,0.0
117,1792,0.0
118,1792,0.0
119,1792,0.0
120,1792,0.0
121,1792,0.0
122,1792,0.0
123,1792,0.0
124,1792,0.0
125,1792,0.0
126,1792,0.0
127,1792,0.0
128,1792,0.0
129,1792,0.0
130,1792,0.0
131,1792,0.0
132,1792,0.0
133,1792,0.0
134,1792,0.0
135,1792,0.0
136,1792,0.0
137,1792,0.0
138,1792,0.0
139,1792,0.0
140,1792,0.0
141,1792,0.0
142,1792,0.0
143,1792,0.0
144,1792,0.0
145,1792,0.0
146,1792,0.0
147,1792,0.0
148,1792,0.0
149,1792,0.0
150,1792,0.0
151,1792,0.0
152,1792,0.0
153,1792,0.0
154,1792,0.0
155,1792,0.0
156,1792,0.0
157,1792,0.0
158,1792,0.0
159,1792,0.0
160,1792,0.0
161,1792,0.0
162,1792,0.0
163,1792,0.0
164,1792,0.0
165,1792,0.0
166,1792,0.0
167,1792,0.0
168,1792,0.0
169,1792,0.0
170,1792,0.0
171,1792,0.0
172,1792,0.0
173,1792,0.0
174,1792,0.0
175,1792,0.0
176,1792,0.0
177,1792,0.0
178,1792,0.0
179,1792,0.0
180,1792,0.0
181,1792,0.0
182,1792,0.0
183,1792,0.0
184,1792,0.0
185,1792,0.0
186,1792,0.0
187,1792,0.0
188,1792,0.0
189,1792,0.0
190,1792,0.0
191,1792,0.0
192,1792,0.0
193,1792,0.0
194,1792,0.0
195,1792,0.0
196,1792,0.0
197,1792,0.0
198,1792,0.0
199,1792,0.0
0,1793,0.0
1,1793,0.0
2,1793,8.0
3,1793,2.0
4,1793,0.0
5,1793,0.0
6,1793,0.0
7,1793,1.0
8,1793,0.0
9,1793,3.0
10,1793,1.0
11,1793,0.0
12,1793,0.0
13,1793,2.0
14,1793,4.0
15,1793,1.0
16,1793,4.0
17,1793,0.0
18,1793,0.0
19,1793,1.0
20,1793,0.0
21,1793,0.0
22,1793,4.0
23,1793,0.0
24,1793,1.0
25,1793,0.0
26,1793,1.0
27,1793,0.0
28,1793,0.0
29,1793,1.0
30,1793,3.0
31,1793,0.0
32,1793,0.0
33,1793,7.0
34,1793,0.0
35,1793,12.0
36,1793,0.0
37,1793,3.0
38,1793,2.0
39,1793,3.0
40,1793,2.0
41,1793,1.0
42,1793,0.0
43,1793,0.0
44,1793,0.0
45,1793,1.0
46,1793,4.0
47,1793,1.0
48,1793,3.0
49,1793,0.0
50,1793,3.0
51,1793,0.0
52,1793,2.0
53,1793,61.0
54,1793,2.0
55,1793,0.0
56,1793,0.0
57,1793,0.0
58,1793,0.0
59,1793,4.0
60,1793,0.0
61,1793,35.0
62,1793,1.0
63,1793,1.0
64,1793,2.0
65,1793,0.0
66,1793,10.0
67,1793,0.0
68,1793,2.0
69,1793,0.0
70,1793,0.0
71,1793,3.0
72,1793,7.0
73,1793,0.0
74,1793,0.0
75,1793,0.0
76,1793,0.0
77,1793,0.0
78,1793,0.0
79,1793,0.0
80,1793,0.0
81,1793,0.0
82,1793,5.0
83,1793,0.0
84,1793,2.0
85,1793,37.0
86,1793,5.0
87,1793,1.0
88,1793,3.0
89,1793,0.0
90,1793,1.0
91,1793,6.0
92,1793,6.0
93,1793,0.0
94,1793,1.0
95,1793,0.0
96,1793,0.0
97,1793,2.0
98,1793,3.0
99,1793,0.0
100,1793,0.0
101,1793,0.0
102,1793,1.0
103,1793,5.0
104,1793,0.0
105,1793,5.0
106,1793,13.0
107,1793,3.0
108,1793,1.0
109,1793,8.0
110,1793,8.0
111,1793,7.0
112,1793,1.0
113,1793,1.0
114,1793,4.0
115,1793,1.0
116,1793,2.0
117,1793,0.0
118,1793,2.0
119,1793,6.0
120,1793,1.0
121,1793,3.0
122,1793,2.0
123,1793,0.0
124,1793,1.0
125,1793,2.0
126,1793,0.0
127,1793,5.0
128,1793,1.0
129,1793,10.0
130,1793,9.0
131,1793,2.0
132,1793,0.0
133,1793,0.0
134,1793,1.0
135,1793,0.0
136,1793,2.0
137,1793,1.0
138,1793,0.0
139,1793,0.0
140,1793,0.0
141,1793,2.0
142,1793,0.0
143,1793,2.0
144,1793,1.0
145,1793,0.0
146,1793,0.0
147,1793,1.0
148,1793,1.0
149,1793,2.0
150,1793,12.0
151,1793,17.0
152,1793,11.0
153,1793,3.0
154,1793,0.0
155,1793,1.0
156,1793,0.0
157,1793,0.0
158,1793,1.0
159,1793,4.0
160,1793,8.0
161,1793,8.0
162,1793,8.0
163,1793,12.0
164,1793,2.0
165,1793,3.0
166,1793,4.0
167,1793,5.0
168,1793,0.0
169,1793,15.0
170,1793,0.0
171,1793,2.0
172,1793,0.0
173,1793,0.0
174,1793,3.0
175,1793,0.0
176,1793,0.0
177,1793,0.0
178,1793,1.0
179,1793,0.0
180,1793,2.0
181,1793,0.0
182,1793,1.0
183,1793,0.0
184,1793,0.0
185,1793,1.0
186,1793,0.0
187,1793,0.0
188,1793,6.0
189,1793,0.0
190,1793,0.0
191,1793,1.0
192,1793,0.0
193,1793,2.0
194,1793,2.0
195,1793,0.0
196,1793,0.0
197,1793,0.0
198,1793,2.0
199,1793,0.0
0,1794,0.0
1,1794,0.0
2,1794,5.0
3,1794,1.0
4,1794,0.0
5,1794,0.0
6,1794,2.0
7,1794,1.0
8,1794,1.0
9,1794,1.0
10,1794,5.0
11,1794,0.0
12,1794,1.0
13,1794,1.0
14,1794,2.0
15,1794,2.0
16,1794,1.0
17,1794,1.0
18,1794,0.0
19,1794,0.0
20,1794,0.0
21,1794,0.0
22,1794,1.0
23,1794,0.0
24,1794,1.0
25,1794,0.0
26,1794,1.0
27,1794,0.0
28,1794,1.0
29,1794,0.0
30,1794,0.0
31,1794,1.0
32,1794,0.0
33,1794,3.0
34,1794,1.0
35,1794,7.0
36,1794,0.0
37,1794,0.0
38,1794,4.0
39,1794,4.0
40,1794,3.0
41,1794,0.0
42,1794,1.0
43,1794,0.0
44,1794,1.0
45,1794,0.0
46,1794,3.0
47,1794,5.0
48,1794,1.0
49,1794,1.0
50,1794,3.0
51,1794,0.0
52,1794,0.0
53,1794,62.0
54,1794,4.0
55,1794,0.0
56,1794,3.0
57,1794,0.0
58,1794,0.0
59,1794,1.0
60,1794,0.0
61,1794,42.0
62,1794,2.0
63,1794,4.0
64,1794,3.0
65,1794,1.0
66,1794,7.0
67,1794,0.0
68,1794,5.0
69,1794,0.0
70,1794,0.0
71,1794,1.0
72,1794,15.0
73,1794,0.0
74,1794,0.0
75,1794,0.0
76,1794,0.0
77,1794,0.0
78,1794,0.0
79,1794,0.0
80,1794,0.0
81,1794,0.0
82,1794,4.0
83,1794,0.0
84,1794,4.0
85,1794,44.0
86,1794,6.0
87,1794,0.0
88,1794,1.0
89,1794,0.0
90,1794,1.0
91,1794,4.0
92,1794,6.0
93,1794,0.0
94,1794,0.0
95,1794,0.0
96,1794,0.0
97,1794,0.0
98,1794,4.0
99,1794,0.0
100,1794,0.0
101,1794,1.0
102,1794,0.0
103,1794,4.0
104,1794,4.0
105,1794,1.0
106,1794,22.0
107,1794,3.0
108,1794,3.0
109,1794,10.0
110,1794,6.0
111,1794,4.0
112,1794,0.0
113,1794,1.0
114,1794,1.0
115,1794,0.0
116,1794,1.0
117,1794,0.0
118,1794,2.0
119,1794,3.0
120,1794,0.0
121,1794,1.0
122,1794,1.0
123,1794,2.0
124,1794,1.0
125,1794,0.0
126,1794,4.0
127,1794,0.0
128,1794,0.0
129,1794,0.0
130,1794,0.0
131,1794,0.0
132,1794,0.0
133,1794,0.0
134,1794,0.0
135,1794,0.0
136,1794,0.0
137,1794,0.0
138,1794,0.0
139,1794,0.0
140,1794,1.0
141,1794,1.0
142,1794,0.0
143,1794,0.0
144,1794,2.0
145,1794,0.0
146,1794,0.0
147,1794,2.0
148,1794,0.0
149,1794,0.0
150,1794,7.0
151,1794,11.0
152,1794,10.0
153,1794,0.0
154,1794,3.0
155,1794,2.0
156,1794,0.0
157,1794,3.0
158,1794,1.0
159,1794,4.0
160,1794,12.0
161,1794,12.0
162,1794,11.0
163,1794,10.0
164,1794,2.0
165,1794,3.0
166,1794,3.0
167,1794,7.0
168,1794,0.0
169,1794,15.0
170,1794,2.0
171,1794,0.0
172,1794,0.0
173,1794,0.0
174,1794,5.0
175,1794,0.0
176,1794,0.0
177,1794,0.0
178,1794,0.0
179,1794,1.0
180,1794,2.0
181,1794,0.0
182,1794,4.0
183,1794,0.0
184,1794,1.0
185,1794,0.0
186,1794,0.0
187,1794,0.0
188,1794,9.0
189,1794,0.0
190,1794,0.0
191,1794,0.0
192,1794,0.0
193,1794,0.0
194,1794,2.0
195,1794,0.0
196,1794,1.0
197,1794,0.0
198,1794,0.0
199,1794,0.0
0,1795,0.0
1,1795,0.0
2,1795,3.0
3,1795,4.0
4,1795,0.0
5,1795,0.0
6,1795,0.0
7,1795,0.0
8,1795,1.0
9,1795,3.0
10,1795,7.0
11,1795,0.0
12,1795,0.0
13,1795,0.0
14,1795,1.0
15,1795,6.0
16,1795,0.0
17,1795,3.0
18,1795,0.0
19,1795,0.0
20,1795,1.0
21,1795,0.0
22,1795,0.0
23,1795,0.0
24,1795,0.0
25,1795,0.0
26,1795,1.0
27,1795,0.0
28,1795,2.0
29,1795,0.0
30,1795,6.0
31,1795,2.0
32,1795,0.0
33,1795,12.0
34,1795,2.0
35,1795,7.0
36,1795,1.0
37,1795,0.0
38,1795,3.0
39,1795,4.0
40,1795,0.0
41,1795,0.0
42,1795,2.0
43,1795,0.0
44,1795,1.0
45,1795,3.0
46,1795,5.0
47,1795,1.0
48,1795,0.0
49,1795,2.0
50,1795,4.0
51,1795,0.0
52,1795,0.0
53,1795,24.0
54,1795,3.0
55,1795,0.0
56,1795,0.0
57,1795,0.0
58,1795,1.0
59,1795,2.0
60,1795,0.0
61,1795,20.0
62,1795,1.0
63,1795,0.0
64,1795,1.0
65,1795,0.0
66,1795,8.0
67,1795,0.0
68,1795,2.0
69,1795,0.0
70,1795,0.0
71,1795,3.0
72,1795,15.0
73,1795,0.0
74,1795,0.0
75,1795,2.0
76,1795,0.0
77,1795,0.0
78,1795,0.0
79,1795,0.0
80,1795,0.0
81,1795,0.0
82,1795,6.0
83,1795,0.0
84,1795,4.0
85,1795,35.0
86,1795,7.0
87,1795,0.0
88,1795,2.0
89,1795,0.0
90,1795,0.0
91,1795,2.0
92,1795,12.0
93,1795,0.0
94,1795,0.0
95,1795,0.0
96,1795,0.0
97,1795,0.0
98,1795,3.0
99,1795,0.0
100,1795,0.0
101,1795,0.0
102,1795,1.0
103,1795,1.0
104,1795,2.0
105,1795,2.0
106,1795,13.0
107,1795,2.0
108,1795,0.0
109,1795,10.0
110,1795,5.0
111,1795,5.0
112,1795,1.0
113,1795,5.0
114,1795,3.0
115,1795,0.0
116,1795,0.0
117,1795,2.0
118,1795,0.0
119,1795,2.0
120,1795,0.0
121,1795,2.0
122,1795,2.0
123,1795,0.0
124,1795,4.0
125,1795,0.0
126,1795,0.0
127,1795,0.0
128,1795,1.0
129,1795,0.0
130,1795,0.0
131,1795,1.0
132,1795,2.0
133,1795,0.0
134,1795,0.0
135,1795,0.0
136,1795,0.0
137,1795,1.0
138,1795,0.0
139,1795,0.0
140,1795,0.0
141,1795,0.0
142,1795,1.0
143,1795,3.0
144,1795,3.0
145,1795,0.0
146,1795,1.0
147,1795,3.0
148,1795,0.0
149,1795,0.0
150,1795,13.0
151,1795,18.0
152,1795,3.0
153,1795,0.0
154,1795,0.0
155,1795,3.0
156,1795,0.0
157,1795,1.0
158,1795,2.0
159,1795,3.0
160,1795,5.0
161,1795,7.0
162,1795,16.0
163,1795,8.0
164,1795,1.0
165,1795,4.0
166,1795,4.0
167,1795,11.0
168,1795,0.0
169,1795,23.0
170,1795,0.0
171,1795,1.0
172,1795,0.0
173,1795,0.0
174,1795,1.0
175,1795,0.0
176,1795,0.0
177,1795,0.0
178,1795,0.0
179,1795,0.0
180,1795,1.0
181,1795,0.0
182,1795,1.0
183,1795,1.0
184,1795,2.0
185,1795,0.0
186,1795,0.0
187,1795,0.0
188,1795,7.0
189,1795,2.0
190,1795,0.0
191,1795,2.0
192,1795,0.0
193,1795,0.0
194,1795,2.0
195,1795,0.0
196,1795,1.0
197,1795,0.0
198,1795,0.0
199,1795,0.0
0,1796,0.0
1,1796,0.0
2,1796,6.0
3,1796,1.0
4,1796,0.0
5,1796,0.0
6,1796,2.0
7,1796,3.0
8,1796,0.0
9,1796,3.0
10,1796,3.0
11,1796,0.0
12,1796,0.0
13,1796,0.0
14,1796,1.0
15,1796,26.0
16,1796,2.0
17,1796,0.0
18,1796,2.0
19,1796,0.0
20,1796,1.0
21,1796,0.0
22,1796,2.0
23,1796,0.0
24,1796,0.0
25,1796,0.0
26,1796,0.0
27,1796,0.0
28,1796,1.0
29,1796,2.0
30,1796,1.0
31,1796,1.0
32,1796,0.0
33,1796,8.0
34,1796,0.0
35,1796,13.0
36,1796,0.0
37,1796,0.0
38,1796,4.0
39,1796,0.0
40,1796,0.0
41,1796,0.0
42,1796,0.0
43,1796,0.0
44,1796,1.0
45,1796,0.0
46,1796,3.0
47,1796,0.0
48,1796,0.0
49,1796,1.0
50,1796,7.0
51,1796,0.0
52,1796,0.0
53,1796,28.0
54,1796,8.0
55,1796,1.0
56,1796,1.0
57,1796,1.0
58,1796,1.0
59,1796,1.0
60,1796,0.0
61,1796,23.0
62,1796,1.0
63,1796,1.0
64,1796,1.0
65,1796,0.0
66,1796,6.0
67,1796,0.0
68,1796,3.0
69,1796,0.0
70,1796,0.0
71,1796,2.0
72,1796,11.0
73,1796,0.0
74,1796,0.0
75,1796,0.0
76,1796,0.0
77,1796,0.0
78,1796,0.0
79,1796,0.0
80,1796,0.0
81,1796,2.0
82,1796,3.0
83,1796,0.0
84,1796,5.0
85,1796,28.0
86,1796,3.0
87,1796,0.0
88,1796,0.0
89,1796,1.0
90,1796,0.0
91,1796,2.0
92,1796,4.0
93,1796,0.0
94,1796,0.0
95,1796,0.0
96,1796,0.0
97,1796,0.0
98,1796,15.0
99,1796,2.0
100,1796,0.0
101,1796,0.0
102,1796,2.0
103,1796,1.0
104,1796,2.0
105,1796,1.0
106,1796,10.0
107,1796,5.0
108,1796,1.0
109,1796,5.0
110,1796,10.0
111,1796,1.0
112,1796,0.0
113,1796,2.0
114,1796,0.0
115,1796,0.0
116,1796,1.0
117,1796,2.0
118,1796,0.0
119,1796,4.0
120,1796,0.0
121,1796,1.0
122,1796,3.0
123,1796,0.0
124,1796,2.0
125,1796,3.0
126,1796,4.0
127,1796,0.0
128,1796,1.0
129,1796,0.0
130,1796,0.0
131,1796,1.0
132,1796,2.0
133,1796,1.0
134,1796,1.0
135,1796,0.0
136,1796,0.0
137,1796,2.0
138,1796,0.0
139,1796,0.0
140,1796,0.0
141,1796,1.0
142,1796,0.0
143,1796,1.0
144,1796,0.0
145,1796,3.0
146,1796,0.0
147,1796,5.0
148,1796,0.0
149,1796,1.0
150,1796,14.0
151,1796,16.0
152,1796,7.0
153,1796,1.0
154,1796,5.0
155,1796,0.0
156,1796,0.0
157,1796,0.0
158,1796,0.0
159,1796,3.0
160,1796,2.0
161,1796,3.0
162,1796,8.0
163,1796,26.0
164,1796,0.0
165,1796,2.0
166,1796,3.0
167,1796,9.0
168,1796,1.0
169,1796,4.0
170,1796,3.0
171,1796,6.0
172,1796,0.0
173,1796,0.0
174,1796,2.0
175,1796,0.0
176,1796,0.0
177,1796,1.0
178,1796,1.0
179,1796,0.0
180,1796,1.0
181,1796,2.0
182,1796,3.0
183,1796,1.0
184,1796,0.0
185,1796,0.0
186,1796,0.0
187,1796,0.0
188,1796,2.0
189,1796,0.0
190,1796,0.0
191,1796,1.0
192,1796,0.0
193,1796,2.0
194,1796,0.0
195,1796,0.0
196,1796,1.0
197,1796,0.0
198,1796,1.0
199,1796,0.0
0,1797,0.0
1,1797,0.0
2,1797,2.0
3,1797,0.0
4,1797,0.0
5,1797,0.0
6,1797,1.0
7,1797,0.0
8,1797,0.0
9,1797,10.0
10,1797,0.0
11,1797,0.0
12,1797,0.0
13,1797,1.0
14,1797,1.0
15,1797,2.0
16,1797,0.0
17,1797,0.0
18,1797,2.0
19,1797,1.0
20,1797,0.0
21,1797,0.0
22,1797,2.0
23,1797,2.0
24,1797,0.0
25,1797,0.0
26,1797,1.0
27,1797,0.0
28,1797,0.0
29,1797,0.0
30,1797,2.0
31,1797,1.0
32,1797,0.0
33,1797,2.0
34,1797,0.0
35,1797,20.0
36,1797,1.0
37,1797,0.0
38,1797,2.0
39,1797,1.0
40,1797,2.0
41,1797,0.0
42,1797,0.0
43,1797,0.0
44,1797,1.0
45,1797,0.0
46,1797,2.0
47,1797,0.0
48,1797,2.0
49,1797,1.0
50,1797,14.0
51,1797,0.0
52,1797,1.0
53,1797,45.0
54,1797,0.0
55,1797,1.0
56,1797,3.0
57,1797,1.0
58,1797,1.0
59,1797,4.0
60,1797,0.0
61,1797,33.0
62,1797,2.0
63,1797,0.0
64,1797,1.0
65,1797,0.0
66,1797,6.0
67,1797,0.0
68,1797,2.0
69,1797,0.0
70,1797,0.0
71,1797,3.0
72,1797,5.0
73,1797,0.0
74,1797,0.0
75,1797,0.0
76,1797,0.0
77,1797,0.0
78,1797,0.0
79,1797,0.0
80,1797,0.0
81,1797,0.0
82,1797,4.0
83,1797,0.0
84,1797,1.0
85,1797,34.0
86,1797,10.0
87,1797,1.0
88,1797,0.0
89,1797,0.0
90,1797,0.0
91,1797,3.0
92,1797,11.0
93,1797,0.0
94,1797,0.0
95,1797,0.0
96,1797,0.0
97,1797,1.0
98,1797,1.0
99,1797,0.0
100,1797,0.0
101,1797,1.0
102,1797,0.0
103,1797,0.0
104,1797,3.0
105,1797,4.0
106,1797,8.0
107,1797,1.0
108,1797,7.0
109,1797,3.0
110,1797,4.0
111,1797,2.0
112,1797,0.0
113,1797,0.0
114,1797,0.0
115,1797,2.0
116,1797,0.0
117,1797,1.0
118,1797,0.0
119,1797,1.0
120,1797,0.0
121,1797,2.0
122,1797,2.0
123,1797,2.0
124,1797,2.0
125,1797,2.0
126,1797,3.0
127,1797,0.0
128,1797,4.0
129,1797,1.0
130,1797,1.0
131,1797,1.0
132,1797,0.0
133,1797,0.0
134,1797,0.0
135,1797,0.0
136,1797,0.0
137,1797,0.0
138,1797,0.0
139,1797,0.0
140,1797,1.0
141,1797,1.0
142,1797,0.0
143,1797,0.0
144,1797,0.0
145,1797,3.0
146,1797,2.0
147,1797,5.0
148,1797,1.0
149,1797,0.0
150,1797,6.0
151,1797,8.0
152,1797,3.0
153,1797,0.0
154,1797,0.0
155,1797,0.0
156,1797,1.0
157,1797,0.0
158,1797,1.0
159,1797,0.0
160,1797,6.0
161,1797,0.0
162,1797,9.0
163,1797,14.0
164,1797,1.0
165,1797,3.0
166,1797,3.0
167,1797,15.0
168,1797,0.0
169,1797,3.0
170,1797,0.0
171,1797,3.0
172,1797,1.0
173,1797,4.0
174,1797,1.0
175,1797,0.0
176,1797,0.0
177,1797,0.0
178,1797,0.0
179,1797,1.0
180,1797,2.0
181,1797,0.0
182,1797,2.0
183,1797,0.0
184,1797,1.0
185,1797,0.0
186,1797,0.0
187,1797,1.0
188,1797,6.0
189,1797,0.0
190,1797,0.0
191,1797,0.0
192,1797,0.0
193,1797,1.0
194,1797,2.0
195,1797,0.0
196,1797,0.0
197,1797,0.0
198,1797,0.0
199,1797,0.0
0,1798,0.0
1,1798,0.0
2,1798,7.0
3,1798,0.0
4,1798,0.0
5,1798,0.0
6,1798,1.0
7,1798,1.0
8,1798,3.0
9,1798,4.0
10,1798,11.0
11,1798,0.0
12,1798,1.0
13,1798,2.0
14,1798,2.0
15,1798,9.0
16,1798,0.0
17,1798,0.0
18,1798,1.0
19,1798,1.0
20,1798,0.0
21,1798,0.0
22,1798,0.0
23,1798,2.0
24,1798,1.0
25,1798,1.0
26,1798,1.0
27,1798,0.0
28,1798,2.0
29,1798,2.0
30,1798,5.0
31,1798,2.0
32,1798,0.0
33,1798,2.0
34,1798,3.0
35,1798,10.0
36,1798,0.0
37,1798,1.0
38,1798,4.0
39,1798,1.0
40,1798,2.0
41,1798,1.0
42,1798,2.0
43,1798,0.0
44,1798,0.0
45,1798,0.0
46,1798,7.0
47,1798,4.0
48,1798,2.0
49,1798,0.0
50,1798,23.0
51,1798,0.0
52,1798,0.0
53,1798,46.0
54,1798,3.0
55,1798,0.0
56,1798,0.0
57,1798,2.0
58,1798,0.0
59,1798,2.0
60,1798,0.0
61,1798,71.0
62,1798,8.0
63,1798,1.0
64,1798,3.0
65,1798,0.0
66,1798,7.0
67,1798,0.0
68,1798,2.0
69,1798,0.0
70,1798,0.0
71,1798,4.0
72,1798,8.0
73,1798,0.0
74,1798,0.0
75,1798,2.0
76,1798,0.0
77,1798,0.0
78,1798,0.0
79,1798,0.0
80,1798,0.0
81,1798,2.0
82,1798,2.0
83,1798,0.0
84,1798,3.0
85,1798,36.0
86,1798,4.0
87,1798,1.0
88,1798,0.0
89,1798,0.0
90,1798,0.0
91,1798,5.0
92,1798,14.0
93,1798,0.0
94,1798,3.0
95,1798,0.0
96,1798,0.0
97,1798,0.0
98,1798,11.0
99,1798,0.0
100,1798,0.0
101,1798,0.0
102,1798,1.0
103,1798,1.0
104,1798,4.0
105,1798,3.0
106,1798,7.0
107,1798,1.0
108,1798,3.0
109,1798,0.0
110,1798,19.0
111,1798,2.0
112,1798,0.0
113,1798,5.0
114,1798,0.0
115,1798,0.0
116,1798,1.0
117,1798,1.0
118,1798,0.0
119,1798,4.0
120,1798,0.0
121,1798,0.0
122,1798,2.0
123,1798,0.0
124,1798,2.0
125,1798,2.0
126,1798,2.0
127,1798,1.0
128,1798,1.0
129,1798,1.0
130,1798,4.0
131,1798,1.0
132,1798,0.0
133,1798,0.0
134,1798,0.0
135,1798,0.0
136,1798,0.0
137,1798,0.0
138,1798,0.0
139,1798,0.0
140,1798,0.0
141,1798,0.0
142,1798,0.0
143,1798,3.0
144,1798,0.0
145,1798,2.0
146,1798,0.0
147,1798,1.0
148,1798,0.0
149,1798,5.0
150,1798,11.0
151,1798,7.0
152,1798,6.0
153,1798,1.0
154,1798,3.0
155,1798,0.0
156,1798,0.0
157,1798,0.0
158,1798,1.0
159,1798,4.0
160,1798,5.0
161,1798,3.0
162,1798,10.0
163,1798,28.0
164,1798,2.0
165,1798,2.0
166,1798,3.0
167,1798,10.0
168,1798,0.0
169,1798,13.0
170,1798,1.0
171,1798,8.0
172,1798,0.0
173,1798,0.0
174,1798,1.0
175,1798,0.0
176,1798,0.0
177,1798,0.0
178,1798,0.0
179,1798,1.0
180,1798,0.0
181,1798,0.0
182,1798,1.0
183,1798,0.0
184,1798,1.0
185,1798,0.0
186,1798,1.0
187,1798,1.0
188,1798,4.0
189,1798,1.0
190,1798,0.0
191,1798,0.0
192,1798,0.0
193,1798,0.0
194,1798,2.0
195,1798,0.0
196,1798,0.0
197,1798,0.0
198,1798,0.0
199,1798,0.0
0,1799,0.0
1,1799,0.0
2,1799,6.0
3,1799,2.0
4,1799,0.0
5,1799,0.0
6,1799,1.0
7,1799,2.0
8,1799,0.0
9,1799,0.0
10,1799,6.0
11,1799,0.0
12,1799,0.0
13,1799,0.0
14,1799,1.0
15,1799,2.0
16,1799,0.0
17,1799,2.0
18,1799,1.0
19,1799,3.0
20,1799,0.0
21,1799,0.0
22,1799,3.0
23,1799,0.0
24,1799,1.0
25,1799,1.0
26,1799,1.0
27,1799,0.0
28,1799,2.0
29,1799,0.0
30,1799,4.0
31,1799,1.0
32,1799,6.0
33,1799,10.0
34,1799,1.0
35,1799,5.0
36,1799,2.0
37,1799,0.0
38,1799,3.0
39,1799,2.0
40,1799,2.0
41,1799,0.0
42,1799,1.0
43,1799,0.0
44,1799,0.0
45,1799,0.0
46,1799,4.0
47,1799,2.0
48,1799,0.0
49,1799,1.0
50,1799,3.0
51,1799,0.0
52,1799,0.0
53,1799,30.0
54,1799,2.0
55,1799,1.0
56,1799,0.0
57,1799,0.0
58,1799,0.0
59,1799,0.0
60,1799,0.0
61,1799,21.0
62,1799,1.0
63,1799,2.0
64,1799,3.0
65,1799,1.0
66,1799,3.0
67,1799,0.0
68,1799,0.0
69,1799,0.0
70,1799,0.0
71,1799,5.0
72,1799,12.0
73,1799,0.0
74,1799,0.0
75,1799,1.0
76,1799,0.0
77,1799,0.0
78,1799,0.0
79,1799,0.0
80,1799,0.0
81,1799,2.0
82,1799,6.0
83,1799,0.0
84,1799,7.0
85,1799,25.0
86,1799,0.0
87,1799,1.0
88,1799,0.0
89,1799,0.0
90,1799,0.0
91,1799,0.0
92,1799,7.0
93,1799,0.0
94,1799,0.0
95,1799,0.0
96,1799,0.0
97,1799,1.0
98,1799,6.0
99,1799,0.0
100,1799,0.0
101,1799,1.0
102,1799,0.0
103,1799,3.0
104,1799,3.0
105,1799,2.0
106,1799,9.0
107,1799,1.0
108,1799,0.0
109,1799,0.0
110,1799,12.0
111,1799,4.0
112,1799,0.0
113,1799,1.0
114,1799,2.0
115,1799,0.0
116,1799,1.0
117,1799,2.0
118,1799,0.0
119,1799,6.0
120,1799,0.0
121,1799,0.0
122,1799,1.0
123,1799,3.0
124,1799,3.0
125,1799,2.0
126,1799,1.0
127,1799,1.0
128,1799,1.0
129,1799,1.0
130,1799,3.0
131,1799,0.0
132,1799,3.0
133,1799,0.0
134,1799,0.0
135,1799,0.0
136,1799,0.0
137,1799,1.0
138,1799,0.0
139,1799,0.0
140,1799,0.0
141,1799,0.0
142,1799,0.0
143,1799,0.0
144,1799,0.0
145,1799,1.0
146,1799,1.0
147,1799,0.0
148,1799,0.0
149,1799,3.0
150,1799,8.0
151,1799,7.0
152,1799,5.0
153,1799,0.0
154,1799,0.0
155,1799,0.0
156,1799,1.0
157,1799,0.0
158,1799,0.0
159,1799,4.0
160,1799,4.0
161,1799,6.0
162,1799,13.0
163,1799,11.0
164,1799,3.0
165,1799,6.0
166,1799,2.0
167,1799,6.0
168,1799,1.0
169,1799,14.0
170,1799,0.0
171,1799,5.0
172,1799,1.0
173,1799,3.0
174,1799,1.0
175,1799,0.0
176,1799,0.0
177,1799,4.0
178,1799,0.0
179,1799,0.0
180,1799,0.0
181,1799,0.0
182,1799,1.0
183,1799,1.0
184,1799,0.0
185,1799,0.0
186,1799,0.0
187,1799,0.0
188,1799,7.0
189,1799,0.0
190,1799,0.0
191,1799,0.0
192,1799,0.0
193,1799,1.0
194,1799,1.0
195,1799,0.0
196,1799,1.0
197,1799,0.0
198,1799,0.0
199,1799,0.0
0,1800,0.0
1,1800,0.0
2,1800,4.0
3,1800,0.0
4,1800,0.0
5,1800,0.0
6,1800,0.0
7,1800,0.0
8,1800,0.0
9,1800,4.0
10,1800,4.0
11,1800,0.0
12,1800,0.0
13,1800,0.0
14,1800,0.0
15,1800,1.0
16,1800,0.0
17,1800,0.0
18,1800,0.0
19,1800,1.0
20,1800,0.0
21,1800,0.0
22,1800,1.0
23,1800,0.0
24,1800,1.0
25,1800,0.0
26,1800,0.0
27,1800,0.0
28,1800,1.0
29,1800,0.0
30,1800,1.0
31,1800,0.0
32,1800,1.0
33,1800,10.0
34,1800,0.0
35,1800,6.0
36,1800,0.0
37,1800,0.0
38,1800,1.0
39,1800,2.0
40,1800,0.0
41,1800,0.0
42,1800,3.0
43,1800,0.0
44,1800,1.0
45,1800,2.0
46,1800,2.0
47,1800,0.0
48,1800,2.0
49,1800,0.0
50,1800,0.0
51,1800,0.0
52,1800,2.0
53,1800,38.0
54,1800,0.0
55,1800,0.0
56,1800,0.0
57,1800,0.0
58,1800,0.0
59,1800,0.0
60,1800,0.0
61,1800,16.0
62,1800,3.0
63,1800,0.0
64,1800,3.0
65,1800,0.0
66,1800,6.0
67,1800,0.0
68,1800,1.0
69,1800,0.0
70,1800,0.0
71,1800,3.0
72,1800,18.0
73,1800,0.0
74,1800,0.0
75,1800,0.0
76,1800,0.0
77,1800,0.0
78,1800,0.0
79,1800,0.0
80,1800,0.0
81,1800,1.0
82,1800,7.0
83,1800,0.0
84,1800,4.0
85,1800,48.0
86,1800,3.0
87,1800,0.0
88,1800,2.0
89,1800,0.0
90,1800,0.0
91,1800,11.0
92,1800,6.0
93,1800,0.0
94,1800,0.0
95,1800,0.0
96,1800,0.0
97,1800,1.0
98,1800,6.0
99,1800,0.0
100,1800,0.0
101,1800,0.0
102,1800,0.0
103,1800,1.0
104,1800,5.0
105,1800,5.0
106,1800,14.0
107,1800,1.0
108,1800,4.0
109,1800,9.0
110,1800,6.0
111,1800,7.0
112,1800,1.0
113,1800,2.0
114,1800,2.0
115,1800,0.0
116,1800,0.0
117,1800,1.0
118,1800,1.0
119,1800,3.0
120,1800,2.0
121,1800,0.0
122,1800,2.0
123,1800,1.0
124,1800,4.0
125,1800,0.0
126,1800,3.0
127,1800,1.0
128,1800,4.0
129,1800,3.0
130,1800,3.0
131,1800,0.0
132,1800,2.0
133,1800,0.0
134,1800,0.0
135,1800,0.0
136,1800,0.0
137,1800,1.0
138,1800,0.0
139,1800,0.0
140,1800,1.0
141,1800,0.0
142,1800,0.0
143,1800,4.0
144,1800,1.0
145,1800,2.0
146,1800,2.0
147,1800,5.0
148,1800,1.0
149,1800,4.0
150,1800,24.0
151,1800,20.0
152,1800,11.0
153,1800,0.0
154,1800,1.0
155,1800,0.0
156,1800,0.0
157,1800,0.0
158,1800,1.0
159,1800,4.0
160,1800,4.0
161,1800,4.0
162,1800,26.0
163,1800,14.0
164,1800,1.0
165,1800,3.0
166,1800,4.0
167,1800,11.0
168,1800,0.0
169,1800,22.0
170,1800,0.0
171,1800,0.0
172,1800,0.0
173,1800,3.0
174,1800,3.0
175,1800,0.0
176,1800,0.0
177,1800,1.0
178,1800,1.0
179,1800,0.0
180,1800,2.0
181,1800,0.0
182,1800,1.0
183,1800,0.0
184,1800,2.0
185,1800,0.0
186,1800,1.0
187,1800,0.0
188,1800,14.0
189,1800,0.0
190,1800,0.0
191,1800,0.0
192,1800,0.0
193,1800,0.0
194,1800,0.0
195,1800,0.0
196,1800,2.0
197,1800,0.0
198,1800,1.0
199,1800,0.0
0,1801,0.0
1,1801,0.0
2,1801,1.0
3,1801,0.0
4,1801,0.0
5,1801,0.0
6,1801,1.0
7,1801,0.0
8,1801,0.0
9,1801,14.0
10,1801,7.0
11,1801,0.0
12,1801,0.0
13,1801,0.0
14,1801,2.0
15,1801,0.0
16,1801,1.0
17,1801,2.0
18,1801,2.0
19,1801,2.0
20,1801,0.0
21,1801,0.0
22,1801,2.0
23,1801,0.0
24,1801,0.0
25,1801,0.0
26,1801,2.0
27,1801,0.0
28,1801,0.0
29,1801,1.0
30,1801,5.0
31,1801,2.0
32,1801,1.0
33,1801,4.0
34,1801,4.0
35,1801,9.0
36,1801,0.0
37,1801,3.0
38,1801,1.0
39,1801,4.0
40,1801,1.0
41,1801,1.0
42,1801,0.0
43,1801,0.0
44,1801,1.0
45,1801,3.0
46,1801,2.0
47,1801,2.0
48,1801,0.0
49,1801,6.0
50,1801,0.0
51,1801,0.0
52,1801,0.0
53,1801,56.0
54,1801,2.0
55,1801,1.0
56,1801,0.0
57,1801,1.0
58,1801,3.0
59,1801,0.0
60,1801,0.0
61,1801,35.0
62,1801,1.0
63,1801,0.0
64,1801,1.0
65,1801,0.0
66,1801,17.0
67,1801,0.0
68,1801,5.0
69,1801,0.0
70,1801,0.0
71,1801,0.0
72,1801,9.0
73,1801,0.0
74,1801,0.0
75,1801,0.0
76,1801,0.0
77,1801,0.0
78,1801,0.0
79,1801,0.0
80,1801,0.0
81,1801,1.0
82,1801,3.0
83,1801,0.0
84,1801,4.0
85,1801,29.0
86,1801,7.0
87,1801,0.0
88,1801,0.0
89,1801,2.0
90,1801,1.0
91,1801,3.0
92,1801,13.0
93,1801,0.0
94,1801,2.0
95,1801,0.0
96,1801,0.0
97,1801,0.0
98,1801,2.0
99,1801,0.0
100,1801,0.0
101,1801,0.0
102,1801,2.0
103,1801,6.0
104,1801,0.0
105,1801,1.0
106,1801,16.0
107,1801,5.0
108,1801,0.0
109,1801,5.0
110,1801,7.0
111,1801,1.0
112,1801,0.0
113,1801,3.0
114,1801,3.0
115,1801,0.0
116,1801,2.0
117,1801,0.0
118,1801,0.0
119,1801,6.0
120,1801,0.0
121,1801,1.0
122,1801,3.0
123,1801,0.0
124,1801,3.0
125,1801,3.0
126,1801,2.0
127,1801,1.0
128,1801,3.0
129,1801,2.0
130,1801,1.0
131,1801,1.0
132,1801,2.0
133,1801,1.0
134,1801,2.0
135,1801,0.0
136,1801,0.0
137,1801,0.0
138,1801,0.0
139,1801,0.0
140,1801,0.0
141,1801,0.0
142,1801,0.0
143,1801,1.0
144,1801,0.0
145,1801,1.0
146,1801,1.0
147,1801,13.0
148,1801,1.0
149,1801,1.0
150,1801,25.0
151,1801,9.0
152,1801,3.0
153,1801,0.0
154,1801,1.0
155,1801,1.0
156,1801,0.0
157,1801,0.0
158,1801,0.0
159,1801,2.0
160,1801,7.0
161,1801,6.0
162,1801,17.0
163,1801,16.0
164,1801,1.0
165,1801,1.0
166,1801,7.0
167,1801,8.0
168,1801,1.0
169,1801,14.0
170,1801,0.0
171,1801,3.0
172,1801,0.0
173,1801,1.0
174,1801,3.0
175,1801,0.0
176,1801,0.0
177,1801,1.0
178,1801,1.0
179,1801,0.0
180,1801,1.0
181,1801,0.0
182,1801,2.0
183,1801,0.0
184,1801,1.0
185,1801,0.0
186,1801,1.0
187,1801,0.0
188,1801,6.0
189,1801,0.0
190,1801,0.0
191,1801,1.0
192,1801,0.0
193,1801,2.0
194,1801,1.0
195,1801,0.0
196,1801,0.0
197,1801,0.0
198,1801,1.0
199,1801,1.0
0,1802,0.0
1,1802,0.0
2,1802,4.0
3,1802,1.0
4,1802,0.0
5,1802,0.0
6,1802,3.0
7,1802,0.0
8,1802,0.0
9,1802,3.0
10,1802,3.0
11,1802,0.0
12,1802,1.0
13,1802,0.0
14,1802,1.0
15,1802,5.0
16,1802,2.0
17,1802,0.0
18,1802,0.0
19,1802,1.0
20,1802,7.0
21,1802,0.0
22,1802,0.0
23,1802,0.0
24,1802,0.0
25,1802,1.0
26,1802,0.0
27,1802,0.0
28,1802,0.0
29,1802,0.0
30,1802,0.0
31,1802,2.0
32,1802,3.0
33,1802,9.0
34,1802,0.0
35,1802,19.0
36,1802,0.0
37,1802,1.0
38,1802,2.0
39,1802,2.0
40,1802,0.0
41,1802,0.0
42,1802,0.0
43,1802,0.0
44,1802,1.0
45,1802,1.0
46,1802,0.0
47,1802,4.0
48,1802,0.0
49,1802,0.0
50,1802,0.0
51,1802,0.0
52,1802,1.0
53,1802,79.0
54,1802,0.0
55,1802,4.0
56,1802,0.0
57,1802,1.0
58,1802,3.0
59,1802,2.0
60,1802,0.0
61,1802,21.0
62,1802,2.0
63,1802,0.0
64,1802,2.0
65,1802,0.0
66,1802,7.0
67,1802,0.0
68,1802,3.0
69,1802,0.0
70,1802,0.0
71,1802,4.0
72,1802,15.0
73,1802,0.0
74,1802,0.0
75,1802,1.0
76,1802,0.0
77,1802,0.0
78,1802,0.0
79,1802,0.0
80,1802,0.0
81,1802,1.0
82,1802,9.0
83,1802,0.0
84,1802,0.0
85,1802,36.0
86,1802,5.0
87,1802,1.0
88,1802,3.0
89,1802,0.0
90,1802,1.0
91,1802,6.0
92,1802,12.0
93,1802,0.0
94,1802,5.0
95,1802,0.0
96,1802,0.0
97,1802,2.0
98,1802,6.0
99,1802,0.0
100,1802,0.0
101,1802,0.0
102,1802,0.0
103,1802,1.0
104,1802,1.0
105,1802,1.0
106,1802,11.0
107,1802,2.0
108,1802,1.0
109,1802,5.0
110,1802,2.0
111,1802,3.0
112,1802,0.0
113,1802,0.0
114,1802,3.0
115,1802,1.0
116,1802,3.0
117,1802,1.0
118,1802,1.0
119,1802,5.0
120,1802,0.0
121,1802,0.0
122,1802,0.0
123,1802,2.0
124,1802,1.0
125,1802,7.0
126,1802,2.0
127,1802,1.0
128,1802,4.0
129,1802,2.0
130,1802,1.0
131,1802,0.0
132,1802,0.0
133,1802,0.0
134,1802,0.0
135,1802,0.0
136,1802,0.0
137,1802,1.0
138,1802,0.0
139,1802,0.0
140,1802,1.0
141,1802,0.0
142,1802,0.0
143,1802,1.0
144,1802,2.0
145,1802,2.0
146,1802,0.0
147,1802,6.0
148,1802,0.0
149,1802,0.0
150,1802,15.0
151,1802,4.0
152,1802,3.0
153,1802,0.0
154,1802,1.0
155,1802,1.0
156,1802,0.0
157,1802,3.0
158,1802,1.0
159,1802,6.0
160,1802,2.0
161,1802,2.0
162,1802,13.0
163,1802,11.0
164,1802,4.0
165,1802,1.0
166,1802,0.0
167,1802,7.0
168,1802,1.0
169,1802,17.0
170,1802,0.0
171,1802,7.0
172,1802,1.0
173,1802,1.0
174,1802,1.0
175,1802,0.0
176,1802,0.0
177,1802,1.0
178,1802,0.0
179,1802,2.0
180,1802,3.0
181,1802,0.0
182,1802,3.0
183,1802,0.0
184,1802,3.0
185,1802,0.0
186,1802,0.0
187,1802,1.0
188,1802,8.0
189,1802,0.0
190,1802,0.0
191,1802,0.0
192,1802,0.0
193,1802,1.0
194,1802,1.0
195,1802,0.0
196,1802,0.0
197,1802,0.0
198,1802,0.0
199,1802,0.0
0,1803,0.0
1,1803,0.0
2,1803,21.0
3,1803,3.0
4,1803,0.0
5,1803,0.0
6,1803,2.0
7,1803,0.0
8,1803,0.0
9,1803,5.0
10,1803,4.0
11,1803,0.0
12,1803,3.0
13,1803,0.0
14,1803,0.0
15,1803,0.0
16,1803,2.0
17,1803,0.0
18,1803,0.0
19,1803,3.0
20,1803,2.0
21,1803,0.0
22,1803,0.0
23,1803,0.0
24,1803,2.0
25,1803,0.0
26,1803,1.0
27,1803,0.0
28,1803,1.0
29,1803,0.0
30,1803,2.0
31,1803,1.0
32,1803,2.0
33,1803,2.0
34,1803,1.0
35,1803,2.0
36,1803,1.0
37,1803,2.0
38,1803,1.0
39,1803,0.0
40,1803,3.0
41,1803,1.0
42,1803,0.0
43,1803,0.0
44,1803,2.0
45,1803,0.0
46,1803,3.0
47,1803,2.0
48,1803,3.0
49,1803,1.0
50,1803,1.0
51,1803,0.0
52,1803,1.0
53,1803,59.0
54,1803,1.0
55,1803,0.0
56,1803,0.0
57,1803,1.0
58,1803,0.0
59,1803,2.0
60,1803,0.0
61,1803,21.0
62,1803,0.0
63,1803,2.0
64,1803,2.0
65,1803,0.0
66,1803,2.0
67,1803,0.0
68,1803,0.0
69,1803,0.0
70,1803,0.0
71,1803,2.0
72,1803,13.0
73,1803,0.0
74,1803,0.0
75,1803,0.0
76,1803,0.0
77,1803,0.0
78,1803,0.0
79,1803,0.0
80,1803,0.0
81,1803,0.0
82,1803,5.0
83,1803,0.0
84,1803,3.0
85,1803,27.0
86,1803,6.0
87,1803,0.0
88,1803,2.0
89,1803,0.0
90,1803,1.0
91,1803,5.0
92,1803,2.0
93,1803,0.0
94,1803,1.0
95,1803,0.0
96,1803,0.0
97,1803,1.0
98,1803,2.0
99,1803,0.0
100,1803,2.0
101,1803,0.0
102,1803,2.0
103,1803,4.0
104,1803,3.0
105,1803,4.0
106,1803,9.0
107,1803,3.0
108,1803,1.0
109,1803,3.0
110,1803,11.0
111,1803,4.0
112,1803,0.0
113,1803,1.0
114,1803,1.0
115,1803,0.0
116,1803,0.0
117,1803,1.0
118,1803,0.0
119,1803,3.0
120,1803,0.0
121,1803,3.0
122,1803,1.0
123,1803,0.0
124,1803,2.0
125,1803,1.0
126,1803,3.0
127,1803,0.0
128,1803,3.0
129,1803,1.0
130,1803,6.0
131,1803,1.0
132,1803,0.0
133,1803,0.0
134,1803,0.0
135,1803,0.0
136,1803,0.0
137,1803,1.0
138,1803,0.0
139,1803,0.0
140,1803,0.0
141,1803,1.0
142,1803,0.0
143,1803,3.0
144,1803,3.0
145,1803,2.0
146,1803,0.0
147,1803,8.0
148,1803,0.0
149,1803,0.0
150,1803,17.0
151,1803,5.0
152,1803,1.0
153,1803,0.0
154,1803,1.0
155,1803,2.0
156,1803,1.0
157,1803,1.0
158,1803,1.0
159,1803,4.0
160,1803,11.0
161,1803,5.0
162,1803,5.0
163,1803,8.0
164,1803,0.0
165,1803,4.0
166,1803,0.0
167,1803,5.0
168,1803,1.0
169,1803,9.0
170,1803,1.0
171,1803,2.0
172,1803,2.0
173,1803,1.0
174,1803,0.0
175,1803,0.0
176,1803,0.0
177,1803,0.0
178,1803,0.0
179,1803,1.0
180,1803,0.0
181,1803,0.0
182,1803,5.0
183,1803,0.0
184,1803,0.0
185,1803,0.0
186,1803,0.0
187,1803,0.0
188,1803,2.0
189,1803,0.0
190,1803,0.0
191,1803,1.0
192,1803,0.0
193,1803,0.0
194,1803,2.0
195,1803,0.0
196,1803,0.0
197,1803,0.0
198,1803,0.0
199,1803,1.0
0,1804,0.0
1,1804,0.0
2,1804,14.0
3,1804,0.0
4,1804,0.0
5,1804,0.0
6,1804,1.0
7,1804,0.0
8,1804,0.0
9,1804,2.0
10,1804,6.0
11,1804,0.0
12,1804,3.0
13,1804,0.0
14,1804,0.0
15,1804,0.0
16,1804,2.0
17,1804,1.0
18,1804,2.0
19,1804,0.0
20,1804,0.0
21,1804,0.0
22,1804,5.0
23,1804,0.0
24,1804,0.0
25,1804,1.0
26,1804,0.0
27,1804,0.0
28,1804,0.0
29,1804,0.0
30,1804,2.0
31,1804,3.0
32,1804,0.0
33,1804,5.0
34,1804,2.0
35,1804,8.0
36,1804,1.0
37,1804,1.0
38,1804,2.0
39,1804,4.0
40,1804,0.0
41,1804,1.0
42,1804,1.0
43,1804,0.0
44,1804,1.0
45,1804,1.0
46,1804,3.0
47,1804,0.0
48,1804,1.0
49,1804,2.0
50,1804,0.0
51,1804,0.0
52,1804,3.0
53,1804,32.0
54,1804,0.0
55,1804,0.0
56,1804,0.0
57,1804,0.0
58,1804,0.0
59,1804,0.0
60,1804,0.0
61,1804,16.0
62,1804,1.0
63,1804,0.0
64,1804,5.0
65,1804,0.0
66,1804,10.0
67,1804,0.0
68,1804,1.0
69,1804,0.0
70,1804,0.0
71,1804,5.0
72,1804,16.0
73,1804,0.0
74,1804,0.0
75,1804,1.0
76,1804,0.0
77,1804,6.0
78,1804,0.0
79,1804,0.0
80,1804,0.0
81,1804,1.0
82,1804,3.0
83,1804,0.0
84,1804,5.0
85,1804,9.0
86,1804,5.0
87,1804,0.0
88,1804,6.0
89,1804,0.0
90,1804,0.0
91,1804,3.0
92,1804,6.0
93,1804,0.0
94,1804,1.0
95,1804,0.0
96,1804,0.0
97,1804,0.0
98,1804,4.0
99,1804,0.0
100,1804,0.0
101,1804,0.0
102,1804,0.0
103,1804,0.0
104,1804,3.0
105,1804,1.0
106,1804,10.0
107,1804,1.0
108,1804,1.0
109,1804,6.0
110,1804,5.0
111,1804,1.0
112,1804,1.0
113,1804,2.0
114,1804,3.0
115,1804,0.0
116,1804,3.0
117,1804,1.0
118,1804,1.0
119,1804,2.0
120,1804,1.0
121,1804,0.0
122,1804,2.0
123,1804,1.0
124,1804,1.0
125,1804,0.0
126,1804,0.0
127,1804,0.0
128,1804,0.0
129,1804,1.0
130,1804,0.0
131,1804,0.0
132,1804,1.0
133,1804,0.0
134,1804,2.0
135,1804,0.0
136,1804,0.0
137,1804,1.0
138,1804,0.0
139,1804,0.0
140,1804,0.0
141,1804,1.0
142,1804,0.0
143,1804,1.0
144,1804,1.0
145,1804,0.0
146,1804,0.0
147,1804,1.0
148,1804,1.0
149,1804,2.0
150,1804,21.0
151,1804,10.0
152,1804,0.0
153,1804,0.0
154,1804,1.0
155,1804,0.0
156,1804,0.0
157,1804,2.0
158,1804,0.0
159,1804,2.0
160,1804,6.0
161,1804,1.0
162,1804,15.0
163,1804,8.0
164,1804,2.0
165,1804,1.0
166,1804,1.0
167,1804,7.0
168,1804,8.0
169,1804,2.0
170,1804,0.0
171,1804,6.0
172,1804,0.0
173,1804,1.0
174,1804,1.0
175,1804,0.0
176,1804,0.0
177,1804,0.0
178,1804,0.0
179,1804,0.0
180,1804,0.0
181,1804,0.0
182,1804,0.0
183,1804,0.0
184,1804,0.0
185,1804,0.0
186,1804,0.0
187,1804,0.0
188,1804,2.0
189,1804,0.0
190,1804,0.0
191,1804,1.0
192,1804,0.0
193,1804,1.0
194,1804,0.0
195,1804,0.0
196,1804,0.0
197,1804,0.0
198,1804,0.0
199,1804,0.0
0,1805,0.0
1,1805,0.0
2,1805,6.0
3,1805,0.0
4,1805,0.0
5,1805,0.0
6,1805,1.0
7,1805,0.0
8,1805,0.0
9,1805,3.0
10,1805,2.0
11,1805,0.0
12,1805,1.0
13,1805,1.0
14,1805,0.0
15,1805,0.0
16,1805,0.0
17,1805,3.0
18,1805,1.0
19,1805,3.0
20,1805,1.0
21,1805,0.0
22,1805,4.0
23,1805,0.0
24,1805,1.0
25,1805,2.0
26,1805,1.0
27,1805,0.0
28,1805,0.0
29,1805,0.0
30,1805,2.0
31,1805,1.0
32,1805,0.0
33,1805,6.0
34,1805,3.0
35,1805,1.0
36,1805,0.0
37,1805,7.0
38,1805,1.0
39,1805,2.0
40,1805,5.0
41,1805,1.0
42,1805,0.0
43,1805,0.0
44,1805,0.0
45,1805,2.0
46,1805,0.0
47,1805,2.0
48,1805,2.0
49,1805,0.0
50,1805,1.0
51,1805,0.0
52,1805,2.0
53,1805,34.0
54,1805,1.0
55,1805,0.0
56,1805,0.0
57,1805,0.0
58,1805,1.0
59,1805,1.0
60,1805,0.0
61,1805,18.0
62,1805,0.0
63,1805,0.0
64,1805,0.0
65,1805,0.0
66,1805,7.0
67,1805,0.0
68,1805,2.0
69,1805,0.0
70,1805,0.0
71,1805,5.0
72,1805,9.0
73,1805,0.0
74,1805,0.0
75,1805,2.0
76,1805,0.0
77,1805,4.0
78,1805,0.0
79,1805,0.0
80,1805,0.0
81,1805,2.0
82,1805,5.0
83,1805,0.0
84,1805,4.0
85,1805,30.0
86,1805,9.0
87,1805,2.0
88,1805,2.0
89,1805,0.0
90,1805,2.0
91,1805,5.0
92,1805,8.0
93,1805,1.0
94,1805,5.0
95,1805,0.0
96,1805,0.0
97,1805,0.0
98,1805,3.0
99,1805,0.0
100,1805,1.0
101,1805,0.0
102,1805,2.0
103,1805,5.0
104,1805,3.0
105,1805,7.0
106,1805,11.0
107,1805,1.0
108,1805,2.0
109,1805,4.0
110,1805,4.0
111,1805,2.0
112,1805,0.0
113,1805,1.0
114,1805,2.0
115,1805,0.0
116,1805,0.0
117,1805,1.0
118,1805,0.0
119,1805,5.0
120,1805,0.0
121,1805,0.0
122,1805,2.0
123,1805,0.0
124,1805,2.0
125,1805,0.0
126,1805,3.0
127,1805,1.0
128,1805,0.0
129,1805,1.0
130,1805,1.0
131,1805,1.0
132,1805,0.0
133,1805,0.0
134,1805,0.0
135,1805,0.0
136,1805,0.0
137,1805,1.0
138,1805,0.0
139,1805,0.0
140,1805,0.0
141,1805,3.0
142,1805,0.0
143,1805,1.0
144,1805,0.0
145,1805,3.0
146,1805,2.0
147,1805,1.0
148,1805,1.0
149,1805,2.0
150,1805,9.0
151,1805,10.0
152,1805,0.0
153,1805,0.0
154,1805,1.0
155,1805,0.0
156,1805,0.0
157,1805,0.0
158,1805,0.0
159,1805,0.0
160,1805,7.0
161,1805,4.0
162,1805,12.0
163,1805,10.0
164,1805,1.0
165,1805,5.0
166,1805,0.0
167,1805,5.0
168,1805,7.0
169,1805,4.0
170,1805,2.0
171,1805,0.0
172,1805,1.0
173,1805,2.0
174,1805,0.0
175,1805,0.0
176,1805,0.0
177,1805,1.0
178,1805,2.0
179,1805,0.0
180,1805,3.0
181,1805,0.0
182,1805,1.0
183,1805,0.0
184,1805,1.0
185,1805,0.0
186,1805,0.0
187,1805,0.0
188,1805,4.0
189,1805,0.0
190,1805,0.0
191,1805,2.0
192,1805,0.0
193,1805,1.0
194,1805,1.0
195,1805,0.0
196,1805,1.0
197,1805,0.0
198,1805,0.0
199,1805,0.0
0,1806,0.0
1,1806,0.0
2,1806,8.0
3,1806,4.0
4,1806,0.0
5,1806,0.0
6,1806,0.0
7,1806,1.0
8,1806,0.0
9,1806,1.0
10,1806,7.0
11,1806,0.0
12,1806,0.0
13,1806,1.0
14,1806,1.0
15,1806,0.0
16,1806,1.0
17,1806,0.0
18,1806,2.0
19,1806,1.0
20,1806,0.0
21,1806,0.0
22,1806,0.0
23,1806,0.0
24,1806,1.0
25,1806,1.0
26,1806,1.0
27,1806,0.0
28,1806,2.0
29,1806,0.0
30,1806,3.0
31,1806,1.0
32,1806,0.0
33,1806,0.0
34,1806,1.0
35,1806,5.0
36,1806,0.0
37,1806,4.0
38,1806,0.0
39,1806,2.0
40,1806,0.0
41,1806,2.0
42,1806,0.0
43,1806,0.0
44,1806,1.0
45,1806,3.0
46,1806,1.0
47,1806,1.0
48,1806,1.0
49,1806,1.0
50,1806,0.0
51,1806,5.0
52,1806,1.0
53,1806,51.0
54,1806,3.0
55,1806,0.0
56,1806,0.0
57,1806,1.0
58,1806,0.0
59,1806,1.0
60,1806,0.0
61,1806,21.0
62,1806,5.0
63,1806,0.0
64,1806,1.0
65,1806,1.0
66,1806,9.0
67,1806,0.0
68,1806,0.0
69,1806,0.0
70,1806,0.0
71,1806,9.0
72,1806,34.0
73,1806,0.0
74,1806,0.0
75,1806,1.0
76,1806,0.0
77,1806,5.0
78,1806,0.0
79,1806,0.0
80,1806,0.0
81,1806,2.0
82,1806,2.0
83,1806,0.0
84,1806,6.0
85,1806,35.0
86,1806,7.0
87,1806,0.0
88,1806,0.0
89,1806,0.0
90,1806,0.0
91,1806,1.0
92,1806,8.0
93,1806,0.0
94,1806,1.0
95,1806,0.0
96,1806,0.0
97,1806,4.0
98,1806,3.0
99,1806,0.0
100,1806,1.0
101,1806,1.0
102,1806,2.0
103,1806,1.0
104,1806,0.0
105,1806,6.0
106,1806,12.0
107,1806,0.0
108,1806,1.0
109,1806,6.0
110,1806,11.0
111,1806,1.0
112,1806,1.0
113,1806,1.0
114,1806,0.0
115,1806,0.0
116,1806,1.0
117,1806,0.0
118,1806,3.0
119,1806,4.0
120,1806,0.0
121,1806,0.0
122,1806,0.0
123,1806,0.0
124,1806,0.0
125,1806,2.0
126,1806,1.0
127,1806,3.0
128,1806,1.0
129,1806,2.0
130,1806,1.0
131,1806,0.0
132,1806,0.0
133,1806,0.0
134,1806,1.0
135,1806,0.0
136,1806,0.0
137,1806,1.0
138,1806,0.0
139,1806,0.0
140,1806,0.0
141,1806,0.0
142,1806,1.0
143,1806,0.0
144,1806,1.0
145,1806,5.0
146,1806,1.0
147,1806,7.0
148,1806,2.0
149,1806,1.0
150,1806,9.0
151,1806,11.0
152,1806,0.0
153,1806,1.0
154,1806,6.0
155,1806,0.0
156,1806,1.0
157,1806,7.0
158,1806,0.0
159,1806,5.0
160,1806,3.0
161,1806,4.0
162,1806,12.0
163,1806,10.0
164,1806,5.0
165,1806,2.0
166,1806,6.0
167,1806,5.0
168,1806,9.0
169,1806,7.0
170,1806,0.0
171,1806,2.0
172,1806,0.0
173,1806,2.0
174,1806,6.0
175,1806,0.0
176,1806,0.0
177,1806,2.0
178,1806,0.0
179,1806,0.0
180,1806,2.0
181,1806,0.0
182,1806,0.0
183,1806,0.0
184,1806,4.0
185,1806,0.0
186,1806,0.0
187,1806,0.0
188,1806,4.0
189,1806,0.0
190,1806,0.0
191,1806,0.0
192,1806,1.0
193,1806,2.0
194,1806,1.0
195,1806,0.0
196,1806,1.0
197,1806,0.0
198,1806,0.0
199,1806,1.0
0,1807,2.0
1,1807,2.0
2,1807,9.0
3,1807,2.0
4,1807,0.0
5,1807,0.0
6,1807,0.0
7,1807,0.0
8,1807,0.0
9,1807,9.0
10,1807,8.0
11,1807,0.0
12,1807,2.0
13,1807,0.0
14,1807,1.0
15,1807,3.0
16,1807,4.0
17,1807,6.0
18,1807,0.0
19,1807,2.0
20,1807,1.0
21,1807,0.0
22,1807,1.0
23,1807,2.0
24,1807,1.0
25,1807,0.0
26,1807,1.0
27,1807,0.0
28,1807,2.0
29,1807,0.0
30,1807,2.0
31,1807,2.0
32,1807,0.0
33,1807,0.0
34,1807,7.0
35,1807,4.0
36,1807,0.0
37,1807,3.0
38,1807,0.0
39,1807,2.0
40,1807,2.0
41,1807,4.0
42,1807,3.0
43,1807,0.0
44,1807,0.0
45,1807,1.0
46,1807,0.0
47,1807,3.0
48,1807,2.0
49,1807,3.0
50,1807,2.0
51,1807,4.0
52,1807,2.0
53,1807,77.0
54,1807,0.0
55,1807,0.0
56,1807,0.0
57,1807,0.0
58,1807,0.0
59,1807,2.0
60,1807,0.0
61,1807,35.0
62,1807,1.0
63,1807,2.0
64,1807,9.0
65,1807,0.0
66,1807,10.0
67,1807,0.0
68,1807,2.0
69,1807,0.0
70,1807,0.0
71,1807,7.0
72,1807,25.0
73,1807,0.0
74,1807,0.0
75,1807,1.0
76,1807,0.0
77,1807,3.0
78,1807,0.0
79,1807,0.0
80,1807,0.0
81,1807,3.0
82,1807,4.0
83,1807,0.0
84,1807,3.0
85,1807,38.0
86,1807,8.0
87,1807,1.0
88,1807,2.0
89,1807,0.0
90,1807,1.0
91,1807,13.0
92,1807,9.0
93,1807,0.0
94,1807,1.0
95,1807,0.0
96,1807,0.0
97,1807,0.0
98,1807,8.0
99,1807,2.0
100,1807,2.0
101,1807,2.0
102,1807,2.0
103,1807,0.0
104,1807,3.0
105,1807,6.0
106,1807,21.0
107,1807,5.0
108,1807,3.0
109,1807,3.0
110,1807,6.0
111,1807,4.0
112,1807,0.0
113,1807,2.0
114,1807,3.0
115,1807,0.0
116,1807,3.0
117,1807,1.0
118,1807,0.0
119,1807,8.0
120,1807,0.0
121,1807,0.0
122,1807,1.0
123,1807,0.0
124,1807,0.0
125,1807,3.0
126,1807,2.0
127,1807,3.0
128,1807,1.0
129,1807,1.0
130,1807,1.0
131,1807,2.0
132,1807,0.0
133,1807,0.0
134,1807,0.0
135,1807,0.0
136,1807,0.0
137,1807,5.0
138,1807,0.0
139,1807,0.0
140,1807,1.0
141,1807,1.0
142,1807,0.0
143,1807,5.0
144,1807,2.0
145,1807,0.0
146,1807,1.0
147,1807,8.0
148,1807,0.0
149,1807,1.0
150,1807,12.0
151,1807,6.0
152,1807,0.0
153,1807,0.0
154,1807,0.0
155,1807,0.0
156,1807,1.0
157,1807,3.0
158,1807,2.0
159,1807,3.0
160,1807,7.0
161,1807,4.0
162,1807,9.0
163,1807,18.0
164,1807,4.0
165,1807,3.0
166,1807,8.0
167,1807,14.0
168,1807,2.0
169,1807,13.0
170,1807,0.0
171,1807,6.0
172,1807,0.0
173,1807,1.0
174,1807,2.0
175,1807,0.0
176,1807,0.0
177,1807,3.0
178,1807,1.0
179,1807,2.0
180,1807,2.0
181,1807,0.0
182,1807,1.0
183,1807,2.0
184,1807,1.0
185,1807,0.0
186,1807,0.0
187,1807,0.0
188,1807,3.0
189,1807,0.0
190,1807,0.0
191,1807,0.0
192,1807,1.0
193,1807,1.0
194,1807,0.0
195,1807,0.0
196,1807,1.0
197,1807,1.0
198,1807,1.0
199,1807,0.0
0,1808,2.0
1,1808,0.0
2,1808,34.0
3,1808,0.0
4,1808,0.0
5,1808,0.0
6,1808,0.0
7,1808,0.0
8,1808,0.0
9,1808,9.0
10,1808,10.0
11,1808,2.0
12,1808,2.0
13,1808,0.0
14,1808,1.0
15,1808,1.0
16,1808,2.0
17,1808,0.0
18,1808,0.0
19,1808,0.0
20,1808,3.0
21,1808,0.0
22,1808,2.0
23,1808,1.0
24,1808,0.0
25,1808,0.0
26,1808,0.0
27,1808,0.0
28,1808,3.0
29,1808,0.0
30,1808,7.0
31,1808,1.0
32,1808,0.0
33,1808,0.0
34,1808,2.0
35,1808,20.0
36,1808,1.0
37,1808,2.0
38,1808,0.0
39,1808,4.0
40,1808,0.0
41,1808,0.0
42,1808,1.0
43,1808,0.0
44,1808,1.0
45,1808,5.0
46,1808,1.0
47,1808,2.0
48,1808,1.0
49,1808,0.0
50,1808,0.0
51,1808,3.0
52,1808,4.0
53,1808,37.0
54,1808,0.0
55,1808,0.0
56,1808,0.0
57,1808,0.0
58,1808,0.0
59,1808,2.0
60,1808,0.0
61,1808,35.0
62,1808,1.0
63,1808,0.0
64,1808,2.0
65,1808,2.0
66,1808,13.0
67,1808,0.0
68,1808,1.0
69,1808,0.0
70,1808,0.0
71,1808,8.0
72,1808,39.0
73,1808,0.0
74,1808,0.0
75,1808,0.0
76,1808,0.0
77,1808,3.0
78,1808,0.0
79,1808,0.0
80,1808,0.0
81,1808,2.0
82,1808,5.0
83,1808,0.0
84,1808,7.0
85,1808,28.0
86,1808,8.0
87,1808,0.0
88,1808,1.0
89,1808,0.0
90,1808,1.0
91,1808,7.0
92,1808,8.0
93,1808,0.0
94,1808,3.0
95,1808,0.0
96,1808,0.0
97,1808,0.0
98,1808,2.0
99,1808,0.0
100,1808,5.0
101,1808,0.0
102,1808,2.0
103,1808,4.0
104,1808,6.0
105,1808,3.0
106,1808,18.0
107,1808,7.0
108,1808,2.0
109,1808,4.0
110,1808,5.0
111,1808,7.0
112,1808,1.0
113,1808,3.0
114,1808,3.0
115,1808,0.0
116,1808,1.0
117,1808,4.0
118,1808,1.0
119,1808,5.0
120,1808,0.0
121,1808,0.0
122,1808,0.0
123,1808,0.0
124,1808,1.0
125,1808,5.0
126,1808,0.0
127,1808,0.0
128,1808,3.0
129,1808,0.0
130,1808,5.0
131,1808,1.0
132,1808,0.0
133,1808,1.0
134,1808,0.0
135,1808,0.0
136,1808,0.0
137,1808,2.0
138,1808,0.0
139,1808,0.0
140,1808,1.0
141,1808,0.0
142,1808,0.0
143,1808,1.0
144,1808,1.0
145,1808,0.0
146,1808,0.0
147,1808,3.0
148,1808,1.0
149,1808,1.0
150,1808,24.0
151,1808,8.0
152,1808,0.0
153,1808,0.0
154,1808,2.0
155,1808,2.0
156,1808,0.0
157,1808,1.0
158,1808,2.0
159,1808,4.0
160,1808,14.0
161,1808,7.0
162,1808,17.0
163,1808,13.0
164,1808,5.0
165,1808,4.0
166,1808,6.0
167,1808,8.0
168,1808,4.0
169,1808,20.0
170,1808,1.0
171,1808,3.0
172,1808,2.0
173,1808,2.0
174,1808,3.0
175,1808,0.0
176,1808,0.0
177,1808,3.0
178,1808,2.0
179,1808,1.0
180,1808,2.0
181,1808,0.0
182,1808,2.0
183,1808,0.0
184,1808,0.0
185,1808,0.0
186,1808,0.0
187,1808,0.0
188,1808,8.0
189,1808,0.0
190,1808,0.0
191,1808,0.0
192,1808,1.0
193,1808,1.0
194,1808,0.0
195,1808,0.0
196,1808,0.0
197,1808,0.0
198,1808,0.0
199,1808,0.0
0,1809,4.0
1,1809,3.0
2,1809,14.0
3,1809,1.0
4,1809,0.0
5,1809,0.0
6,1809,1.0
7,1809,0.0
8,1809,0.0
9,1809,1.0
10,1809,5.0
11,1809,1.0
12,1809,1.0
13,1809,3.0
14,1809,1.0
15,1809,7.0
16,1809,1.0
17,1809,4.0
18,1809,1.0
19,1809,2.0
20,1809,1.0
21,1809,0.0
22,1809,0.0
23,1809,0.0
24,1809,0.0
25,1809,1.0
26,1809,0.0
27,1809,0.0
28,1809,1.0
29,1809,0.0
30,1809,7.0
31,1809,1.0
32,1809,2.0
33,1809,0.0
34,1809,8.0
35,1809,6.0
36,1809,0.0
37,1809,4.0
38,1809,0.0
39,1809,4.0
40,1809,0.0
41,1809,1.0
42,1809,3.0
43,1809,0.0
44,1809,0.0
45,1809,0.0
46,1809,0.0
47,1809,0.0
48,1809,1.0
49,1809,1.0
50,1809,0.0
51,1809,8.0
52,1809,0.0
53,1809,53.0
54,1809,1.0
55,1809,1.0
56,1809,0.0
57,1809,2.0
58,1809,0.0
59,1809,0.0
60,1809,0.0
61,1809,25.0
62,1809,2.0
63,1809,3.0
64,1809,2.0
65,1809,0.0
66,1809,2.0
67,1809,0.0
68,1809,1.0
69,1809,0.0
70,1809,0.0
71,1809,2.0
72,1809,30.0
73,1809,0.0
74,1809,0.0
75,1809,0.0
76,1809,0.0
77,1809,2.0
78,1809,0.0
79,1809,0.0
80,1809,0.0
81,1809,1.0
82,1809,3.0
83,1809,0.0
84,1809,1.0
85,1809,25.0
86,1809,11.0
87,1809,1.0
88,1809,1.0
89,1809,0.0
90,1809,0.0
91,1809,5.0
92,1809,10.0
93,1809,0.0
94,1809,1.0
95,1809,0.0
96,1809,0.0
97,1809,0.0
98,1809,2.0
99,1809,2.0
100,1809,2.0
101,1809,1.0
102,1809,1.0
103,1809,1.0
104,1809,4.0
105,1809,1.0
106,1809,9.0
107,1809,1.0
108,1809,4.0
109,1809,4.0
110,1809,6.0
111,1809,3.0
112,1809,0.0
113,1809,0.0
114,1809,2.0
115,1809,0.0
116,1809,1.0
117,1809,1.0
118,1809,0.0
119,1809,6.0
120,1809,0.0
121,1809,0.0
122,1809,2.0
123,1809,1.0
124,1809,1.0
125,1809,0.0
126,1809,0.0
127,1809,1.0
128,1809,0.0
129,1809,0.0
130,1809,2.0
131,1809,0.0
132,1809,4.0
133,1809,0.0
134,1809,0.0
135,1809,0.0
136,1809,0.0
137,1809,0.0
138,1809,0.0
139,1809,0.0
140,1809,1.0
141,1809,2.0
142,1809,0.0
143,1809,0.0
144,1809,1.0
145,1809,1.0
146,1809,2.0
147,1809,4.0
148,1809,0.0
149,1809,2.0
150,1809,19.0
151,1809,5.0
152,1809,1.0
153,1809,3.0
154,1809,0.0
155,1809,1.0
156,1809,1.0
157,1809,1.0
158,1809,1.0
159,1809,2.0
160,1809,6.0
161,1809,5.0
162,1809,8.0
163,1809,5.0
164,1809,1.0
165,1809,1.0
166,1809,1.0
167,1809,6.0
168,1809,0.0
169,1809,9.0
170,1809,0.0
171,1809,2.0
172,1809,0.0
173,1809,1.0
174,1809,1.0
175,1809,0.0
176,1809,0.0
177,1809,0.0
178,1809,0.0
179,1809,0.0
180,1809,0.0
181,1809,0.0
182,1809,2.0
183,1809,0.0
184,1809,0.0
185,1809,0.0
186,1809,1.0
187,1809,0.0
188,1809,5.0
189,1809,0.0
190,1809,0.0
191,1809,0.0
192,1809,0.0
193,1809,1.0
194,1809,0.0
195,1809,0.0
196,1809,0.0
197,1809,0.0
198,1809,4.0
199,1809,0.0
0,1810,0.0
1,1810,0.0
2,1810,11.0
3,1810,0.0
4,1810,0.0
5,1810,0.0
6,1810,1.0
7,1810,0.0
8,1810,0.0
9,1810,0.0
10,1810,1.0
11,1810,1.0
12,1810,0.0
13,1810,2.0
14,1810,0.0
15,1810,1.0
16,1810,1.0
17,1810,0.0
18,1810,0.0
19,1810,2.0
20,1810,1.0
21,1810,1.0
22,1810,3.0
23,1810,1.0
24,1810,0.0
25,1810,0.0
26,1810,0.0
27,1810,0.0
28,1810,0.0
29,1810,0.0
30,1810,2.0
31,1810,0.0
32,1810,0.0
33,1810,7.0
34,1810,1.0
35,1810,6.0
36,1810,0.0
37,1810,0.0
38,1810,0.0
39,1810,0.0
40,1810,0.0
41,1810,4.0
42,1810,0.0
43,1810,0.0
44,1810,0.0
45,1810,0.0
46,1810,0.0
47,1810,2.0
48,1810,1.0
49,1810,5.0
50,1810,1.0
51,1810,7.0
52,1810,1.0
53,1810,23.0
54,1810,2.0
55,1810,0.0
56,1810,1.0
57,1810,3.0
58,1810,0.0
59,1810,1.0
60,1810,0.0
61,1810,25.0
62,1810,0.0
63,1810,0.0
64,1810,0.0
65,1810,0.0
66,1810,6.0
67,1810,0.0
68,1810,0.0
69,1810,0.0
70,1810,0.0
71,1810,0.0
72,1810,19.0
73,1810,0.0
74,1810,0.0
75,1810,0.0
76,1810,0.0
77,1810,2.0
78,1810,0.0
79,1810,0.0
80,1810,0.0
81,1810,0.0
82,1810,3.0
83,1810,0.0
84,1810,8.0
85,1810,22.0
86,1810,3.0
87,1810,1.0
88,1810,1.0
89,1810,0.0
90,1810,2.0
91,1810,3.0
92,1810,3.0
93,1810,2.0
94,1810,2.0
95,1810,0.0
96,1810,0.0
97,1810,3.0
98,1810,3.0
99,1810,2.0
100,1810,2.0
101,1810,0.0
102,1810,0.0
103,1810,1.0
104,1810,2.0
105,1810,2.0
106,1810,9.0
107,1810,1.0
108,1810,3.0
109,1810,7.0
110,1810,6.0
111,1810,0.0
112,1810,2.0
113,1810,2.0
114,1810,3.0
115,1810,0.0
116,1810,0.0
117,1810,3.0
118,1810,0.0
119,1810,1.0
120,1810,1.0
121,1810,0.0
122,1810,3.0
123,1810,1.0
124,1810,0.0
125,1810,1.0
126,1810,0.0
127,1810,0.0
128,1810,1.0
129,1810,1.0
130,1810,7.0
131,1810,1.0
132,1810,5.0
133,1810,0.0
134,1810,0.0
135,1810,0.0
136,1810,0.0
137,1810,1.0
138,1810,0.0
139,1810,0.0
140,1810,0.0
141,1810,2.0
142,1810,0.0
143,1810,0.0
144,1810,2.0
145,1810,3.0
146,1810,1.0
147,1810,0.0
148,1810,0.0
149,1810,0.0
150,1810,8.0
151,1810,9.0
152,1810,0.0
153,1810,1.0
154,1810,2.0
155,1810,0.0
156,1810,0.0
157,1810,0.0
158,1810,0.0
159,1810,5.0
160,1810,4.0
161,1810,0.0
162,1810,7.0
163,1810,12.0
164,1810,2.0
165,1810,6.0
166,1810,1.0
167,1810,7.0
168,1810,0.0
169,1810,18.0
170,1810,0.0
171,1810,4.0
172,1810,1.0
173,1810,0.0
174,1810,0.0
175,1810,0.0
176,1810,0.0
177,1810,1.0
178,1810,0.0
179,1810,0.0
180,1810,4.0
181,1810,1.0
182,1810,0.0
183,1810,0.0
184,1810,0.0
185,1810,0.0
186,1810,0.0
187,1810,1.0
188,1810,1.0
189,1810,0.0
190,1810,0.0
191,1810,0.0
192,1810,0.0
193,1810,0.0
194,1810,0.0
195,1810,0.0
196,1810,0.0
197,1810,1.0
198,1810,0.0
199,1810,0.0
0,1811,0.0
1,1811,2.0
2,1811,14.0
3,1811,0.0
4,1811,0.0
5,1811,0.0
6,1811,0.0
7,1811,1.0
8,1811,0.0
9,1811,6.0
10,1811,5.0
11,1811,0.0
12,1811,0.0
13,1811,0.0
14,1811,0.0
15,1811,2.0
16,1811,1.0
17,1811,1.0
18,1811,3.0
19,1811,0.0
20,1811,0.0
21,1811,0.0
22,1811,0.0
23,1811,1.0
24,1811,0.0
25,1811,0.0
26,1811,1.0
27,1811,0.0
28,1811,0.0
29,1811,1.0
30,1811,4.0
31,1811,3.0
32,1811,0.0
33,1811,1.0
34,1811,2.0
35,1811,12.0
36,1811,0.0
37,1811,0.0
38,1811,2.0
39,1811,4.0
40,1811,4.0
41,1811,2.0
42,1811,1.0
43,1811,0.0
44,1811,1.0
45,1811,0.0
46,1811,1.0
47,1811,0.0
48,1811,0.0
49,1811,1.0
50,1811,0.0
51,1811,4.0
52,1811,3.0
53,1811,14.0
54,1811,8.0
55,1811,0.0
56,1811,4.0
57,1811,1.0
58,1811,0.0
59,1811,1.0
60,1811,0.0
61,1811,15.0
62,1811,2.0
63,1811,1.0
64,1811,2.0
65,1811,0.0
66,1811,3.0
67,1811,0.0
68,1811,2.0
69,1811,0.0
70,1811,0.0
71,1811,0.0
72,1811,20.0
73,1811,0.0
74,1811,0.0
75,1811,0.0
76,1811,0.0
77,1811,1.0
78,1811,0.0
79,1811,0.0
80,1811,0.0
81,1811,0.0
82,1811,5.0
83,1811,0.0
84,1811,2.0
85,1811,27.0
86,1811,3.0
87,1811,0.0
88,1811,2.0
89,1811,0.0
90,1811,0.0
91,1811,1.0
92,1811,9.0
93,1811,0.0
94,1811,3.0
95,1811,0.0
96,1811,0.0
97,1811,0.0
98,1811,3.0
99,1811,1.0
100,1811,2.0
101,1811,1.0
102,1811,0.0
103,1811,2.0
104,1811,1.0
105,1811,3.0
106,1811,1.0
107,1811,1.0
108,1811,4.0
109,1811,1.0
110,1811,0.0
111,1811,0.0
112,1811,0.0
113,1811,0.0
114,1811,1.0
115,1811,0.0
116,1811,1.0
117,1811,0.0
118,1811,0.0
119,1811,8.0
120,1811,0.0
121,1811,0.0
122,1811,0.0
123,1811,1.0
124,1811,1.0
125,1811,0.0
126,1811,0.0
127,1811,1.0
128,1811,2.0
129,1811,1.0
130,1811,0.0
131,1811,3.0
132,1811,0.0
133,1811,0.0
134,1811,1.0
135,1811,0.0
136,1811,0.0
137,1811,2.0
138,1811,0.0
139,1811,0.0
140,1811,0.0
141,1811,1.0
142,1811,1.0
143,1811,0.0
144,1811,3.0
145,1811,1.0
146,1811,1.0
147,1811,1.0
148,1811,1.0
149,1811,0.0
150,1811,10.0
151,1811,4.0
152,1811,5.0
153,1811,0.0
154,1811,0.0
155,1811,2.0
156,1811,0.0
157,1811,0.0
158,1811,1.0
159,1811,3.0
160,1811,3.0
161,1811,2.0
162,1811,23.0
163,1811,8.0
164,1811,0.0
165,1811,4.0
166,1811,0.0
167,1811,13.0
168,1811,3.0
169,1811,7.0
170,1811,1.0
171,1811,2.0
172,1811,0.0
173,1811,1.0
174,1811,2.0
175,1811,0.0
176,1811,0.0
177,1811,0.0
178,1811,0.0
179,1811,0.0
180,1811,0.0
181,1811,0.0
182,1811,3.0
183,1811,0.0
184,1811,1.0
185,1811,0.0
186,1811,1.0
187,1811,1.0
188,1811,2.0
189,1811,1.0
190,1811,0.0
191,1811,2.0
192,1811,0.0
193,1811,0.0
194,1811,1.0
195,1811,0.0
196,1811,0.0
197,1811,0.0
198,1811,3.0
199,1811,0.0
0,1812,0.0
1,1812,0.0
2,1812,17.0
3,1812,1.0
4,1812,0.0
5,1812,0.0
6,1812,1.0
7,1812,0.0
8,1812,0.0
9,1812,2.0
10,1812,2.0
11,1812,1.0
12,1812,4.0
13,1812,1.0
14,1812,2.0
15,1812,3.0
16,1812,0.0
17,1812,1.0
18,1812,1.0
19,1812,0.0
20,1812,0.0
21,1812,0.0
22,1812,0.0
23,1812,0.0
24,1812,1.0
25,1812,1.0
26,1812,0.0
27,1812,0.0
28,1812,3.0
29,1812,2.0
30,1812,3.0
31,1812,1.0
32,1812,0.0
33,1812,15.0
34,1812,0.0
35,1812,11.0
36,1812,0.0
37,1812,1.0
38,1812,0.0
39,1812,1.0
40,1812,2.0
41,1812,0.0
42,1812,0.0
43,1812,0.0
44,1812,0.0
45,1812,1.0
46,1812,0.0
47,1812,2.0
48,1812,0.0
49,1812,5.0
50,1812,1.0
51,1812,3.0
52,1812,2.0
53,1812,6.0
54,1812,4.0
55,1812,1.0
56,1812,5.0
57,1812,2.0
58,1812,0.0
59,1812,2.0
60,1812,0.0
61,1812,19.0
62,1812,1.0
63,1812,0.0
64,1812,6.0
65,1812,0.0
66,1812,6.0
67,1812,0.0
68,1812,1.0
69,1812,0.0
70,1812,0.0
71,1812,0.0
72,1812,20.0
73,1812,0.0
74,1812,0.0
75,1812,1.0
76,1812,0.0
77,1812,1.0
78,1812,0.0
79,1812,0.0
80,1812,0.0
81,1812,0.0
82,1812,4.0
83,1812,0.0
84,1812,4.0
85,1812,16.0
86,1812,4.0
87,1812,1.0
88,1812,4.0
89,1812,0.0
90,1812,0.0
91,1812,3.0
92,1812,9.0
93,1812,0.0
94,1812,0.0
95,1812,0.0
96,1812,0.0
97,1812,0.0
98,1812,0.0
99,1812,1.0
100,1812,2.0
101,1812,0.0
102,1812,0.0
103,1812,3.0
104,1812,6.0
105,1812,4.0
106,1812,10.0
107,1812,5.0
108,1812,1.0
109,1812,3.0
110,1812,3.0
111,1812,2.0
112,1812,0.0
113,1812,0.0
114,1812,1.0
115,1812,0.0
116,1812,0.0
117,1812,1.0
118,1812,0.0
119,1812,5.0
120,1812,1.0
121,1812,1.0
122,1812,0.0
123,1812,2.0
124,1812,1.0
125,1812,1.0
126,1812,0.0
127,1812,2.0
128,1812,2.0
129,1812,1.0
130,1812,0.0
131,1812,0.0
132,1812,3.0
133,1812,1.0
134,1812,0.0
135,1812,0.0
136,1812,0.0
137,1812,0.0
138,1812,0.0
139,1812,0.0
140,1812,0.0
141,1812,3.0
142,1812,0.0
143,1812,0.0
144,1812,0.0
145,1812,5.0
146,1812,2.0
147,1812,2.0
148,1812,0.0
149,1812,0.0
150,1812,10.0
151,1812,9.0
152,1812,1.0
153,1812,1.0
154,1812,2.0
155,1812,2.0
156,1812,0.0
157,1812,0.0
158,1812,3.0
159,1812,3.0
160,1812,8.0
161,1812,1.0
162,1812,7.0
163,1812,10.0
164,1812,2.0
165,1812,2.0
166,1812,3.0
167,1812,11.0
168,1812,9.0
169,1812,4.0
170,1812,0.0
171,1812,3.0
172,1812,0.0
173,1812,10.0
174,1812,0.0
175,1812,0.0
176,1812,0.0
177,1812,0.0
178,1812,0.0
179,1812,2.0
180,1812,0.0
181,1812,0.0
182,1812,3.0
183,1812,1.0
184,1812,0.0
185,1812,0.0
186,1812,0.0
187,1812,0.0
188,1812,4.0
189,1812,0.0
190,1812,0.0
191,1812,3.0
192,1812,1.0
193,1812,2.0
194,1812,1.0
195,1812,0.0
196,1812,1.0
197,1812,0.0
198,1812,1.0
199,1812,0.0
0,1813,3.0
1,1813,0.0
2,1813,11.0
3,1813,1.0
4,1813,0.0
5,1813,0.0
6,1813,1.0
7,1813,0.0
8,1813,0.0
9,1813,1.0
10,1813,5.0
11,1813,0.0
12,1813,1.0
13,1813,1.0
14,1813,1.0
15,1813,1.0
16,1813,0.0
17,1813,0.0
18,1813,1.0
19,1813,2.0
20,1813,2.0
21,1813,0.0
22,1813,0.0
23,1813,0.0
24,1813,0.0
25,1813,1.0
26,1813,4.0
27,1813,0.0
28,1813,3.0
29,1813,0.0
30,1813,1.0
31,1813,0.0
32,1813,0.0
33,1813,0.0
34,1813,1.0
35,1813,4.0
36,1813,0.0
37,1813,1.0
38,1813,0.0
39,1813,1.0
40,1813,0.0
41,1813,4.0
42,1813,1.0
43,1813,0.0
44,1813,0.0
45,1813,3.0
46,1813,0.0
47,1813,1.0
48,1813,0.0
49,1813,3.0
50,1813,2.0
51,1813,6.0
52,1813,5.0
53,1813,22.0
54,1813,2.0
55,1813,0.0
56,1813,0.0
57,1813,1.0
58,1813,0.0
59,1813,0.0
60,1813,0.0
61,1813,23.0
62,1813,0.0
63,1813,1.0
64,1813,3.0
65,1813,1.0
66,1813,6.0
67,1813,0.0
68,1813,3.0
69,1813,0.0
70,1813,1.0
71,1813,4.0
72,1813,16.0
73,1813,0.0
74,1813,2.0
75,1813,2.0
76,1813,0.0
77,1813,3.0
78,1813,0.0
79,1813,0.0
80,1813,0.0
81,1813,1.0
82,1813,5.0
83,1813,0.0
84,1813,4.0
85,1813,30.0
86,1813,3.0
87,1813,1.0
88,1813,2.0
89,1813,0.0
90,1813,1.0
91,1813,3.0
92,1813,6.0
93,1813,1.0
94,1813,2.0
95,1813,0.0
96,1813,0.0
97,1813,1.0
98,1813,3.0
99,1813,1.0
100,1813,0.0
101,1813,0.0
102,1813,0.0
103,1813,5.0
104,1813,2.0
105,1813,5.0
106,1813,4.0
107,1813,2.0
108,1813,3.0
109,1813,4.0
110,1813,10.0
111,1813,5.0
112,1813,0.0
113,1813,1.0
114,1813,0.0
115,1813,0.0
116,1813,2.0
117,1813,1.0
118,1813,0.0
119,1813,6.0
120,1813,0.0
121,1813,2.0
122,1813,1.0
123,1813,0.0
124,1813,1.0
125,1813,3.0
126,1813,0.0
127,1813,1.0
128,1813,2.0
129,1813,1.0
130,1813,9.0
131,1813,0.0
132,1813,1.0
133,1813,0.0
134,1813,1.0
135,1813,0.0
136,1813,0.0
137,1813,0.0
138,1813,0.0
139,1813,0.0
140,1813,1.0
141,1813,0.0
142,1813,0.0
143,1813,1.0
144,1813,0.0
145,1813,2.0
146,1813,0.0
147,1813,5.0
148,1813,0.0
149,1813,1.0
150,1813,15.0
151,1813,5.0
152,1813,0.0
153,1813,0.0
154,1813,1.0
155,1813,0.0
156,1813,0.0
157,1813,0.0
158,1813,0.0
159,1813,7.0
160,1813,17.0
161,1813,5.0
162,1813,9.0
163,1813,10.0
164,1813,1.0
165,1813,3.0
166,1813,2.0
167,1813,11.0
168,1813,2.0
169,1813,6.0
170,1813,1.0
171,1813,2.0
172,1813,0.0
173,1813,0.0
174,1813,2.0
175,1813,0.0
176,1813,0.0
177,1813,3.0
178,1813,1.0
179,1813,0.0
180,1813,3.0
181,1813,0.0
182,1813,4.0
183,1813,0.0
184,1813,2.0
185,1813,1.0
186,1813,0.0
187,1813,1.0
188,1813,9.0
189,1813,0.0
190,1813,0.0
191,1813,0.0
192,1813,1.0
193,1813,0.0
194,1813,1.0
195,1813,0.0
196,1813,0.0
197,1813,0.0
198,1813,1.0
199,1813,0.0
0,1814,4.0
1,1814,3.0
2,1814,11.0
3,1814,0.0
4,1814,0.0
5,1814,0.0
6,1814,1.0
7,1814,2.0
8,1814,0.0
9,1814,3.0
10,1814,2.0
11,1814,0.0
12,1814,1.0
13,1814,0.0
14,1814,1.0
15,1814,3.0
16,1814,0.0
17,1814,1.0
18,1814,1.0
19,1814,2.0
20,1814,0.0
21,1814,0.0
22,1814,0.0
23,1814,1.0
24,1814,2.0
25,1814,1.0
26,1814,0.0
27,1814,0.0
28,1814,0.0
29,1814,0.0
30,1814,1.0
31,1814,2.0
32,1814,1.0
33,1814,0.0
34,1814,1.0
35,1814,8.0
36,1814,0.0
37,1814,2.0
38,1814,1.0
39,1814,3.0
40,1814,1.0
41,1814,3.0
42,1814,2.0
43,1814,0.0
44,1814,0.0
45,1814,0.0
46,1814,0.0
47,1814,6.0
48,1814,0.0
49,1814,1.0
50,1814,1.0
51,1814,4.0
52,1814,5.0
53,1814,6.0
54,1814,5.0
55,1814,0.0
56,1814,0.0
57,1814,0.0
58,1814,0.0
59,1814,2.0
60,1814,0.0
61,1814,34.0
62,1814,3.0
63,1814,5.0
64,1814,0.0
65,1814,0.0
66,1814,10.0
67,1814,0.0
68,1814,3.0
69,1814,0.0
70,1814,4.0
71,1814,6.0
72,1814,33.0
73,1814,0.0
74,1814,1.0
75,1814,0.0
76,1814,0.0
77,1814,3.0
78,1814,0.0
79,1814,0.0
80,1814,0.0
81,1814,3.0
82,1814,5.0
83,1814,0.0
84,1814,2.0
85,1814,43.0
86,1814,4.0
87,1814,0.0
88,1814,2.0
89,1814,0.0
90,1814,0.0
91,1814,5.0
92,1814,10.0
93,1814,0.0
94,1814,0.0
95,1814,0.0
96,1814,0.0
97,1814,0.0
98,1814,4.0
99,1814,0.0
100,1814,7.0
101,1814,0.0
102,1814,1.0
103,1814,5.0
104,1814,3.0
105,1814,6.0
106,1814,16.0
107,1814,4.0
108,1814,0.0
109,1814,7.0
110,1814,4.0
111,1814,4.0
112,1814,0.0
113,1814,5.0
114,1814,3.0
115,1814,2.0
116,1814,2.0
117,1814,0.0
118,1814,1.0
119,1814,3.0
120,1814,0.0
121,1814,1.0
122,1814,1.0
123,1814,1.0
124,1814,0.0
125,1814,3.0
126,1814,0.0
127,1814,2.0
128,1814,2.0
129,1814,0.0
130,1814,4.0
131,1814,2.0
132,1814,1.0
133,1814,0.0
134,1814,1.0
135,1814,0.0
136,1814,0.0
137,1814,1.0
138,1814,0.0
139,1814,0.0
140,1814,0.0
141,1814,1.0
142,1814,1.0
143,1814,5.0
144,1814,0.0
145,1814,0.0
146,1814,0.0
147,1814,2.0
148,1814,0.0
149,1814,1.0
150,1814,18.0
151,1814,14.0
152,1814,0.0
153,1814,1.0
154,1814,0.0
155,1814,1.0
156,1814,0.0
157,1814,3.0
158,1814,1.0
159,1814,6.0
160,1814,8.0
161,1814,2.0
162,1814,11.0
163,1814,16.0
164,1814,2.0
165,1814,4.0
166,1814,10.0
167,1814,12.0
168,1814,5.0
169,1814,21.0
170,1814,1.0
171,1814,3.0
172,1814,3.0
173,1814,0.0
174,1814,5.0
175,1814,0.0
176,1814,0.0
177,1814,0.0
178,1814,0.0
179,1814,0.0
180,1814,3.0
181,1814,0.0
182,1814,2.0
183,1814,1.0
184,1814,3.0
185,1814,1.0
186,1814,0.0
187,1814,2.0
188,1814,7.0
189,1814,0.0
190,1814,0.0
191,1814,0.0
192,1814,1.0
193,1814,0.0
194,1814,1.0
195,1814,0.0
196,1814,2.0
197,1814,0.0
198,1814,1.0
199,1814,1.0
0,1815,1.0
1,1815,2.0
2,1815,8.0
3,1815,1.0
4,1815,0.0
5,1815,0.0
6,1815,0.0
7,1815,0.0
8,1815,0.0
9,1815,3.0
10,1815,1.0
11,1815,0.0
12,1815,3.0
13,1815,4.0
14,1815,2.0
15,1815,4.0
16,1815,5.0
17,1815,0.0
18,1815,0.0
19,1815,1.0
20,1815,3.0
21,1815,0.0
22,1815,4.0
23,1815,0.0
24,1815,1.0
25,1815,0.0
26,1815,5.0
27,1815,0.0
28,1815,2.0
29,1815,1.0
30,1815,5.0
31,1815,2.0
32,1815,1.0
33,1815,2.0
34,1815,2.0
35,1815,8.0
36,1815,2.0
37,1815,3.0
38,1815,2.0
39,1815,4.0
40,1815,0.0
41,1815,3.0
42,1815,0.0
43,1815,0.0
44,1815,2.0
45,1815,0.0
46,1815,0.0
47,1815,1.0
48,1815,3.0
49,1815,2.0
50,1815,0.0
51,1815,3.0
52,1815,1.0
53,1815,13.0
54,1815,1.0
55,1815,0.0
56,1815,0.0
57,1815,2.0
58,1815,0.0
59,1815,0.0
60,1815,0.0
61,1815,39.0
62,1815,4.0
63,1815,1.0
64,1815,2.0
65,1815,0.0
66,1815,6.0
67,1815,0.0
68,1815,2.0
69,1815,0.0
70,1815,4.0
71,1815,2.0
72,1815,48.0
73,1815,0.0
74,1815,0.0
75,1815,4.0
76,1815,0.0
77,1815,3.0
78,1815,0.0
79,1815,0.0
80,1815,0.0
81,1815,1.0
82,1815,7.0
83,1815,0.0
84,1815,1.0
85,1815,25.0
86,1815,3.0
87,1815,0.0
88,1815,4.0
89,1815,0.0
90,1815,0.0
91,1815,13.0
92,1815,12.0
93,1815,0.0
94,1815,0.0
95,1815,0.0
96,1815,0.0
97,1815,1.0
98,1815,7.0
99,1815,1.0
100,1815,1.0
101,1815,0.0
102,1815,0.0
103,1815,2.0
104,1815,2.0
105,1815,4.0
106,1815,18.0
107,1815,5.0
108,1815,1.0
109,1815,7.0
110,1815,13.0
111,1815,4.0
112,1815,1.0
113,1815,1.0
114,1815,1.0
115,1815,0.0
116,1815,0.0
117,1815,3.0
118,1815,0.0
119,1815,5.0
120,1815,0.0
121,1815,0.0
122,1815,4.0
123,1815,0.0
124,1815,1.0
125,1815,1.0
126,1815,0.0
127,1815,2.0
128,1815,5.0
129,1815,0.0
130,1815,3.0
131,1815,3.0
132,1815,0.0
133,1815,0.0
134,1815,2.0
135,1815,0.0
136,1815,0.0
137,1815,3.0
138,1815,0.0
139,1815,0.0
140,1815,1.0
141,1815,0.0
142,1815,0.0
143,1815,2.0
144,1815,2.0
145,1815,3.0
146,1815,1.0
147,1815,6.0
148,1815,1.0
149,1815,1.0
150,1815,31.0
151,1815,15.0
152,1815,0.0
153,1815,0.0
154,1815,0.0
155,1815,0.0
156,1815,1.0
157,1815,1.0
158,1815,1.0
159,1815,4.0
160,1815,7.0
161,1815,2.0
162,1815,23.0
163,1815,9.0
164,1815,5.0
165,1815,6.0
166,1815,5.0
167,1815,19.0
168,1815,1.0
169,1815,14.0
170,1815,0.0
171,1815,3.0
172,1815,0.0
173,1815,2.0
174,1815,3.0
175,1815,0.0
176,1815,0.0
177,1815,5.0
178,1815,2.0
179,1815,1.0
180,1815,2.0
181,1815,0.0
182,1815,3.0
183,1815,0.0
184,1815,1.0
185,1815,0.0
186,1815,0.0
187,1815,1.0
188,1815,5.0
189,1815,1.0
190,1815,0.0
191,1815,0.0
192,1815,0.0
193,1815,0.0
194,1815,1.0
195,1815,0.0
196,1815,0.0
197,1815,1.0
198,1815,0.0
199,1815,0.0
0,1816,1.0
1,1816,1.0
2,1816,11.0
3,1816,0.0
4,1816,0.0
5,1816,0.0
6,1816,1.0
7,1816,3.0
8,1816,0.0
9,1816,25.0
10,1816,1.0
11,1816,1.0
12,1816,0.0
13,1816,0.0
14,1816,0.0
15,1816,1.0
16,1816,0.0
17,1816,2.0
18,1816,1.0
19,1816,0.0
20,1816,1.0
21,1816,0.0
22,1816,7.0
23,1816,0.0
24,1816,1.0
25,1816,0.0
26,1816,0.0
27,1816,0.0
28,1816,0.0
29,1816,1.0
30,1816,8.0
31,1816,1.0
32,1816,5.0
33,1816,7.0
34,1816,1.0
35,1816,9.0
36,1816,0.0
37,1816,1.0
38,1816,0.0
39,1816,3.0
40,1816,2.0
41,1816,3.0
42,1816,2.0
43,1816,0.0
44,1816,1.0
45,1816,0.0
46,1816,0.0
47,1816,3.0
48,1816,1.0
49,1816,1.0
50,1816,1.0
51,1816,3.0
52,1816,3.0
53,1816,4.0
54,1816,2.0
55,1816,0.0
56,1816,2.0
57,1816,0.0
58,1816,0.0
59,1816,3.0
60,1816,0.0
61,1816,24.0
62,1816,0.0
63,1816,0.0
64,1816,0.0
65,1816,0.0
66,1816,7.0
67,1816,0.0
68,1816,3.0
69,1816,0.0
70,1816,1.0
71,1816,0.0
72,1816,20.0
73,1816,0.0
74,1816,1.0
75,1816,1.0
76,1816,0.0
77,1816,4.0
78,1816,0.0
79,1816,0.0
80,1816,0.0
81,1816,0.0
82,1816,9.0
83,1816,0.0
84,1816,1.0
85,1816,36.0
86,1816,3.0
87,1816,0.0
88,1816,4.0
89,1816,0.0
90,1816,0.0
91,1816,2.0
92,1816,9.0
93,1816,0.0
94,1816,0.0
95,1816,0.0
96,1816,0.0
97,1816,0.0
98,1816,4.0
99,1816,1.0
100,1816,0.0
101,1816,1.0
102,1816,1.0
103,1816,1.0
104,1816,5.0
105,1816,4.0
106,1816,6.0
107,1816,0.0
108,1816,3.0
109,1816,8.0
110,1816,6.0
111,1816,2.0
112,1816,0.0
113,1816,1.0
114,1816,1.0
115,1816,0.0
116,1816,2.0
117,1816,0.0
118,1816,2.0
119,1816,6.0
120,1816,2.0
121,1816,0.0
122,1816,0.0
123,1816,1.0
124,1816,3.0
125,1816,2.0
126,1816,0.0
127,1816,0.0
128,1816,3.0
129,1816,4.0
130,1816,5.0
131,1816,1.0
132,1816,3.0
133,1816,0.0
134,1816,0.0
135,1816,0.0
136,1816,0.0
137,1816,1.0
138,1816,0.0
139,1816,0.0
140,1816,0.0
141,1816,0.0
142,1816,0.0
143,1816,3.0
144,1816,3.0
145,1816,3.0
146,1816,2.0
147,1816,1.0
148,1816,0.0
149,1816,2.0
150,1816,16.0
151,1816,1.0
152,1816,0.0
153,1816,1.0
154,1816,0.0
155,1816,0.0
156,1816,0.0
157,1816,1.0
158,1816,0.0
159,1816,4.0
160,1816,3.0
161,1816,7.0
162,1816,16.0
163,1816,12.0
164,1816,2.0
165,1816,4.0
166,1816,0.0
167,1816,5.0
168,1816,7.0
169,1816,11.0
170,1816,0.0
171,1816,2.0
172,1816,0.0
173,1816,3.0
174,1816,1.0
175,1816,0.0
176,1816,0.0
177,1816,2.0
178,1816,2.0
179,1816,3.0
180,1816,3.0
181,1816,0.0
182,1816,1.0
183,1816,0.0
184,1816,2.0
185,1816,0.0
186,1816,0.0
187,1816,0.0
188,1816,5.0
189,1816,0.0
190,1816,0.0
191,1816,2.0
192,1816,0.0
193,1816,0.0
194,1816,1.0
195,1816,0.0
196,1816,0.0
197,1816,0.0
198,1816,1.0
199,1816,0.0
0,1817,2.0
1,1817,0.0
2,1817,16.0
3,1817,2.0
4,1817,0.0
5,1817,0.0
6,1817,1.0
7,1817,1.0
8,1817,0.0
9,1817,4.0
10,1817,1.0
11,1817,0.0
12,1817,0.0
13,1817,0.0
14,1817,0.0
15,1817,1.0
16,1817,3.0
17,1817,1.0
18,1817,1.0
19,1817,0.0
20,1817,0.0
21,1817,0.0
22,1817,1.0
23,1817,2.0
24,1817,1.0
25,1817,0.0
26,1817,0.0
27,1817,0.0
28,1817,0.0
29,1817,1.0
30,1817,2.0
31,1817,1.0
32,1817,0.0
33,1817,2.0
34,1817,0.0
35,1817,5.0
36,1817,0.0
37,1817,2.0
38,1817,0.0
39,1817,4.0
40,1817,0.0
41,1817,1.0
42,1817,0.0
43,1817,0.0
44,1817,0.0
45,1817,0.0
46,1817,0.0
47,1817,1.0
48,1817,1.0
49,1817,2.0
50,1817,0.0
51,1817,1.0
52,1817,1.0
53,1817,69.0
54,1817,2.0
55,1817,0.0
56,1817,0.0
57,1817,0.0
58,1817,0.0
59,1817,1.0
60,1817,0.0
61,1817,18.0
62,1817,1.0
63,1817,0.0
64,1817,2.0
65,1817,0.0
66,1817,11.0
67,1817,0.0
68,1817,2.0
69,1817,1.0
70,1817,1.0
71,1817,1.0
72,1817,17.0
73,1817,0.0
74,1817,2.0
75,1817,1.0
76,1817,0.0
77,1817,2.0
78,1817,0.0
79,1817,0.0
80,1817,0.0
81,1817,1.0
82,1817,6.0
83,1817,0.0
84,1817,1.0
85,1817,18.0
86,1817,2.0
87,1817,0.0
88,1817,1.0
89,1817,1.0
90,1817,0.0
91,1817,4.0
92,1817,4.0
93,1817,0.0
94,1817,2.0
95,1817,0.0
96,1817,0.0
97,1817,0.0
98,1817,3.0
99,1817,0.0
100,1817,2.0
101,1817,0.0
102,1817,3.0
103,1817,0.0
104,1817,3.0
105,1817,0.0
106,1817,7.0
107,1817,0.0
108,1817,2.0
109,1817,6.0
110,1817,3.0
111,1817,1.0
112,1817,1.0
113,1817,2.0
114,1817,1.0
115,1817,0.0
116,1817,0.0
117,1817,1.0
118,1817,0.0
119,1817,4.0
120,1817,0.0
121,1817,2.0
122,1817,2.0
123,1817,1.0
124,1817,1.0
125,1817,2.0
126,1817,0.0
127,1817,3.0
128,1817,0.0
129,1817,0.0
130,1817,8.0
131,1817,1.0
132,1817,2.0
133,1817,0.0
134,1817,0.0
135,1817,0.0
136,1817,0.0
137,1817,1.0
138,1817,0.0
139,1817,0.0
140,1817,2.0
141,1817,2.0
142,1817,0.0
143,1817,1.0
144,1817,3.0
145,1817,2.0
146,1817,1.0
147,1817,4.0
148,1817,1.0
149,1817,0.0
150,1817,8.0
151,1817,3.0
152,1817,0.0
153,1817,0.0
154,1817,0.0
155,1817,0.0
156,1817,0.0
157,1817,0.0
158,1817,0.0
159,1817,3.0
160,1817,3.0
161,1817,4.0
162,1817,11.0
163,1817,10.0
164,1817,2.0
165,1817,5.0
166,1817,0.0
167,1817,13.0
168,1817,1.0
169,1817,11.0
170,1817,0.0
171,1817,8.0
172,1817,0.0
173,1817,0.0
174,1817,0.0
175,1817,0.0
176,1817,0.0
177,1817,0.0
178,1817,1.0
179,1817,0.0
180,1817,0.0
181,1817,0.0
182,1817,0.0
183,1817,0.0
184,1817,1.0
185,1817,2.0
186,1817,0.0
187,1817,0.0
188,1817,4.0
189,1817,1.0
190,1817,0.0
191,1817,3.0
192,1817,0.0
193,1817,1.0
194,1817,0.0
195,1817,0.0
196,1817,0.0
197,1817,0.0
198,1817,1.0
199,1817,0.0
0,1818,1.0
1,1818,1.0
2,1818,16.0
3,1818,2.0
4,1818,0.0
5,1818,0.0
6,1818,0.0
7,1818,0.0
8,1818,0.0
9,1818,6.0
10,1818,2.0
11,1818,0.0
12,1818,0.0
13,1818,1.0
14,1818,0.0
15,1818,5.0
16,1818,3.0
17,1818,1.0
18,1818,1.0
19,1818,0.0
20,1818,3.0
21,1818,0.0
22,1818,4.0
23,1818,0.0
24,1818,0.0
25,1818,1.0
26,1818,0.0
27,1818,0.0
28,1818,1.0
29,1818,0.0
30,1818,0.0
31,1818,1.0
32,1818,1.0
33,1818,20.0
34,1818,0.0
35,1818,6.0
36,1818,0.0
37,1818,3.0
38,1818,0.0
39,1818,1.0
40,1818,0.0
41,1818,0.0
42,1818,0.0
43,1818,0.0
44,1818,0.0
45,1818,0.0
46,1818,0.0
47,1818,1.0
48,1818,1.0
49,1818,0.0
50,1818,0.0
51,1818,4.0
52,1818,0.0
53,1818,56.0
54,1818,0.0
55,1818,1.0
56,1818,1.0
57,1818,0.0
58,1818,1.0
59,1818,1.0
60,1818,0.0
61,1818,22.0
62,1818,1.0
63,1818,0.0
64,1818,1.0
65,1818,0.0
66,1818,3.0
67,1818,0.0
68,1818,0.0
69,1818,0.0
70,1818,4.0
71,1818,2.0
72,1818,16.0
73,1818,0.0
74,1818,0.0
75,1818,2.0
76,1818,0.0
77,1818,4.0
78,1818,0.0
79,1818,0.0
80,1818,0.0
81,1818,0.0
82,1818,4.0
83,1818,0.0
84,1818,2.0
85,1818,23.0
86,1818,3.0
87,1818,0.0
88,1818,1.0
89,1818,0.0
90,1818,0.0
91,1818,2.0
92,1818,4.0
93,1818,0.0
94,1818,0.0
95,1818,0.0
96,1818,0.0
97,1818,0.0
98,1818,5.0
99,1818,0.0
100,1818,0.0
101,1818,0.0
102,1818,1.0
103,1818,1.0
104,1818,3.0
105,1818,1.0
106,1818,5.0
107,1818,1.0
108,1818,0.0
109,1818,4.0
110,1818,8.0
111,1818,3.0
112,1818,0.0
113,1818,1.0
114,1818,0.0
115,1818,2.0
116,1818,0.0
117,1818,0.0
118,1818,0.0
119,1818,2.0
120,1818,0.0
121,1818,1.0
122,1818,0.0
123,1818,1.0
124,1818,0.0
125,1818,3.0
126,1818,0.0
127,1818,0.0
128,1818,1.0
129,1818,0.0
130,1818,6.0
131,1818,2.0
132,1818,1.0
133,1818,0.0
134,1818,1.0
135,1818,0.0
136,1818,0.0
137,1818,2.0
138,1818,3.0
139,1818,0.0
140,1818,1.0
141,1818,1.0
142,1818,0.0
143,1818,1.0
144,1818,0.0
145,1818,4.0
146,1818,0.0
147,1818,5.0
148,1818,0.0
149,1818,6.0
150,1818,7.0
151,1818,4.0
152,1818,6.0
153,1818,0.0
154,1818,0.0
155,1818,2.0
156,1818,0.0
157,1818,0.0
158,1818,1.0
159,1818,3.0
160,1818,3.0
161,1818,5.0
162,1818,17.0
163,1818,6.0
164,1818,3.0
165,1818,3.0
166,1818,0.0
167,1818,7.0
168,1818,0.0
169,1818,6.0
170,1818,0.0
171,1818,3.0
172,1818,0.0
173,1818,1.0
174,1818,0.0
175,1818,0.0
176,1818,1.0
177,1818,3.0
178,1818,0.0
179,1818,0.0
180,1818,1.0
181,1818,1.0
182,1818,4.0
183,1818,0.0
184,1818,0.0
185,1818,0.0
186,1818,0.0
187,1818,0.0
188,1818,3.0
189,1818,0.0
190,1818,0.0
191,1818,1.0
192,1818,0.0
193,1818,2.0
194,1818,2.0
195,1818,0.0
196,1818,0.0
197,1818,0.0
198,1818,2.0
199,1818,0.0
0,1819,1.0
1,1819,3.0
2,1819,12.0
3,1819,0.0
4,1819,0.0
5,1819,0.0
6,1819,2.0
7,1819,0.0
8,1819,0.0
9,1819,0.0
10,1819,2.0
11,1819,0.0
12,1819,0.0
13,1819,3.0
14,1819,0.0
15,1819,0.0
16,1819,0.0
17,1819,1.0
18,1819,0.0
19,1819,2.0
20,1819,0.0
21,1819,0.0
22,1819,0.0
23,1819,1.0
24,1819,0.0
25,1819,0.0
26,1819,0.0
27,1819,0.0
28,1819,3.0
29,1819,3.0
30,1819,0.0
31,1819,0.0
32,1819,2.0
33,1819,4.0
34,1819,0.0
35,1819,7.0
36,1819,1.0
37,1819,3.0
38,1819,0.0
39,1819,2.0
40,1819,2.0
41,1819,1.0
42,1819,0.0
43,1819,0.0
44,1819,1.0
45,1819,1.0
46,1819,0.0
47,1819,0.0
48,1819,0.0
49,1819,2.0
50,1819,1.0
51,1819,4.0
52,1819,4.0
53,1819,43.0
54,1819,0.0
55,1819,1.0
56,1819,0.0
57,1819,0.0
58,1819,0.0
59,1819,0.0
60,1819,0.0
61,1819,16.0
62,1819,3.0
63,1819,1.0
64,1819,2.0
65,1819,0.0
66,1819,1.0
67,1819,0.0
68,1819,2.0
69,1819,0.0
70,1819,0.0
71,1819,9.0
72,1819,11.0
73,1819,0.0
74,1819,0.0
75,1819,1.0
76,1819,0.0
77,1819,6.0
78,1819,0.0
79,1819,0.0
80,1819,0.0
81,1819,2.0
82,1819,7.0
83,1819,0.0
84,1819,3.0
85,1819,25.0
86,1819,3.0
87,1819,0.0
88,1819,2.0
89,1819,0.0
90,1819,0.0
91,1819,1.0
92,1819,4.0
93,1819,0.0
94,1819,0.0
95,1819,0.0
96,1819,0.0
97,1819,0.0
98,1819,5.0
99,1819,0.0
100,1819,2.0
101,1819,0.0
102,1819,0.0
103,1819,0.0
104,1819,3.0
105,1819,0.0
106,1819,5.0
107,1819,3.0
108,1819,1.0
109,1819,3.0
110,1819,7.0
111,1819,3.0
112,1819,0.0
113,1819,1.0
114,1819,1.0
115,1819,0.0
116,1819,0.0
117,1819,0.0
118,1819,2.0
119,1819,3.0
120,1819,0.0
121,1819,3.0
122,1819,1.0
123,1819,0.0
124,1819,1.0
125,1819,2.0
126,1819,0.0
127,1819,1.0
128,1819,1.0
129,1819,0.0
130,1819,5.0
131,1819,0.0
132,1819,2.0
133,1819,0.0
134,1819,0.0
135,1819,0.0
136,1819,0.0
137,1819,2.0
138,1819,4.0
139,1819,0.0
140,1819,0.0
141,1819,2.0
142,1819,0.0
143,1819,0.0
144,1819,0.0
145,1819,0.0
146,1819,1.0
147,1819,3.0
148,1819,0.0
149,1819,0.0
150,1819,17.0
151,1819,6.0
152,1819,10.0
153,1819,1.0
154,1819,6.0
155,1819,0.0
156,1819,0.0
157,1819,3.0
158,1819,1.0
159,1819,3.0
160,1819,4.0
161,1819,3.0
162,1819,13.0
163,1819,9.0
164,1819,1.0
165,1819,4.0
166,1819,2.0
167,1819,9.0
168,1819,3.0
169,1819,10.0
170,1819,0.0
171,1819,4.0
172,1819,0.0
173,1819,0.0
174,1819,0.0
175,1819,0.0
176,1819,2.0
177,1819,0.0
178,1819,0.0
179,1819,0.0
180,1819,0.0
181,1819,0.0
182,1819,5.0
183,1819,0.0
184,1819,1.0
185,1819,0.0
186,1819,0.0
187,1819,0.0
188,1819,4.0
189,1819,0.0
190,1819,0.0
191,1819,1.0
192,1819,3.0
193,1819,1.0
194,1819,1.0
195,1819,0.0
196,1819,0.0
197,1819,0.0
198,1819,1.0
199,1819,0.0
0,1820,0.0
1,1820,2.0
2,1820,8.0
3,1820,0.0
4,1820,0.0
5,1820,0.0
6,1820,3.0
7,1820,0.0
8,1820,1.0
9,1820,2.0
10,1820,4.0
11,1820,0.0
12,1820,3.0
13,1820,2.0
14,1820,0.0
15,1820,0.0
16,1820,0.0
17,1820,1.0
18,1820,0.0
19,1820,0.0
20,1820,1.0
21,1820,0.0
22,1820,3.0
23,1820,2.0
24,1820,0.0
25,1820,0.0
26,1820,0.0
27,1820,0.0
28,1820,1.0
29,1820,0.0
30,1820,1.0
31,1820,0.0
32,1820,0.0
33,1820,0.0
34,1820,2.0
35,1820,3.0
36,1820,0.0
37,1820,1.0
38,1820,1.0
39,1820,0.0
40,1820,0.0
41,1820,0.0
42,1820,0.0
43,1820,0.0
44,1820,0.0
45,1820,4.0
46,1820,0.0
47,1820,1.0
48,1820,0.0
49,1820,1.0
50,1820,1.0
51,1820,3.0
52,1820,1.0
53,1820,13.0
54,1820,0.0
55,1820,0.0
56,1820,0.0
57,1820,2.0
58,1820,0.0
59,1820,0.0
60,1820,0.0
61,1820,20.0
62,1820,2.0
63,1820,0.0
64,1820,6.0
65,1820,1.0
66,1820,4.0
67,1820,0.0
68,1820,2.0
69,1820,0.0
70,1820,1.0
71,1820,4.0
72,1820,15.0
73,1820,0.0
74,1820,0.0
75,1820,0.0
76,1820,0.0
77,1820,1.0
78,1820,0.0
79,1820,0.0
80,1820,0.0
81,1820,0.0
82,1820,4.0
83,1820,0.0
84,1820,2.0
85,1820,25.0
86,1820,5.0
87,1820,0.0
88,1820,1.0
89,1820,0.0
90,1820,1.0
91,1820,5.0
92,1820,6.0
93,1820,0.0
94,1820,0.0
95,1820,0.0
96,1820,0.0
97,1820,0.0
98,1820,5.0
99,1820,1.0
100,1820,0.0
101,1820,0.0
102,1820,1.0
103,1820,3.0
104,1820,2.0
105,1820,2.0
106,1820,7.0
107,1820,2.0
108,1820,1.0
109,1820,3.0
110,1820,8.0
111,1820,1.0
112,1820,0.0
113,1820,2.0
114,1820,1.0
115,1820,0.0
116,1820,0.0
117,1820,1.0
118,1820,2.0
119,1820,3.0
120,1820,0.0
121,1820,0.0
122,1820,1.0
123,1820,0.0
124,1820,1.0
125,1820,5.0
126,1820,0.0
127,1820,1.0
128,1820,1.0
129,1820,1.0
130,1820,9.0
131,1820,3.0
132,1820,1.0
133,1820,0.0
134,1820,1.0
135,1820,0.0
136,1820,0.0
137,1820,0.0
138,1820,3.0
139,1820,0.0
140,1820,0.0
141,1820,4.0
142,1820,0.0
143,1820,1.0
144,1820,0.0
145,1820,0.0
146,1820,1.0
147,1820,0.0
148,1820,0.0
149,1820,0.0
150,1820,10.0
151,1820,14.0
152,1820,3.0
153,1820,0.0
154,1820,2.0
155,1820,1.0
156,1820,0.0
157,1820,3.0
158,1820,0.0
159,1820,2.0
160,1820,5.0
161,1820,0.0
162,1820,9.0
163,1820,6.0
164,1820,1.0
165,1820,2.0
166,1820,4.0
167,1820,8.0
168,1820,5.0
169,1820,9.0
170,1820,0.0
171,1820,3.0
172,1820,0.0
173,1820,3.0
174,1820,0.0
175,1820,0.0
176,1820,0.0
177,1820,0.0
178,1820,0.0
179,1820,0.0
180,1820,0.0
181,1820,0.0
182,1820,0.0
183,1820,0.0
184,1820,0.0
185,1820,1.0
186,1820,0.0
187,1820,0.0
188,1820,8.0
189,1820,0.0
190,1820,0.0
191,1820,0.0
192,1820,0.0
193,1820,0.0
194,1820,0.0
195,1820,0.0
196,1820,0.0
197,1820,1.0
198,1820,1.0
199,1820,0.0
0,1821,1.0
1,1821,2.0
2,1821,18.0
3,1821,2.0
4,1821,0.0
5,1821,0.0
6,1821,0.0
7,1821,1.0
8,1821,0.0
9,1821,2.0
10,1821,3.0
11,1821,0.0
12,1821,2.0
13,1821,1.0
14,1821,1.0
15,1821,2.0
16,1821,0.0
17,1821,2.0
18,1821,2.0
19,1821,0.0
20,1821,4.0
21,1821,0.0
22,1821,2.0
23,1821,0.0
24,1821,1.0
25,1821,0.0
26,1821,0.0
27,1821,0.0
28,1821,2.0
29,1821,1.0
30,1821,2.0
31,1821,2.0
32,1821,0.0
33,1821,0.0
34,1821,0.0
35,1821,18.0
36,1821,0.0
37,1821,0.0
38,1821,1.0
39,1821,3.0
40,1821,1.0
41,1821,1.0
42,1821,2.0
43,1821,0.0
44,1821,0.0
45,1821,1.0
46,1821,0.0
47,1821,1.0
48,1821,1.0
49,1821,4.0
50,1821,1.0
51,1821,3.0
52,1821,3.0
53,1821,4.0
54,1821,0.0
55,1821,0.0
56,1821,3.0
57,1821,0.0
58,1821,0.0
59,1821,2.0
60,1821,0.0
61,1821,39.0
62,1821,7.0
63,1821,0.0
64,1821,2.0
65,1821,2.0
66,1821,14.0
67,1821,0.0
68,1821,5.0
69,1821,0.0
70,1821,2.0
71,1821,4.0
72,1821,27.0
73,1821,0.0
74,1821,0.0
75,1821,2.0
76,1821,0.0
77,1821,7.0
78,1821,0.0
79,1821,0.0
80,1821,0.0
81,1821,1.0
82,1821,4.0
83,1821,0.0
84,1821,6.0
85,1821,56.0
86,1821,5.0
87,1821,0.0
88,1821,2.0
89,1821,0.0
90,1821,0.0
91,1821,6.0
92,1821,4.0
93,1821,0.0
94,1821,3.0
95,1821,0.0
96,1821,0.0
97,1821,0.0
98,1821,8.0
99,1821,0.0
100,1821,1.0
101,1821,0.0
102,1821,0.0
103,1821,2.0
104,1821,4.0
105,1821,6.0
106,1821,11.0
107,1821,2.0
108,1821,3.0
109,1821,12.0
110,1821,7.0
111,1821,7.0
112,1821,0.0
113,1821,3.0
114,1821,5.0
115,1821,0.0
116,1821,0.0
117,1821,0.0
118,1821,1.0
119,1821,4.0
120,1821,1.0
121,1821,3.0
122,1821,2.0
123,1821,2.0
124,1821,2.0
125,1821,1.0
126,1821,0.0
127,1821,2.0
128,1821,3.0
129,1821,1.0
130,1821,4.0
131,1821,1.0
132,1821,4.0
133,1821,0.0
134,1821,0.0
135,1821,0.0
136,1821,0.0
137,1821,2.0
138,1821,9.0
139,1821,0.0
140,1821,1.0
141,1821,0.0
142,1821,0.0
143,1821,1.0
144,1821,3.0
145,1821,0.0
146,1821,1.0
147,1821,4.0
148,1821,1.0
149,1821,3.0
150,1821,27.0
151,1821,16.0
152,1821,1.0
153,1821,0.0
154,1821,0.0
155,1821,1.0
156,1821,0.0
157,1821,0.0
158,1821,1.0
159,1821,3.0
160,1821,7.0
161,1821,5.0
162,1821,15.0
163,1821,11.0
164,1821,1.0
165,1821,5.0
166,1821,1.0
167,1821,11.0
168,1821,6.0
169,1821,20.0
170,1821,0.0
171,1821,1.0
172,1821,1.0
173,1821,1.0
174,1821,0.0
175,1821,0.0
176,1821,0.0
177,1821,2.0
178,1821,1.0
179,1821,0.0
180,1821,1.0
181,1821,0.0
182,1821,4.0
183,1821,0.0
184,1821,0.0
185,1821,1.0
186,1821,0.0
187,1821,0.0
188,1821,6.0
189,1821,1.0
190,1821,0.0
191,1821,2.0
192,1821,0.0
193,1821,2.0
194,1821,1.0
195,1821,0.0
196,1821,0.0
197,1821,0.0
198,1821,0.0
199,1821,0.0
0,1822,6.0
1,1822,1.0
2,1822,21.0
3,1822,0.0
4,1822,0.0
5,1822,0.0
6,1822,0.0
7,1822,0.0
8,1822,0.0
9,1822,5.0
10,1822,12.0
11,1822,0.0
12,1822,4.0
13,1822,2.0
14,1822,1.0
15,1822,2.0
16,1822,2.0
17,1822,4.0
18,1822,0.0
19,1822,0.0
20,1822,2.0
21,1822,0.0
22,1822,0.0
23,1822,0.0
24,1822,0.0
25,1822,0.0
26,1822,0.0
27,1822,0.0
28,1822,2.0
29,1822,2.0
30,1822,4.0
31,1822,0.0
32,1822,6.0
33,1822,3.0
34,1822,3.0
35,1822,11.0
36,1822,1.0
37,1822,5.0
38,1822,0.0
39,1822,2.0
40,1822,0.0
41,1822,2.0
42,1822,0.0
43,1822,0.0
44,1822,1.0
45,1822,0.0
46,1822,0.0
47,1822,3.0
48,1822,3.0
49,1822,1.0
50,1822,1.0
51,1822,6.0
52,1822,1.0
53,1822,18.0
54,1822,0.0
55,1822,0.0
56,1822,0.0
57,1822,0.0
58,1822,0.0
59,1822,0.0
60,1822,0.0
61,1822,49.0
62,1822,0.0
63,1822,0.0
64,1822,1.0
65,1822,1.0
66,1822,13.0
67,1822,0.0
68,1822,0.0
69,1822,0.0
70,1822,2.0
71,1822,3.0
72,1822,37.0
73,1822,0.0
74,1822,0.0
75,1822,0.0
76,1822,0.0
77,1822,5.0
78,1822,0.0
79,1822,0.0
80,1822,0.0
81,1822,2.0
82,1822,4.0
83,1822,0.0
84,1822,1.0
85,1822,43.0
86,1822,6.0
87,1822,0.0
88,1822,2.0
89,1822,0.0
90,1822,0.0
91,1822,4.0
92,1822,10.0
93,1822,0.0
94,1822,1.0
95,1822,0.0
96,1822,0.0
97,1822,0.0
98,1822,3.0
99,1822,0.0
100,1822,5.0
101,1822,0.0
102,1822,0.0
103,1822,2.0
104,1822,0.0
105,1822,0.0
106,1822,8.0
107,1822,3.0
108,1822,2.0
109,1822,3.0
110,1822,5.0
111,1822,5.0
112,1822,0.0
113,1822,3.0
114,1822,3.0
115,1822,1.0
116,1822,1.0
117,1822,1.0
118,1822,0.0
119,1822,2.0
120,1822,1.0
121,1822,3.0
122,1822,3.0
123,1822,0.0
124,1822,0.0
125,1822,3.0
126,1822,0.0
127,1822,4.0
128,1822,7.0
129,1822,1.0
130,1822,2.0
131,1822,0.0
132,1822,3.0
133,1822,2.0
134,1822,0.0
135,1822,0.0
136,1822,0.0
137,1822,2.0
138,1822,8.0
139,1822,0.0
140,1822,1.0
141,1822,2.0
142,1822,0.0
143,1822,3.0
144,1822,1.0
145,1822,2.0
146,1822,1.0
147,1822,13.0
148,1822,1.0
149,1822,1.0
150,1822,20.0
151,1822,23.0
152,1822,0.0
153,1822,1.0
154,1822,0.0
155,1822,2.0
156,1822,0.0
157,1822,5.0
158,1822,4.0
159,1822,7.0
160,1822,2.0
161,1822,4.0
162,1822,26.0
163,1822,14.0
164,1822,2.0
165,1822,5.0
166,1822,5.0
167,1822,15.0
168,1822,1.0
169,1822,19.0
170,1822,0.0
171,1822,2.0
172,1822,0.0
173,1822,3.0
174,1822,0.0
175,1822,0.0
176,1822,1.0
177,1822,0.0
178,1822,1.0
179,1822,2.0
180,1822,3.0
181,1822,0.0
182,1822,2.0
183,1822,0.0
184,1822,1.0
185,1822,0.0
186,1822,0.0
187,1822,1.0
188,1822,10.0
189,1822,0.0
190,1822,0.0
191,1822,0.0
192,1822,0.0
193,1822,1.0
194,1822,1.0
195,1822,0.0
196,1822,0.0
197,1822,0.0
198,1822,0.0
199,1822,0.0
0,1823,1.0
1,1823,1.0
2,1823,6.0
3,1823,3.0
4,1823,0.0
5,1823,0.0
6,1823,0.0
7,1823,0.0
8,1823,0.0
9,1823,0.0
10,1823,8.0
11,1823,0.0
12,1823,0.0
13,1823,4.0
14,1823,0.0
15,1823,2.0
16,1823,0.0
17,1823,1.0
18,1823,0.0
19,1823,0.0
20,1823,2.0
21,1823,0.0
22,1823,1.0
23,1823,0.0
24,1823,0.0
25,1823,1.0
26,1823,0.0
27,1823,0.0
28,1823,0.0
29,1823,0.0
30,1823,2.0
31,1823,1.0
32,1823,1.0
33,1823,16.0
34,1823,1.0
35,1823,7.0
36,1823,0.0
37,1823,1.0
38,1823,0.0
39,1823,2.0
40,1823,0.0
41,1823,1.0
42,1823,2.0
43,1823,0.0
44,1823,0.0
45,1823,2.0
46,1823,0.0
47,1823,0.0
48,1823,2.0
49,1823,0.0
50,1823,0.0
51,1823,1.0
52,1823,1.0
53,1823,31.0
54,1823,0.0
55,1823,0.0
56,1823,0.0
57,1823,0.0
58,1823,0.0
59,1823,2.0
60,1823,0.0
61,1823,26.0
62,1823,3.0
63,1823,0.0
64,1823,6.0
65,1823,0.0
66,1823,6.0
67,1823,0.0
68,1823,0.0
69,1823,1.0
70,1823,1.0
71,1823,7.0
72,1823,21.0
73,1823,0.0
74,1823,0.0
75,1823,1.0
76,1823,0.0
77,1823,3.0
78,1823,0.0
79,1823,0.0
80,1823,0.0
81,1823,1.0
82,1823,1.0
83,1823,0.0
84,1823,3.0
85,1823,30.0
86,1823,7.0
87,1823,0.0
88,1823,0.0
89,1823,2.0
90,1823,0.0
91,1823,5.0
92,1823,8.0
93,1823,0.0
94,1823,1.0
95,1823,0.0
96,1823,0.0
97,1823,0.0
98,1823,6.0
99,1823,0.0
100,1823,1.0
101,1823,0.0
102,1823,0.0
103,1823,5.0
104,1823,6.0
105,1823,0.0
106,1823,5.0
107,1823,1.0
108,1823,3.0
109,1823,2.0
110,1823,5.0
111,1823,5.0
112,1823,0.0
113,1823,3.0
114,1823,0.0
115,1823,1.0
116,1823,1.0
117,1823,0.0
118,1823,0.0
119,1823,1.0
120,1823,0.0
121,1823,3.0
122,1823,0.0
123,1823,2.0
124,1823,0.0
125,1823,3.0
126,1823,0.0
127,1823,0.0
128,1823,1.0
129,1823,0.0
130,1823,2.0
131,1823,1.0
132,1823,1.0
133,1823,0.0
134,1823,1.0
135,1823,0.0
136,1823,0.0
137,1823,1.0
138,1823,5.0
139,1823,0.0
140,1823,0.0
141,1823,1.0
142,1823,0.0
143,1823,2.0
144,1823,0.0
145,1823,3.0
146,1823,0.0
147,1823,2.0
148,1823,0.0
149,1823,1.0
150,1823,6.0
151,1823,10.0
152,1823,0.0
153,1823,1.0
154,1823,0.0
155,1823,0.0
156,1823,0.0
157,1823,3.0
158,1823,0.0
159,1823,3.0
160,1823,5.0
161,1823,3.0
162,1823,9.0
163,1823,14.0
164,1823,0.0
165,1823,4.0
166,1823,0.0
167,1823,10.0
168,1823,0.0
169,1823,10.0
170,1823,1.0
171,1823,0.0
172,1823,0.0
173,1823,2.0
174,1823,0.0
175,1823,0.0
176,1823,2.0
177,1823,0.0
178,1823,0.0
179,1823,1.0
180,1823,0.0
181,1823,0.0
182,1823,4.0
183,1823,0.0
184,1823,2.0
185,1823,0.0
186,1823,0.0
187,1823,0.0
188,1823,2.0
189,1823,0.0
190,1823,0.0
191,1823,2.0
192,1823,0.0
193,1823,1.0
194,1823,2.0
195,1823,0.0
196,1823,0.0
197,1823,0.0
198,1823,0.0
199,1823,0.0
0,1824,0.0
1,1824,3.0
2,1824,12.0
3,1824,0.0
4,1824,0.0
5,1824,0.0
6,1824,3.0
7,1824,0.0
8,1824,0.0
9,1824,0.0
10,1824,1.0
11,1824,0.0
12,1824,0.0
13,1824,7.0
14,1824,1.0
15,1824,6.0
16,1824,1.0
17,1824,1.0
18,1824,1.0
19,1824,0.0
20,1824,0.0
21,1824,0.0
22,1824,0.0
23,1824,0.0
24,1824,1.0
25,1824,0.0
26,1824,0.0
27,1824,0.0
28,1824,0.0
29,1824,0.0
30,1824,1.0
31,1824,0.0
32,1824,0.0
33,1824,2.0
34,1824,1.0
35,1824,1.0
36,1824,0.0
37,1824,1.0
38,1824,2.0
39,1824,0.0
40,1824,1.0
41,1824,1.0
42,1824,2.0
43,1824,0.0
44,1824,0.0
45,1824,0.0
46,1824,0.0
47,1824,1.0
48,1824,1.0
49,1824,1.0
50,1824,0.0
51,1824,1.0
52,1824,1.0
53,1824,38.0
54,1824,0.0
55,1824,0.0
56,1824,3.0
57,1824,0.0
58,1824,0.0
59,1824,1.0
60,1824,0.0
61,1824,15.0
62,1824,3.0
63,1824,2.0
64,1824,3.0
65,1824,0.0
66,1824,5.0
67,1824,0.0
68,1824,2.0
69,1824,2.0
70,1824,0.0
71,1824,3.0
72,1824,35.0
73,1824,0.0
74,1824,0.0
75,1824,0.0
76,1824,0.0
77,1824,1.0
78,1824,0.0
79,1824,0.0
80,1824,0.0
81,1824,0.0
82,1824,2.0
83,1824,0.0
84,1824,2.0
85,1824,31.0
86,1824,4.0
87,1824,0.0
88,1824,2.0
89,1824,0.0
90,1824,0.0
91,1824,3.0
92,1824,5.0
93,1824,0.0
94,1824,0.0
95,1824,0.0
96,1824,0.0
97,1824,0.0
98,1824,2.0
99,1824,0.0
100,1824,2.0
101,1824,0.0
102,1824,1.0
103,1824,1.0
104,1824,5.0
105,1824,2.0
106,1824,7.0
107,1824,4.0
108,1824,1.0
109,1824,3.0
110,1824,11.0
111,1824,4.0
112,1824,0.0
113,1824,2.0
114,1824,1.0
115,1824,0.0
116,1824,1.0
117,1824,0.0
118,1824,2.0
119,1824,4.0
120,1824,1.0
121,1824,1.0
122,1824,0.0
123,1824,0.0
124,1824,2.0
125,1824,3.0
126,1824,0.0
127,1824,1.0
128,1824,1.0
129,1824,0.0
130,1824,3.0
131,1824,2.0
132,1824,0.0
133,1824,0.0
134,1824,0.0
135,1824,0.0
136,1824,0.0
137,1824,3.0
138,1824,6.0
139,1824,0.0
140,1824,0.0
141,1824,2.0
142,1824,0.0
143,1824,0.0
144,1824,2.0
145,1824,1.0
146,1824,2.0
147,1824,0.0
148,1824,0.0
149,1824,2.0
150,1824,8.0
151,1824,4.0
152,1824,0.0
153,1824,0.0
154,1824,0.0
155,1824,1.0
156,1824,1.0
157,1824,0.0
158,1824,1.0
159,1824,5.0
160,1824,1.0
161,1824,2.0
162,1824,10.0
163,1824,6.0
164,1824,0.0
165,1824,3.0
166,1824,0.0
167,1824,8.0
168,1824,4.0
169,1824,16.0
170,1824,0.0
171,1824,0.0
172,1824,0.0
173,1824,0.0
174,1824,0.0
175,1824,0.0
176,1824,1.0
177,1824,1.0
178,1824,0.0
179,1824,0.0
180,1824,0.0
181,1824,0.0
182,1824,1.0
183,1824,0.0
184,1824,0.0
185,1824,0.0
186,1824,0.0
187,1824,0.0
188,1824,5.0
189,1824,1.0
190,1824,0.0
191,1824,0.0
192,1824,0.0
193,1824,0.0
194,1824,2.0
195,1824,0.0
196,1824,1.0
197,1824,0.0
198,1824,2.0
199,1824,1.0
0,1825,0.0
1,1825,0.0
2,1825,13.0
3,1825,0.0
4,1825,0.0
5,1825,0.0
6,1825,2.0
7,1825,0.0
8,1825,0.0
9,1825,3.0
10,1825,4.0
11,1825,1.0
12,1825,0.0
13,1825,0.0
14,1825,2.0
15,1825,5.0
16,1825,1.0
17,1825,1.0
18,1825,1.0
19,1825,0.0
20,1825,0.0
21,1825,0.0
22,1825,0.0
23,1825,0.0
24,1825,0.0
25,1825,0.0
26,1825,0.0
27,1825,0.0
28,1825,0.0
29,1825,0.0
30,1825,3.0
31,1825,0.0
32,1825,0.0
33,1825,3.0
34,1825,6.0
35,1825,1.0
36,1825,0.0
37,1825,2.0
38,1825,0.0
39,1825,1.0
40,1825,2.0
41,1825,0.0
42,1825,2.0
43,1825,0.0
44,1825,0.0
45,1825,0.0
46,1825,0.0
47,1825,3.0
48,1825,0.0
49,1825,1.0
50,1825,0.0
51,1825,1.0
52,1825,0.0
53,1825,32.0
54,1825,0.0
55,1825,1.0
56,1825,0.0
57,1825,1.0
58,1825,0.0
59,1825,1.0
60,1825,0.0
61,1825,9.0
62,1825,0.0
63,1825,1.0
64,1825,2.0
65,1825,0.0
66,1825,8.0
67,1825,0.0
68,1825,0.0
69,1825,1.0
70,1825,6.0
71,1825,2.0
72,1825,20.0
73,1825,0.0
74,1825,0.0
75,1825,1.0
76,1825,0.0
77,1825,1.0
78,1825,0.0
79,1825,0.0
80,1825,0.0
81,1825,0.0
82,1825,1.0
83,1825,0.0
84,1825,5.0
85,1825,18.0
86,1825,2.0
87,1825,0.0
88,1825,1.0
89,1825,0.0
90,1825,0.0
91,1825,1.0
92,1825,4.0
93,1825,1.0
94,1825,1.0
95,1825,0.0
96,1825,0.0
97,1825,0.0
98,1825,2.0
99,1825,0.0
100,1825,0.0
101,1825,0.0
102,1825,0.0
103,1825,2.0
104,1825,8.0
105,1825,2.0
106,1825,3.0
107,1825,0.0
108,1825,1.0
109,1825,6.0
110,1825,10.0
111,1825,2.0
112,1825,0.0
113,1825,1.0
114,1825,1.0
115,1825,0.0
116,1825,1.0
117,1825,0.0
118,1825,0.0
119,1825,2.0
120,1825,0.0
121,1825,0.0
122,1825,0.0
123,1825,0.0
124,1825,1.0
125,1825,2.0
126,1825,2.0
127,1825,0.0
128,1825,3.0
129,1825,2.0
130,1825,1.0
131,1825,0.0
132,1825,0.0
133,1825,0.0
134,1825,0.0
135,1825,0.0
136,1825,1.0
137,1825,2.0
138,1825,1.0
139,1825,0.0
140,1825,0.0
141,1825,1.0
142,1825,0.0
143,1825,0.0
144,1825,1.0
145,1825,2.0
146,1825,1.0
147,1825,4.0
148,1825,0.0
149,1825,0.0
150,1825,10.0
151,1825,3.0
152,1825,0.0
153,1825,0.0
154,1825,0.0
155,1825,1.0
156,1825,0.0
157,1825,0.0
158,1825,1.0
159,1825,1.0
160,1825,6.0
161,1825,2.0
162,1825,17.0
163,1825,12.0
164,1825,1.0
165,1825,1.0
166,1825,4.0
167,1825,7.0
168,1825,6.0
169,1825,19.0
170,1825,0.0
171,1825,0.0
172,1825,0.0
173,1825,0.0
174,1825,0.0
175,1825,0.0
176,1825,0.0
177,1825,1.0
178,1825,0.0
179,1825,0.0
180,1825,1.0
181,1825,0.0
182,1825,0.0
183,1825,0.0
184,1825,1.0
185,1825,0.0
186,1825,0.0
187,1825,0.0
188,1825,2.0
189,1825,0.0
190,1825,0.0
191,1825,0.0
192,1825,0.0
193,1825,0.0
194,1825,0.0
195,1825,0.0
196,1825,0.0
197,1825,0.0
198,1825,0.0
199,1825,0.0
0,1826,1.0
1,1826,5.0
2,1826,15.0
3,1826,1.0
4,1826,0.0
5,1826,0.0
6,1826,2.0
7,1826,1.0
8,1826,0.0
9,1826,1.0
10,1826,5.0
11,1826,0.0
12,1826,1.0
13,1826,1.0
14,1826,2.0
15,1826,6.0
16,1826,0.0
17,1826,3.0
18,1826,0.0
19,1826,0.0
20,1826,0.0
21,1826,0.0
22,1826,2.0
23,1826,0.0
24,1826,1.0
25,1826,0.0
26,1826,1.0
27,1826,0.0
28,1826,0.0
29,1826,0.0
30,1826,2.0
31,1826,0.0
32,1826,0.0
33,1826,3.0
34,1826,0.0
35,1826,6.0
36,1826,0.0
37,1826,1.0
38,1826,1.0
39,1826,2.0
40,1826,2.0
41,1826,3.0
42,1826,1.0
43,1826,0.0
44,1826,0.0
45,1826,1.0
46,1826,0.0
47,1826,1.0
48,1826,0.0
49,1826,1.0
50,1826,2.0
51,1826,1.0
52,1826,0.0
53,1826,48.0
54,1826,0.0
55,1826,0.0
56,1826,0.0
57,1826,0.0
58,1826,0.0
59,1826,1.0
60,1826,0.0
61,1826,14.0
62,1826,3.0
63,1826,2.0
64,1826,2.0
65,1826,0.0
66,1826,2.0
67,1826,0.0
68,1826,0.0
69,1826,0.0
70,1826,0.0
71,1826,5.0
72,1826,16.0
73,1826,0.0
74,1826,1.0
75,1826,0.0
76,1826,0.0
77,1826,4.0
78,1826,0.0
79,1826,0.0
80,1826,0.0
81,1826,0.0
82,1826,7.0
83,1826,0.0
84,1826,1.0
85,1826,13.0
86,1826,2.0
87,1826,1.0
88,1826,0.0
89,1826,0.0
90,1826,1.0
91,1826,1.0
92,1826,8.0
93,1826,0.0
94,1826,0.0
95,1826,0.0
96,1826,0.0
97,1826,1.0
98,1826,2.0
99,1826,1.0
100,1826,0.0
101,1826,0.0
102,1826,1.0
103,1826,1.0
104,1826,2.0
105,1826,0.0
106,1826,8.0
107,1826,2.0
108,1826,1.0
109,1826,2.0
110,1826,4.0
111,1826,2.0
112,1826,1.0
113,1826,2.0
114,1826,1.0
115,1826,0.0
116,1826,1.0
117,1826,0.0
118,1826,0.0
119,1826,3.0
120,1826,0.0
121,1826,0.0
122,1826,1.0
123,1826,0.0
124,1826,3.0
125,1826,1.0
126,1826,2.0
127,1826,0.0
128,1826,2.0
129,1826,0.0
130,1826,3.0
131,1826,0.0
132,1826,1.0
133,1826,0.0
134,1826,2.0
135,1826,0.0
136,1826,1.0
137,1826,2.0
138,1826,3.0
139,1826,0.0
140,1826,0.0
141,1826,0.0
142,1826,1.0
143,1826,2.0
144,1826,2.0
145,1826,1.0
146,1826,1.0
147,1826,0.0
148,1826,0.0
149,1826,2.0
150,1826,12.0
151,1826,10.0
152,1826,1.0
153,1826,1.0
154,1826,1.0
155,1826,1.0
156,1826,0.0
157,1826,1.0
158,1826,0.0
159,1826,3.0
160,1826,6.0
161,1826,2.0
162,1826,10.0
163,1826,9.0
164,1826,1.0
165,1826,3.0
166,1826,6.0
167,1826,3.0
168,1826,4.0
169,1826,14.0
170,1826,0.0
171,1826,0.0
172,1826,0.0
173,1826,0.0
174,1826,0.0
175,1826,0.0
176,1826,2.0
177,1826,1.0
178,1826,0.0
179,1826,1.0
180,1826,4.0
181,1826,0.0
182,1826,0.0
183,1826,0.0
184,1826,0.0
185,1826,0.0
186,1826,1.0
187,1826,0.0
188,1826,3.0
189,1826,0.0
190,1826,0.0
191,1826,2.0
192,1826,0.0
193,1826,0.0
194,1826,1.0
195,1826,0.0
196,1826,0.0
197,1826,0.0
198,1826,0.0
199,1826,0.0
0,1827,0.0
1,1827,1.0
2,1827,5.0
3,1827,5.0
4,1827,0.0
5,1827,0.0
6,1827,0.0
7,1827,0.0
8,1827,0.0
9,1827,0.0
10,1827,6.0
11,1827,0.0
12,1827,0.0
13,1827,0.0
14,1827,0.0
15,1827,5.0
16,1827,2.0
17,1827,1.0
18,1827,3.0
19,1827,0.0
20,1827,0.0
21,1827,0.0
22,1827,0.0
23,1827,0.0
24,1827,1.0
25,1827,0.0
26,1827,1.0
27,1827,0.0
28,1827,0.0
29,1827,0.0
30,1827,2.0
31,1827,0.0
32,1827,0.0
33,1827,4.0
34,1827,0.0
35,1827,3.0
36,1827,1.0
37,1827,0.0
38,1827,2.0
39,1827,1.0
40,1827,0.0
41,1827,0.0
42,1827,0.0
43,1827,0.0
44,1827,1.0
45,1827,0.0
46,1827,1.0
47,1827,0.0
48,1827,1.0
49,1827,2.0
50,1827,0.0
51,1827,8.0
52,1827,1.0
53,1827,36.0
54,1827,0.0
55,1827,0.0
56,1827,0.0
57,1827,0.0
58,1827,0.0
59,1827,2.0
60,1827,0.0
61,1827,19.0
62,1827,6.0
63,1827,3.0
64,1827,2.0
65,1827,1.0
66,1827,10.0
67,1827,0.0
68,1827,5.0
69,1827,0.0
70,1827,2.0
71,1827,4.0
72,1827,16.0
73,1827,0.0
74,1827,1.0
75,1827,1.0
76,1827,0.0
77,1827,3.0
78,1827,0.0
79,1827,0.0
80,1827,0.0
81,1827,1.0
82,1827,6.0
83,1827,0.0
84,1827,3.0
85,1827,20.0
86,1827,8.0
87,1827,0.0
88,1827,0.0
89,1827,0.0
90,1827,0.0
91,1827,1.0
92,1827,6.0
93,1827,2.0
94,1827,0.0
95,1827,0.0
96,1827,0.0
97,1827,0.0
98,1827,2.0
99,1827,0.0
100,1827,0.0
101,1827,0.0
102,1827,0.0
103,1827,0.0
104,1827,1.0
105,1827,2.0
106,1827,11.0
107,1827,2.0
108,1827,1.0
109,1827,2.0
110,1827,4.0
111,1827,2.0
112,1827,0.0
113,1827,3.0
114,1827,0.0
115,1827,1.0
116,1827,0.0
117,1827,0.0
118,1827,0.0
119,1827,3.0
120,1827,0.0
121,1827,5.0
122,1827,0.0
123,1827,0.0
124,1827,3.0
125,1827,1.0
126,1827,3.0
127,1827,0.0
128,1827,2.0
129,1827,3.0
130,1827,5.0
131,1827,0.0
132,1827,1.0
133,1827,0.0
134,1827,1.0
135,1827,0.0
136,1827,0.0
137,1827,1.0
138,1827,3.0
139,1827,0.0
140,1827,0.0
141,1827,0.0
142,1827,0.0
143,1827,2.0
144,1827,3.0
145,1827,3.0
146,1827,1.0
147,1827,2.0
148,1827,0.0
149,1827,1.0
150,1827,8.0
151,1827,16.0
152,1827,0.0
153,1827,0.0
154,1827,1.0
155,1827,4.0
156,1827,0.0
157,1827,0.0
158,1827,0.0
159,1827,4.0
160,1827,8.0
161,1827,1.0
162,1827,9.0
163,1827,11.0
164,1827,4.0
165,1827,3.0
166,1827,4.0
167,1827,7.0
168,1827,3.0
169,1827,4.0
170,1827,0.0
171,1827,1.0
172,1827,4.0
173,1827,2.0
174,1827,0.0
175,1827,0.0
176,1827,0.0
177,1827,1.0
178,1827,1.0
179,1827,0.0
180,1827,1.0
181,1827,0.0
182,1827,1.0
183,1827,0.0
184,1827,0.0
185,1827,0.0
186,1827,1.0
187,1827,0.0
188,1827,5.0
189,1827,0.0
190,1827,0.0
191,1827,0.0
192,1827,0.0
193,1827,2.0
194,1827,1.0
195,1827,0.0
196,1827,0.0
197,1827,0.0
198,1827,0.0
199,1827,0.0
0,1828,3.0
1,1828,1.0
2,1828,14.0
3,1828,1.0
4,1828,0.0
5,1828,0.0
6,1828,2.0
7,1828,0.0
8,1828,0.0
9,1828,0.0
10,1828,2.0
11,1828,0.0
12,1828,0.0
13,1828,0.0
14,1828,1.0
15,1828,6.0
16,1828,2.0
17,1828,0.0
18,1828,0.0
19,1828,1.0
20,1828,0.0
21,1828,0.0
22,1828,0.0
23,1828,0.0
24,1828,1.0
25,1828,0.0
26,1828,0.0
27,1828,0.0
28,1828,0.0
29,1828,0.0
30,1828,2.0
31,1828,0.0
32,1828,1.0
33,1828,5.0
34,1828,1.0
35,1828,15.0
36,1828,0.0
37,1828,0.0
38,1828,1.0
39,1828,1.0
40,1828,2.0
41,1828,1.0
42,1828,0.0
43,1828,0.0
44,1828,0.0
45,1828,0.0
46,1828,1.0
47,1828,3.0
48,1828,0.0
49,1828,3.0
50,1828,1.0
51,1828,5.0
52,1828,1.0
53,1828,9.0
54,1828,0.0
55,1828,0.0
56,1828,3.0
57,1828,0.0
58,1828,0.0
59,1828,2.0
60,1828,0.0
61,1828,35.0
62,1828,1.0
63,1828,2.0
64,1828,3.0
65,1828,0.0
66,1828,10.0
67,1828,0.0
68,1828,0.0
69,1828,1.0
70,1828,4.0
71,1828,6.0
72,1828,29.0
73,1828,0.0
74,1828,3.0
75,1828,0.0
76,1828,0.0
77,1828,4.0
78,1828,0.0
79,1828,0.0
80,1828,0.0
81,1828,2.0
82,1828,3.0
83,1828,0.0
84,1828,2.0
85,1828,45.0
86,1828,8.0
87,1828,0.0
88,1828,1.0
89,1828,0.0
90,1828,1.0
91,1828,2.0
92,1828,7.0
93,1828,0.0
94,1828,0.0
95,1828,0.0
96,1828,0.0
97,1828,0.0
98,1828,8.0
99,1828,0.0
100,1828,2.0
101,1828,0.0
102,1828,0.0
103,1828,0.0
104,1828,6.0
105,1828,0.0
106,1828,19.0
107,1828,4.0
108,1828,4.0
109,1828,6.0
110,1828,8.0
111,1828,2.0
112,1828,1.0
113,1828,2.0
114,1828,5.0
115,1828,0.0
116,1828,3.0
117,1828,0.0
118,1828,0.0
119,1828,6.0
120,1828,0.0
121,1828,4.0
122,1828,3.0
123,1828,0.0
124,1828,1.0
125,1828,0.0
126,1828,1.0
127,1828,2.0
128,1828,4.0
129,1828,0.0
130,1828,1.0
131,1828,2.0
132,1828,2.0
133,1828,0.0
134,1828,0.0
135,1828,0.0
136,1828,1.0
137,1828,2.0
138,1828,7.0
139,1828,1.0
140,1828,0.0
141,1828,1.0
142,1828,0.0
143,1828,4.0
144,1828,4.0
145,1828,0.0
146,1828,2.0
147,1828,0.0
148,1828,0.0
149,1828,0.0
150,1828,16.0
151,1828,11.0
152,1828,0.0
153,1828,0.0
154,1828,4.0
155,1828,0.0
156,1828,0.0
157,1828,0.0
158,1828,1.0
159,1828,6.0
160,1828,7.0
161,1828,4.0
162,1828,12.0
163,1828,13.0
164,1828,5.0
165,1828,1.0
166,1828,2.0
167,1828,16.0
168,1828,3.0
169,1828,12.0
170,1828,0.0
171,1828,1.0
172,1828,1.0
173,1828,2.0
174,1828,0.0
175,1828,0.0
176,1828,3.0
177,1828,2.0
178,1828,0.0
179,1828,0.0
180,1828,0.0
181,1828,0.0
182,1828,1.0
183,1828,0.0
184,1828,0.0
185,1828,0.0
186,1828,0.0
187,1828,1.0
188,1828,6.0
189,1828,0.0
190,1828,0.0
191,1828,0.0
192,1828,0.0
193,1828,2.0
194,1828,3.0
195,1828,0.0
196,1828,2.0
197,1828,0.0
198,1828,0.0
199,1828,0.0
0,1829,3.0
1,1829,0.0
2,1829,11.0
3,1829,0.0
4,1829,0.0
5,1829,0.0
6,1829,0.0
7,1829,0.0
8,1829,0.0
9,1829,1.0
10,1829,5.0
11,1829,0.0
12,1829,4.0
13,1829,0.0
14,1829,0.0
15,1829,2.0
16,1829,2.0
17,1829,3.0
18,1829,0.0
19,1829,2.0
20,1829,6.0
21,1829,1.0
22,1829,0.0
23,1829,1.0
24,1829,2.0
25,1829,0.0
26,1829,0.0
27,1829,0.0
28,1829,2.0
29,1829,3.0
30,1829,2.0
31,1829,0.0
32,1829,1.0
33,1829,4.0
34,1829,2.0
35,1829,9.0
36,1829,0.0
37,1829,0.0
38,1829,1.0
39,1829,2.0
40,1829,2.0
41,1829,0.0
42,1829,0.0
43,1829,0.0
44,1829,2.0
45,1829,4.0
46,1829,0.0
47,1829,2.0
48,1829,1.0
49,1829,1.0
50,1829,0.0
51,1829,4.0
52,1829,2.0
53,1829,57.0
54,1829,0.0
55,1829,0.0
56,1829,0.0
57,1829,0.0
58,1829,1.0
59,1829,0.0
60,1829,0.0
61,1829,56.0
62,1829,1.0
63,1829,4.0
64,1829,2.0
65,1829,0.0
66,1829,17.0
67,1829,0.0
68,1829,1.0
69,1829,0.0
70,1829,1.0
71,1829,4.0
72,1829,48.0
73,1829,0.0
74,1829,1.0
75,1829,1.0
76,1829,0.0
77,1829,4.0
78,1829,0.0
79,1829,0.0
80,1829,0.0
81,1829,2.0
82,1829,6.0
83,1829,0.0
84,1829,3.0
85,1829,35.0
86,1829,17.0
87,1829,1.0
88,1829,0.0
89,1829,0.0
90,1829,0.0
91,1829,4.0
92,1829,10.0
93,1829,0.0
94,1829,31.0
95,1829,0.0
96,1829,0.0
97,1829,0.0
98,1829,4.0
99,1829,0.0
100,1829,5.0
101,1829,0.0
102,1829,1.0
103,1829,3.0
104,1829,0.0
105,1829,2.0
106,1829,20.0
107,1829,5.0
108,1829,2.0
109,1829,4.0
110,1829,7.0
111,1829,4.0
112,1829,0.0
113,1829,4.0
114,1829,3.0
115,1829,0.0
116,1829,1.0
117,1829,0.0
118,1829,0.0
119,1829,3.0
120,1829,0.0
121,1829,4.0
122,1829,3.0
123,1829,1.0
124,1829,3.0
125,1829,3.0
126,1829,0.0
127,1829,3.0
128,1829,2.0
129,1829,1.0
130,1829,1.0
131,1829,0.0
132,1829,0.0
133,1829,0.0
134,1829,0.0
135,1829,0.0
136,1829,1.0
137,1829,0.0
138,1829,10.0
139,1829,0.0
140,1829,0.0
141,1829,1.0
142,1829,1.0
143,1829,0.0
144,1829,2.0
145,1829,0.0
146,1829,3.0
147,1829,5.0
148,1829,1.0
149,1829,3.0
150,1829,21.0
151,1829,8.0
152,1829,7.0
153,1829,2.0
154,1829,1.0
155,1829,0.0
156,1829,0.0
157,1829,0.0
158,1829,5.0
159,1829,6.0
160,1829,1.0
161,1829,3.0
162,1829,12.0
163,1829,9.0
164,1829,3.0
165,1829,8.0
166,1829,3.0
167,1829,6.0
168,1829,4.0
169,1829,16.0
170,1829,0.0
171,1829,0.0
172,1829,2.0
173,1829,1.0
174,1829,0.0
175,1829,0.0
176,1829,1.0
177,1829,0.0
178,1829,1.0
179,1829,1.0
180,1829,0.0
181,1829,0.0
182,1829,4.0
183,1829,0.0
184,1829,2.0
185,1829,0.0
186,1829,1.0
187,1829,1.0
188,1829,9.0
189,1829,0.0
190,1829,0.0
191,1829,2.0
192,1829,0.0
193,1829,3.0
194,1829,0.0
195,1829,0.0
196,1829,0.0
197,1829,1.0
198,1829,0.0
199,1829,0.0
0,1830,0.0
1,1830,0.0
2,1830,10.0
3,1830,1.0
4,1830,0.0
5,1830,0.0
6,1830,0.0
7,1830,2.0
8,1830,0.0
9,1830,1.0
10,1830,0.0
11,1830,0.0
12,1830,1.0
13,1830,0.0
14,1830,5.0
15,1830,7.0
16,1830,1.0
17,1830,3.0
18,1830,1.0
19,1830,1.0
20,1830,0.0
21,1830,0.0
22,1830,0.0
23,1830,0.0
24,1830,0.0
25,1830,0.0
26,1830,0.0
27,1830,0.0
28,1830,2.0
29,1830,3.0
30,1830,0.0
31,1830,0.0
32,1830,1.0
33,1830,8.0
34,1830,9.0
35,1830,10.0
36,1830,0.0
37,1830,0.0
38,1830,2.0
39,1830,3.0
40,1830,1.0
41,1830,0.0
42,1830,0.0
43,1830,0.0
44,1830,0.0
45,1830,2.0
46,1830,0.0
47,1830,4.0
48,1830,2.0
49,1830,1.0
50,1830,0.0
51,1830,4.0
52,1830,2.0
53,1830,51.0
54,1830,0.0
55,1830,0.0
56,1830,1.0
57,1830,1.0
58,1830,0.0
59,1830,0.0
60,1830,0.0
61,1830,22.0
62,1830,4.0
63,1830,0.0
64,1830,1.0
65,1830,0.0
66,1830,5.0
67,1830,0.0
68,1830,0.0
69,1830,1.0
70,1830,2.0
71,1830,6.0
72,1830,13.0
73,1830,0.0
74,1830,0.0
75,1830,3.0
76,1830,0.0
77,1830,3.0
78,1830,0.0
79,1830,0.0
80,1830,0.0
81,1830,0.0
82,1830,4.0
83,1830,0.0
84,1830,7.0
85,1830,22.0
86,1830,6.0
87,1830,1.0
88,1830,1.0
89,1830,0.0
90,1830,0.0
91,1830,7.0
92,1830,7.0
93,1830,0.0
94,1830,0.0
95,1830,0.0
96,1830,0.0
97,1830,0.0
98,1830,1.0
99,1830,0.0
100,1830,0.0
101,1830,0.0
102,1830,2.0
103,1830,10.0
104,1830,1.0
105,1830,1.0
106,1830,7.0
107,1830,4.0
108,1830,3.0
109,1830,5.0
110,1830,7.0
111,1830,1.0
112,1830,0.0
113,1830,3.0
114,1830,2.0
115,1830,0.0
116,1830,2.0
117,1830,1.0
118,1830,1.0
119,1830,5.0
120,1830,0.0
121,1830,2.0
122,1830,6.0
123,1830,0.0
124,1830,1.0
125,1830,3.0
126,1830,0.0
127,1830,4.0
128,1830,0.0
129,1830,1.0
130,1830,4.0
131,1830,0.0
132,1830,0.0
133,1830,0.0
134,1830,1.0
135,1830,0.0
136,1830,0.0
137,1830,1.0
138,1830,3.0
139,1830,2.0
140,1830,0.0
141,1830,0.0
142,1830,1.0
143,1830,2.0
144,1830,2.0
145,1830,3.0
146,1830,1.0
147,1830,3.0
148,1830,0.0
149,1830,7.0
150,1830,18.0
151,1830,11.0
152,1830,4.0
153,1830,1.0
154,1830,0.0
155,1830,0.0
156,1830,0.0
157,1830,0.0
158,1830,2.0
159,1830,4.0
160,1830,4.0
161,1830,3.0
162,1830,15.0
163,1830,10.0
164,1830,2.0
165,1830,5.0
166,1830,5.0
167,1830,11.0
168,1830,6.0
169,1830,5.0
170,1830,0.0
171,1830,6.0
172,1830,0.0
173,1830,4.0
174,1830,0.0
175,1830,0.0
176,1830,0.0
177,1830,2.0
178,1830,3.0
179,1830,0.0
180,1830,1.0
181,1830,0.0
182,1830,0.0
183,1830,0.0
184,1830,2.0
185,1830,0.0
186,1830,0.0
187,1830,0.0
188,1830,5.0
189,1830,0.0
190,1830,0.0
191,1830,2.0
192,1830,1.0
193,1830,0.0
194,1830,0.0
195,1830,0.0
196,1830,0.0
197,1830,0.0
198,1830,0.0
199,1830,0.0
0,1831,0.0
1,1831,0.0
2,1831,3.0
3,1831,1.0
4,1831,0.0
5,1831,0.0
6,1831,1.0
7,1831,1.0
8,1831,0.0
9,1831,0.0
10,1831,3.0
11,1831,0.0
12,1831,2.0
13,1831,0.0
14,1831,0.0
15,1831,4.0
16,1831,0.0
17,1831,0.0
18,1831,3.0
19,1831,0.0
20,1831,0.0
21,1831,0.0
22,1831,0.0
23,1831,2.0
24,1831,1.0
25,1831,0.0
26,1831,0.0
27,1831,0.0
28,1831,1.0
29,1831,0.0
30,1831,7.0
31,1831,0.0
32,1831,1.0
33,1831,2.0
34,1831,1.0
35,1831,8.0
36,1831,0.0
37,1831,2.0
38,1831,1.0
39,1831,1.0
40,1831,0.0
41,1831,1.0
42,1831,0.0
43,1831,0.0
44,1831,0.0
45,1831,0.0
46,1831,0.0
47,1831,2.0
48,1831,1.0
49,1831,3.0
50,1831,0.0
51,1831,5.0
52,1831,1.0
53,1831,6.0
54,1831,0.0
55,1831,0.0
56,1831,0.0
57,1831,0.0
58,1831,0.0
59,1831,1.0
60,1831,0.0
61,1831,23.0
62,1831,1.0
63,1831,2.0
64,1831,0.0
65,1831,2.0
66,1831,10.0
67,1831,0.0
68,1831,1.0
69,1831,1.0
70,1831,2.0
71,1831,5.0
72,1831,43.0
73,1831,4.0
74,1831,0.0
75,1831,2.0
76,1831,0.0
77,1831,0.0
78,1831,0.0
79,1831,0.0
80,1831,0.0
81,1831,1.0
82,1831,8.0
83,1831,0.0
84,1831,2.0
85,1831,26.0
86,1831,4.0
87,1831,1.0
88,1831,2.0
89,1831,0.0
90,1831,1.0
91,1831,1.0
92,1831,8.0
93,1831,0.0
94,1831,0.0
95,1831,0.0
96,1831,0.0
97,1831,0.0
98,1831,0.0
99,1831,1.0
100,1831,2.0
101,1831,0.0
102,1831,0.0
103,1831,0.0
104,1831,4.0
105,1831,2.0
106,1831,8.0
107,1831,2.0
108,1831,3.0
109,1831,5.0
110,1831,4.0
111,1831,3.0
112,1831,0.0
113,1831,2.0
114,1831,1.0
115,1831,0.0
116,1831,1.0
117,1831,0.0
118,1831,0.0
119,1831,1.0
120,1831,0.0
121,1831,1.0
122,1831,2.0
123,1831,3.0
124,1831,2.0
125,1831,0.0
126,1831,0.0
127,1831,0.0
128,1831,1.0
129,1831,1.0
130,1831,0.0
131,1831,1.0
132,1831,0.0
133,1831,0.0
134,1831,0.0
135,1831,0.0
136,1831,3.0
137,1831,1.0
138,1831,4.0
139,1831,1.0
140,1831,3.0
141,1831,5.0
142,1831,0.0
143,1831,2.0
144,1831,0.0
145,1831,1.0
146,1831,0.0
147,1831,0.0
148,1831,0.0
149,1831,1.0
150,1831,11.0
151,1831,17.0
152,1831,0.0
153,1831,0.0
154,1831,0.0
155,1831,1.0
156,1831,1.0
157,1831,1.0
158,1831,1.0
159,1831,7.0
160,1831,1.0
161,1831,3.0
162,1831,9.0
163,1831,15.0
164,1831,4.0
165,1831,4.0
166,1831,4.0
167,1831,7.0
168,1831,0.0
169,1831,13.0
170,1831,0.0
171,1831,1.0
172,1831,3.0
173,1831,3.0
174,1831,0.0
175,1831,0.0
176,1831,1.0
177,1831,2.0
178,1831,1.0
179,1831,0.0
180,1831,1.0
181,1831,0.0
182,1831,2.0
183,1831,0.0
184,1831,0.0
185,1831,0.0
186,1831,2.0
187,1831,0.0
188,1831,5.0
189,1831,1.0
190,1831,0.0
191,1831,0.0
192,1831,1.0
193,1831,2.0
194,1831,2.0
195,1831,0.0
196,1831,0.0
197,1831,0.0
198,1831,0.0
199,1831,0.0
0,1832,0.0
1,1832,0.0
2,1832,13.0
3,1832,3.0
4,1832,0.0
5,1832,0.0
6,1832,2.0
7,1832,3.0
8,1832,0.0
9,1832,0.0
10,1832,3.0
11,1832,0.0
12,1832,0.0
13,1832,0.0
14,1832,3.0
15,1832,0.0
16,1832,0.0
17,1832,0.0
18,1832,0.0
19,1832,0.0
20,1832,0.0
21,1832,0.0
22,1832,0.0
23,1832,0.0
24,1832,1.0
25,1832,0.0
26,1832,0.0
27,1832,0.0
28,1832,1.0
29,1832,0.0
30,1832,0.0
31,1832,1.0
32,1832,1.0
33,1832,1.0
34,1832,0.0
35,1832,13.0
36,1832,0.0
37,1832,2.0
38,1832,1.0
39,1832,4.0
40,1832,0.0
41,1832,2.0
42,1832,0.0
43,1832,0.0
44,1832,1.0
45,1832,2.0
46,1832,0.0
47,1832,5.0
48,1832,1.0
49,1832,0.0
50,1832,0.0
51,1832,1.0
52,1832,0.0
53,1832,31.0
54,1832,0.0
55,1832,3.0
56,1832,1.0
57,1832,0.0
58,1832,0.0
59,1832,3.0
60,1832,0.0
61,1832,14.0
62,1832,1.0
63,1832,3.0
64,1832,3.0
65,1832,1.0
66,1832,8.0
67,1832,0.0
68,1832,1.0
69,1832,0.0
70,1832,2.0
71,1832,4.0
72,1832,20.0
73,1832,3.0
74,1832,0.0
75,1832,3.0
76,1832,0.0
77,1832,2.0
78,1832,0.0
79,1832,0.0
80,1832,0.0
81,1832,0.0
82,1832,4.0
83,1832,0.0
84,1832,5.0
85,1832,35.0
86,1832,4.0
87,1832,1.0
88,1832,2.0
89,1832,0.0
90,1832,0.0
91,1832,3.0
92,1832,10.0
93,1832,1.0
94,1832,0.0
95,1832,0.0
96,1832,0.0
97,1832,1.0
98,1832,2.0
99,1832,0.0
100,1832,1.0
101,1832,0.0
102,1832,0.0
103,1832,0.0
104,1832,2.0
105,1832,2.0
106,1832,6.0
107,1832,0.0
108,1832,2.0
109,1832,5.0
110,1832,5.0
111,1832,2.0
112,1832,0.0
113,1832,0.0
114,1832,1.0
115,1832,0.0
116,1832,0.0
117,1832,0.0
118,1832,0.0
119,1832,4.0
120,1832,0.0
121,1832,1.0
122,1832,2.0
123,1832,2.0
124,1832,0.0
125,1832,0.0
126,1832,0.0
127,1832,0.0
128,1832,4.0
129,1832,0.0
130,1832,6.0
131,1832,0.0
132,1832,0.0
133,1832,0.0
134,1832,0.0
135,1832,0.0
136,1832,1.0
137,1832,0.0
138,1832,1.0
139,1832,2.0
140,1832,0.0
141,1832,0.0
142,1832,0.0
143,1832,3.0
144,1832,4.0
145,1832,2.0
146,1832,0.0
147,1832,1.0
148,1832,0.0
149,1832,2.0
150,1832,18.0
151,1832,22.0
152,1832,0.0
153,1832,0.0
154,1832,2.0
155,1832,2.0
156,1832,0.0
157,1832,0.0
158,1832,1.0
159,1832,5.0
160,1832,2.0
161,1832,3.0
162,1832,14.0
163,1832,23.0
164,1832,2.0
165,1832,1.0
166,1832,4.0
167,1832,12.0
168,1832,11.0
169,1832,13.0
170,1832,1.0
171,1832,0.0
172,1832,1.0
173,1832,2.0
174,1832,0.0
175,1832,0.0
176,1832,1.0
177,1832,0.0
178,1832,0.0
179,1832,4.0
180,1832,3.0
181,1832,0.0
182,1832,1.0
183,1832,1.0
184,1832,1.0
185,1832,0.0
186,1832,0.0
187,1832,0.0
188,1832,2.0
189,1832,0.0
190,1832,0.0
191,1832,0.0
192,1832,0.0
193,1832,0.0
194,1832,2.0
195,1832,0.0
196,1832,0.0
197,1832,0.0
198,1832,0.0
199,1832,0.0
0,1833,4.0
1,1833,0.0
2,1833,23.0
3,1833,3.0
4,1833,0.0
5,1833,0.0
6,1833,0.0
7,1833,0.0
8,1833,0.0
9,1833,0.0
10,1833,9.0
11,1833,0.0
12,1833,0.0
13,1833,2.0
14,1833,1.0
15,1833,2.0
16,1833,1.0
17,1833,1.0
18,1833,3.0
19,1833,3.0
20,1833,0.0
21,1833,0.0
22,1833,2.0
23,1833,0.0
24,1833,1.0
25,1833,0.0
26,1833,0.0
27,1833,0.0
28,1833,3.0
29,1833,1.0
30,1833,1.0
31,1833,1.0
32,1833,0.0
33,1833,9.0
34,1833,0.0
35,1833,2.0
36,1833,0.0
37,1833,2.0
38,1833,1.0
39,1833,2.0
40,1833,1.0
41,1833,0.0
42,1833,1.0
43,1833,0.0
44,1833,0.0
45,1833,2.0
46,1833,0.0
47,1833,0.0
48,1833,1.0
49,1833,2.0
50,1833,1.0
51,1833,4.0
52,1833,3.0
53,1833,32.0
54,1833,0.0
55,1833,0.0
56,1833,1.0
57,1833,0.0
58,1833,2.0
59,1833,3.0
60,1833,0.0
61,1833,23.0
62,1833,2.0
63,1833,2.0
64,1833,0.0
65,1833,0.0
66,1833,6.0
67,1833,0.0
68,1833,1.0
69,1833,0.0
70,1833,1.0
71,1833,1.0
72,1833,20.0
73,1833,2.0
74,1833,0.0
75,1833,1.0
76,1833,0.0
77,1833,4.0
78,1833,0.0
79,1833,0.0
80,1833,0.0
81,1833,0.0
82,1833,3.0
83,1833,0.0
84,1833,3.0
85,1833,22.0
86,1833,1.0
87,1833,0.0
88,1833,1.0
89,1833,0.0
90,1833,0.0
91,1833,6.0
92,1833,7.0
93,1833,0.0
94,1833,0.0
95,1833,0.0
96,1833,0.0
97,1833,0.0
98,1833,3.0
99,1833,0.0
100,1833,0.0
101,1833,1.0
102,1833,0.0
103,1833,2.0
104,1833,4.0
105,1833,0.0
106,1833,6.0
107,1833,2.0
108,1833,1.0
109,1833,7.0
110,1833,4.0
111,1833,2.0
112,1833,0.0
113,1833,0.0
114,1833,1.0
115,1833,0.0
116,1833,0.0
117,1833,2.0
118,1833,0.0
119,1833,2.0
120,1833,0.0
121,1833,1.0
122,1833,1.0
123,1833,0.0
124,1833,2.0
125,1833,1.0
126,1833,0.0
127,1833,1.0
128,1833,1.0
129,1833,0.0
130,1833,2.0
131,1833,1.0
132,1833,0.0
133,1833,0.0
134,1833,1.0
135,1833,0.0
136,1833,1.0
137,1833,0.0
138,1833,4.0
139,1833,0.0
140,1833,1.0
141,1833,1.0
142,1833,0.0
143,1833,3.0
144,1833,1.0
145,1833,2.0
146,1833,0.0
147,1833,3.0
148,1833,0.0
149,1833,0.0
150,1833,10.0
151,1833,5.0
152,1833,0.0
153,1833,1.0
154,1833,2.0
155,1833,0.0
156,1833,0.0
157,1833,0.0
158,1833,2.0
159,1833,3.0
160,1833,4.0
161,1833,2.0
162,1833,6.0
163,1833,4.0
164,1833,3.0
165,1833,4.0
166,1833,4.0
167,1833,10.0
168,1833,1.0
169,1833,7.0
170,1833,0.0
171,1833,4.0
172,1833,2.0
173,1833,2.0
174,1833,0.0
175,1833,0.0
176,1833,0.0
177,1833,0.0
178,1833,1.0
179,1833,0.0
180,1833,1.0
181,1833,0.0
182,1833,1.0
183,1833,0.0
184,1833,2.0
185,1833,0.0
186,1833,0.0
187,1833,0.0
188,1833,5.0
189,1833,0.0
190,1833,0.0
191,1833,1.0
192,1833,0.0
193,1833,1.0
194,1833,2.0
195,1833,0.0
196,1833,0.0
197,1833,0.0
198,1833,0.0
199,1833,0.0
0,1834,0.0
1,1834,0.0
2,1834,19.0
3,1834,0.0
4,1834,0.0
5,1834,0.0
6,1834,1.0
7,1834,0.0
8,1834,0.0
9,1834,0.0
10,1834,2.0
11,1834,0.0
12,1834,2.0
13,1834,1.0
14,1834,0.0
15,1834,11.0
16,1834,2.0
17,1834,2.0
18,1834,0.0
19,1834,1.0
20,1834,0.0
21,1834,0.0
22,1834,0.0
23,1834,1.0
24,1834,2.0
25,1834,0.0
26,1834,0.0
27,1834,0.0
28,1834,0.0
29,1834,0.0
30,1834,0.0
31,1834,2.0
32,1834,0.0
33,1834,6.0
34,1834,0.0
35,1834,18.0
36,1834,0.0
37,1834,1.0
38,1834,2.0
39,1834,1.0
40,1834,4.0
41,1834,0.0
42,1834,0.0
43,1834,0.0
44,1834,0.0
45,1834,1.0
46,1834,0.0
47,1834,0.0
48,1834,0.0
49,1834,0.0
50,1834,1.0
51,1834,7.0
52,1834,3.0
53,1834,33.0
54,1834,0.0
55,1834,1.0
56,1834,2.0
57,1834,5.0
58,1834,0.0
59,1834,0.0
60,1834,0.0
61,1834,23.0
62,1834,2.0
63,1834,0.0
64,1834,6.0
65,1834,0.0
66,1834,7.0
67,1834,0.0
68,1834,0.0
69,1834,1.0
70,1834,3.0
71,1834,3.0
72,1834,26.0
73,1834,3.0
74,1834,0.0
75,1834,1.0
76,1834,0.0
77,1834,4.0
78,1834,0.0
79,1834,3.0
80,1834,0.0
81,1834,1.0
82,1834,2.0
83,1834,0.0
84,1834,4.0
85,1834,27.0
86,1834,0.0
87,1834,0.0
88,1834,2.0
89,1834,0.0
90,1834,1.0
91,1834,1.0
92,1834,6.0
93,1834,0.0
94,1834,0.0
95,1834,0.0
96,1834,0.0
97,1834,0.0
98,1834,2.0
99,1834,0.0
100,1834,2.0
101,1834,0.0
102,1834,2.0
103,1834,0.0
104,1834,3.0
105,1834,0.0
106,1834,14.0
107,1834,2.0
108,1834,2.0
109,1834,3.0
110,1834,3.0
111,1834,2.0
112,1834,2.0
113,1834,1.0
114,1834,1.0
115,1834,0.0
116,1834,3.0
117,1834,2.0
118,1834,0.0
119,1834,0.0
120,1834,0.0
121,1834,2.0
122,1834,1.0
123,1834,0.0
124,1834,0.0
125,1834,3.0
126,1834,1.0
127,1834,4.0
128,1834,1.0
129,1834,1.0
130,1834,0.0
131,1834,0.0
132,1834,3.0
133,1834,0.0
134,1834,0.0
135,1834,0.0
136,1834,0.0
137,1834,0.0
138,1834,3.0
139,1834,0.0
140,1834,1.0
141,1834,1.0
142,1834,0.0
143,1834,2.0
144,1834,2.0
145,1834,0.0
146,1834,1.0
147,1834,3.0
148,1834,1.0
149,1834,1.0
150,1834,13.0
151,1834,15.0
152,1834,0.0
153,1834,0.0
154,1834,1.0
155,1834,2.0
156,1834,0.0
157,1834,2.0
158,1834,1.0
159,1834,2.0
160,1834,2.0
161,1834,3.0
162,1834,14.0
163,1834,16.0
164,1834,2.0
165,1834,4.0
166,1834,1.0
167,1834,11.0
168,1834,4.0
169,1834,11.0
170,1834,1.0
171,1834,0.0
172,1834,1.0
173,1834,2.0
174,1834,0.0
175,1834,0.0
176,1834,2.0
177,1834,1.0
178,1834,2.0
179,1834,0.0
180,1834,3.0
181,1834,0.0
182,1834,0.0
183,1834,0.0
184,1834,0.0
185,1834,0.0
186,1834,0.0
187,1834,1.0
188,1834,8.0
189,1834,0.0
190,1834,0.0
191,1834,0.0
192,1834,0.0
193,1834,0.0
194,1834,0.0
195,1834,0.0
196,1834,0.0
197,1834,0.0
198,1834,0.0
199,1834,0.0
0,1835,5.0
1,1835,0.0
2,1835,21.0
3,1835,2.0
4,1835,0.0
5,1835,0.0
6,1835,6.0
7,1835,0.0
8,1835,0.0
9,1835,1.0
10,1835,0.0
11,1835,0.0
12,1835,3.0
13,1835,3.0
14,1835,1.0
15,1835,0.0
16,1835,3.0
17,1835,1.0
18,1835,5.0
19,1835,1.0
20,1835,1.0
21,1835,0.0
22,1835,0.0
23,1835,0.0
24,1835,0.0
25,1835,0.0
26,1835,0.0
27,1835,0.0
28,1835,0.0
29,1835,0.0
30,1835,3.0
31,1835,2.0
32,1835,0.0
33,1835,9.0
34,1835,0.0
35,1835,9.0
36,1835,0.0
37,1835,0.0
38,1835,4.0
39,1835,0.0
40,1835,2.0
41,1835,1.0
42,1835,0.0
43,1835,0.0
44,1835,0.0
45,1835,0.0
46,1835,1.0
47,1835,6.0
48,1835,0.0
49,1835,0.0
50,1835,1.0
51,1835,6.0
52,1835,3.0
53,1835,111.0
54,1835,0.0
55,1835,1.0
56,1835,4.0
57,1835,2.0
58,1835,0.0
59,1835,1.0
60,1835,0.0
61,1835,34.0
62,1835,4.0
63,1835,5.0
64,1835,7.0
65,1835,0.0
66,1835,11.0
67,1835,0.0
68,1835,0.0
69,1835,1.0
70,1835,0.0
71,1835,10.0
72,1835,25.0
73,1835,5.0
74,1835,1.0
75,1835,1.0
76,1835,0.0
77,1835,0.0
78,1835,0.0
79,1835,0.0
80,1835,0.0
81,1835,0.0
82,1835,6.0
83,1835,0.0
84,1835,5.0
85,1835,43.0
86,1835,0.0
87,1835,0.0
88,1835,2.0
89,1835,0.0
90,1835,0.0
91,1835,12.0
92,1835,16.0
93,1835,0.0
94,1835,5.0
95,1835,0.0
96,1835,0.0
97,1835,0.0
98,1835,6.0
99,1835,1.0
100,1835,2.0
101,1835,0.0
102,1835,1.0
103,1835,2.0
104,1835,7.0
105,1835,3.0
106,1835,13.0
107,1835,0.0
108,1835,4.0
109,1835,2.0
110,1835,6.0
111,1835,6.0
112,1835,0.0
113,1835,3.0
114,1835,7.0
115,1835,0.0
116,1835,0.0
117,1835,2.0
118,1835,0.0
119,1835,5.0
120,1835,0.0
121,1835,1.0
122,1835,2.0
123,1835,0.0
124,1835,1.0
125,1835,0.0
126,1835,1.0
127,1835,2.0
128,1835,3.0
129,1835,0.0
130,1835,5.0
131,1835,2.0
132,1835,1.0
133,1835,0.0
134,1835,0.0
135,1835,0.0
136,1835,0.0
137,1835,0.0
138,1835,13.0
139,1835,0.0
140,1835,2.0
141,1835,1.0
142,1835,0.0
143,1835,0.0
144,1835,4.0
145,1835,3.0
146,1835,1.0
147,1835,3.0
148,1835,1.0
149,1835,1.0
150,1835,30.0
151,1835,8.0
152,1835,0.0
153,1835,0.0
154,1835,0.0
155,1835,1.0
156,1835,0.0
157,1835,1.0
158,1835,1.0
159,1835,6.0
160,1835,7.0
161,1835,6.0
162,1835,13.0
163,1835,15.0
164,1835,4.0
165,1835,3.0
166,1835,5.0
167,1835,23.0
168,1835,12.0
169,1835,23.0
170,1835,1.0
171,1835,4.0
172,1835,0.0
173,1835,1.0
174,1835,0.0
175,1835,0.0
176,1835,0.0
177,1835,1.0
178,1835,1.0
179,1835,0.0
180,1835,2.0
181,1835,0.0
182,1835,0.0
183,1835,0.0
184,1835,1.0
185,1835,0.0
186,1835,0.0
187,1835,0.0
188,1835,5.0
189,1835,0.0
190,1835,0.0
191,1835,1.0
192,1835,1.0
193,1835,0.0
194,1835,0.0
195,1835,0.0
196,1835,2.0
197,1835,0.0
198,1835,0.0
199,1835,0.0
0,1836,0.0
1,1836,0.0
2,1836,8.0
3,1836,2.0
4,1836,0.0
5,1836,0.0
6,1836,0.0
7,1836,2.0
8,1836,0.0
9,1836,5.0
10,1836,0.0
11,1836,0.0
12,1836,7.0
13,1836,0.0
14,1836,1.0
15,1836,0.0
16,1836,2.0
17,1836,1.0
18,1836,0.0
19,1836,3.0
20,1836,1.0
21,1836,0.0
22,1836,0.0
23,1836,0.0
24,1836,4.0
25,1836,0.0
26,1836,1.0
27,1836,0.0
28,1836,3.0
29,1836,0.0
30,1836,5.0
31,1836,3.0
32,1836,0.0
33,1836,2.0
34,1836,2.0
35,1836,11.0
36,1836,0.0
37,1836,2.0
38,1836,0.0
39,1836,3.0
40,1836,0.0
41,1836,1.0
42,1836,3.0
43,1836,0.0
44,1836,0.0
45,1836,1.0
46,1836,1.0
47,1836,4.0
48,1836,1.0
49,1836,0.0
50,1836,1.0
51,1836,3.0
52,1836,1.0
53,1836,77.0
54,1836,0.0
55,1836,1.0
56,1836,2.0
57,1836,1.0
58,1836,1.0
59,1836,0.0
60,1836,0.0
61,1836,52.0
62,1836,11.0
63,1836,2.0
64,1836,6.0
65,1836,0.0
66,1836,17.0
67,1836,0.0
68,1836,1.0
69,1836,0.0
70,1836,3.0
71,1836,0.0
72,1836,37.0
73,1836,3.0
74,1836,0.0
75,1836,4.0
76,1836,0.0
77,1836,8.0
78,1836,0.0
79,1836,0.0
80,1836,0.0
81,1836,1.0
82,1836,7.0
83,1836,0.0
84,1836,6.0
85,1836,44.0
86,1836,0.0
87,1836,0.0
88,1836,0.0
89,1836,2.0
90,1836,1.0
91,1836,4.0
92,1836,7.0
93,1836,0.0
94,1836,1.0
95,1836,0.0
96,1836,0.0
97,1836,1.0
98,1836,17.0
99,1836,0.0
100,1836,3.0
101,1836,1.0
102,1836,3.0
103,1836,6.0
104,1836,6.0
105,1836,3.0
106,1836,14.0
107,1836,2.0
108,1836,3.0
109,1836,5.0
110,1836,9.0
111,1836,9.0
112,1836,0.0
113,1836,2.0
114,1836,1.0
115,1836,1.0
116,1836,1.0
117,1836,0.0
118,1836,1.0
119,1836,5.0
120,1836,1.0
121,1836,2.0
122,1836,1.0
123,1836,2.0
124,1836,0.0
125,1836,4.0
126,1836,4.0
127,1836,0.0
128,1836,3.0
129,1836,1.0
130,1836,5.0
131,1836,1.0
132,1836,2.0
133,1836,0.0
134,1836,1.0
135,1836,0.0
136,1836,3.0
137,1836,0.0
138,1836,3.0
139,1836,0.0
140,1836,0.0
141,1836,1.0
142,1836,1.0
143,1836,2.0
144,1836,6.0
145,1836,0.0
146,1836,0.0
147,1836,4.0
148,1836,1.0
149,1836,2.0
150,1836,23.0
151,1836,14.0
152,1836,11.0
153,1836,0.0
154,1836,0.0
155,1836,1.0
156,1836,0.0
157,1836,0.0
158,1836,1.0
159,1836,4.0
160,1836,3.0
161,1836,6.0
162,1836,8.0
163,1836,9.0
164,1836,3.0
165,1836,6.0
166,1836,6.0
167,1836,16.0
168,1836,1.0
169,1836,9.0
170,1836,1.0
171,1836,4.0
172,1836,0.0
173,1836,0.0
174,1836,0.0
175,1836,0.0
176,1836,1.0
177,1836,1.0
178,1836,1.0
179,1836,0.0
180,1836,1.0
181,1836,0.0
182,1836,1.0
183,1836,0.0
184,1836,2.0
185,1836,1.0
186,1836,0.0
187,1836,0.0
188,1836,2.0
189,1836,0.0
190,1836,0.0
191,1836,0.0
192,1836,2.0
193,1836,2.0
194,1836,0.0
195,1836,0.0
196,1836,1.0
197,1836,0.0
198,1836,0.0
199,1836,0.0
0,1837,3.0
1,1837,4.0
2,1837,2.0
3,1837,0.0
4,1837,0.0
5,1837,0.0
6,1837,0.0
7,1837,0.0
8,1837,0.0
9,1837,1.0
10,1837,0.0
11,1837,0.0
12,1837,3.0
13,1837,3.0
14,1837,0.0
15,1837,0.0
16,1837,1.0
17,1837,0.0
18,1837,0.0
19,1837,2.0
20,1837,0.0
21,1837,0.0
22,1837,5.0
23,1837,0.0
24,1837,0.0
25,1837,0.0
26,1837,0.0
27,1837,0.0
28,1837,1.0
29,1837,1.0
30,1837,3.0
31,1837,0.0
32,1837,3.0
33,1837,9.0
34,1837,1.0
35,1837,5.0
36,1837,0.0
37,1837,1.0
38,1837,1.0
39,1837,3.0
40,1837,0.0
41,1837,1.0
42,1837,1.0
43,1837,0.0
44,1837,0.0
45,1837,2.0
46,1837,2.0
47,1837,3.0
48,1837,3.0
49,1837,1.0
50,1837,1.0
51,1837,8.0
52,1837,0.0
53,1837,42.0
54,1837,0.0
55,1837,1.0
56,1837,0.0
57,1837,0.0
58,1837,0.0
59,1837,1.0
60,1837,0.0
61,1837,13.0
62,1837,6.0
63,1837,6.0
64,1837,0.0
65,1837,0.0
66,1837,5.0
67,1837,0.0
68,1837,2.0
69,1837,1.0
70,1837,4.0
71,1837,1.0
72,1837,17.0
73,1837,4.0
74,1837,1.0
75,1837,2.0
76,1837,0.0
77,1837,6.0
78,1837,0.0
79,1837,1.0
80,1837,0.0
81,1837,0.0
82,1837,4.0
83,1837,0.0
84,1837,6.0
85,1837,27.0
86,1837,0.0
87,1837,0.0
88,1837,4.0
89,1837,1.0
90,1837,1.0
91,1837,4.0
92,1837,9.0
93,1837,0.0
94,1837,1.0
95,1837,0.0
96,1837,0.0
97,1837,1.0
98,1837,7.0
99,1837,0.0
100,1837,1.0
101,1837,1.0
102,1837,0.0
103,1837,4.0
104,1837,6.0
105,1837,3.0
106,1837,13.0
107,1837,1.0
108,1837,3.0
109,1837,6.0
110,1837,1.0
111,1837,3.0
112,1837,1.0
113,1837,4.0
114,1837,0.0
115,1837,0.0
116,1837,2.0
117,1837,0.0
118,1837,1.0
119,1837,2.0
120,1837,0.0
121,1837,1.0
122,1837,0.0
123,1837,0.0
124,1837,1.0
125,1837,1.0
126,1837,0.0
127,1837,0.0
128,1837,3.0
129,1837,1.0
130,1837,2.0
131,1837,1.0
132,1837,0.0
133,1837,0.0
134,1837,3.0
135,1837,0.0
136,1837,0.0
137,1837,0.0
138,1837,3.0
139,1837,0.0
140,1837,0.0
141,1837,0.0
142,1837,0.0
143,1837,3.0
144,1837,6.0
145,1837,0.0
146,1837,2.0
147,1837,1.0
148,1837,0.0
149,1837,0.0
150,1837,14.0
151,1837,5.0
152,1837,0.0
153,1837,1.0
154,1837,0.0
155,1837,0.0
156,1837,0.0
157,1837,0.0
158,1837,1.0
159,1837,6.0
160,1837,1.0
161,1837,6.0
162,1837,8.0
163,1837,11.0
164,1837,1.0
165,1837,2.0
166,1837,3.0
167,1837,13.0
168,1837,1.0
169,1837,70.0
170,1837,0.0
171,1837,4.0
172,1837,0.0
173,1837,1.0
174,1837,0.0
175,1837,0.0
176,1837,1.0
177,1837,0.0
178,1837,1.0
179,1837,1.0
180,1837,2.0
181,1837,0.0
182,1837,2.0
183,1837,0.0
184,1837,1.0
185,1837,0.0
186,1837,0.0
187,1837,2.0
188,1837,4.0
189,1837,0.0
190,1837,0.0
191,1837,1.0
192,1837,1.0
193,1837,1.0
194,1837,0.0
195,1837,0.0
196,1837,1.0
197,1837,0.0
198,1837,0.0
199,1837,0.0
0,1838,0.0
1,1838,1.0
2,1838,0.0
3,1838,3.0
4,1838,0.0
5,1838,0.0
6,1838,0.0
7,1838,1.0
8,1838,0.0
9,1838,2.0
10,1838,0.0
11,1838,0.0
12,1838,1.0
13,1838,0.0
14,1838,3.0
15,1838,0.0
16,1838,0.0
17,1838,2.0
18,1838,0.0
19,1838,0.0
20,1838,0.0
21,1838,0.0
22,1838,0.0
23,1838,1.0
24,1838,0.0
25,1838,2.0
26,1838,3.0
27,1838,0.0
28,1838,0.0
29,1838,0.0
30,1838,2.0
31,1838,1.0
32,1838,1.0
33,1838,7.0
34,1838,1.0
35,1838,12.0
36,1838,0.0
37,1838,1.0
38,1838,0.0
39,1838,5.0
40,1838,3.0
41,1838,0.0
42,1838,0.0
43,1838,0.0
44,1838,0.0
45,1838,1.0
46,1838,0.0
47,1838,8.0
48,1838,2.0
49,1838,0.0
50,1838,1.0
51,1838,4.0
52,1838,3.0
53,1838,28.0
54,1838,0.0
55,1838,1.0
56,1838,1.0
57,1838,1.0
58,1838,2.0
59,1838,2.0
60,1838,0.0
61,1838,28.0
62,1838,2.0
63,1838,2.0
64,1838,2.0
65,1838,3.0
66,1838,14.0
67,1838,0.0
68,1838,0.0
69,1838,0.0
70,1838,2.0
71,1838,2.0
72,1838,7.0
73,1838,2.0
74,1838,2.0
75,1838,0.0
76,1838,0.0
77,1838,1.0
78,1838,0.0
79,1838,0.0
80,1838,0.0
81,1838,0.0
82,1838,3.0
83,1838,0.0
84,1838,8.0
85,1838,19.0
86,1838,0.0
87,1838,0.0
88,1838,1.0
89,1838,0.0
90,1838,1.0
91,1838,7.0
92,1838,6.0
93,1838,0.0
94,1838,2.0
95,1838,0.0
96,1838,0.0
97,1838,1.0
98,1838,4.0
99,1838,2.0
100,1838,0.0
101,1838,0.0
102,1838,1.0
103,1838,0.0
104,1838,4.0
105,1838,4.0
106,1838,5.0
107,1838,2.0
108,1838,7.0
109,1838,5.0
110,1838,7.0
111,1838,4.0
112,1838,0.0
113,1838,1.0
114,1838,1.0
115,1838,1.0
116,1838,0.0
117,1838,1.0
118,1838,0.0
119,1838,3.0
120,1838,1.0
121,1838,1.0
122,1838,0.0
123,1838,1.0
124,1838,2.0
125,1838,2.0
126,1838,0.0
127,1838,0.0
128,1838,2.0
129,1838,0.0
130,1838,0.0
131,1838,0.0
132,1838,0.0
133,1838,0.0
134,1838,1.0
135,1838,0.0
136,1838,4.0
137,1838,0.0
138,1838,2.0
139,1838,0.0
140,1838,0.0
141,1838,0.0
142,1838,1.0
143,1838,1.0
144,1838,1.0
145,1838,2.0
146,1838,1.0
147,1838,3.0
148,1838,1.0
149,1838,1.0
150,1838,12.0
151,1838,7.0
152,1838,0.0
153,1838,0.0
154,1838,0.0
155,1838,1.0
156,1838,1.0
157,1838,1.0
158,1838,0.0
159,1838,3.0
160,1838,1.0
161,1838,3.0
162,1838,14.0
163,1838,5.0
164,1838,3.0
165,1838,6.0
166,1838,6.0
167,1838,12.0
168,1838,2.0
169,1838,1.0
170,1838,1.0
171,1838,5.0
172,1838,1.0
173,1838,1.0
174,1838,0.0
175,1838,0.0
176,1838,2.0
177,1838,0.0
178,1838,0.0
179,1838,0.0
180,1838,1.0
181,1838,0.0
182,1838,4.0
183,1838,0.0
184,1838,1.0
185,1838,0.0
186,1838,0.0
187,1838,0.0
188,1838,4.0
189,1838,0.0
190,1838,0.0
191,1838,1.0
192,1838,0.0
193,1838,1.0
194,1838,0.0
195,1838,0.0
196,1838,1.0
197,1838,0.0
198,1838,0.0
199,1838,0.0
0,1839,1.0
1,1839,0.0
2,1839,0.0
3,1839,0.0
4,1839,0.0
5,1839,0.0
6,1839,1.0
7,1839,1.0
8,1839,0.0
9,1839,2.0
10,1839,0.0
11,1839,1.0
12,1839,1.0
13,1839,0.0
14,1839,2.0
15,1839,0.0
16,1839,3.0
17,1839,1.0
18,1839,1.0
19,1839,0.0
20,1839,1.0
21,1839,0.0
22,1839,0.0
23,1839,1.0
24,1839,0.0
25,1839,0.0
26,1839,1.0
27,1839,1.0
28,1839,2.0
29,1839,0.0
30,1839,1.0
31,1839,0.0
32,1839,0.0
33,1839,11.0
34,1839,4.0
35,1839,9.0
36,1839,0.0
37,1839,2.0
38,1839,2.0
39,1839,1.0
40,1839,1.0
41,1839,0.0
42,1839,0.0
43,1839,0.0
44,1839,0.0
45,1839,2.0
46,1839,0.0
47,1839,0.0
48,1839,2.0
49,1839,0.0
50,1839,2.0
51,1839,5.0
52,1839,0.0
53,1839,48.0
54,1839,0.0
55,1839,0.0
56,1839,0.0
57,1839,0.0
58,1839,0.0
59,1839,0.0
60,1839,0.0
61,1839,12.0
62,1839,3.0
63,1839,3.0
64,1839,1.0
65,1839,0.0
66,1839,11.0
67,1839,0.0
68,1839,0.0
69,1839,0.0
70,1839,1.0
71,1839,5.0
72,1839,22.0
73,1839,1.0
74,1839,1.0
75,1839,0.0
76,1839,0.0
77,1839,5.0
78,1839,0.0
79,1839,0.0
80,1839,0.0
81,1839,1.0
82,1839,7.0
83,1839,0.0
84,1839,7.0
85,1839,35.0
86,1839,0.0
87,1839,0.0
88,1839,1.0
89,1839,2.0
90,1839,0.0
91,1839,5.0
92,1839,4.0
93,1839,0.0
94,1839,0.0
95,1839,0.0
96,1839,0.0
97,1839,1.0
98,1839,1.0
99,1839,2.0
100,1839,0.0
101,1839,0.0
102,1839,0.0
103,1839,5.0
104,1839,2.0
105,1839,4.0
106,1839,5.0
107,1839,1.0
108,1839,3.0
109,1839,3.0
110,1839,4.0
111,1839,4.0
112,1839,0.0
113,1839,2.0
114,1839,1.0
115,1839,1.0
116,1839,3.0
117,1839,0.0
118,1839,1.0
119,1839,4.0
120,1839,0.0
121,1839,0.0
122,1839,0.0
123,1839,1.0
124,1839,0.0
125,1839,1.0
126,1839,0.0
127,1839,1.0
128,1839,1.0
129,1839,0.0
130,1839,0.0
131,1839,0.0
132,1839,0.0
133,1839,0.0
134,1839,0.0
135,1839,0.0
136,1839,2.0
137,1839,0.0
138,1839,6.0
139,1839,0.0
140,1839,0.0
141,1839,1.0
142,1839,0.0
143,1839,3.0
144,1839,0.0
145,1839,2.0
146,1839,0.0
147,1839,0.0
148,1839,0.0
149,1839,0.0
150,1839,13.0
151,1839,15.0
152,1839,0.0
153,1839,0.0
154,1839,3.0
155,1839,1.0
156,1839,1.0
157,1839,0.0
158,1839,0.0
159,1839,4.0
160,1839,6.0
161,1839,5.0
162,1839,6.0
163,1839,1.0
164,1839,1.0
165,1839,1.0
166,1839,0.0
167,1839,16.0
168,1839,3.0
169,1839,1.0
170,1839,0.0
171,1839,8.0
172,1839,0.0
173,1839,0.0
174,1839,0.0
175,1839,0.0
176,1839,2.0
177,1839,2.0
178,1839,0.0
179,1839,0.0
180,1839,1.0
181,1839,0.0
182,1839,0.0
183,1839,1.0
184,1839,1.0
185,1839,0.0
186,1839,0.0
187,1839,1.0
188,1839,3.0
189,1839,2.0
190,1839,0.0
191,1839,0.0
192,1839,0.0
193,1839,3.0
194,1839,4.0
195,1839,0.0
196,1839,0.0
197,1839,0.0
198,1839,0.0
199,1839,0.0
0,1840,1.0
1,1840,3.0
2,1840,0.0
3,1840,2.0
4,1840,0.0
5,1840,0.0
6,1840,0.0
7,1840,0.0
8,1840,0.0
9,1840,3.0
10,1840,0.0
11,1840,0.0
12,1840,4.0
13,1840,1.0
14,1840,5.0
15,1840,0.0
16,1840,1.0
17,1840,0.0
18,1840,8.0
19,1840,0.0
20,1840,0.0
21,1840,0.0
22,1840,0.0
23,1840,0.0
24,1840,3.0
25,1840,0.0
26,1840,0.0
27,1840,0.0
28,1840,0.0
29,1840,0.0
30,1840,4.0
31,1840,0.0
32,1840,0.0
33,1840,1.0
34,1840,1.0
35,1840,7.0
36,1840,0.0
37,1840,3.0
38,1840,2.0
39,1840,3.0
40,1840,2.0
41,1840,0.0
42,1840,1.0
43,1840,0.0
44,1840,0.0
45,1840,0.0
46,1840,1.0
47,1840,1.0
48,1840,2.0
49,1840,3.0
50,1840,2.0
51,1840,5.0
52,1840,0.0
53,1840,30.0
54,1840,0.0
55,1840,0.0
56,1840,0.0
57,1840,6.0
58,1840,1.0
59,1840,2.0
60,1840,0.0
61,1840,8.0
62,1840,2.0
63,1840,2.0
64,1840,3.0
65,1840,0.0
66,1840,12.0
67,1840,0.0
68,1840,1.0
69,1840,0.0
70,1840,4.0
71,1840,5.0
72,1840,20.0
73,1840,0.0
74,1840,1.0
75,1840,2.0
76,1840,0.0
77,1840,14.0
78,1840,0.0
79,1840,0.0
80,1840,0.0
81,1840,0.0
82,1840,8.0
83,1840,0.0
84,1840,7.0
85,1840,54.0
86,1840,0.0
87,1840,0.0
88,1840,1.0
89,1840,1.0
90,1840,0.0
91,1840,4.0
92,1840,0.0
93,1840,0.0
94,1840,1.0
95,1840,0.0
96,1840,0.0
97,1840,0.0
98,1840,6.0
99,1840,0.0
100,1840,3.0
101,1840,0.0
102,1840,0.0
103,1840,0.0
104,1840,4.0
105,1840,3.0
106,1840,6.0
107,1840,3.0
108,1840,1.0
109,1840,4.0
110,1840,10.0
111,1840,6.0
112,1840,1.0
113,1840,1.0
114,1840,1.0
115,1840,0.0
116,1840,0.0
117,1840,0.0
118,1840,0.0
119,1840,3.0
120,1840,0.0
121,1840,1.0
122,1840,2.0
123,1840,1.0
124,1840,0.0
125,1840,0.0
126,1840,0.0
127,1840,0.0
128,1840,1.0
129,1840,1.0
130,1840,0.0
131,1840,0.0
132,1840,3.0
133,1840,0.0
134,1840,1.0
135,1840,0.0
136,1840,1.0
137,1840,0.0
138,1840,5.0
139,1840,0.0
140,1840,1.0
141,1840,0.0
142,1840,1.0
143,1840,3.0
144,1840,0.0
145,1840,3.0
146,1840,1.0
147,1840,0.0
148,1840,0.0
149,1840,0.0
150,1840,15.0
151,1840,21.0
152,1840,3.0
153,1840,0.0
154,1840,1.0
155,1840,0.0
156,1840,0.0
157,1840,3.0
158,1840,1.0
159,1840,9.0
160,1840,3.0
161,1840,4.0
162,1840,13.0
163,1840,6.0
164,1840,3.0
165,1840,2.0
166,1840,6.0
167,1840,12.0
168,1840,1.0
169,1840,14.0
170,1840,0.0
171,1840,9.0
172,1840,0.0
173,1840,2.0
174,1840,0.0
175,1840,0.0
176,1840,0.0
177,1840,0.0
178,1840,2.0
179,1840,2.0
180,1840,1.0
181,1840,0.0
182,1840,0.0
183,1840,0.0
184,1840,0.0
185,1840,0.0
186,1840,0.0
187,1840,0.0
188,1840,9.0
189,1840,1.0
190,1840,0.0
191,1840,0.0
192,1840,0.0
193,1840,2.0
194,1840,0.0
195,1840,0.0
196,1840,1.0
197,1840,0.0
198,1840,0.0
199,1840,1.0
0,1841,1.0
1,1841,4.0
2,1841,0.0
3,1841,2.0
4,1841,0.0
5,1841,0.0
6,1841,0.0
7,1841,0.0
8,1841,0.0
9,1841,4.0
10,1841,0.0
11,1841,0.0
12,1841,7.0
13,1841,0.0
14,1841,10.0
15,1841,0.0
16,1841,0.0
17,1841,0.0
18,1841,0.0
19,1841,0.0
20,1841,0.0
21,1841,0.0
22,1841,0.0
23,1841,0.0
24,1841,3.0
25,1841,0.0
26,1841,0.0
27,1841,1.0
28,1841,0.0
29,1841,0.0
30,1841,3.0
31,1841,0.0
32,1841,0.0
33,1841,5.0
34,1841,2.0
35,1841,5.0
36,1841,0.0
37,1841,5.0
38,1841,0.0
39,1841,1.0
40,1841,1.0
41,1841,0.0
42,1841,3.0
43,1841,0.0
44,1841,1.0
45,1841,0.0
46,1841,0.0
47,1841,2.0
48,1841,0.0
49,1841,1.0
50,1841,1.0
51,1841,1.0
52,1841,3.0
53,1841,13.0
54,1841,0.0
55,1841,0.0
56,1841,0.0
57,1841,0.0
58,1841,0.0
59,1841,0.0
60,1841,0.0
61,1841,26.0
62,1841,2.0
63,1841,3.0
64,1841,3.0
65,1841,1.0
66,1841,8.0
67,1841,0.0
68,1841,0.0
69,1841,0.0
70,1841,4.0
71,1841,0.0
72,1841,27.0
73,1841,2.0
74,1841,0.0
75,1841,0.0
76,1841,0.0
77,1841,4.0
78,1841,0.0
79,1841,0.0
80,1841,0.0
81,1841,4.0
82,1841,9.0
83,1841,0.0
84,1841,6.0
85,1841,43.0
86,1841,0.0
87,1841,0.0
88,1841,1.0
89,1841,0.0
90,1841,0.0
91,1841,4.0
92,1841,5.0
93,1841,0.0
94,1841,0.0
95,1841,0.0
96,1841,0.0
97,1841,0.0
98,1841,6.0
99,1841,0.0
100,1841,1.0
101,1841,0.0
102,1841,2.0
103,1841,2.0
104,1841,1.0
105,1841,2.0
106,1841,10.0
107,1841,0.0
108,1841,4.0
109,1841,4.0
110,1841,5.0
111,1841,5.0
112,1841,0.0
113,1841,3.0
114,1841,0.0
115,1841,0.0
116,1841,1.0
117,1841,0.0
118,1841,0.0
119,1841,1.0
120,1841,0.0
121,1841,2.0
122,1841,1.0
123,1841,1.0
124,1841,0.0
125,1841,1.0
126,1841,0.0
127,1841,1.0
128,1841,5.0
129,1841,0.0
130,1841,0.0
131,1841,0.0
132,1841,0.0
133,1841,0.0
134,1841,0.0
135,1841,0.0
136,1841,0.0
137,1841,0.0
138,1841,2.0
139,1841,0.0
140,1841,1.0
141,1841,2.0
142,1841,0.0
143,1841,0.0
144,1841,0.0
145,1841,1.0
146,1841,1.0
147,1841,0.0
148,1841,0.0
149,1841,2.0
150,1841,8.0
151,1841,14.0
152,1841,15.0
153,1841,0.0
154,1841,1.0
155,1841,0.0
156,1841,0.0
157,1841,0.0
158,1841,0.0
159,1841,6.0
160,1841,3.0
161,1841,9.0
162,1841,8.0
163,1841,12.0
164,1841,2.0
165,1841,4.0
166,1841,7.0
167,1841,11.0
168,1841,5.0
169,1841,11.0
170,1841,0.0
171,1841,3.0
172,1841,2.0
173,1841,0.0
174,1841,0.0
175,1841,0.0
176,1841,0.0
177,1841,2.0
178,1841,1.0
179,1841,2.0
180,1841,1.0
181,1841,0.0
182,1841,0.0
183,1841,1.0
184,1841,0.0
185,1841,1.0
186,1841,0.0
187,1841,0.0
188,1841,3.0
189,1841,0.0
190,1841,0.0
191,1841,0.0
192,1841,0.0
193,1841,1.0
194,1841,0.0
195,1841,0.0
196,1841,0.0
197,1841,0.0
198,1841,0.0
199,1841,0.0
0,1842,2.0
1,1842,0.0
2,1842,0.0
3,1842,3.0
4,1842,0.0
5,1842,0.0
6,1842,1.0
7,1842,0.0
8,1842,0.0
9,1842,1.0
10,1842,0.0
11,1842,1.0
12,1842,2.0
13,1842,0.0
14,1842,7.0
15,1842,0.0
16,1842,1.0
17,1842,0.0
18,1842,4.0
19,1842,0.0
20,1842,1.0
21,1842,0.0
22,1842,1.0
23,1842,2.0
24,1842,1.0
25,1842,0.0
26,1842,0.0
27,1842,0.0
28,1842,0.0
29,1842,0.0
30,1842,4.0
31,1842,1.0
32,1842,0.0
33,1842,5.0
34,1842,3.0
35,1842,8.0
36,1842,0.0
37,1842,5.0
38,1842,2.0
39,1842,1.0
40,1842,5.0
41,1842,2.0
42,1842,1.0
43,1842,0.0
44,1842,0.0
45,1842,0.0
46,1842,0.0
47,1842,5.0
48,1842,0.0
49,1842,0.0
50,1842,0.0
51,1842,3.0
52,1842,0.0
53,1842,43.0
54,1842,0.0
55,1842,3.0
56,1842,1.0
57,1842,0.0
58,1842,1.0
59,1842,0.0
60,1842,0.0
61,1842,48.0
62,1842,2.0
63,1842,9.0
64,1842,5.0
65,1842,1.0
66,1842,7.0
67,1842,0.0
68,1842,1.0
69,1842,1.0
70,1842,2.0
71,1842,2.0
72,1842,28.0
73,1842,3.0
74,1842,0.0
75,1842,2.0
76,1842,0.0
77,1842,11.0
78,1842,0.0
79,1842,0.0
80,1842,0.0
81,1842,0.0
82,1842,2.0
83,1842,0.0
84,1842,9.0
85,1842,63.0
86,1842,0.0
87,1842,0.0
88,1842,1.0
89,1842,0.0
90,1842,0.0
91,1842,6.0
92,1842,10.0
93,1842,0.0
94,1842,0.0
95,1842,0.0
96,1842,0.0
97,1842,3.0
98,1842,3.0
99,1842,2.0
100,1842,2.0
101,1842,0.0
102,1842,1.0
103,1842,5.0
104,1842,5.0
105,1842,0.0
106,1842,12.0
107,1842,1.0
108,1842,0.0
109,1842,1.0
110,1842,8.0
111,1842,4.0
112,1842,0.0
113,1842,2.0
114,1842,3.0
115,1842,1.0
116,1842,3.0
117,1842,1.0
118,1842,0.0
119,1842,4.0
120,1842,0.0
121,1842,4.0
122,1842,3.0
123,1842,2.0
124,1842,0.0
125,1842,3.0
126,1842,0.0
127,1842,1.0
128,1842,3.0
129,1842,0.0
130,1842,2.0
131,1842,1.0
132,1842,1.0
133,1842,0.0
134,1842,0.0
135,1842,0.0
136,1842,0.0
137,1842,0.0
138,1842,6.0
139,1842,2.0
140,1842,2.0
141,1842,1.0
142,1842,0.0
143,1842,3.0
144,1842,5.0
145,1842,3.0
146,1842,1.0
147,1842,0.0
148,1842,0.0
149,1842,0.0
150,1842,15.0
151,1842,11.0
152,1842,5.0
153,1842,4.0
154,1842,2.0
155,1842,2.0
156,1842,2.0
157,1842,1.0
158,1842,1.0
159,1842,8.0
160,1842,2.0
161,1842,4.0
162,1842,10.0
163,1842,12.0
164,1842,2.0
165,1842,5.0
166,1842,3.0
167,1842,11.0
168,1842,2.0
169,1842,22.0
170,1842,1.0
171,1842,0.0
172,1842,3.0
173,1842,4.0
174,1842,0.0
175,1842,0.0
176,1842,3.0
177,1842,0.0
178,1842,1.0
179,1842,0.0
180,1842,4.0
181,1842,0.0
182,1842,0.0
183,1842,0.0
184,1842,1.0
185,1842,0.0
186,1842,2.0
187,1842,0.0
188,1842,8.0
189,1842,0.0
190,1842,0.0
191,1842,0.0
192,1842,0.0
193,1842,3.0
194,1842,2.0
195,1842,0.0
196,1842,0.0
197,1842,0.0
198,1842,0.0
199,1842,0.0
0,1843,1.0
1,1843,0.0
2,1843,0.0
3,1843,0.0
4,1843,0.0
5,1843,0.0
6,1843,1.0
7,1843,0.0
8,1843,0.0
9,1843,3.0
10,1843,0.0
11,1843,0.0
12,1843,1.0
13,1843,0.0
14,1843,2.0
15,1843,12.0
16,1843,1.0
17,1843,0.0
18,1843,0.0
19,1843,1.0
20,1843,1.0
21,1843,0.0
22,1843,0.0
23,1843,0.0
24,1843,3.0
25,1843,0.0
26,1843,1.0
27,1843,0.0
28,1843,3.0
29,1843,0.0
30,1843,3.0
31,1843,4.0
32,1843,2.0
33,1843,1.0
34,1843,2.0
35,1843,8.0
36,1843,0.0
37,1843,0.0
38,1843,1.0
39,1843,2.0
40,1843,2.0
41,1843,2.0
42,1843,0.0
43,1843,1.0
44,1843,0.0
45,1843,2.0
46,1843,1.0
47,1843,1.0
48,1843,0.0
49,1843,3.0
50,1843,0.0
51,1843,5.0
52,1843,1.0
53,1843,17.0
54,1843,0.0
55,1843,0.0
56,1843,2.0
57,1843,0.0
58,1843,1.0
59,1843,1.0
60,1843,0.0
61,1843,56.0
62,1843,1.0
63,1843,2.0
64,1843,2.0
65,1843,0.0
66,1843,12.0
67,1843,0.0
68,1843,0.0
69,1843,0.0
70,1843,1.0
71,1843,3.0
72,1843,35.0
73,1843,3.0
74,1843,0.0
75,1843,0.0
76,1843,0.0
77,1843,3.0
78,1843,0.0
79,1843,0.0
80,1843,0.0
81,1843,3.0
82,1843,14.0
83,1843,0.0
84,1843,5.0
85,1843,44.0
86,1843,0.0
87,1843,0.0
88,1843,0.0
89,1843,2.0
90,1843,0.0
91,1843,3.0
92,1843,8.0
93,1843,0.0
94,1843,1.0
95,1843,0.0
96,1843,0.0
97,1843,0.0
98,1843,2.0
99,1843,0.0
100,1843,2.0
101,1843,2.0
102,1843,0.0
103,1843,1.0
104,1843,6.0
105,1843,0.0
106,1843,19.0
107,1843,1.0
108,1843,2.0
109,1843,8.0
110,1843,6.0
111,1843,4.0
112,1843,0.0
113,1843,5.0
114,1843,2.0
115,1843,0.0
116,1843,3.0
117,1843,0.0
118,1843,0.0
119,1843,6.0
120,1843,0.0
121,1843,2.0
122,1843,2.0
123,1843,0.0
124,1843,0.0
125,1843,1.0
126,1843,0.0
127,1843,0.0
128,1843,2.0
129,1843,0.0
130,1843,3.0
131,1843,0.0
132,1843,1.0
133,1843,0.0
134,1843,0.0
135,1843,0.0
136,1843,1.0
137,1843,0.0
138,1843,9.0
139,1843,1.0
140,1843,0.0
141,1843,2.0
142,1843,0.0
143,1843,2.0
144,1843,5.0
145,1843,4.0
146,1843,0.0
147,1843,0.0
148,1843,1.0
149,1843,0.0
150,1843,21.0
151,1843,11.0
152,1843,9.0
153,1843,3.0
154,1843,2.0
155,1843,1.0
156,1843,0.0
157,1843,0.0
158,1843,1.0
159,1843,4.0
160,1843,3.0
161,1843,4.0
162,1843,16.0
163,1843,14.0
164,1843,3.0
165,1843,3.0
166,1843,4.0
167,1843,11.0
168,1843,2.0
169,1843,10.0
170,1843,0.0
171,1843,0.0
172,1843,1.0
173,1843,1.0
174,1843,0.0
175,1843,0.0
176,1843,0.0
177,1843,2.0
178,1843,0.0
179,1843,0.0
180,1843,0.0
181,1843,0.0
182,1843,0.0
183,1843,0.0
184,1843,0.0
185,1843,0.0
186,1843,0.0
187,1843,0.0
188,1843,6.0
189,1843,0.0
190,1843,0.0
191,1843,1.0
192,1843,2.0
193,1843,2.0
194,1843,0.0
195,1843,0.0
196,1843,0.0
197,1843,0.0
198,1843,0.0
199,1843,2.0
0,1844,1.0
1,1844,3.0
2,1844,0.0
3,1844,2.0
4,1844,0.0
5,1844,0.0
6,1844,0.0
7,1844,0.0
8,1844,0.0
9,1844,6.0
10,1844,0.0
11,1844,0.0
12,1844,1.0
13,1844,5.0
14,1844,1.0
15,1844,1.0
16,1844,0.0
17,1844,3.0
18,1844,1.0
19,1844,0.0
20,1844,3.0
21,1844,0.0
22,1844,0.0
23,1844,0.0
24,1844,2.0
25,1844,0.0
26,1844,0.0
27,1844,0.0
28,1844,2.0
29,1844,1.0
30,1844,7.0
31,1844,2.0
32,1844,1.0
33,1844,1.0
34,1844,2.0
35,1844,11.0
36,1844,0.0
37,1844,2.0
38,1844,0.0
39,1844,6.0
40,1844,0.0
41,1844,0.0
42,1844,2.0
43,1844,0.0
44,1844,1.0
45,1844,4.0
46,1844,0.0
47,1844,0.0
48,1844,3.0
49,1844,3.0
50,1844,0.0
51,1844,6.0
52,1844,1.0
53,1844,121.0
54,1844,0.0
55,1844,0.0
56,1844,0.0
57,1844,0.0
58,1844,0.0
59,1844,3.0
60,1844,0.0
61,1844,18.0
62,1844,3.0
63,1844,3.0
64,1844,3.0
65,1844,1.0
66,1844,9.0
67,1844,0.0
68,1844,0.0
69,1844,0.0
70,1844,2.0
71,1844,2.0
72,1844,49.0
73,1844,3.0
74,1844,0.0
75,1844,1.0
76,1844,0.0
77,1844,4.0
78,1844,0.0
79,1844,1.0
80,1844,0.0
81,1844,0.0
82,1844,6.0
83,1844,0.0
84,1844,2.0
85,1844,34.0
86,1844,0.0
87,1844,0.0
88,1844,3.0
89,1844,0.0
90,1844,0.0
91,1844,5.0
92,1844,1.0
93,1844,0.0
94,1844,0.0
95,1844,0.0
96,1844,0.0
97,1844,1.0
98,1844,2.0
99,1844,0.0
100,1844,6.0
101,1844,1.0
102,1844,1.0
103,1844,4.0
104,1844,11.0
105,1844,0.0
106,1844,10.0
107,1844,1.0
108,1844,1.0
109,1844,4.0
110,1844,7.0
111,1844,7.0
112,1844,1.0
113,1844,2.0
114,1844,5.0
115,1844,0.0
116,1844,1.0
117,1844,3.0
118,1844,0.0
119,1844,8.0
120,1844,1.0
121,1844,3.0
122,1844,2.0
123,1844,0.0
124,1844,0.0
125,1844,1.0
126,1844,0.0
127,1844,1.0
128,1844,3.0
129,1844,4.0
130,1844,1.0
131,1844,1.0
132,1844,3.0
133,1844,0.0
134,1844,0.0
135,1844,0.0
136,1844,1.0
137,1844,0.0
138,1844,0.0
139,1844,0.0
140,1844,0.0
141,1844,2.0
142,1844,0.0
143,1844,2.0
144,1844,2.0
145,1844,2.0
146,1844,1.0
147,1844,0.0
148,1844,0.0
149,1844,1.0
150,1844,11.0
151,1844,8.0
152,1844,8.0
153,1844,1.0
154,1844,0.0
155,1844,2.0
156,1844,0.0
157,1844,6.0
158,1844,1.0
159,1844,6.0
160,1844,4.0
161,1844,3.0
162,1844,20.0
163,1844,8.0
164,1844,5.0
165,1844,6.0
166,1844,4.0
167,1844,8.0
168,1844,1.0
169,1844,13.0
170,1844,0.0
171,1844,0.0
172,1844,0.0
173,1844,3.0
174,1844,0.0
175,1844,0.0
176,1844,1.0
177,1844,0.0
178,1844,1.0
179,1844,1.0
180,1844,1.0
181,1844,0.0
182,1844,0.0
183,1844,0.0
184,1844,0.0
185,1844,0.0
186,1844,0.0
187,1844,0.0
188,1844,2.0
189,1844,0.0
190,1844,0.0
191,1844,1.0
192,1844,0.0
193,1844,4.0
194,1844,2.0
195,1844,0.0
196,1844,0.0
197,1844,0.0
198,1844,2.0
199,1844,0.0
0,1845,2.0
1,1845,0.0
2,1845,0.0
3,1845,0.0
4,1845,0.0
5,1845,0.0
6,1845,1.0
7,1845,0.0
8,1845,0.0
9,1845,1.0
10,1845,0.0
11,1845,0.0
12,1845,0.0
13,1845,0.0
14,1845,0.0
15,1845,4.0
16,1845,1.0
17,1845,2.0
18,1845,2.0
19,1845,0.0
20,1845,0.0
21,1845,0.0
22,1845,5.0
23,1845,1.0
24,1845,0.0
25,1845,0.0
26,1845,0.0
27,1845,0.0
28,1845,0.0
29,1845,0.0
30,1845,3.0
31,1845,0.0
32,1845,0.0
33,1845,2.0
34,1845,1.0
35,1845,5.0
36,1845,0.0
37,1845,7.0
38,1845,0.0
39,1845,2.0
40,1845,0.0
41,1845,0.0
42,1845,1.0
43,1845,0.0
44,1845,0.0
45,1845,5.0
46,1845,1.0
47,1845,0.0
48,1845,1.0
49,1845,1.0
50,1845,0.0
51,1845,1.0
52,1845,1.0
53,1845,60.0
54,1845,0.0
55,1845,0.0
56,1845,1.0
57,1845,2.0
58,1845,2.0
59,1845,0.0
60,1845,0.0
61,1845,5.0
62,1845,0.0
63,1845,2.0
64,1845,0.0
65,1845,0.0
66,1845,2.0
67,1845,0.0
68,1845,2.0
69,1845,1.0
70,1845,1.0
71,1845,2.0
72,1845,16.0
73,1845,2.0
74,1845,0.0
75,1845,1.0
76,1845,0.0
77,1845,4.0
78,1845,0.0
79,1845,1.0
80,1845,0.0
81,1845,0.0
82,1845,2.0
83,1845,0.0
84,1845,10.0
85,1845,26.0
86,1845,0.0
87,1845,0.0
88,1845,1.0
89,1845,1.0
90,1845,0.0
91,1845,2.0
92,1845,0.0
93,1845,0.0
94,1845,0.0
95,1845,0.0
96,1845,0.0
97,1845,0.0
98,1845,2.0
99,1845,2.0
100,1845,2.0
101,1845,1.0
102,1845,1.0
103,1845,0.0
104,1845,2.0
105,1845,0.0
106,1845,12.0
107,1845,1.0
108,1845,5.0
109,1845,2.0
110,1845,3.0
111,1845,4.0
112,1845,0.0
113,1845,2.0
114,1845,3.0
115,1845,0.0
116,1845,2.0
117,1845,1.0
118,1845,0.0
119,1845,2.0
120,1845,0.0
121,1845,3.0
122,1845,3.0
123,1845,0.0
124,1845,0.0
125,1845,1.0
126,1845,0.0
127,1845,1.0
128,1845,2.0
129,1845,1.0
130,1845,5.0
131,1845,0.0
132,1845,1.0
133,1845,0.0
134,1845,0.0
135,1845,0.0
136,1845,2.0
137,1845,0.0
138,1845,0.0
139,1845,0.0
140,1845,2.0
141,1845,0.0
142,1845,0.0
143,1845,2.0
144,1845,0.0
145,1845,3.0
146,1845,0.0
147,1845,2.0
148,1845,1.0
149,1845,0.0
150,1845,11.0
151,1845,8.0
152,1845,7.0
153,1845,2.0
154,1845,1.0
155,1845,1.0
156,1845,1.0
157,1845,4.0
158,1845,0.0
159,1845,3.0
160,1845,2.0
161,1845,10.0
162,1845,9.0
163,1845,9.0
164,1845,0.0
165,1845,3.0
166,1845,5.0
167,1845,3.0
168,1845,3.0
169,1845,15.0
170,1845,1.0
171,1845,4.0
172,1845,0.0
173,1845,1.0
174,1845,0.0
175,1845,0.0
176,1845,0.0
177,1845,3.0
178,1845,0.0
179,1845,1.0
180,1845,1.0
181,1845,0.0
182,1845,0.0
183,1845,0.0
184,1845,1.0
185,1845,0.0
186,1845,0.0
187,1845,0.0
188,1845,1.0
189,1845,1.0
190,1845,0.0
191,1845,1.0
192,1845,0.0
193,1845,0.0
194,1845,0.0
195,1845,0.0
196,1845,1.0
197,1845,0.0
198,1845,1.0
199,1845,0.0
0,1846,0.0
1,1846,3.0
2,1846,0.0
3,1846,0.0
4,1846,0.0
5,1846,0.0
6,1846,1.0
7,1846,0.0
8,1846,0.0
9,1846,3.0
10,1846,0.0
11,1846,0.0
12,1846,1.0
13,1846,1.0
14,1846,0.0
15,1846,3.0
16,1846,1.0
17,1846,0.0
18,1846,0.0
19,1846,0.0
20,1846,0.0
21,1846,0.0
22,1846,1.0
23,1846,0.0
24,1846,1.0
25,1846,0.0
26,1846,0.0
27,1846,1.0
28,1846,1.0
29,1846,1.0
30,1846,2.0
31,1846,1.0
32,1846,0.0
33,1846,3.0
34,1846,2.0
35,1846,8.0
36,1846,0.0
37,1846,6.0
38,1846,3.0
39,1846,0.0
40,1846,3.0
41,1846,2.0
42,1846,2.0
43,1846,0.0
44,1846,0.0
45,1846,0.0
46,1846,2.0
47,1846,4.0
48,1846,1.0
49,1846,2.0
50,1846,1.0
51,1846,0.0
52,1846,1.0
53,1846,49.0
54,1846,6.0
55,1846,1.0
56,1846,2.0
57,1846,3.0
58,1846,3.0
59,1846,0.0
60,1846,0.0
61,1846,19.0
62,1846,2.0
63,1846,1.0
64,1846,1.0
65,1846,0.0
66,1846,1.0
67,1846,0.0
68,1846,3.0
69,1846,0.0
70,1846,1.0
71,1846,5.0
72,1846,13.0
73,1846,1.0
74,1846,0.0
75,1846,0.0
76,1846,0.0
77,1846,5.0
78,1846,0.0
79,1846,0.0
80,1846,0.0
81,1846,3.0
82,1846,2.0
83,1846,0.0
84,1846,8.0
85,1846,34.0
86,1846,0.0
87,1846,0.0
88,1846,3.0
89,1846,0.0
90,1846,0.0
91,1846,3.0
92,1846,4.0
93,1846,1.0
94,1846,0.0
95,1846,0.0
96,1846,0.0
97,1846,0.0
98,1846,1.0
99,1846,0.0
100,1846,0.0
101,1846,0.0
102,1846,0.0
103,1846,4.0
104,1846,0.0
105,1846,3.0
106,1846,10.0
107,1846,1.0
108,1846,3.0
109,1846,8.0
110,1846,3.0
111,1846,1.0
112,1846,0.0
113,1846,4.0
114,1846,0.0
115,1846,0.0
116,1846,0.0
117,1846,0.0
118,1846,0.0
119,1846,1.0
120,1846,0.0
121,1846,3.0
122,1846,1.0
123,1846,0.0
124,1846,0.0
125,1846,3.0
126,1846,0.0
127,1846,0.0
128,1846,3.0
129,1846,3.0
130,1846,0.0
131,1846,1.0
132,1846,1.0
133,1846,0.0
134,1846,0.0
135,1846,0.0
136,1846,0.0
137,1846,2.0
138,1846,0.0
139,1846,0.0
140,1846,0.0
141,1846,2.0
142,1846,0.0
143,1846,2.0
144,1846,0.0
145,1846,5.0
146,1846,3.0
147,1846,3.0
148,1846,1.0
149,1846,0.0
150,1846,12.0
151,1846,11.0
152,1846,5.0
153,1846,0.0
154,1846,0.0
155,1846,1.0
156,1846,0.0
157,1846,0.0
158,1846,1.0
159,1846,2.0
160,1846,3.0
161,1846,3.0
162,1846,16.0
163,1846,5.0
164,1846,2.0
165,1846,1.0
166,1846,2.0
167,1846,10.0
168,1846,3.0
169,1846,6.0
170,1846,0.0
171,1846,2.0
172,1846,0.0
173,1846,0.0
174,1846,0.0
175,1846,0.0
176,1846,1.0
177,1846,2.0
178,1846,0.0
179,1846,1.0
180,1846,1.0
181,1846,0.0
182,1846,0.0
183,1846,0.0
184,1846,0.0
185,1846,0.0
186,1846,0.0
187,1846,0.0
188,1846,5.0
189,1846,0.0
190,1846,0.0
191,1846,1.0
192,1846,0.0
193,1846,0.0
194,1846,0.0
195,1846,0.0
196,1846,0.0
197,1846,0.0
198,1846,0.0
199,1846,0.0
0,1847,0.0
1,1847,0.0
2,1847,0.0
3,1847,0.0
4,1847,0.0
5,1847,0.0
6,1847,0.0
7,1847,1.0
8,1847,0.0
9,1847,2.0
10,1847,0.0
11,1847,0.0
12,1847,1.0
13,1847,0.0
14,1847,1.0
15,1847,1.0
16,1847,0.0
17,1847,0.0
18,1847,0.0
19,1847,0.0
20,1847,1.0
21,1847,0.0
22,1847,4.0
23,1847,2.0
24,1847,1.0
25,1847,1.0
26,1847,0.0
27,1847,0.0
28,1847,1.0
29,1847,0.0
30,1847,0.0
31,1847,3.0
32,1847,0.0
33,1847,0.0
34,1847,2.0
35,1847,4.0
36,1847,0.0
37,1847,3.0
38,1847,0.0
39,1847,0.0
40,1847,2.0
41,1847,0.0
42,1847,4.0
43,1847,0.0
44,1847,2.0
45,1847,1.0
46,1847,2.0
47,1847,0.0
48,1847,1.0
49,1847,0.0
50,1847,0.0
51,1847,3.0
52,1847,0.0
53,1847,56.0
54,1847,12.0
55,1847,0.0
56,1847,0.0
57,1847,0.0
58,1847,0.0
59,1847,1.0
60,1847,0.0
61,1847,13.0
62,1847,1.0
63,1847,0.0
64,1847,0.0
65,1847,1.0
66,1847,0.0
67,1847,0.0
68,1847,0.0
69,1847,0.0
70,1847,4.0
71,1847,5.0
72,1847,28.0
73,1847,0.0
74,1847,0.0
75,1847,5.0
76,1847,0.0
77,1847,11.0
78,1847,0.0
79,1847,0.0
80,1847,0.0
81,1847,1.0
82,1847,3.0
83,1847,0.0
84,1847,4.0
85,1847,32.0
86,1847,0.0
87,1847,0.0
88,1847,2.0
89,1847,0.0
90,1847,0.0
91,1847,4.0
92,1847,2.0
93,1847,0.0
94,1847,2.0
95,1847,0.0
96,1847,0.0
97,1847,0.0
98,1847,1.0
99,1847,1.0
100,1847,4.0
101,1847,0.0
102,1847,0.0
103,1847,1.0
104,1847,0.0
105,1847,2.0
106,1847,9.0
107,1847,1.0
108,1847,0.0
109,1847,4.0
110,1847,4.0
111,1847,0.0
112,1847,0.0
113,1847,2.0
114,1847,3.0
115,1847,0.0
116,1847,1.0
117,1847,2.0
118,1847,0.0
119,1847,2.0
120,1847,0.0
121,1847,3.0
122,1847,2.0
123,1847,0.0
124,1847,2.0
125,1847,3.0
126,1847,0.0
127,1847,0.0
128,1847,4.0
129,1847,4.0
130,1847,1.0
131,1847,1.0
132,1847,0.0
133,1847,0.0
134,1847,0.0
135,1847,0.0
136,1847,0.0
137,1847,5.0
138,1847,0.0
139,1847,0.0
140,1847,2.0
141,1847,2.0
142,1847,0.0
143,1847,2.0
144,1847,0.0
145,1847,0.0
146,1847,0.0
147,1847,2.0
148,1847,1.0
149,1847,1.0
150,1847,14.0
151,1847,6.0
152,1847,3.0
153,1847,3.0
154,1847,0.0
155,1847,0.0
156,1847,0.0
157,1847,0.0
158,1847,0.0
159,1847,1.0
160,1847,2.0
161,1847,0.0
162,1847,9.0
163,1847,8.0
164,1847,1.0
165,1847,2.0
166,1847,4.0
167,1847,10.0
168,1847,7.0
169,1847,11.0
170,1847,1.0
171,1847,3.0
172,1847,0.0
173,1847,0.0
174,1847,0.0
175,1847,0.0
176,1847,0.0
177,1847,0.0
178,1847,0.0
179,1847,0.0
180,1847,1.0
181,1847,0.0
182,1847,1.0
183,1847,0.0
184,1847,1.0
185,1847,0.0
186,1847,0.0
187,1847,0.0
188,1847,10.0
189,1847,1.0
190,1847,0.0
191,1847,1.0
192,1847,0.0
193,1847,0.0
194,1847,3.0
195,1847,2.0
196,1847,0.0
197,1847,0.0
198,1847,1.0
199,1847,1.0
0,1848,1.0
1,1848,1.0
2,1848,0.0
3,1848,0.0
4,1848,2.0
5,1848,0.0
6,1848,1.0
7,1848,1.0
8,1848,0.0
9,1848,0.0
10,1848,0.0
11,1848,0.0
12,1848,2.0
13,1848,0.0
14,1848,0.0
15,1848,8.0
16,1848,2.0
17,1848,0.0
18,1848,0.0
19,1848,1.0
20,1848,0.0
21,1848,0.0
22,1848,1.0
23,1848,0.0
24,1848,0.0
25,1848,0.0
26,1848,1.0
27,1848,0.0
28,1848,4.0
29,1848,1.0
30,1848,5.0
31,1848,1.0
32,1848,0.0
33,1848,3.0
34,1848,0.0
35,1848,11.0
36,1848,0.0
37,1848,0.0
38,1848,3.0
39,1848,1.0
40,1848,1.0
41,1848,0.0
42,1848,2.0
43,1848,0.0
44,1848,0.0
45,1848,1.0
46,1848,3.0
47,1848,1.0
48,1848,2.0
49,1848,0.0
50,1848,1.0
51,1848,4.0
52,1848,3.0
53,1848,45.0
54,1848,4.0
55,1848,1.0
56,1848,0.0
57,1848,0.0
58,1848,1.0
59,1848,0.0
60,1848,0.0
61,1848,24.0
62,1848,6.0
63,1848,1.0
64,1848,3.0
65,1848,0.0
66,1848,3.0
67,1848,0.0
68,1848,1.0
69,1848,1.0
70,1848,2.0
71,1848,4.0
72,1848,30.0
73,1848,0.0
74,1848,0.0
75,1848,0.0
76,1848,0.0
77,1848,1.0
78,1848,0.0
79,1848,0.0
80,1848,0.0
81,1848,0.0
82,1848,3.0
83,1848,0.0
84,1848,4.0
85,1848,38.0
86,1848,0.0
87,1848,0.0
88,1848,0.0
89,1848,1.0
90,1848,0.0
91,1848,5.0
92,1848,7.0
93,1848,1.0
94,1848,2.0
95,1848,0.0
96,1848,0.0
97,1848,0.0
98,1848,3.0
99,1848,0.0
100,1848,1.0
101,1848,0.0
102,1848,0.0
103,1848,2.0
104,1848,0.0
105,1848,4.0
106,1848,4.0
107,1848,3.0
108,1848,2.0
109,1848,7.0
110,1848,4.0
111,1848,1.0
112,1848,0.0
113,1848,3.0
114,1848,3.0
115,1848,0.0
116,1848,1.0
117,1848,0.0
118,1848,0.0
119,1848,2.0
120,1848,0.0
121,1848,3.0
122,1848,2.0
123,1848,0.0
124,1848,0.0
125,1848,5.0
126,1848,0.0
127,1848,0.0
128,1848,2.0
129,1848,0.0
130,1848,12.0
131,1848,2.0
132,1848,1.0
133,1848,0.0
134,1848,0.0
135,1848,0.0
136,1848,0.0
137,1848,2.0
138,1848,0.0
139,1848,0.0
140,1848,0.0
141,1848,2.0
142,1848,0.0
143,1848,1.0
144,1848,6.0
145,1848,5.0
146,1848,1.0
147,1848,3.0
148,1848,0.0
149,1848,1.0
150,1848,10.0
151,1848,10.0
152,1848,3.0
153,1848,0.0
154,1848,1.0
155,1848,0.0
156,1848,0.0
157,1848,0.0
158,1848,1.0
159,1848,4.0
160,1848,3.0
161,1848,3.0
162,1848,20.0
163,1848,9.0
164,1848,2.0
165,1848,1.0
166,1848,6.0
167,1848,13.0
168,1848,0.0
169,1848,8.0
170,1848,1.0
171,1848,1.0
172,1848,3.0
173,1848,4.0
174,1848,0.0
175,1848,0.0
176,1848,3.0
177,1848,3.0
178,1848,2.0
179,1848,3.0
180,1848,0.0
181,1848,0.0
182,1848,5.0
183,1848,0.0
184,1848,0.0
185,1848,0.0
186,1848,0.0
187,1848,0.0
188,1848,5.0
189,1848,0.0
190,1848,0.0
191,1848,1.0
192,1848,0.0
193,1848,2.0
194,1848,0.0
195,1848,0.0
196,1848,0.0
197,1848,1.0
198,1848,1.0
199,1848,0.0
0,1849,3.0
1,1849,1.0
2,1849,0.0
3,1849,1.0
4,1849,0.0
5,1849,0.0
6,1849,0.0
7,1849,2.0
8,1849,0.0
9,1849,4.0
10,1849,0.0
11,1849,0.0
12,1849,1.0
13,1849,0.0
14,1849,3.0
15,1849,14.0
16,1849,5.0
17,1849,0.0
18,1849,3.0
19,1849,1.0
20,1849,0.0
21,1849,0.0
22,1849,7.0
23,1849,0.0
24,1849,0.0
25,1849,1.0
26,1849,0.0
27,1849,0.0
28,1849,1.0
29,1849,0.0
30,1849,3.0
31,1849,1.0
32,1849,0.0
33,1849,3.0
34,1849,0.0
35,1849,8.0
36,1849,0.0
37,1849,1.0
38,1849,0.0
39,1849,5.0
40,1849,2.0
41,1849,0.0
42,1849,1.0
43,1849,2.0
44,1849,0.0
45,1849,0.0
46,1849,5.0
47,1849,1.0
48,1849,2.0
49,1849,2.0
50,1849,0.0
51,1849,4.0
52,1849,3.0
53,1849,50.0
54,1849,3.0
55,1849,0.0
56,1849,1.0
57,1849,0.0
58,1849,2.0
59,1849,0.0
60,1849,0.0
61,1849,28.0
62,1849,1.0
63,1849,2.0
64,1849,3.0
65,1849,0.0
66,1849,3.0
67,1849,0.0
68,1849,0.0
69,1849,0.0
70,1849,2.0
71,1849,4.0
72,1849,22.0
73,1849,5.0
74,1849,1.0
75,1849,0.0
76,1849,0.0
77,1849,5.0
78,1849,0.0
79,1849,0.0
80,1849,0.0
81,1849,1.0
82,1849,5.0
83,1849,0.0
84,1849,2.0
85,1849,33.0
86,1849,0.0
87,1849,0.0
88,1849,0.0
89,1849,2.0
90,1849,0.0
91,1849,8.0
92,1849,6.0
93,1849,0.0
94,1849,0.0
95,1849,0.0
96,1849,0.0
97,1849,0.0
98,1849,0.0
99,1849,0.0
100,1849,1.0
101,1849,1.0
102,1849,0.0
103,1849,9.0
104,1849,0.0
105,1849,4.0
106,1849,23.0
107,1849,1.0
108,1849,3.0
109,1849,2.0
110,1849,14.0
111,1849,6.0
112,1849,1.0
113,1849,8.0
114,1849,3.0
115,1849,1.0
116,1849,1.0
117,1849,4.0
118,1849,0.0
119,1849,3.0
120,1849,0.0
121,1849,1.0
122,1849,5.0
123,1849,1.0
124,1849,1.0
125,1849,2.0
126,1849,4.0
127,1849,1.0
128,1849,4.0
129,1849,0.0
130,1849,0.0
131,1849,1.0
132,1849,3.0
133,1849,0.0
134,1849,0.0
135,1849,0.0
136,1849,0.0
137,1849,3.0
138,1849,0.0
139,1849,0.0
140,1849,0.0
141,1849,1.0
142,1849,1.0
143,1849,0.0
144,1849,2.0
145,1849,2.0
146,1849,1.0
147,1849,2.0
148,1849,0.0
149,1849,1.0
150,1849,29.0
151,1849,6.0
152,1849,3.0
153,1849,0.0
154,1849,0.0
155,1849,1.0
156,1849,0.0
157,1849,0.0
158,1849,2.0
159,1849,6.0
160,1849,4.0
161,1849,5.0
162,1849,31.0
163,1849,6.0
164,1849,4.0
165,1849,6.0
166,1849,7.0
167,1849,10.0
168,1849,12.0
169,1849,9.0
170,1849,0.0
171,1849,4.0
172,1849,1.0
173,1849,2.0
174,1849,0.0
175,1849,0.0
176,1849,2.0
177,1849,0.0
178,1849,0.0
179,1849,1.0
180,1849,3.0
181,1849,0.0
182,1849,2.0
183,1849,0.0
184,1849,0.0
185,1849,1.0
186,1849,0.0
187,1849,0.0
188,1849,11.0
189,1849,0.0
190,1849,0.0
191,1849,3.0
192,1849,1.0
193,1849,0.0
194,1849,0.0
195,1849,1.0
196,1849,0.0
197,1849,0.0
198,1849,4.0
199,1849,0.0
0,1850,0.0
1,1850,3.0
2,1850,0.0
3,1850,2.0
4,1850,0.0
5,1850,0.0
6,1850,3.0
7,1850,3.0
8,1850,0.0
9,1850,3.0
10,1850,0.0
11,1850,0.0
12,1850,0.0
13,1850,2.0
14,1850,1.0
15,1850,9.0
16,1850,2.0
17,1850,3.0
18,1850,2.0
19,1850,2.0
20,1850,4.0
21,1850,1.0
22,1850,0.0
23,1850,0.0
24,1850,0.0
25,1850,0.0
26,1850,0.0
27,1850,1.0
28,1850,3.0
29,1850,2.0
30,1850,1.0
31,1850,1.0
32,1850,0.0
33,1850,4.0
34,1850,4.0
35,1850,16.0
36,1850,0.0
37,1850,9.0
38,1850,0.0
39,1850,1.0
40,1850,3.0
41,1850,0.0
42,1850,0.0
43,1850,0.0
44,1850,0.0
45,1850,2.0
46,1850,1.0
47,1850,0.0
48,1850,1.0
49,1850,2.0
50,1850,0.0
51,1850,11.0
52,1850,1.0
53,1850,51.0
54,1850,0.0
55,1850,0.0
56,1850,1.0
57,1850,4.0
58,1850,1.0
59,1850,0.0
60,1850,0.0
61,1850,44.0
62,1850,1.0
63,1850,3.0
64,1850,4.0
65,1850,1.0
66,1850,9.0
67,1850,0.0
68,1850,2.0
69,1850,1.0
70,1850,0.0
71,1850,3.0
72,1850,32.0
73,1850,2.0
74,1850,1.0
75,1850,2.0
76,1850,0.0
77,1850,8.0
78,1850,0.0
79,1850,0.0
80,1850,0.0
81,1850,1.0
82,1850,1.0
83,1850,0.0
84,1850,5.0
85,1850,52.0
86,1850,0.0
87,1850,0.0
88,1850,3.0
89,1850,0.0
90,1850,1.0
91,1850,6.0
92,1850,9.0
93,1850,0.0
94,1850,0.0
95,1850,0.0
96,1850,0.0
97,1850,0.0
98,1850,12.0
99,1850,0.0
100,1850,2.0
101,1850,0.0
102,1850,3.0
103,1850,4.0
104,1850,6.0
105,1850,4.0
106,1850,12.0
107,1850,3.0
108,1850,3.0
109,1850,7.0
110,1850,9.0
111,1850,7.0
112,1850,0.0
113,1850,2.0
114,1850,2.0
115,1850,0.0
116,1850,2.0
117,1850,1.0
118,1850,0.0
119,1850,4.0
120,1850,1.0
121,1850,2.0
122,1850,6.0
123,1850,1.0
124,1850,4.0
125,1850,1.0
126,1850,1.0
127,1850,2.0
128,1850,3.0
129,1850,0.0
130,1850,0.0
131,1850,2.0
132,1850,1.0
133,1850,0.0
134,1850,1.0
135,1850,0.0
136,1850,0.0
137,1850,0.0
138,1850,7.0
139,1850,0.0
140,1850,0.0
141,1850,2.0
142,1850,1.0
143,1850,6.0
144,1850,1.0
145,1850,8.0
146,1850,0.0
147,1850,7.0
148,1850,1.0
149,1850,4.0
150,1850,28.0
151,1850,6.0
152,1850,6.0
153,1850,0.0
154,1850,1.0
155,1850,0.0
156,1850,0.0
157,1850,4.0
158,1850,1.0
159,1850,3.0
160,1850,4.0
161,1850,9.0
162,1850,8.0
163,1850,12.0
164,1850,3.0
165,1850,9.0
166,1850,3.0
167,1850,19.0
168,1850,2.0
169,1850,13.0
170,1850,0.0
171,1850,6.0
172,1850,0.0
173,1850,0.0
174,1850,0.0
175,1850,0.0
176,1850,2.0
177,1850,2.0
178,1850,2.0
179,1850,0.0
180,1850,1.0
181,1850,1.0
182,1850,1.0
183,1850,0.0
184,1850,2.0
185,1850,0.0
186,1850,0.0
187,1850,0.0
188,1850,6.0
189,1850,0.0
190,1850,0.0
191,1850,0.0
192,1850,2.0
193,1850,0.0
194,1850,3.0
195,1850,1.0
196,1850,1.0
197,1850,0.0
198,1850,0.0
199,1850,0.0
0,1851,4.0
1,1851,0.0
2,1851,0.0
3,1851,0.0
4,1851,0.0
5,1851,0.0
6,1851,2.0
7,1851,0.0
8,1851,0.0
9,1851,7.0
10,1851,0.0
11,1851,0.0
12,1851,0.0
13,1851,0.0
14,1851,0.0
15,1851,2.0
16,1851,0.0
17,1851,0.0
18,1851,0.0
19,1851,1.0
20,1851,0.0
21,1851,0.0
22,1851,2.0
23,1851,0.0
24,1851,1.0
25,1851,2.0
26,1851,0.0
27,1851,0.0
28,1851,1.0
29,1851,1.0
30,1851,2.0
31,1851,2.0
32,1851,0.0
33,1851,4.0
34,1851,0.0
35,1851,7.0
36,1851,0.0
37,1851,3.0
38,1851,0.0
39,1851,4.0
40,1851,0.0
41,1851,0.0
42,1851,0.0
43,1851,1.0
44,1851,0.0
45,1851,0.0
46,1851,3.0
47,1851,4.0
48,1851,0.0
49,1851,0.0
50,1851,1.0
51,1851,5.0
52,1851,3.0
53,1851,77.0
54,1851,0.0
55,1851,1.0
56,1851,0.0
57,1851,0.0
58,1851,1.0
59,1851,2.0
60,1851,0.0
61,1851,37.0
62,1851,0.0
63,1851,3.0
64,1851,1.0
65,1851,0.0
66,1851,4.0
67,1851,0.0
68,1851,4.0
69,1851,0.0
70,1851,2.0
71,1851,4.0
72,1851,27.0
73,1851,2.0
74,1851,1.0
75,1851,1.0
76,1851,0.0
77,1851,2.0
78,1851,0.0
79,1851,0.0
80,1851,0.0
81,1851,0.0
82,1851,4.0
83,1851,0.0
84,1851,3.0
85,1851,30.0
86,1851,0.0
87,1851,0.0
88,1851,2.0
89,1851,0.0
90,1851,0.0
91,1851,3.0
92,1851,8.0
93,1851,0.0
94,1851,0.0
95,1851,0.0
96,1851,0.0
97,1851,0.0
98,1851,2.0
99,1851,0.0
100,1851,0.0
101,1851,0.0
102,1851,0.0
103,1851,1.0
104,1851,2.0
105,1851,5.0
106,1851,14.0
107,1851,3.0
108,1851,2.0
109,1851,9.0
110,1851,3.0
111,1851,4.0
112,1851,0.0
113,1851,2.0
114,1851,1.0
115,1851,1.0
116,1851,0.0
117,1851,1.0
118,1851,0.0
119,1851,2.0
120,1851,0.0
121,1851,2.0
122,1851,0.0
123,1851,0.0
124,1851,3.0
125,1851,1.0
126,1851,1.0
127,1851,2.0
128,1851,0.0
129,1851,0.0
130,1851,0.0
131,1851,0.0
132,1851,2.0
133,1851,0.0
134,1851,0.0
135,1851,0.0
136,1851,0.0
137,1851,1.0
138,1851,2.0
139,1851,2.0
140,1851,1.0
141,1851,1.0
142,1851,0.0
143,1851,2.0
144,1851,3.0
145,1851,1.0
146,1851,0.0
147,1851,1.0
148,1851,1.0
149,1851,2.0
150,1851,11.0
151,1851,10.0
152,1851,1.0
153,1851,0.0
154,1851,3.0
155,1851,3.0
156,1851,0.0
157,1851,0.0
158,1851,0.0
159,1851,4.0
160,1851,2.0
161,1851,5.0
162,1851,8.0
163,1851,16.0
164,1851,2.0
165,1851,1.0
166,1851,0.0
167,1851,5.0
168,1851,0.0
169,1851,9.0
170,1851,0.0
171,1851,3.0
172,1851,0.0
173,1851,1.0
174,1851,0.0
175,1851,0.0
176,1851,0.0
177,1851,0.0
178,1851,0.0
179,1851,0.0
180,1851,3.0
181,1851,0.0
182,1851,1.0
183,1851,0.0
184,1851,1.0
185,1851,0.0
186,1851,0.0
187,1851,1.0
188,1851,6.0
189,1851,0.0
190,1851,0.0
191,1851,1.0
192,1851,0.0
193,1851,0.0
194,1851,0.0
195,1851,5.0
196,1851,0.0
197,1851,0.0
198,1851,0.0
199,1851,0.0
0,1852,1.0
1,1852,0.0
2,1852,0.0
3,1852,1.0
4,1852,0.0
5,1852,0.0
6,1852,3.0
7,1852,0.0
8,1852,2.0
9,1852,1.0
10,1852,0.0
11,1852,0.0
12,1852,0.0
13,1852,4.0
14,1852,0.0
15,1852,0.0
16,1852,5.0
17,1852,0.0
18,1852,1.0
19,1852,2.0
20,1852,0.0
21,1852,0.0
22,1852,0.0
23,1852,0.0
24,1852,0.0
25,1852,1.0
26,1852,0.0
27,1852,0.0
28,1852,3.0
29,1852,0.0
30,1852,2.0
31,1852,2.0
32,1852,1.0
33,1852,5.0
34,1852,0.0
35,1852,7.0
36,1852,0.0
37,1852,0.0
38,1852,0.0
39,1852,3.0
40,1852,0.0
41,1852,1.0
42,1852,0.0
43,1852,1.0
44,1852,1.0
45,1852,1.0
46,1852,2.0
47,1852,2.0
48,1852,0.0
49,1852,0.0
50,1852,0.0
51,1852,0.0
52,1852,2.0
53,1852,31.0
54,1852,0.0
55,1852,2.0
56,1852,1.0
57,1852,1.0
58,1852,0.0
59,1852,2.0
60,1852,0.0
61,1852,17.0
62,1852,0.0
63,1852,3.0
64,1852,1.0
65,1852,0.0
66,1852,0.0
67,1852,0.0
68,1852,0.0
69,1852,1.0
70,1852,1.0
71,1852,4.0
72,1852,20.0
73,1852,2.0
74,1852,0.0
75,1852,2.0
76,1852,0.0
77,1852,8.0
78,1852,0.0
79,1852,0.0
80,1852,0.0
81,1852,0.0
82,1852,7.0
83,1852,1.0
84,1852,2.0
85,1852,33.0
86,1852,0.0
87,1852,0.0
88,1852,0.0
89,1852,1.0
90,1852,0.0
91,1852,0.0
92,1852,6.0
93,1852,0.0
94,1852,2.0
95,1852,0.0
96,1852,0.0
97,1852,0.0
98,1852,5.0
99,1852,0.0
100,1852,0.0
101,1852,0.0
102,1852,1.0
103,1852,1.0
104,1852,7.0
105,1852,3.0
106,1852,10.0
107,1852,0.0
108,1852,2.0
109,1852,3.0
110,1852,4.0
111,1852,1.0
112,1852,0.0
113,1852,5.0
114,1852,2.0
115,1852,0.0
116,1852,3.0
117,1852,0.0
118,1852,0.0
119,1852,5.0
120,1852,0.0
121,1852,0.0
122,1852,1.0
123,1852,0.0
124,1852,1.0
125,1852,2.0
126,1852,0.0
127,1852,0.0
128,1852,0.0
129,1852,3.0
130,1852,0.0
131,1852,2.0
132,1852,1.0
133,1852,0.0
134,1852,1.0
135,1852,0.0
136,1852,1.0
137,1852,0.0
138,1852,1.0
139,1852,1.0
140,1852,2.0
141,1852,1.0
142,1852,0.0
143,1852,0.0
144,1852,6.0
145,1852,1.0
146,1852,1.0
147,1852,4.0
148,1852,0.0
149,1852,1.0
150,1852,22.0
151,1852,13.0
152,1852,6.0
153,1852,0.0
154,1852,1.0
155,1852,0.0
156,1852,1.0
157,1852,1.0
158,1852,0.0
159,1852,3.0
160,1852,5.0
161,1852,5.0
162,1852,9.0
163,1852,11.0
164,1852,4.0
165,1852,2.0
166,1852,3.0
167,1852,6.0
168,1852,0.0
169,1852,6.0
170,1852,0.0
171,1852,3.0
172,1852,2.0
173,1852,4.0
174,1852,0.0
175,1852,0.0
176,1852,0.0
177,1852,0.0
178,1852,0.0
179,1852,2.0
180,1852,0.0
181,1852,0.0
182,1852,0.0
183,1852,0.0
184,1852,0.0
185,1852,0.0
186,1852,0.0
187,1852,0.0
188,1852,2.0
189,1852,0.0
190,1852,0.0
191,1852,1.0
192,1852,0.0
193,1852,0.0
194,1852,1.0
195,1852,2.0
196,1852,0.0
197,1852,1.0
198,1852,0.0
199,1852,0.0
0,1853,1.0
1,1853,2.0
2,1853,0.0
3,1853,0.0
4,1853,0.0
5,1853,0.0
6,1853,1.0
7,1853,0.0
8,1853,0.0
9,1853,0.0
10,1853,0.0
11,1853,0.0
12,1853,0.0
13,1853,1.0
14,1853,0.0
15,1853,4.0
16,1853,0.0
17,1853,0.0
18,1853,2.0
19,1853,1.0
20,1853,0.0
21,1853,0.0
22,1853,0.0
23,1853,0.0
24,1853,4.0
25,1853,1.0
26,1853,0.0
27,1853,0.0
28,1853,2.0
29,1853,0.0
30,1853,2.0
31,1853,0.0
32,1853,1.0
33,1853,0.0
34,1853,0.0
35,1853,6.0
36,1853,0.0
37,1853,2.0
38,1853,0.0
39,1853,0.0
40,1853,0.0
41,1853,2.0
42,1853,1.0
43,1853,0.0
44,1853,1.0
45,1853,1.0
46,1853,2.0
47,1853,0.0
48,1853,1.0
49,1853,0.0
50,1853,0.0
51,1853,8.0
52,1853,3.0
53,1853,74.0
54,1853,0.0
55,1853,0.0
56,1853,0.0
57,1853,0.0
58,1853,2.0
59,1853,0.0
60,1853,0.0
61,1853,18.0
62,1853,4.0
63,1853,0.0
64,1853,3.0
65,1853,0.0
66,1853,4.0
67,1853,0.0
68,1853,2.0
69,1853,0.0
70,1853,1.0
71,1853,4.0
72,1853,18.0
73,1853,1.0
74,1853,1.0
75,1853,0.0
76,1853,0.0
77,1853,6.0
78,1853,0.0
79,1853,0.0
80,1853,0.0
81,1853,1.0
82,1853,9.0
83,1853,0.0
84,1853,7.0
85,1853,26.0
86,1853,0.0
87,1853,0.0
88,1853,4.0
89,1853,1.0
90,1853,0.0
91,1853,4.0
92,1853,5.0
93,1853,0.0
94,1853,3.0
95,1853,0.0
96,1853,0.0
97,1853,1.0
98,1853,1.0
99,1853,2.0
100,1853,0.0
101,1853,1.0
102,1853,0.0
103,1853,2.0
104,1853,3.0
105,1853,5.0
106,1853,6.0
107,1853,1.0
108,1853,2.0
109,1853,8.0
110,1853,6.0
111,1853,5.0
112,1853,0.0
113,1853,0.0
114,1853,0.0
115,1853,1.0
116,1853,1.0
117,1853,0.0
118,1853,1.0
119,1853,3.0
120,1853,2.0
121,1853,3.0
122,1853,1.0
123,1853,0.0
124,1853,2.0
125,1853,0.0
126,1853,1.0
127,1853,2.0
128,1853,0.0
129,1853,0.0
130,1853,0.0
131,1853,1.0
132,1853,0.0
133,1853,0.0
134,1853,0.0
135,1853,0.0
136,1853,0.0
137,1853,0.0
138,1853,3.0
139,1853,2.0
140,1853,0.0
141,1853,0.0
142,1853,0.0
143,1853,0.0
144,1853,4.0
145,1853,3.0
146,1853,0.0
147,1853,3.0
148,1853,1.0
149,1853,0.0
150,1853,8.0
151,1853,8.0
152,1853,6.0
153,1853,0.0
154,1853,1.0
155,1853,0.0
156,1853,0.0
157,1853,0.0
158,1853,3.0
159,1853,2.0
160,1853,0.0
161,1853,5.0
162,1853,6.0
163,1853,9.0
164,1853,2.0
165,1853,2.0
166,1853,2.0
167,1853,12.0
168,1853,3.0
169,1853,11.0
170,1853,1.0
171,1853,5.0
172,1853,0.0
173,1853,0.0
174,1853,0.0
175,1853,0.0
176,1853,0.0
177,1853,1.0
178,1853,0.0
179,1853,1.0
180,1853,4.0
181,1853,0.0
182,1853,3.0
183,1853,0.0
184,1853,0.0
185,1853,0.0
186,1853,0.0
187,1853,0.0
188,1853,6.0
189,1853,0.0
190,1853,0.0
191,1853,0.0
192,1853,0.0
193,1853,4.0
194,1853,1.0
195,1853,0.0
196,1853,0.0
197,1853,0.0
198,1853,0.0
199,1853,0.0
0,1854,0.0
1,1854,1.0
2,1854,0.0
3,1854,1.0
4,1854,1.0
5,1854,0.0
6,1854,2.0
7,1854,3.0
8,1854,0.0
9,1854,6.0
10,1854,0.0
11,1854,0.0
12,1854,0.0
13,1854,0.0
14,1854,1.0
15,1854,3.0
16,1854,0.0
17,1854,0.0
18,1854,2.0
19,1854,1.0
20,1854,3.0
21,1854,0.0
22,1854,0.0
23,1854,0.0
24,1854,2.0
25,1854,2.0
26,1854,0.0
27,1854,0.0
28,1854,2.0
29,1854,1.0
30,1854,3.0
31,1854,1.0
32,1854,0.0
33,1854,0.0
34,1854,2.0
35,1854,1.0
36,1854,1.0
37,1854,0.0
38,1854,0.0
39,1854,2.0
40,1854,1.0
41,1854,2.0
42,1854,2.0
43,1854,0.0
44,1854,0.0
45,1854,1.0
46,1854,0.0
47,1854,0.0
48,1854,3.0
49,1854,4.0
50,1854,0.0
51,1854,6.0
52,1854,2.0
53,1854,37.0
54,1854,0.0
55,1854,0.0
56,1854,4.0
57,1854,0.0
58,1854,0.0
59,1854,0.0
60,1854,0.0
61,1854,22.0
62,1854,2.0
63,1854,0.0
64,1854,2.0
65,1854,1.0
66,1854,0.0
67,1854,0.0
68,1854,2.0
69,1854,0.0
70,1854,0.0
71,1854,1.0
72,1854,6.0
73,1854,1.0
74,1854,1.0
75,1854,0.0
76,1854,0.0
77,1854,10.0
78,1854,0.0
79,1854,0.0
80,1854,0.0
81,1854,0.0
82,1854,9.0
83,1854,0.0
84,1854,1.0
85,1854,30.0
86,1854,0.0
87,1854,0.0
88,1854,2.0
89,1854,0.0
90,1854,0.0
91,1854,5.0
92,1854,5.0
93,1854,1.0
94,1854,0.0
95,1854,0.0
96,1854,0.0
97,1854,0.0
98,1854,5.0
99,1854,0.0
100,1854,3.0
101,1854,2.0
102,1854,0.0
103,1854,2.0
104,1854,3.0
105,1854,1.0
106,1854,9.0
107,1854,1.0
108,1854,0.0
109,1854,1.0
110,1854,5.0
111,1854,1.0
112,1854,2.0
113,1854,2.0
114,1854,1.0
115,1854,0.0
116,1854,2.0
117,1854,0.0
118,1854,0.0
119,1854,6.0
120,1854,0.0
121,1854,0.0
122,1854,0.0
123,1854,0.0
124,1854,2.0
125,1854,0.0
126,1854,0.0
127,1854,3.0
128,1854,1.0
129,1854,0.0
130,1854,2.0
131,1854,2.0
132,1854,0.0
133,1854,0.0
134,1854,0.0
135,1854,0.0
136,1854,0.0
137,1854,0.0
138,1854,1.0
139,1854,0.0
140,1854,0.0
141,1854,2.0
142,1854,0.0
143,1854,0.0
144,1854,1.0
145,1854,1.0
146,1854,1.0
147,1854,4.0
148,1854,4.0
149,1854,0.0
150,1854,12.0
151,1854,6.0
152,1854,4.0
153,1854,0.0
154,1854,2.0
155,1854,1.0
156,1854,0.0
157,1854,1.0
158,1854,2.0
159,1854,3.0
160,1854,4.0
161,1854,8.0
162,1854,18.0
163,1854,4.0
164,1854,0.0
165,1854,0.0
166,1854,0.0
167,1854,11.0
168,1854,7.0
169,1854,8.0
170,1854,0.0
171,1854,4.0
172,1854,2.0
173,1854,1.0
174,1854,0.0
175,1854,1.0
176,1854,2.0
177,1854,0.0
178,1854,0.0
179,1854,1.0
180,1854,0.0
181,1854,0.0
182,1854,5.0
183,1854,0.0
184,1854,1.0
185,1854,0.0
186,1854,0.0
187,1854,1.0
188,1854,1.0
189,1854,0.0
190,1854,0.0
191,1854,0.0
192,1854,0.0
193,1854,0.0
194,1854,3.0
195,1854,1.0
196,1854,0.0
197,1854,1.0
198,1854,0.0
199,1854,0.0
0,1855,1.0
1,1855,1.0
2,1855,0.0
3,1855,0.0
4,1855,0.0
5,1855,0.0
6,1855,3.0
7,1855,0.0
8,1855,0.0
9,1855,0.0
10,1855,0.0
11,1855,0.0
12,1855,0.0
13,1855,0.0
14,1855,0.0
15,1855,2.0
16,1855,1.0
17,1855,2.0
18,1855,0.0
19,1855,1.0
20,1855,2.0
21,1855,0.0
22,1855,0.0
23,1855,0.0
24,1855,1.0
25,1855,0.0
26,1855,0.0
27,1855,0.0
28,1855,1.0
29,1855,0.0
30,1855,3.0
31,1855,2.0
32,1855,0.0
33,1855,0.0
34,1855,4.0
35,1855,8.0
36,1855,0.0
37,1855,0.0
38,1855,2.0
39,1855,2.0
40,1855,0.0
41,1855,2.0
42,1855,1.0
43,1855,3.0
44,1855,0.0
45,1855,0.0
46,1855,2.0
47,1855,0.0
48,1855,3.0
49,1855,0.0
50,1855,1.0
51,1855,4.0
52,1855,0.0
53,1855,0.0
54,1855,0.0
55,1855,1.0
56,1855,1.0
57,1855,4.0
58,1855,0.0
59,1855,0.0
60,1855,0.0
61,1855,14.0
62,1855,1.0
63,1855,3.0
64,1855,3.0
65,1855,0.0
66,1855,7.0
67,1855,0.0
68,1855,0.0
69,1855,0.0
70,1855,1.0
71,1855,3.0
72,1855,26.0
73,1855,0.0
74,1855,1.0
75,1855,1.0
76,1855,0.0
77,1855,3.0
78,1855,0.0
79,1855,0.0
80,1855,0.0
81,1855,0.0
82,1855,12.0
83,1855,0.0
84,1855,6.0
85,1855,41.0
86,1855,0.0
87,1855,0.0
88,1855,2.0
89,1855,3.0
90,1855,0.0
91,1855,2.0
92,1855,10.0
93,1855,0.0
94,1855,3.0
95,1855,0.0
96,1855,0.0
97,1855,0.0
98,1855,0.0
99,1855,1.0
100,1855,0.0
101,1855,2.0
102,1855,0.0
103,1855,1.0
104,1855,3.0
105,1855,2.0
106,1855,7.0
107,1855,1.0
108,1855,3.0
109,1855,0.0
110,1855,6.0
111,1855,0.0
112,1855,0.0
113,1855,4.0
114,1855,2.0
115,1855,0.0
116,1855,1.0
117,1855,0.0
118,1855,1.0
119,1855,5.0
120,1855,0.0
121,1855,5.0
122,1855,0.0
123,1855,0.0
124,1855,1.0
125,1855,2.0
126,1855,0.0
127,1855,0.0
128,1855,5.0
129,1855,0.0
130,1855,4.0
131,1855,0.0
132,1855,0.0
133,1855,0.0
134,1855,1.0
135,1855,0.0
136,1855,0.0
137,1855,2.0
138,1855,4.0
139,1855,0.0
140,1855,3.0
141,1855,2.0
142,1855,0.0
143,1855,2.0
144,1855,3.0
145,1855,7.0
146,1855,0.0
147,1855,1.0
148,1855,0.0
149,1855,0.0
150,1855,20.0
151,1855,13.0
152,1855,8.0
153,1855,0.0
154,1855,0.0
155,1855,2.0
156,1855,1.0
157,1855,3.0
158,1855,0.0
159,1855,2.0
160,1855,4.0
161,1855,0.0
162,1855,13.0
163,1855,15.0
164,1855,2.0
165,1855,5.0
166,1855,2.0
167,1855,12.0
168,1855,10.0
169,1855,18.0
170,1855,0.0
171,1855,0.0
172,1855,0.0
173,1855,1.0
174,1855,0.0
175,1855,1.0
176,1855,0.0
177,1855,0.0
178,1855,1.0
179,1855,0.0
180,1855,3.0
181,1855,0.0
182,1855,2.0
183,1855,0.0
184,1855,1.0
185,1855,0.0
186,1855,0.0
187,1855,4.0
188,1855,3.0
189,1855,0.0
190,1855,0.0
191,1855,1.0
192,1855,0.0
193,1855,2.0
194,1855,0.0
195,1855,1.0
196,1855,1.0
197,1855,0.0
198,1855,0.0
199,1855,0.0
0,1856,0.0
1,1856,0.0
2,1856,0.0
3,1856,1.0
4,1856,0.0
5,1856,1.0
6,1856,0.0
7,1856,1.0
8,1856,0.0
9,1856,3.0
10,1856,0.0
11,1856,0.0
12,1856,0.0
13,1856,3.0
14,1856,0.0
15,1856,9.0
16,1856,1.0
17,1856,0.0
18,1856,0.0
19,1856,2.0
20,1856,3.0
21,1856,0.0
22,1856,2.0
23,1856,2.0
24,1856,1.0
25,1856,0.0
26,1856,0.0
27,1856,0.0
28,1856,0.0
29,1856,0.0
30,1856,1.0
31,1856,0.0
32,1856,2.0
33,1856,0.0
34,1856,3.0
35,1856,10.0
36,1856,0.0
37,1856,0.0
38,1856,0.0
39,1856,5.0
40,1856,2.0
41,1856,2.0
42,1856,0.0
43,1856,4.0
44,1856,2.0
45,1856,0.0
46,1856,2.0
47,1856,0.0
48,1856,0.0
49,1856,0.0
50,1856,0.0
51,1856,7.0
52,1856,2.0
53,1856,0.0
54,1856,0.0
55,1856,0.0
56,1856,6.0
57,1856,0.0
58,1856,2.0
59,1856,1.0
60,1856,0.0
61,1856,28.0
62,1856,6.0
63,1856,3.0
64,1856,4.0
65,1856,0.0
66,1856,4.0
67,1856,0.0
68,1856,3.0
69,1856,0.0
70,1856,2.0
71,1856,3.0
72,1856,31.0
73,1856,4.0
74,1856,2.0
75,1856,1.0
76,1856,0.0
77,1856,1.0
78,1856,0.0
79,1856,0.0
80,1856,0.0
81,1856,1.0
82,1856,8.0
83,1856,0.0
84,1856,4.0
85,1856,38.0
86,1856,0.0
87,1856,0.0
88,1856,2.0
89,1856,0.0
90,1856,0.0
91,1856,5.0
92,1856,8.0
93,1856,2.0
94,1856,2.0
95,1856,0.0
96,1856,0.0
97,1856,0.0
98,1856,2.0
99,1856,0.0
100,1856,1.0
101,1856,0.0
102,1856,0.0
103,1856,3.0
104,1856,0.0
105,1856,1.0
106,1856,14.0
107,1856,6.0
108,1856,2.0
109,1856,7.0
110,1856,8.0
111,1856,2.0
112,1856,1.0
113,1856,2.0
114,1856,2.0
115,1856,0.0
116,1856,4.0
117,1856,1.0
118,1856,1.0
119,1856,3.0
120,1856,0.0
121,1856,3.0
122,1856,0.0
123,1856,0.0
124,1856,2.0
125,1856,1.0
126,1856,0.0
127,1856,0.0
128,1856,5.0
129,1856,1.0
130,1856,2.0
131,1856,2.0
132,1856,4.0
133,1856,0.0
134,1856,1.0
135,1856,0.0
136,1856,0.0
137,1856,1.0
138,1856,5.0
139,1856,0.0
140,1856,2.0
141,1856,4.0
142,1856,0.0
143,1856,2.0
144,1856,2.0
145,1856,1.0
146,1856,0.0
147,1856,3.0
148,1856,0.0
149,1856,1.0
150,1856,15.0
151,1856,9.0
152,1856,4.0
153,1856,2.0
154,1856,2.0
155,1856,0.0
156,1856,1.0
157,1856,0.0
158,1856,3.0
159,1856,4.0
160,1856,2.0
161,1856,1.0
162,1856,14.0
163,1856,12.0
164,1856,1.0
165,1856,4.0
166,1856,5.0
167,1856,9.0
168,1856,4.0
169,1856,9.0
170,1856,0.0
171,1856,1.0
172,1856,0.0
173,1856,0.0
174,1856,0.0
175,1856,2.0
176,1856,0.0
177,1856,0.0
178,1856,0.0
179,1856,0.0
180,1856,1.0
181,1856,0.0
182,1856,0.0
183,1856,0.0
184,1856,6.0
185,1856,0.0
186,1856,0.0
187,1856,0.0
188,1856,4.0
189,1856,0.0
190,1856,0.0
191,1856,5.0
192,1856,2.0
193,1856,2.0
194,1856,0.0
195,1856,0.0
196,1856,1.0
197,1856,0.0
198,1856,0.0
199,1856,2.0
0,1857,1.0
1,1857,5.0
2,1857,0.0
3,1857,0.0
4,1857,0.0
5,1857,1.0
6,1857,0.0
7,1857,0.0
8,1857,0.0
9,1857,2.0
10,1857,0.0
11,1857,0.0
12,1857,0.0
13,1857,0.0
14,1857,6.0
15,1857,1.0
16,1857,0.0
17,1857,0.0
18,1857,1.0
19,1857,0.0
20,1857,1.0
21,1857,0.0
22,1857,0.0
23,1857,1.0
24,1857,1.0
25,1857,0.0
26,1857,0.0
27,1857,0.0
28,1857,0.0
29,1857,0.0
30,1857,5.0
31,1857,1.0
32,1857,1.0
33,1857,0.0
34,1857,5.0
35,1857,17.0
36,1857,0.0
37,1857,7.0
38,1857,0.0
39,1857,0.0
40,1857,0.0
41,1857,1.0
42,1857,2.0
43,1857,0.0
44,1857,1.0
45,1857,1.0
46,1857,0.0
47,1857,1.0
48,1857,1.0
49,1857,0.0
50,1857,0.0
51,1857,4.0
52,1857,2.0
53,1857,0.0
54,1857,0.0
55,1857,0.0
56,1857,1.0
57,1857,0.0
58,1857,2.0
59,1857,1.0
60,1857,0.0
61,1857,43.0
62,1857,1.0
63,1857,5.0
64,1857,2.0
65,1857,2.0
66,1857,6.0
67,1857,0.0
68,1857,2.0
69,1857,0.0
70,1857,4.0
71,1857,4.0
72,1857,62.0
73,1857,2.0
74,1857,0.0
75,1857,1.0
76,1857,0.0
77,1857,0.0
78,1857,0.0
79,1857,1.0
80,1857,0.0
81,1857,3.0
82,1857,10.0
83,1857,0.0
84,1857,3.0
85,1857,57.0
86,1857,0.0
87,1857,0.0
88,1857,0.0
89,1857,0.0
90,1857,0.0
91,1857,5.0
92,1857,15.0
93,1857,0.0
94,1857,3.0
95,1857,0.0
96,1857,0.0
97,1857,0.0
98,1857,2.0
99,1857,0.0
100,1857,2.0
101,1857,0.0
102,1857,2.0
103,1857,5.0
104,1857,4.0
105,1857,6.0
106,1857,19.0
107,1857,2.0
108,1857,3.0
109,1857,9.0
110,1857,11.0
111,1857,6.0
112,1857,0.0
113,1857,1.0
114,1857,2.0
115,1857,0.0
116,1857,0.0
117,1857,0.0
118,1857,0.0
119,1857,2.0
120,1857,0.0
121,1857,0.0
122,1857,0.0
123,1857,1.0
124,1857,2.0
125,1857,2.0
126,1857,0.0
127,1857,2.0
128,1857,1.0
129,1857,1.0
130,1857,0.0
131,1857,2.0
132,1857,4.0
133,1857,0.0
134,1857,2.0
135,1857,0.0
136,1857,1.0
137,1857,2.0
138,1857,11.0
139,1857,1.0
140,1857,0.0
141,1857,1.0
142,1857,0.0
143,1857,2.0
144,1857,1.0
145,1857,1.0
146,1857,2.0
147,1857,7.0
148,1857,0.0
149,1857,2.0
150,1857,25.0
151,1857,13.0
152,1857,0.0
153,1857,2.0
154,1857,2.0
155,1857,0.0
156,1857,0.0
157,1857,0.0
158,1857,2.0
159,1857,5.0
160,1857,4.0
161,1857,4.0
162,1857,18.0
163,1857,11.0
164,1857,4.0
165,1857,5.0
166,1857,11.0
167,1857,20.0
168,1857,0.0
169,1857,17.0
170,1857,0.0
171,1857,0.0
172,1857,0.0
173,1857,3.0
174,1857,0.0
175,1857,0.0
176,1857,4.0
177,1857,0.0
178,1857,0.0
179,1857,1.0
180,1857,1.0
181,1857,0.0
182,1857,5.0
183,1857,0.0
184,1857,3.0
185,1857,0.0
186,1857,1.0
187,1857,0.0
188,1857,4.0
189,1857,0.0
190,1857,0.0
191,1857,0.0
192,1857,0.0
193,1857,3.0
194,1857,2.0
195,1857,1.0
196,1857,0.0
197,1857,0.0
198,1857,0.0
199,1857,0.0
0,1858,0.0
1,1858,3.0
2,1858,0.0
3,1858,4.0
4,1858,2.0
5,1858,1.0
6,1858,1.0
7,1858,0.0
8,1858,0.0
9,1858,1.0
10,1858,0.0
11,1858,0.0
12,1858,0.0
13,1858,1.0
14,1858,0.0
15,1858,3.0
16,1858,1.0
17,1858,0.0
18,1858,4.0
19,1858,1.0
20,1858,0.0
21,1858,0.0
22,1858,0.0
23,1858,1.0
24,1858,1.0
25,1858,0.0
26,1858,0.0
27,1858,0.0
28,1858,2.0
29,1858,0.0
30,1858,2.0
31,1858,2.0
32,1858,0.0
33,1858,0.0
34,1858,2.0
35,1858,9.0
36,1858,0.0
37,1858,1.0
38,1858,1.0
39,1858,4.0
40,1858,0.0
41,1858,0.0
42,1858,0.0
43,1858,0.0
44,1858,1.0
45,1858,0.0
46,1858,1.0
47,1858,0.0
48,1858,0.0
49,1858,0.0
50,1858,1.0
51,1858,6.0
52,1858,0.0
53,1858,0.0
54,1858,0.0
55,1858,0.0
56,1858,1.0
57,1858,0.0
58,1858,1.0
59,1858,0.0
60,1858,0.0
61,1858,23.0
62,1858,0.0
63,1858,1.0
64,1858,1.0
65,1858,0.0
66,1858,5.0
67,1858,0.0
68,1858,1.0
69,1858,0.0
70,1858,1.0
71,1858,6.0
72,1858,25.0
73,1858,0.0
74,1858,0.0
75,1858,1.0
76,1858,0.0
77,1858,0.0
78,1858,0.0
79,1858,2.0
80,1858,0.0
81,1858,0.0
82,1858,8.0
83,1858,0.0
84,1858,3.0
85,1858,29.0
86,1858,0.0
87,1858,0.0
88,1858,2.0
89,1858,0.0
90,1858,0.0
91,1858,3.0
92,1858,4.0
93,1858,0.0
94,1858,0.0
95,1858,0.0
96,1858,0.0
97,1858,0.0
98,1858,0.0
99,1858,0.0
100,1858,0.0
101,1858,0.0
102,1858,0.0
103,1858,3.0
104,1858,3.0
105,1858,2.0
106,1858,10.0
107,1858,1.0
108,1858,2.0
109,1858,2.0
110,1858,4.0
111,1858,2.0
112,1858,3.0
113,1858,3.0
114,1858,1.0
115,1858,1.0
116,1858,1.0
117,1858,0.0
118,1858,0.0
119,1858,5.0
120,1858,0.0
121,1858,2.0
122,1858,3.0
123,1858,1.0
124,1858,2.0
125,1858,1.0
126,1858,3.0
127,1858,2.0
128,1858,4.0
129,1858,0.0
130,1858,0.0
131,1858,0.0
132,1858,2.0
133,1858,0.0
134,1858,4.0
135,1858,0.0
136,1858,1.0
137,1858,0.0
138,1858,1.0
139,1858,0.0
140,1858,1.0
141,1858,0.0
142,1858,1.0
143,1858,0.0
144,1858,3.0
145,1858,4.0
146,1858,0.0
147,1858,1.0
148,1858,0.0
149,1858,0.0
150,1858,5.0
151,1858,15.0
152,1858,0.0
153,1858,0.0
154,1858,1.0
155,1858,3.0
156,1858,0.0
157,1858,1.0
158,1858,2.0
159,1858,3.0
160,1858,1.0
161,1858,2.0
162,1858,15.0
163,1858,8.0
164,1858,6.0
165,1858,1.0
166,1858,7.0
167,1858,5.0
168,1858,0.0
169,1858,5.0
170,1858,0.0
171,1858,1.0
172,1858,1.0
173,1858,1.0
174,1858,0.0
175,1858,1.0
176,1858,0.0
177,1858,0.0
178,1858,3.0
179,1858,2.0
180,1858,2.0
181,1858,0.0
182,1858,1.0
183,1858,0.0
184,1858,3.0
185,1858,0.0
186,1858,0.0
187,1858,0.0
188,1858,3.0
189,1858,0.0
190,1858,0.0
191,1858,0.0
192,1858,0.0
193,1858,1.0
194,1858,1.0
195,1858,1.0
196,1858,0.0
197,1858,0.0
198,1858,0.0
199,1858,0.0
0,1859,0.0
1,1859,0.0
2,1859,0.0
3,1859,1.0
4,1859,1.0
5,1859,0.0
6,1859,2.0
7,1859,0.0
8,1859,0.0
9,1859,0.0
10,1859,0.0
11,1859,0.0
12,1859,0.0
13,1859,2.0
14,1859,1.0
15,1859,3.0
16,1859,0.0
17,1859,0.0
18,1859,0.0
19,1859,4.0
20,1859,1.0
21,1859,0.0
22,1859,1.0
23,1859,0.0
24,1859,0.0
25,1859,0.0
26,1859,0.0
27,1859,0.0
28,1859,0.0
29,1859,0.0
30,1859,6.0
31,1859,1.0
32,1859,0.0
33,1859,2.0
34,1859,6.0
35,1859,9.0
36,1859,0.0
37,1859,1.0
38,1859,0.0
39,1859,1.0
40,1859,0.0
41,1859,0.0
42,1859,0.0
43,1859,0.0
44,1859,0.0
45,1859,2.0
46,1859,0.0
47,1859,0.0
48,1859,2.0
49,1859,1.0
50,1859,1.0
51,1859,4.0
52,1859,1.0
53,1859,0.0
54,1859,0.0
55,1859,0.0
56,1859,0.0
57,1859,1.0
58,1859,1.0
59,1859,0.0
60,1859,0.0
61,1859,23.0
62,1859,1.0
63,1859,0.0
64,1859,1.0
65,1859,1.0
66,1859,10.0
67,1859,0.0
68,1859,3.0
69,1859,0.0
70,1859,1.0
71,1859,2.0
72,1859,26.0
73,1859,5.0
74,1859,0.0
75,1859,2.0
76,1859,0.0
77,1859,0.0
78,1859,0.0
79,1859,0.0
80,1859,0.0
81,1859,0.0
82,1859,4.0
83,1859,0.0
84,1859,5.0
85,1859,28.0
86,1859,0.0
87,1859,0.0
88,1859,5.0
89,1859,0.0
90,1859,0.0
91,1859,4.0
92,1859,3.0
93,1859,0.0
94,1859,0.0
95,1859,0.0
96,1859,0.0
97,1859,0.0
98,1859,1.0
99,1859,0.0
100,1859,0.0
101,1859,0.0
102,1859,2.0
103,1859,1.0
104,1859,10.0
105,1859,4.0
106,1859,6.0
107,1859,1.0
108,1859,3.0
109,1859,3.0
110,1859,7.0
111,1859,3.0
112,1859,1.0
113,1859,0.0
114,1859,1.0
115,1859,0.0
116,1859,2.0
117,1859,2.0
118,1859,0.0
119,1859,1.0
120,1859,1.0
121,1859,0.0
122,1859,2.0
123,1859,0.0
124,1859,1.0
125,1859,0.0
126,1859,2.0
127,1859,3.0
128,1859,4.0
129,1859,0.0
130,1859,6.0
131,1859,0.0
132,1859,4.0
133,1859,0.0
134,1859,1.0
135,1859,0.0
136,1859,0.0
137,1859,1.0
138,1859,1.0
139,1859,0.0
140,1859,1.0
141,1859,0.0
142,1859,0.0
143,1859,1.0
144,1859,2.0
145,1859,2.0
146,1859,1.0
147,1859,4.0
148,1859,0.0
149,1859,2.0
150,1859,13.0
151,1859,7.0
152,1859,0.0
153,1859,0.0
154,1859,0.0
155,1859,1.0
156,1859,0.0
157,1859,2.0
158,1859,1.0
159,1859,2.0
160,1859,3.0
161,1859,3.0
162,1859,11.0
163,1859,11.0
164,1859,3.0
165,1859,6.0
166,1859,3.0
167,1859,10.0
168,1859,0.0
169,1859,12.0
170,1859,1.0
171,1859,6.0
172,1859,0.0
173,1859,0.0
174,1859,0.0
175,1859,3.0
176,1859,0.0
177,1859,1.0
178,1859,0.0
179,1859,1.0
180,1859,0.0
181,1859,0.0
182,1859,1.0
183,1859,0.0
184,1859,0.0
185,1859,0.0
186,1859,0.0
187,1859,0.0
188,1859,6.0
189,1859,0.0
190,1859,0.0
191,1859,0.0
192,1859,0.0
193,1859,0.0
194,1859,0.0
195,1859,1.0
196,1859,0.0
197,1859,0.0
198,1859,0.0
199,1859,0.0
0,1860,1.0
1,1860,0.0
2,1860,0.0
3,1860,0.0
4,1860,0.0
5,1860,2.0
6,1860,0.0
7,1860,0.0
8,1860,0.0
9,1860,2.0
10,1860,0.0
11,1860,0.0
12,1860,1.0
13,1860,2.0
14,1860,0.0
15,1860,8.0
16,1860,1.0
17,1860,0.0
18,1860,1.0
19,1860,0.0
20,1860,1.0
21,1860,0.0
22,1860,0.0
23,1860,1.0
24,1860,1.0
25,1860,1.0
26,1860,0.0
27,1860,1.0
28,1860,2.0
29,1860,0.0
30,1860,0.0
31,1860,1.0
32,1860,0.0
33,1860,11.0
34,1860,1.0
35,1860,5.0
36,1860,0.0
37,1860,2.0
38,1860,1.0
39,1860,0.0
40,1860,0.0
41,1860,0.0
42,1860,0.0
43,1860,1.0
44,1860,0.0
45,1860,1.0
46,1860,1.0
47,1860,4.0
48,1860,0.0
49,1860,0.0
50,1860,0.0
51,1860,4.0
52,1860,1.0
53,1860,0.0
54,1860,0.0
55,1860,0.0
56,1860,1.0
57,1860,0.0
58,1860,0.0
59,1860,0.0
60,1860,0.0
61,1860,20.0
62,1860,1.0
63,1860,1.0
64,1860,3.0
65,1860,0.0
66,1860,5.0
67,1860,0.0
68,1860,1.0
69,1860,0.0
70,1860,0.0
71,1860,2.0
72,1860,21.0
73,1860,0.0
74,1860,0.0
75,1860,1.0
76,1860,0.0
77,1860,0.0
78,1860,0.0
79,1860,0.0
80,1860,0.0
81,1860,1.0
82,1860,7.0
83,1860,0.0
84,1860,6.0
85,1860,35.0
86,1860,0.0
87,1860,0.0
88,1860,1.0
89,1860,0.0
90,1860,0.0
91,1860,1.0
92,1860,5.0
93,1860,0.0
94,1860,1.0
95,1860,0.0
96,1860,0.0
97,1860,0.0
98,1860,1.0
99,1860,0.0
100,1860,2.0
101,1860,2.0
102,1860,1.0
103,1860,2.0
104,1860,4.0
105,1860,5.0
106,1860,12.0
107,1860,3.0
108,1860,1.0
109,1860,3.0
110,1860,7.0
111,1860,1.0
112,1860,0.0
113,1860,4.0
114,1860,1.0
115,1860,0.0
116,1860,1.0
117,1860,1.0
118,1860,1.0
119,1860,2.0
120,1860,0.0
121,1860,1.0
122,1860,1.0
123,1860,1.0
124,1860,2.0
125,1860,0.0
126,1860,2.0
127,1860,0.0
128,1860,1.0
129,1860,6.0
130,1860,4.0
131,1860,3.0
132,1860,0.0
133,1860,0.0
134,1860,0.0
135,1860,0.0
136,1860,2.0
137,1860,1.0
138,1860,1.0
139,1860,0.0
140,1860,1.0
141,1860,1.0
142,1860,0.0
143,1860,1.0
144,1860,2.0
145,1860,0.0
146,1860,0.0
147,1860,4.0
148,1860,0.0
149,1860,4.0
150,1860,19.0
151,1860,9.0
152,1860,0.0
153,1860,0.0
154,1860,0.0
155,1860,0.0
156,1860,0.0
157,1860,0.0
158,1860,2.0
159,1860,1.0
160,1860,1.0
161,1860,5.0
162,1860,19.0
163,1860,13.0
164,1860,3.0
165,1860,0.0
166,1860,6.0
167,1860,11.0
168,1860,5.0
169,1860,7.0
170,1860,1.0
171,1860,1.0
172,1860,1.0
173,1860,2.0
174,1860,0.0
175,1860,0.0
176,1860,1.0
177,1860,0.0
178,1860,0.0
179,1860,1.0
180,1860,1.0
181,1860,0.0
182,1860,4.0
183,1860,0.0
184,1860,0.0
185,1860,0.0
186,1860,0.0
187,1860,0.0
188,1860,5.0
189,1860,1.0
190,1860,0.0
191,1860,1.0
192,1860,0.0
193,1860,3.0
194,1860,2.0
195,1860,0.0
196,1860,0.0
197,1860,0.0
198,1860,0.0
199,1860,0.0
0,1861,1.0
1,1861,0.0
2,1861,0.0
3,1861,1.0
4,1861,2.0
5,1861,1.0
6,1861,2.0
7,1861,0.0
8,1861,0.0
9,1861,0.0
10,1861,0.0
11,1861,0.0
12,1861,0.0
13,1861,0.0
14,1861,4.0
15,1861,0.0
16,1861,1.0
17,1861,1.0
18,1861,0.0
19,1861,0.0
20,1861,0.0
21,1861,0.0
22,1861,5.0
23,1861,0.0
24,1861,1.0
25,1861,0.0
26,1861,0.0
27,1861,0.0
28,1861,0.0
29,1861,0.0
30,1861,3.0
31,1861,0.0
32,1861,0.0
33,1861,3.0
34,1861,0.0
35,1861,9.0
36,1861,0.0
37,1861,2.0
38,1861,0.0
39,1861,1.0
40,1861,1.0
41,1861,1.0
42,1861,1.0
43,1861,1.0
44,1861,0.0
45,1861,0.0
46,1861,4.0
47,1861,0.0
48,1861,1.0
49,1861,2.0
50,1861,0.0
51,1861,4.0
52,1861,1.0
53,1861,0.0
54,1861,0.0
55,1861,0.0
56,1861,0.0
57,1861,1.0
58,1861,1.0
59,1861,0.0
60,1861,0.0
61,1861,12.0
62,1861,4.0
63,1861,1.0
64,1861,3.0
65,1861,0.0
66,1861,5.0
67,1861,0.0
68,1861,3.0
69,1861,0.0
70,1861,0.0
71,1861,2.0
72,1861,17.0
73,1861,0.0
74,1861,1.0
75,1861,1.0
76,1861,0.0
77,1861,4.0
78,1861,0.0
79,1861,0.0
80,1861,0.0
81,1861,1.0
82,1861,6.0
83,1861,0.0
84,1861,8.0
85,1861,32.0
86,1861,2.0
87,1861,3.0
88,1861,2.0
89,1861,1.0
90,1861,0.0
91,1861,4.0
92,1861,8.0
93,1861,0.0
94,1861,5.0
95,1861,0.0
96,1861,0.0
97,1861,0.0
98,1861,2.0
99,1861,0.0
100,1861,1.0
101,1861,0.0
102,1861,2.0
103,1861,1.0
104,1861,0.0
105,1861,2.0
106,1861,6.0
107,1861,2.0
108,1861,3.0
109,1861,5.0
110,1861,6.0
111,1861,3.0
112,1861,0.0
113,1861,0.0
114,1861,0.0
115,1861,1.0
116,1861,0.0
117,1861,2.0
118,1861,0.0
119,1861,4.0
120,1861,1.0
121,1861,1.0
122,1861,6.0
123,1861,2.0
124,1861,0.0
125,1861,0.0
126,1861,0.0
127,1861,3.0
128,1861,3.0
129,1861,1.0
130,1861,2.0
131,1861,0.0
132,1861,2.0
133,1861,0.0
134,1861,0.0
135,1861,0.0
136,1861,2.0
137,1861,1.0
138,1861,2.0
139,1861,0.0
140,1861,0.0
141,1861,0.0
142,1861,0.0
143,1861,6.0
144,1861,9.0
145,1861,3.0
146,1861,0.0
147,1861,6.0
148,1861,0.0
149,1861,0.0
150,1861,16.0
151,1861,14.0
152,1861,0.0
153,1861,1.0
154,1861,0.0
155,1861,1.0
156,1861,0.0
157,1861,4.0
158,1861,1.0
159,1861,3.0
160,1861,9.0
161,1861,5.0
162,1861,16.0
163,1861,7.0
164,1861,1.0
165,1861,6.0
166,1861,4.0
167,1861,9.0
168,1861,6.0
169,1861,13.0
170,1861,0.0
171,1861,5.0
172,1861,0.0
173,1861,1.0
174,1861,0.0
175,1861,1.0
176,1861,0.0
177,1861,0.0
178,1861,1.0
179,1861,0.0
180,1861,1.0
181,1861,0.0
182,1861,0.0
183,1861,0.0
184,1861,1.0
185,1861,0.0
186,1861,0.0
187,1861,2.0
188,1861,7.0
189,1861,0.0
190,1861,0.0
191,1861,1.0
192,1861,0.0
193,1861,1.0
194,1861,2.0
195,1861,1.0
196,1861,1.0
197,1861,0.0
198,1861,0.0
199,1861,0.0
0,1862,2.0
1,1862,0.0
2,1862,0.0
3,1862,0.0
4,1862,0.0
5,1862,1.0
6,1862,0.0
7,1862,2.0
8,1862,0.0
9,1862,4.0
10,1862,0.0
11,1862,0.0
12,1862,0.0
13,1862,13.0
14,1862,4.0
15,1862,1.0
16,1862,3.0
17,1862,1.0
18,1862,1.0
19,1862,0.0
20,1862,3.0
21,1862,0.0
22,1862,2.0
23,1862,0.0
24,1862,3.0
25,1862,0.0
26,1862,0.0
27,1862,1.0
28,1862,0.0
29,1862,1.0
30,1862,5.0
31,1862,1.0
32,1862,0.0
33,1862,5.0
34,1862,0.0
35,1862,8.0
36,1862,0.0
37,1862,0.0
38,1862,2.0
39,1862,0.0
40,1862,0.0
41,1862,2.0
42,1862,1.0
43,1862,0.0
44,1862,0.0
45,1862,0.0
46,1862,2.0
47,1862,0.0
48,1862,0.0
49,1862,1.0
50,1862,0.0
51,1862,6.0
52,1862,1.0
53,1862,0.0
54,1862,0.0
55,1862,1.0
56,1862,0.0
57,1862,0.0
58,1862,2.0
59,1862,0.0
60,1862,0.0
61,1862,15.0
62,1862,2.0
63,1862,2.0
64,1862,2.0
65,1862,0.0
66,1862,5.0
67,1862,0.0
68,1862,4.0
69,1862,0.0
70,1862,2.0
71,1862,4.0
72,1862,14.0
73,1862,1.0
74,1862,0.0
75,1862,1.0
76,1862,0.0
77,1862,3.0
78,1862,0.0
79,1862,1.0
80,1862,0.0
81,1862,3.0
82,1862,2.0
83,1862,0.0
84,1862,11.0
85,1862,29.0
86,1862,4.0
87,1862,0.0
88,1862,3.0
89,1862,0.0
90,1862,0.0
91,1862,10.0
92,1862,8.0
93,1862,1.0
94,1862,2.0
95,1862,0.0
96,1862,0.0
97,1862,0.0
98,1862,1.0
99,1862,0.0
100,1862,0.0
101,1862,1.0
102,1862,1.0
103,1862,0.0
104,1862,5.0
105,1862,2.0
106,1862,9.0
107,1862,2.0
108,1862,5.0
109,1862,4.0
110,1862,8.0
111,1862,2.0
112,1862,0.0
113,1862,4.0
114,1862,2.0
115,1862,0.0
116,1862,1.0
117,1862,1.0
118,1862,1.0
119,1862,3.0
120,1862,0.0
121,1862,2.0
122,1862,3.0
123,1862,1.0
124,1862,2.0
125,1862,0.0
126,1862,1.0
127,1862,3.0
128,1862,2.0
129,1862,0.0
130,1862,1.0
131,1862,0.0
132,1862,0.0
133,1862,0.0
134,1862,0.0
135,1862,0.0
136,1862,2.0
137,1862,1.0
138,1862,1.0
139,1862,2.0
140,1862,0.0
141,1862,2.0
142,1862,0.0
143,1862,4.0
144,1862,0.0
145,1862,2.0
146,1862,0.0
147,1862,7.0
148,1862,2.0
149,1862,1.0
150,1862,14.0
151,1862,16.0
152,1862,1.0
153,1862,2.0
154,1862,0.0
155,1862,1.0
156,1862,1.0
157,1862,0.0
158,1862,2.0
159,1862,1.0
160,1862,2.0
161,1862,3.0
162,1862,9.0
163,1862,21.0
164,1862,1.0
165,1862,3.0
166,1862,7.0
167,1862,7.0
168,1862,2.0
169,1862,13.0
170,1862,1.0
171,1862,6.0
172,1862,2.0
173,1862,2.0
174,1862,0.0
175,1862,2.0
176,1862,0.0
177,1862,0.0
178,1862,0.0
179,1862,1.0
180,1862,2.0
181,1862,0.0
182,1862,0.0
183,1862,0.0
184,1862,0.0
185,1862,0.0
186,1862,0.0
187,1862,0.0
188,1862,2.0
189,1862,0.0
190,1862,0.0
191,1862,3.0
192,1862,0.0
193,1862,0.0
194,1862,0.0
195,1862,1.0
196,1862,0.0
197,1862,0.0
198,1862,0.0
199,1862,1.0
0,1863,6.0
1,1863,0.0
2,1863,0.0
3,1863,0.0
4,1863,0.0
5,1863,0.0
6,1863,2.0
7,1863,1.0
8,1863,0.0
9,1863,3.0
10,1863,0.0
11,1863,0.0
12,1863,0.0
13,1863,2.0
14,1863,0.0
15,1863,5.0
16,1863,4.0
17,1863,0.0
18,1863,2.0
19,1863,1.0
20,1863,0.0
21,1863,0.0
22,1863,0.0
23,1863,0.0
24,1863,2.0
25,1863,1.0
26,1863,0.0
27,1863,0.0
28,1863,0.0
29,1863,0.0
30,1863,0.0
31,1863,2.0
32,1863,2.0
33,1863,11.0
34,1863,0.0
35,1863,2.0
36,1863,0.0
37,1863,0.0
38,1863,1.0
39,1863,2.0
40,1863,8.0
41,1863,1.0
42,1863,0.0
43,1863,3.0
44,1863,2.0
45,1863,0.0
46,1863,1.0
47,1863,0.0
48,1863,0.0
49,1863,1.0
50,1863,0.0
51,1863,12.0
52,1863,1.0
53,1863,0.0
54,1863,2.0
55,1863,3.0
56,1863,0.0
57,1863,2.0
58,1863,1.0
59,1863,0.0
60,1863,1.0
61,1863,30.0
62,1863,8.0
63,1863,0.0
64,1863,2.0
65,1863,0.0
66,1863,10.0
67,1863,0.0
68,1863,0.0
69,1863,0.0
70,1863,4.0
71,1863,2.0
72,1863,27.0
73,1863,2.0
74,1863,2.0
75,1863,1.0
76,1863,0.0
77,1863,11.0
78,1863,0.0
79,1863,0.0
80,1863,0.0
81,1863,0.0
82,1863,7.0
83,1863,0.0
84,1863,9.0
85,1863,39.0
86,1863,14.0
87,1863,1.0
88,1863,2.0
89,1863,0.0
90,1863,1.0
91,1863,4.0
92,1863,8.0
93,1863,0.0
94,1863,12.0
95,1863,0.0
96,1863,0.0
97,1863,1.0
98,1863,7.0
99,1863,0.0
100,1863,1.0
101,1863,0.0
102,1863,0.0
103,1863,1.0
104,1863,1.0
105,1863,1.0
106,1863,12.0
107,1863,3.0
108,1863,7.0
109,1863,4.0
110,1863,4.0
111,1863,4.0
112,1863,1.0
113,1863,5.0
114,1863,0.0
115,1863,0.0
116,1863,3.0
117,1863,1.0
118,1863,0.0
119,1863,7.0
120,1863,0.0
121,1863,5.0
122,1863,1.0
123,1863,5.0
124,1863,3.0
125,1863,1.0
126,1863,0.0
127,1863,0.0
128,1863,3.0
129,1863,1.0
130,1863,0.0
131,1863,3.0
132,1863,2.0
133,1863,0.0
134,1863,1.0
135,1863,0.0
136,1863,2.0
137,1863,2.0
138,1863,6.0
139,1863,0.0
140,1863,0.0
141,1863,4.0
142,1863,0.0
143,1863,0.0
144,1863,0.0
145,1863,2.0
146,1863,0.0
147,1863,3.0
148,1863,2.0
149,1863,4.0
150,1863,23.0
151,1863,9.0
152,1863,0.0
153,1863,2.0
154,1863,2.0
155,1863,1.0
156,1863,0.0
157,1863,2.0
158,1863,1.0
159,1863,2.0
160,1863,4.0
161,1863,3.0
162,1863,25.0
163,1863,25.0
164,1863,3.0
165,1863,4.0
166,1863,5.0
167,1863,12.0
168,1863,4.0
169,1863,23.0
170,1863,0.0
171,1863,3.0
172,1863,3.0
173,1863,4.0
174,1863,0.0
175,1863,1.0
176,1863,3.0
177,1863,0.0
178,1863,1.0
179,1863,2.0
180,1863,1.0
181,1863,0.0
182,1863,0.0
183,1863,0.0
184,1863,0.0
185,1863,0.0
186,1863,0.0
187,1863,0.0
188,1863,3.0
189,1863,0.0
190,1863,0.0
191,1863,1.0
192,1863,0.0
193,1863,6.0
194,1863,0.0
195,1863,0.0
196,1863,0.0
197,1863,1.0
198,1863,0.0
199,1863,0.0
0,1864,0.0
1,1864,2.0
2,1864,0.0
3,1864,1.0
4,1864,0.0
5,1864,2.0
6,1864,0.0
7,1864,0.0
8,1864,0.0
9,1864,4.0
10,1864,0.0
11,1864,0.0
12,1864,0.0
13,1864,0.0
14,1864,6.0
15,1864,4.0
16,1864,3.0
17,1864,1.0
18,1864,2.0
19,1864,1.0
20,1864,4.0
21,1864,0.0
22,1864,3.0
23,1864,3.0
24,1864,1.0
25,1864,0.0
26,1864,0.0
27,1864,0.0
28,1864,5.0
29,1864,0.0
30,1864,4.0
31,1864,1.0
32,1864,3.0
33,1864,6.0
34,1864,0.0
35,1864,8.0
36,1864,0.0
37,1864,2.0
38,1864,0.0
39,1864,2.0
40,1864,1.0
41,1864,0.0
42,1864,5.0
43,1864,4.0
44,1864,1.0
45,1864,0.0
46,1864,4.0
47,1864,0.0
48,1864,2.0
49,1864,4.0
50,1864,1.0
51,1864,9.0
52,1864,0.0
53,1864,0.0
54,1864,1.0
55,1864,2.0
56,1864,2.0
57,1864,0.0
58,1864,1.0
59,1864,0.0
60,1864,1.0
61,1864,40.0
62,1864,6.0
63,1864,1.0
64,1864,4.0
65,1864,0.0
66,1864,8.0
67,1864,0.0
68,1864,3.0
69,1864,0.0
70,1864,2.0
71,1864,6.0
72,1864,56.0
73,1864,4.0
74,1864,0.0
75,1864,1.0
76,1864,0.0
77,1864,1.0
78,1864,0.0
79,1864,0.0
80,1864,0.0
81,1864,0.0
82,1864,2.0
83,1864,0.0
84,1864,10.0
85,1864,54.0
86,1864,15.0
87,1864,0.0
88,1864,5.0
89,1864,2.0
90,1864,1.0
91,1864,13.0
92,1864,13.0
93,1864,0.0
94,1864,2.0
95,1864,0.0
96,1864,0.0
97,1864,2.0
98,1864,6.0
99,1864,3.0
100,1864,1.0
101,1864,1.0
102,1864,0.0
103,1864,2.0
104,1864,0.0
105,1864,3.0
106,1864,28.0
107,1864,3.0
108,1864,2.0
109,1864,5.0
110,1864,11.0
111,1864,4.0
112,1864,0.0
113,1864,2.0
114,1864,1.0
115,1864,0.0
116,1864,1.0
117,1864,0.0
118,1864,0.0
119,1864,2.0
120,1864,0.0
121,1864,0.0
122,1864,2.0
123,1864,0.0
124,1864,1.0
125,1864,1.0
126,1864,0.0
127,1864,1.0
128,1864,2.0
129,1864,0.0
130,1864,8.0
131,1864,1.0
132,1864,4.0
133,1864,0.0
134,1864,0.0
135,1864,0.0
136,1864,0.0
137,1864,2.0
138,1864,1.0
139,1864,0.0
140,1864,2.0
141,1864,2.0
142,1864,2.0
143,1864,0.0
144,1864,0.0
145,1864,4.0
146,1864,0.0
147,1864,1.0
148,1864,3.0
149,1864,6.0
150,1864,13.0
151,1864,15.0
152,1864,0.0
153,1864,2.0
154,1864,2.0
155,1864,1.0
156,1864,0.0
157,1864,1.0
158,1864,0.0
159,1864,4.0
160,1864,3.0
161,1864,6.0
162,1864,29.0
163,1864,26.0
164,1864,2.0
165,1864,8.0
166,1864,12.0
167,1864,19.0
168,1864,6.0
169,1864,19.0
170,1864,0.0
171,1864,7.0
172,1864,1.0
173,1864,3.0
174,1864,0.0
175,1864,1.0
176,1864,1.0
177,1864,0.0
178,1864,2.0
179,1864,2.0
180,1864,3.0
181,1864,0.0
182,1864,4.0
183,1864,0.0
184,1864,0.0
185,1864,0.0
186,1864,0.0
187,1864,1.0
188,1864,3.0
189,1864,0.0
190,1864,0.0
191,1864,1.0
192,1864,0.0
193,1864,1.0
194,1864,0.0
195,1864,0.0
196,1864,0.0
197,1864,0.0
198,1864,0.0
199,1864,1.0
0,1865,0.0
1,1865,2.0
2,1865,0.0
3,1865,1.0
4,1865,1.0
5,1865,0.0
6,1865,2.0
7,1865,0.0
8,1865,0.0
9,1865,2.0
10,1865,0.0
11,1865,0.0
12,1865,1.0
13,1865,2.0
14,1865,2.0
15,1865,8.0
16,1865,0.0
17,1865,1.0
18,1865,2.0
19,1865,2.0
20,1865,2.0
21,1865,0.0
22,1865,5.0
23,1865,0.0
24,1865,2.0
25,1865,3.0
26,1865,0.0
27,1865,1.0
28,1865,4.0
29,1865,0.0
30,1865,5.0
31,1865,1.0
32,1865,4.0
33,1865,12.0
34,1865,1.0
35,1865,11.0
36,1865,0.0
37,1865,2.0
38,1865,1.0
39,1865,3.0
40,1865,2.0
41,1865,2.0
42,1865,2.0
43,1865,2.0
44,1865,0.0
45,1865,0.0
46,1865,1.0
47,1865,0.0
48,1865,3.0
49,1865,0.0
50,1865,1.0
51,1865,5.0
52,1865,1.0
53,1865,0.0
54,1865,1.0
55,1865,1.0
56,1865,3.0
57,1865,0.0
58,1865,1.0
59,1865,0.0
60,1865,1.0
61,1865,22.0
62,1865,2.0
63,1865,0.0
64,1865,1.0
65,1865,0.0
66,1865,9.0
67,1865,0.0
68,1865,2.0
69,1865,0.0
70,1865,0.0
71,1865,6.0
72,1865,30.0
73,1865,0.0
74,1865,0.0
75,1865,0.0
76,1865,0.0
77,1865,0.0
78,1865,1.0
79,1865,0.0
80,1865,0.0
81,1865,2.0
82,1865,9.0
83,1865,0.0
84,1865,6.0
85,1865,37.0
86,1865,11.0
87,1865,2.0
88,1865,1.0
89,1865,0.0
90,1865,0.0
91,1865,2.0
92,1865,12.0
93,1865,0.0
94,1865,2.0
95,1865,0.0
96,1865,0.0
97,1865,0.0
98,1865,5.0
99,1865,0.0
100,1865,1.0
101,1865,2.0
102,1865,0.0
103,1865,1.0
104,1865,13.0
105,1865,1.0
106,1865,8.0
107,1865,4.0
108,1865,0.0
109,1865,5.0
110,1865,7.0
111,1865,3.0
112,1865,0.0
113,1865,3.0
114,1865,0.0
115,1865,1.0
116,1865,0.0
117,1865,0.0
118,1865,0.0
119,1865,3.0
120,1865,0.0
121,1865,1.0
122,1865,2.0
123,1865,1.0
124,1865,2.0
125,1865,6.0
126,1865,0.0
127,1865,1.0
128,1865,3.0
129,1865,0.0
130,1865,3.0
131,1865,1.0
132,1865,1.0
133,1865,0.0
134,1865,0.0
135,1865,0.0
136,1865,0.0
137,1865,0.0
138,1865,1.0
139,1865,2.0
140,1865,1.0
141,1865,1.0
142,1865,0.0
143,1865,1.0
144,1865,4.0
145,1865,2.0
146,1865,1.0
147,1865,5.0
148,1865,2.0
149,1865,2.0
150,1865,13.0
151,1865,6.0
152,1865,0.0
153,1865,0.0
154,1865,0.0
155,1865,0.0
156,1865,0.0
157,1865,0.0
158,1865,2.0
159,1865,3.0
160,1865,3.0
161,1865,6.0
162,1865,10.0
163,1865,12.0
164,1865,2.0
165,1865,2.0
166,1865,2.0
167,1865,6.0
168,1865,0.0
169,1865,13.0
170,1865,0.0
171,1865,2.0
172,1865,0.0
173,1865,7.0
174,1865,0.0
175,1865,0.0
176,1865,0.0
177,1865,0.0
178,1865,0.0
179,1865,0.0
180,1865,4.0
181,1865,0.0
182,1865,4.0
183,1865,1.0
184,1865,2.0
185,1865,0.0
186,1865,0.0
187,1865,0.0
188,1865,6.0
189,1865,0.0
190,1865,0.0
191,1865,0.0
192,1865,0.0
193,1865,1.0
194,1865,2.0
195,1865,0.0
196,1865,0.0
197,1865,0.0
198,1865,0.0
199,1865,0.0
0,1866,0.0
1,1866,3.0
2,1866,0.0
3,1866,0.0
4,1866,0.0
5,1866,1.0
6,1866,1.0
7,1866,0.0
8,1866,0.0
9,1866,1.0
10,1866,0.0
11,1866,1.0
12,1866,1.0
13,1866,0.0
14,1866,1.0
15,1866,1.0
16,1866,2.0
17,1866,0.0
18,1866,3.0
19,1866,0.0
20,1866,0.0
21,1866,0.0
22,1866,0.0
23,1866,0.0
24,1866,2.0
25,1866,0.0
26,1866,0.0
27,1866,1.0
28,1866,2.0
29,1866,0.0
30,1866,2.0
31,1866,2.0
32,1866,2.0
33,1866,27.0
34,1866,1.0
35,1866,8.0
36,1866,1.0
37,1866,2.0
38,1866,2.0
39,1866,2.0
40,1866,1.0
41,1866,2.0
42,1866,0.0
43,1866,2.0
44,1866,0.0
45,1866,3.0
46,1866,0.0
47,1866,0.0
48,1866,2.0
49,1866,0.0
50,1866,0.0
51,1866,3.0
52,1866,4.0
53,1866,0.0
54,1866,2.0
55,1866,0.0
56,1866,1.0
57,1866,0.0
58,1866,1.0
59,1866,0.0
60,1866,0.0
61,1866,18.0
62,1866,3.0
63,1866,1.0
64,1866,3.0
65,1866,1.0
66,1866,7.0
67,1866,0.0
68,1866,3.0
69,1866,0.0
70,1866,0.0
71,1866,0.0
72,1866,25.0
73,1866,0.0
74,1866,0.0
75,1866,4.0
76,1866,0.0
77,1866,3.0
78,1866,6.0
79,1866,1.0
80,1866,0.0
81,1866,2.0
82,1866,11.0
83,1866,0.0
84,1866,7.0
85,1866,40.0
86,1866,8.0
87,1866,2.0
88,1866,0.0
89,1866,1.0
90,1866,0.0
91,1866,3.0
92,1866,6.0
93,1866,0.0
94,1866,0.0
95,1866,0.0
96,1866,0.0
97,1866,0.0
98,1866,6.0
99,1866,0.0
100,1866,2.0
101,1866,0.0
102,1866,1.0
103,1866,2.0
104,1866,3.0
105,1866,1.0
106,1866,3.0
107,1866,2.0
108,1866,0.0
109,1866,1.0
110,1866,4.0
111,1866,2.0
112,1866,0.0
113,1866,3.0
114,1866,0.0
115,1866,0.0
116,1866,1.0
117,1866,0.0
118,1866,0.0
119,1866,2.0
120,1866,0.0
121,1866,0.0
122,1866,3.0
123,1866,0.0
124,1866,3.0
125,1866,0.0
126,1866,0.0
127,1866,0.0
128,1866,3.0
129,1866,0.0
130,1866,0.0
131,1866,1.0
132,1866,0.0
133,1866,0.0
134,1866,1.0
135,1866,0.0
136,1866,0.0
137,1866,1.0
138,1866,3.0
139,1866,1.0
140,1866,1.0
141,1866,0.0
142,1866,0.0
143,1866,0.0
144,1866,6.0
145,1866,0.0
146,1866,0.0
147,1866,0.0
148,1866,0.0
149,1866,0.0
150,1866,3.0
151,1866,13.0
152,1866,0.0
153,1866,0.0
154,1866,1.0
155,1866,0.0
156,1866,1.0
157,1866,3.0
158,1866,2.0
159,1866,0.0
160,1866,1.0
161,1866,5.0
162,1866,4.0
163,1866,17.0
164,1866,2.0
165,1866,3.0
166,1866,8.0
167,1866,6.0
168,1866,4.0
169,1866,17.0
170,1866,0.0
171,1866,2.0
172,1866,0.0
173,1866,0.0
174,1866,0.0
175,1866,0.0
176,1866,0.0
177,1866,0.0
178,1866,2.0
179,1866,0.0
180,1866,0.0
181,1866,0.0
182,1866,1.0
183,1866,0.0
184,1866,0.0
185,1866,0.0
186,1866,0.0
187,1866,1.0
188,1866,7.0
189,1866,0.0
190,1866,0.0
191,1866,0.0
192,1866,0.0
193,1866,1.0
194,1866,0.0
195,1866,0.0
196,1866,0.0
197,1866,0.0
198,1866,0.0
199,1866,0.0
0,1867,0.0
1,1867,0.0
2,1867,0.0
3,1867,1.0
4,1867,3.0
5,1867,2.0
6,1867,1.0
7,1867,0.0
8,1867,0.0
9,1867,0.0
10,1867,0.0
11,1867,0.0
12,1867,0.0
13,1867,0.0
14,1867,1.0
15,1867,6.0
16,1867,0.0
17,1867,2.0
18,1867,0.0
19,1867,1.0
20,1867,0.0
21,1867,0.0
22,1867,0.0
23,1867,0.0
24,1867,2.0
25,1867,0.0
26,1867,0.0
27,1867,0.0
28,1867,2.0
29,1867,0.0
30,1867,0.0
31,1867,1.0
32,1867,4.0
33,1867,12.0
34,1867,0.0
35,1867,13.0
36,1867,1.0
37,1867,2.0
38,1867,3.0
39,1867,1.0
40,1867,0.0
41,1867,1.0
42,1867,0.0
43,1867,0.0
44,1867,0.0
45,1867,4.0
46,1867,2.0
47,1867,1.0
48,1867,0.0
49,1867,5.0
50,1867,0.0
51,1867,2.0
52,1867,0.0
53,1867,0.0
54,1867,3.0
55,1867,1.0
56,1867,2.0
57,1867,0.0
58,1867,1.0
59,1867,0.0
60,1867,0.0
61,1867,10.0
62,1867,1.0
63,1867,2.0
64,1867,0.0
65,1867,0.0
66,1867,9.0
67,1867,0.0
68,1867,2.0
69,1867,0.0
70,1867,0.0
71,1867,1.0
72,1867,36.0
73,1867,5.0
74,1867,0.0
75,1867,2.0
76,1867,0.0
77,1867,3.0
78,1867,6.0
79,1867,1.0
80,1867,0.0
81,1867,2.0
82,1867,8.0
83,1867,0.0
84,1867,6.0
85,1867,34.0
86,1867,6.0
87,1867,1.0
88,1867,1.0
89,1867,0.0
90,1867,1.0
91,1867,1.0
92,1867,8.0
93,1867,0.0
94,1867,4.0
95,1867,0.0
96,1867,0.0
97,1867,1.0
98,1867,3.0
99,1867,0.0
100,1867,0.0
101,1867,1.0
102,1867,1.0
103,1867,3.0
104,1867,1.0
105,1867,5.0
106,1867,9.0
107,1867,3.0
108,1867,4.0
109,1867,3.0
110,1867,6.0
111,1867,4.0
112,1867,1.0
113,1867,1.0
114,1867,1.0
115,1867,0.0
116,1867,1.0
117,1867,0.0
118,1867,0.0
119,1867,4.0
120,1867,1.0
121,1867,1.0
122,1867,0.0
123,1867,0.0
124,1867,1.0
125,1867,0.0
126,1867,0.0
127,1867,0.0
128,1867,2.0
129,1867,0.0
130,1867,0.0
131,1867,0.0
132,1867,0.0
133,1867,0.0
134,1867,1.0
135,1867,0.0
136,1867,2.0
137,1867,3.0
138,1867,1.0
139,1867,0.0
140,1867,1.0
141,1867,3.0
142,1867,0.0
143,1867,4.0
144,1867,2.0
145,1867,3.0
146,1867,1.0
147,1867,5.0
148,1867,1.0
149,1867,2.0
150,1867,8.0
151,1867,8.0
152,1867,6.0
153,1867,0.0
154,1867,2.0
155,1867,0.0
156,1867,0.0
157,1867,0.0
158,1867,2.0
159,1867,2.0
160,1867,1.0
161,1867,4.0
162,1867,11.0
163,1867,7.0
164,1867,2.0
165,1867,2.0
166,1867,3.0
167,1867,2.0
168,1867,1.0
169,1867,2.0
170,1867,1.0
171,1867,0.0
172,1867,0.0
173,1867,0.0
174,1867,0.0
175,1867,2.0
176,1867,0.0
177,1867,0.0
178,1867,0.0
179,1867,0.0
180,1867,0.0
181,1867,1.0
182,1867,1.0
183,1867,0.0
184,1867,1.0
185,1867,0.0
186,1867,0.0
187,1867,0.0
188,1867,4.0
189,1867,0.0
190,1867,0.0
191,1867,1.0
192,1867,0.0
193,1867,0.0
194,1867,1.0
195,1867,1.0
196,1867,0.0
197,1867,0.0
198,1867,0.0
199,1867,1.0
0,1868,0.0
1,1868,2.0
2,1868,0.0
3,1868,1.0
4,1868,1.0
5,1868,1.0
6,1868,0.0
7,1868,0.0
8,1868,0.0
9,1868,0.0
10,1868,0.0
11,1868,1.0
12,1868,1.0
13,1868,1.0
14,1868,3.0
15,1868,6.0
16,1868,3.0
17,1868,1.0
18,1868,2.0
19,1868,1.0
20,1868,0.0
21,1868,0.0
22,1868,0.0
23,1868,0.0
24,1868,0.0
25,1868,0.0
26,1868,0.0
27,1868,0.0
28,1868,3.0
29,1868,0.0
30,1868,1.0
31,1868,0.0
32,1868,0.0
33,1868,3.0
34,1868,1.0
35,1868,4.0
36,1868,1.0
37,1868,1.0
38,1868,2.0
39,1868,0.0
40,1868,0.0
41,1868,1.0
42,1868,0.0
43,1868,0.0
44,1868,0.0
45,1868,0.0
46,1868,1.0
47,1868,0.0
48,1868,6.0
49,1868,0.0
50,1868,1.0
51,1868,4.0
52,1868,0.0
53,1868,0.0
54,1868,7.0
55,1868,0.0
56,1868,0.0
57,1868,0.0
58,1868,1.0
59,1868,0.0
60,1868,0.0
61,1868,21.0
62,1868,4.0
63,1868,1.0
64,1868,2.0
65,1868,3.0
66,1868,6.0
67,1868,0.0
68,1868,2.0
69,1868,1.0
70,1868,0.0
71,1868,5.0
72,1868,25.0
73,1868,4.0
74,1868,0.0
75,1868,1.0
76,1868,0.0
77,1868,9.0
78,1868,9.0
79,1868,1.0
80,1868,0.0
81,1868,0.0
82,1868,9.0
83,1868,0.0
84,1868,8.0
85,1868,41.0
86,1868,4.0
87,1868,1.0
88,1868,6.0
89,1868,3.0
90,1868,0.0
91,1868,4.0
92,1868,5.0
93,1868,0.0
94,1868,2.0
95,1868,0.0
96,1868,0.0
97,1868,0.0
98,1868,5.0
99,1868,0.0
100,1868,0.0
101,1868,1.0
102,1868,1.0
103,1868,0.0
104,1868,3.0
105,1868,0.0
106,1868,4.0
107,1868,2.0
108,1868,1.0
109,1868,8.0
110,1868,6.0
111,1868,2.0
112,1868,0.0
113,1868,1.0
114,1868,3.0
115,1868,0.0
116,1868,2.0
117,1868,0.0
118,1868,3.0
119,1868,4.0
120,1868,2.0
121,1868,1.0
122,1868,1.0
123,1868,0.0
124,1868,3.0
125,1868,0.0
126,1868,0.0
127,1868,0.0
128,1868,1.0
129,1868,1.0
130,1868,0.0
131,1868,2.0
132,1868,0.0
133,1868,0.0
134,1868,0.0
135,1868,0.0
136,1868,1.0
137,1868,3.0
138,1868,2.0
139,1868,0.0
140,1868,0.0
141,1868,1.0
142,1868,0.0
143,1868,4.0
144,1868,2.0
145,1868,2.0
146,1868,3.0
147,1868,3.0
148,1868,0.0
149,1868,4.0
150,1868,8.0
151,1868,17.0
152,1868,20.0
153,1868,0.0
154,1868,1.0
155,1868,0.0
156,1868,0.0
157,1868,0.0
158,1868,1.0
159,1868,1.0
160,1868,1.0
161,1868,4.0
162,1868,9.0
163,1868,6.0
164,1868,2.0
165,1868,3.0
166,1868,3.0
167,1868,0.0
168,1868,3.0
169,1868,8.0
170,1868,1.0
171,1868,7.0
172,1868,0.0
173,1868,0.0
174,1868,0.0
175,1868,0.0
176,1868,1.0
177,1868,3.0
178,1868,1.0
179,1868,0.0
180,1868,2.0
181,1868,0.0
182,1868,0.0
183,1868,0.0
184,1868,0.0
185,1868,0.0
186,1868,0.0
187,1868,0.0
188,1868,6.0
189,1868,0.0
190,1868,1.0
191,1868,0.0
192,1868,0.0
193,1868,0.0
194,1868,0.0
195,1868,2.0
196,1868,1.0
197,1868,0.0
198,1868,0.0
199,1868,1.0
0,1869,1.0
1,1869,1.0
2,1869,0.0
3,1869,1.0
4,1869,2.0
5,1869,1.0
6,1869,9.0
7,1869,1.0
8,1869,0.0
9,1869,2.0
10,1869,0.0
11,1869,0.0
12,1869,0.0
13,1869,10.0
14,1869,0.0
15,1869,2.0
16,1869,0.0
17,1869,0.0
18,1869,4.0
19,1869,1.0
20,1869,0.0
21,1869,0.0
22,1869,5.0
23,1869,1.0
24,1869,2.0
25,1869,0.0
26,1869,0.0
27,1869,0.0
28,1869,1.0
29,1869,0.0
30,1869,0.0
31,1869,0.0
32,1869,0.0
33,1869,6.0
34,1869,5.0
35,1869,19.0
36,1869,0.0
37,1869,1.0
38,1869,0.0
39,1869,2.0
40,1869,4.0
41,1869,2.0
42,1869,0.0
43,1869,2.0
44,1869,0.0
45,1869,0.0
46,1869,3.0
47,1869,2.0
48,1869,2.0
49,1869,0.0
50,1869,0.0
51,1869,4.0
52,1869,0.0
53,1869,0.0
54,1869,0.0
55,1869,0.0
56,1869,3.0
57,1869,0.0
58,1869,1.0
59,1869,0.0
60,1869,2.0
61,1869,28.0
62,1869,3.0
63,1869,5.0
64,1869,5.0
65,1869,0.0
66,1869,14.0
67,1869,0.0
68,1869,5.0
69,1869,0.0
70,1869,0.0
71,1869,1.0
72,1869,33.0
73,1869,1.0
74,1869,0.0
75,1869,0.0
76,1869,0.0
77,1869,10.0
78,1869,1.0
79,1869,0.0
80,1869,0.0
81,1869,2.0
82,1869,12.0
83,1869,0.0
84,1869,5.0
85,1869,19.0
86,1869,9.0
87,1869,2.0
88,1869,3.0
89,1869,3.0
90,1869,1.0
91,1869,2.0
92,1869,2.0
93,1869,0.0
94,1869,3.0
95,1869,0.0
96,1869,0.0
97,1869,0.0
98,1869,3.0
99,1869,0.0
100,1869,1.0
101,1869,0.0
102,1869,1.0
103,1869,1.0
104,1869,2.0
105,1869,4.0
106,1869,10.0
107,1869,2.0
108,1869,0.0
109,1869,5.0
110,1869,2.0
111,1869,4.0
112,1869,0.0
113,1869,1.0
114,1869,1.0
115,1869,1.0
116,1869,1.0
117,1869,3.0
118,1869,0.0
119,1869,0.0
120,1869,0.0
121,1869,2.0
122,1869,0.0
123,1869,0.0
124,1869,1.0
125,1869,2.0
126,1869,0.0
127,1869,3.0
128,1869,2.0
129,1869,1.0
130,1869,0.0
131,1869,0.0
132,1869,0.0
133,1869,0.0
134,1869,0.0
135,1869,0.0
136,1869,0.0
137,1869,0.0
138,1869,2.0
139,1869,0.0
140,1869,2.0
141,1869,0.0
142,1869,0.0
143,1869,0.0
144,1869,3.0
145,1869,5.0
146,1869,1.0
147,1869,3.0
148,1869,0.0
149,1869,1.0
150,1869,15.0
151,1869,5.0
152,1869,7.0
153,1869,1.0
154,1869,0.0
155,1869,0.0
156,1869,0.0
157,1869,1.0
158,1869,1.0
159,1869,3.0
160,1869,3.0
161,1869,3.0
162,1869,12.0
163,1869,11.0
164,1869,5.0
165,1869,0.0
166,1869,4.0
167,1869,4.0
168,1869,4.0
169,1869,9.0
170,1869,0.0
171,1869,4.0
172,1869,0.0
173,1869,0.0
174,1869,0.0
175,1869,2.0
176,1869,0.0
177,1869,2.0
178,1869,0.0
179,1869,2.0
180,1869,0.0
181,1869,0.0
182,1869,1.0
183,1869,1.0
184,1869,0.0
185,1869,0.0
186,1869,1.0
187,1869,1.0
188,1869,4.0
189,1869,0.0
190,1869,1.0
191,1869,1.0
192,1869,0.0
193,1869,1.0
194,1869,0.0
195,1869,0.0
196,1869,0.0
197,1869,0.0
198,1869,0.0
199,1869,0.0
0,1870,4.0
1,1870,3.0
2,1870,0.0
3,1870,1.0
4,1870,1.0
5,1870,4.0
6,1870,1.0
7,1870,0.0
8,1870,0.0
9,1870,3.0
10,1870,0.0
11,1870,0.0
12,1870,1.0
13,1870,0.0
14,1870,2.0
15,1870,6.0
16,1870,4.0
17,1870,0.0
18,1870,0.0
19,1870,2.0
20,1870,1.0
21,1870,0.0
22,1870,1.0
23,1870,1.0
24,1870,2.0
25,1870,1.0
26,1870,0.0
27,1870,0.0
28,1870,1.0
29,1870,0.0
30,1870,1.0
31,1870,0.0
32,1870,0.0
33,1870,7.0
34,1870,5.0
35,1870,6.0
36,1870,0.0
37,1870,1.0
38,1870,2.0
39,1870,3.0
40,1870,1.0
41,1870,0.0
42,1870,0.0
43,1870,2.0
44,1870,0.0
45,1870,0.0
46,1870,0.0
47,1870,1.0
48,1870,2.0
49,1870,0.0
50,1870,3.0
51,1870,8.0
52,1870,1.0
53,1870,0.0
54,1870,4.0
55,1870,0.0
56,1870,3.0
57,1870,2.0
58,1870,2.0
59,1870,0.0
60,1870,0.0
61,1870,25.0
62,1870,2.0
63,1870,0.0
64,1870,3.0
65,1870,0.0
66,1870,6.0
67,1870,0.0
68,1870,2.0
69,1870,0.0
70,1870,4.0
71,1870,3.0
72,1870,31.0
73,1870,0.0
74,1870,0.0
75,1870,2.0
76,1870,0.0
77,1870,1.0
78,1870,0.0
79,1870,0.0
80,1870,0.0
81,1870,4.0
82,1870,8.0
83,1870,0.0
84,1870,5.0
85,1870,42.0
86,1870,7.0
87,1870,1.0
88,1870,2.0
89,1870,0.0
90,1870,0.0
91,1870,4.0
92,1870,0.0
93,1870,0.0
94,1870,1.0
95,1870,0.0
96,1870,0.0
97,1870,2.0
98,1870,7.0
99,1870,2.0
100,1870,2.0
101,1870,0.0
102,1870,2.0
103,1870,2.0
104,1870,1.0
105,1870,2.0
106,1870,21.0
107,1870,3.0
108,1870,5.0
109,1870,4.0
110,1870,8.0
111,1870,3.0
112,1870,0.0
113,1870,5.0
114,1870,0.0
115,1870,2.0
116,1870,2.0
117,1870,4.0
118,1870,1.0
119,1870,3.0
120,1870,0.0
121,1870,4.0
122,1870,0.0
123,1870,1.0
124,1870,1.0
125,1870,1.0
126,1870,0.0
127,1870,1.0
128,1870,4.0
129,1870,2.0
130,1870,7.0
131,1870,0.0
132,1870,1.0
133,1870,0.0
134,1870,1.0
135,1870,0.0
136,1870,1.0
137,1870,1.0
138,1870,6.0
139,1870,1.0
140,1870,0.0
141,1870,2.0
142,1870,0.0
143,1870,3.0
144,1870,2.0
145,1870,5.0
146,1870,2.0
147,1870,8.0
148,1870,1.0
149,1870,2.0
150,1870,19.0
151,1870,20.0
152,1870,1.0
153,1870,1.0
154,1870,1.0
155,1870,1.0
156,1870,1.0
157,1870,3.0
158,1870,0.0
159,1870,2.0
160,1870,5.0
161,1870,6.0
162,1870,22.0
163,1870,16.0
164,1870,5.0
165,1870,0.0
166,1870,5.0
167,1870,8.0
168,1870,2.0
169,1870,19.0
170,1870,0.0
171,1870,3.0
172,1870,0.0
173,1870,1.0
174,1870,0.0
175,1870,0.0
176,1870,0.0
177,1870,1.0
178,1870,0.0
179,1870,0.0
180,1870,0.0
181,1870,0.0
182,1870,1.0
183,1870,0.0
184,1870,0.0
185,1870,0.0
186,1870,0.0
187,1870,0.0
188,1870,5.0
189,1870,0.0
190,1870,1.0
191,1870,3.0
192,1870,0.0
193,1870,2.0
194,1870,2.0
195,1870,0.0
196,1870,0.0
197,1870,0.0
198,1870,0.0
199,1870,1.0
0,1871,0.0
1,1871,4.0
2,1871,0.0
3,1871,0.0
4,1871,1.0
5,1871,0.0
6,1871,0.0
7,1871,0.0
8,1871,0.0
9,1871,2.0
10,1871,0.0
11,1871,0.0
12,1871,0.0
13,1871,5.0
14,1871,4.0
15,1871,6.0
16,1871,0.0
17,1871,1.0
18,1871,0.0
19,1871,0.0
20,1871,2.0
21,1871,0.0
22,1871,0.0
23,1871,2.0
24,1871,2.0
25,1871,0.0
26,1871,0.0
27,1871,0.0
28,1871,1.0
29,1871,0.0
30,1871,3.0
31,1871,3.0
32,1871,0.0
33,1871,11.0
34,1871,1.0
35,1871,13.0
36,1871,0.0
37,1871,5.0
38,1871,1.0
39,1871,2.0
40,1871,3.0
41,1871,0.0
42,1871,0.0
43,1871,2.0
44,1871,0.0
45,1871,2.0
46,1871,0.0
47,1871,9.0
48,1871,3.0
49,1871,0.0
50,1871,0.0
51,1871,8.0
52,1871,2.0
53,1871,57.0
54,1871,5.0
55,1871,1.0
56,1871,0.0
57,1871,0.0
58,1871,1.0
59,1871,0.0
60,1871,0.0
61,1871,44.0
62,1871,3.0
63,1871,0.0
64,1871,3.0
65,1871,3.0
66,1871,8.0
67,1871,0.0
68,1871,3.0
69,1871,1.0
70,1871,2.0
71,1871,9.0
72,1871,36.0
73,1871,5.0
74,1871,0.0
75,1871,0.0
76,1871,0.0
77,1871,6.0
78,1871,1.0
79,1871,0.0
80,1871,0.0
81,1871,0.0
82,1871,8.0
83,1871,0.0
84,1871,5.0
85,1871,37.0
86,1871,8.0
87,1871,2.0
88,1871,0.0
89,1871,1.0
90,1871,0.0
91,1871,3.0
92,1871,0.0
93,1871,0.0
94,1871,3.0
95,1871,0.0
96,1871,0.0
97,1871,1.0
98,1871,5.0
99,1871,1.0
100,1871,0.0
101,1871,0.0
102,1871,0.0
103,1871,0.0
104,1871,2.0
105,1871,0.0
106,1871,17.0
107,1871,3.0
108,1871,0.0
109,1871,8.0
110,1871,6.0
111,1871,4.0
112,1871,0.0
113,1871,2.0
114,1871,2.0
115,1871,0.0
116,1871,1.0
117,1871,2.0
118,1871,1.0
119,1871,3.0
120,1871,0.0
121,1871,2.0
122,1871,0.0
123,1871,0.0
124,1871,2.0
125,1871,1.0
126,1871,0.0
127,1871,2.0
128,1871,8.0
129,1871,1.0
130,1871,3.0
131,1871,2.0
132,1871,1.0
133,1871,0.0
134,1871,1.0
135,1871,0.0
136,1871,1.0
137,1871,1.0
138,1871,6.0
139,1871,1.0
140,1871,1.0
141,1871,0.0
142,1871,0.0
143,1871,0.0
144,1871,4.0
145,1871,1.0
146,1871,0.0
147,1871,7.0
148,1871,1.0
149,1871,0.0
150,1871,23.0
151,1871,6.0
152,1871,4.0
153,1871,1.0
154,1871,0.0
155,1871,2.0
156,1871,0.0
157,1871,0.0
158,1871,0.0
159,1871,5.0
160,1871,6.0
161,1871,6.0
162,1871,24.0
163,1871,11.0
164,1871,2.0
165,1871,0.0
166,1871,3.0
167,1871,12.0
168,1871,12.0
169,1871,13.0
170,1871,0.0
171,1871,5.0
172,1871,0.0
173,1871,2.0
174,1871,0.0
175,1871,2.0
176,1871,1.0
177,1871,0.0
178,1871,0.0
179,1871,2.0
180,1871,3.0
181,1871,0.0
182,1871,0.0
183,1871,0.0
184,1871,1.0
185,1871,1.0
186,1871,0.0
187,1871,2.0
188,1871,3.0
189,1871,0.0
190,1871,0.0
191,1871,1.0
192,1871,0.0
193,1871,0.0
194,1871,0.0
195,1871,1.0
196,1871,1.0
197,1871,0.0
198,1871,0.0
199,1871,0.0
0,1872,0.0
1,1872,0.0
2,1872,0.0
3,1872,3.0
4,1872,0.0
5,1872,2.0
6,1872,0.0
7,1872,0.0
8,1872,0.0
9,1872,0.0
10,1872,0.0
11,1872,0.0
12,1872,0.0
13,1872,2.0
14,1872,0.0
15,1872,7.0
16,1872,0.0
17,1872,0.0
18,1872,0.0
19,1872,3.0
20,1872,0.0
21,1872,0.0
22,1872,0.0
23,1872,0.0
24,1872,2.0
25,1872,0.0
26,1872,0.0
27,1872,0.0
28,1872,0.0
29,1872,0.0
30,1872,7.0
31,1872,1.0
32,1872,0.0
33,1872,24.0
34,1872,2.0
35,1872,7.0
36,1872,0.0
37,1872,3.0
38,1872,5.0
39,1872,1.0
40,1872,0.0
41,1872,1.0
42,1872,1.0
43,1872,0.0
44,1872,0.0
45,1872,0.0
46,1872,0.0
47,1872,0.0
48,1872,1.0
49,1872,2.0
50,1872,1.0
51,1872,9.0
52,1872,3.0
53,1872,6.0
54,1872,2.0
55,1872,0.0
56,1872,0.0
57,1872,1.0
58,1872,1.0
59,1872,0.0
60,1872,0.0
61,1872,20.0
62,1872,5.0
63,1872,0.0
64,1872,1.0
65,1872,0.0
66,1872,10.0
67,1872,0.0
68,1872,3.0
69,1872,0.0
70,1872,3.0
71,1872,5.0
72,1872,22.0
73,1872,2.0
74,1872,0.0
75,1872,0.0
76,1872,0.0
77,1872,6.0
78,1872,2.0
79,1872,0.0
80,1872,0.0
81,1872,1.0
82,1872,6.0
83,1872,0.0
84,1872,4.0
85,1872,39.0
86,1872,8.0
87,1872,0.0
88,1872,0.0
89,1872,0.0
90,1872,0.0
91,1872,1.0
92,1872,5.0
93,1872,0.0
94,1872,3.0
95,1872,0.0
96,1872,0.0
97,1872,0.0
98,1872,2.0
99,1872,0.0
100,1872,1.0
101,1872,0.0
102,1872,0.0
103,1872,3.0
104,1872,8.0
105,1872,5.0
106,1872,14.0
107,1872,6.0
108,1872,1.0
109,1872,4.0
110,1872,6.0
111,1872,3.0
112,1872,0.0
113,1872,2.0
114,1872,3.0
115,1872,0.0
116,1872,2.0
117,1872,1.0
118,1872,0.0
119,1872,3.0
120,1872,1.0
121,1872,2.0
122,1872,1.0
123,1872,0.0
124,1872,0.0
125,1872,4.0
126,1872,0.0
127,1872,1.0
128,1872,1.0
129,1872,1.0
130,1872,10.0
131,1872,1.0
132,1872,1.0
133,1872,1.0
134,1872,1.0
135,1872,0.0
136,1872,0.0
137,1872,0.0
138,1872,1.0
139,1872,2.0
140,1872,0.0
141,1872,1.0
142,1872,0.0
143,1872,3.0
144,1872,4.0
145,1872,0.0
146,1872,2.0
147,1872,0.0
148,1872,1.0
149,1872,2.0
150,1872,13.0
151,1872,20.0
152,1872,3.0
153,1872,1.0
154,1872,2.0
155,1872,1.0
156,1872,0.0
157,1872,0.0
158,1872,2.0
159,1872,1.0
160,1872,3.0
161,1872,1.0
162,1872,10.0
163,1872,10.0
164,1872,3.0
165,1872,0.0
166,1872,5.0
167,1872,11.0
168,1872,3.0
169,1872,13.0
170,1872,0.0
171,1872,5.0
172,1872,1.0
173,1872,0.0
174,1872,0.0
175,1872,1.0
176,1872,1.0
177,1872,1.0
178,1872,1.0
179,1872,1.0
180,1872,3.0
181,1872,0.0
182,1872,3.0
183,1872,0.0
184,1872,0.0
185,1872,1.0
186,1872,0.0
187,1872,0.0
188,1872,0.0
189,1872,0.0
190,1872,0.0
191,1872,0.0
192,1872,0.0
193,1872,2.0
194,1872,0.0
195,1872,1.0
196,1872,0.0
197,1872,0.0
198,1872,2.0
199,1872,0.0
0,1873,1.0
1,1873,2.0
2,1873,0.0
3,1873,0.0
4,1873,0.0
5,1873,0.0
6,1873,1.0
7,1873,2.0
8,1873,0.0
9,1873,3.0
10,1873,0.0
11,1873,0.0
12,1873,4.0
13,1873,1.0
14,1873,2.0
15,1873,6.0
16,1873,1.0
17,1873,0.0
18,1873,0.0
19,1873,0.0
20,1873,1.0
21,1873,0.0
22,1873,0.0
23,1873,1.0
24,1873,1.0
25,1873,0.0
26,1873,0.0
27,1873,0.0
28,1873,1.0
29,1873,0.0
30,1873,3.0
31,1873,1.0
32,1873,0.0
33,1873,3.0
34,1873,1.0
35,1873,7.0
36,1873,0.0
37,1873,0.0
38,1873,3.0
39,1873,3.0
40,1873,1.0
41,1873,1.0
42,1873,0.0
43,1873,1.0
44,1873,0.0
45,1873,0.0
46,1873,2.0
47,1873,0.0
48,1873,1.0
49,1873,1.0
50,1873,1.0
51,1873,5.0
52,1873,1.0
53,1873,43.0
54,1873,8.0
55,1873,2.0
56,1873,0.0
57,1873,0.0
58,1873,1.0
59,1873,0.0
60,1873,1.0
61,1873,25.0
62,1873,2.0
63,1873,1.0
64,1873,1.0
65,1873,0.0
66,1873,6.0
67,1873,0.0
68,1873,4.0
69,1873,0.0
70,1873,0.0
71,1873,2.0
72,1873,19.0
73,1873,3.0
74,1873,0.0
75,1873,1.0
76,1873,0.0
77,1873,1.0
78,1873,1.0
79,1873,2.0
80,1873,0.0
81,1873,0.0
82,1873,9.0
83,1873,0.0
84,1873,5.0
85,1873,26.0
86,1873,7.0
87,1873,1.0
88,1873,1.0
89,1873,0.0
90,1873,3.0
91,1873,2.0
92,1873,8.0
93,1873,1.0
94,1873,0.0
95,1873,0.0
96,1873,0.0
97,1873,0.0
98,1873,0.0
99,1873,1.0
100,1873,1.0
101,1873,0.0
102,1873,1.0
103,1873,1.0
104,1873,4.0
105,1873,1.0
106,1873,8.0
107,1873,1.0
108,1873,3.0
109,1873,5.0
110,1873,4.0
111,1873,4.0
112,1873,0.0
113,1873,2.0
114,1873,2.0
115,1873,0.0
116,1873,3.0
117,1873,0.0
118,1873,0.0
119,1873,3.0
120,1873,0.0
121,1873,5.0
122,1873,0.0
123,1873,2.0
124,1873,4.0
125,1873,3.0
126,1873,0.0
127,1873,0.0
128,1873,2.0
129,1873,0.0
130,1873,2.0
131,1873,1.0
132,1873,0.0
133,1873,1.0
134,1873,1.0
135,1873,0.0
136,1873,2.0
137,1873,0.0
138,1873,2.0
139,1873,1.0
140,1873,0.0
141,1873,0.0
142,1873,0.0
143,1873,1.0
144,1873,4.0
145,1873,3.0
146,1873,1.0
147,1873,3.0
148,1873,1.0
149,1873,3.0
150,1873,12.0
151,1873,19.0
152,1873,12.0
153,1873,2.0
154,1873,1.0
155,1873,0.0
156,1873,0.0
157,1873,0.0
158,1873,0.0
159,1873,4.0
160,1873,19.0
161,1873,6.0
162,1873,9.0
163,1873,15.0
164,1873,2.0
165,1873,0.0
166,1873,5.0
167,1873,7.0
168,1873,1.0
169,1873,10.0
170,1873,0.0
171,1873,5.0
172,1873,0.0
173,1873,4.0
174,1873,0.0
175,1873,0.0
176,1873,0.0
177,1873,0.0
178,1873,1.0
179,1873,1.0
180,1873,1.0
181,1873,0.0
182,1873,3.0
183,1873,0.0
184,1873,1.0
185,1873,0.0
186,1873,0.0
187,1873,0.0
188,1873,3.0
189,1873,2.0
190,1873,0.0
191,1873,1.0
192,1873,0.0
193,1873,0.0
194,1873,1.0
195,1873,0.0
196,1873,0.0
197,1873,0.0
198,1873,0.0
199,1873,0.0
0,1874,0.0
1,1874,1.0
2,1874,0.0
3,1874,0.0
4,1874,0.0
5,1874,0.0
6,1874,1.0
7,1874,0.0
8,1874,1.0
9,1874,1.0
10,1874,0.0
11,1874,0.0
12,1874,1.0
13,1874,3.0
14,1874,0.0
15,1874,0.0
16,1874,0.0
17,1874,1.0
18,1874,3.0
19,1874,1.0
20,1874,0.0
21,1874,1.0
22,1874,2.0
23,1874,1.0
24,1874,0.0
25,1874,0.0
26,1874,0.0
27,1874,0.0
28,1874,4.0
29,1874,0.0
30,1874,0.0
31,1874,0.0
32,1874,0.0
33,1874,2.0
34,1874,1.0
35,1874,10.0
36,1874,0.0
37,1874,3.0
38,1874,0.0
39,1874,2.0
40,1874,4.0
41,1874,1.0
42,1874,0.0
43,1874,2.0
44,1874,0.0
45,1874,0.0
46,1874,2.0
47,1874,0.0
48,1874,0.0
49,1874,0.0
50,1874,0.0
51,1874,7.0
52,1874,1.0
53,1874,30.0
54,1874,2.0
55,1874,0.0
56,1874,2.0
57,1874,0.0
58,1874,0.0
59,1874,0.0
60,1874,1.0
61,1874,18.0
62,1874,3.0
63,1874,0.0
64,1874,5.0
65,1874,0.0
66,1874,5.0
67,1874,0.0
68,1874,3.0
69,1874,1.0
70,1874,0.0
71,1874,2.0
72,1874,17.0
73,1874,3.0
74,1874,0.0
75,1874,0.0
76,1874,0.0
77,1874,13.0
78,1874,1.0
79,1874,0.0
80,1874,0.0
81,1874,0.0
82,1874,5.0
83,1874,1.0
84,1874,4.0
85,1874,27.0
86,1874,8.0
87,1874,1.0
88,1874,3.0
89,1874,1.0
90,1874,1.0
91,1874,4.0
92,1874,8.0
93,1874,2.0
94,1874,1.0
95,1874,0.0
96,1874,0.0
97,1874,0.0
98,1874,0.0
99,1874,0.0
100,1874,0.0
101,1874,0.0
102,1874,2.0
103,1874,2.0
104,1874,3.0
105,1874,0.0
106,1874,8.0
107,1874,0.0
108,1874,2.0
109,1874,4.0
110,1874,6.0
111,1874,3.0
112,1874,0.0
113,1874,0.0
114,1874,2.0
115,1874,0.0
116,1874,0.0
117,1874,0.0
118,1874,1.0
119,1874,2.0
120,1874,0.0
121,1874,0.0
122,1874,1.0
123,1874,0.0
124,1874,0.0
125,1874,2.0
126,1874,0.0
127,1874,9.0
128,1874,4.0
129,1874,0.0
130,1874,0.0
131,1874,1.0
132,1874,1.0
133,1874,0.0
134,1874,0.0
135,1874,0.0
136,1874,1.0
137,1874,0.0
138,1874,3.0
139,1874,0.0
140,1874,0.0
141,1874,4.0
142,1874,1.0
143,1874,1.0
144,1874,4.0
145,1874,2.0
146,1874,1.0
147,1874,2.0
148,1874,1.0
149,1874,2.0
150,1874,12.0
151,1874,11.0
152,1874,0.0
153,1874,0.0
154,1874,1.0
155,1874,0.0
156,1874,0.0
157,1874,0.0
158,1874,0.0
159,1874,3.0
160,1874,5.0
161,1874,4.0
162,1874,12.0
163,1874,7.0
164,1874,0.0
165,1874,0.0
166,1874,1.0
167,1874,12.0
168,1874,6.0
169,1874,13.0
170,1874,0.0
171,1874,13.0
172,1874,0.0
173,1874,1.0
174,1874,0.0
175,1874,0.0
176,1874,1.0
177,1874,3.0
178,1874,0.0
179,1874,1.0
180,1874,1.0
181,1874,0.0
182,1874,4.0
183,1874,0.0
184,1874,0.0
185,1874,0.0
186,1874,0.0
187,1874,1.0
188,1874,5.0
189,1874,1.0
190,1874,0.0
191,1874,1.0
192,1874,0.0
193,1874,1.0
194,1874,0.0
195,1874,2.0
196,1874,0.0
197,1874,0.0
198,1874,1.0
199,1874,0.0
0,1875,0.0
1,1875,2.0
2,1875,0.0
3,1875,0.0
4,1875,0.0
5,1875,0.0
6,1875,1.0
7,1875,2.0
8,1875,0.0
9,1875,0.0
10,1875,0.0
11,1875,0.0
12,1875,0.0
13,1875,4.0
14,1875,0.0
15,1875,3.0
16,1875,0.0
17,1875,1.0
18,1875,1.0
19,1875,1.0
20,1875,2.0
21,1875,1.0
22,1875,4.0
23,1875,1.0
24,1875,4.0
25,1875,1.0
26,1875,0.0
27,1875,0.0
28,1875,0.0
29,1875,1.0
30,1875,1.0
31,1875,0.0
32,1875,0.0
33,1875,0.0
34,1875,0.0
35,1875,6.0
36,1875,0.0
37,1875,0.0
38,1875,0.0
39,1875,3.0
40,1875,1.0
41,1875,0.0
42,1875,0.0
43,1875,1.0
44,1875,0.0
45,1875,2.0
46,1875,1.0
47,1875,1.0
48,1875,1.0
49,1875,2.0
50,1875,0.0
51,1875,4.0
52,1875,3.0
53,1875,52.0
54,1875,9.0
55,1875,1.0
56,1875,2.0
57,1875,1.0
58,1875,0.0
59,1875,0.0
60,1875,1.0
61,1875,15.0
62,1875,2.0
63,1875,0.0
64,1875,6.0
65,1875,0.0
66,1875,0.0
67,1875,0.0
68,1875,2.0
69,1875,0.0
70,1875,0.0
71,1875,5.0
72,1875,23.0
73,1875,2.0
74,1875,0.0
75,1875,2.0
76,1875,0.0
77,1875,6.0
78,1875,2.0
79,1875,1.0
80,1875,0.0
81,1875,0.0
82,1875,4.0
83,1875,0.0
84,1875,4.0
85,1875,39.0
86,1875,2.0
87,1875,0.0
88,1875,1.0
89,1875,1.0
90,1875,0.0
91,1875,2.0
92,1875,6.0
93,1875,0.0
94,1875,1.0
95,1875,0.0
96,1875,6.0
97,1875,0.0
98,1875,4.0
99,1875,0.0
100,1875,0.0
101,1875,1.0
102,1875,0.0
103,1875,2.0
104,1875,2.0
105,1875,1.0
106,1875,9.0
107,1875,2.0
108,1875,3.0
109,1875,5.0
110,1875,4.0
111,1875,1.0
112,1875,1.0
113,1875,2.0
114,1875,1.0
115,1875,0.0
116,1875,1.0
117,1875,0.0
118,1875,0.0
119,1875,1.0
120,1875,0.0
121,1875,0.0
122,1875,0.0
123,1875,3.0
124,1875,1.0
125,1875,0.0
126,1875,0.0
127,1875,0.0
128,1875,0.0
129,1875,1.0
130,1875,2.0
131,1875,1.0
132,1875,1.0
133,1875,0.0
134,1875,1.0
135,1875,0.0
136,1875,1.0
137,1875,1.0
138,1875,1.0
139,1875,0.0
140,1875,2.0
141,1875,0.0
142,1875,0.0
143,1875,4.0
144,1875,7.0
145,1875,0.0
146,1875,0.0
147,1875,2.0
148,1875,0.0
149,1875,2.0
150,1875,15.0
151,1875,19.0
152,1875,5.0
153,1875,1.0
154,1875,0.0
155,1875,0.0
156,1875,0.0
157,1875,1.0
158,1875,0.0
159,1875,5.0
160,1875,3.0
161,1875,9.0
162,1875,9.0
163,1875,12.0
164,1875,0.0
165,1875,0.0
166,1875,1.0
167,1875,2.0
168,1875,2.0
169,1875,8.0
170,1875,0.0
171,1875,0.0
172,1875,0.0
173,1875,2.0
174,1875,0.0
175,1875,0.0
176,1875,1.0
177,1875,0.0
178,1875,0.0
179,1875,0.0
180,1875,0.0
181,1875,0.0
182,1875,1.0
183,1875,0.0
184,1875,0.0
185,1875,0.0
186,1875,0.0
187,1875,0.0
188,1875,5.0
189,1875,0.0
190,1875,0.0
191,1875,0.0
192,1875,0.0
193,1875,1.0
194,1875,1.0
195,1875,0.0
196,1875,1.0
197,1875,1.0
198,1875,1.0
199,1875,0.0
0,1876,0.0
1,1876,0.0
2,1876,0.0
3,1876,0.0
4,1876,0.0
5,1876,0.0
6,1876,1.0
7,1876,1.0
8,1876,0.0
9,1876,0.0
10,1876,0.0
11,1876,0.0
12,1876,0.0
13,1876,1.0
14,1876,4.0
15,1876,2.0
16,1876,0.0
17,1876,0.0
18,1876,0.0
19,1876,0.0
20,1876,2.0
21,1876,0.0
22,1876,3.0
23,1876,0.0
24,1876,2.0
25,1876,0.0
26,1876,0.0
27,1876,0.0
28,1876,1.0
29,1876,0.0
30,1876,1.0
31,1876,2.0
32,1876,3.0
33,1876,10.0
34,1876,7.0
35,1876,7.0
36,1876,1.0
37,1876,2.0
38,1876,0.0
39,1876,2.0
40,1876,0.0
41,1876,0.0
42,1876,3.0
43,1876,0.0
44,1876,1.0
45,1876,4.0
46,1876,2.0
47,1876,1.0
48,1876,0.0
49,1876,0.0
50,1876,1.0
51,1876,6.0
52,1876,2.0
53,1876,26.0
54,1876,5.0
55,1876,0.0
56,1876,0.0
57,1876,0.0
58,1876,0.0
59,1876,0.0
60,1876,2.0
61,1876,17.0
62,1876,4.0
63,1876,1.0
64,1876,4.0
65,1876,0.0
66,1876,8.0
67,1876,5.0
68,1876,1.0
69,1876,0.0
70,1876,0.0
71,1876,4.0
72,1876,16.0
73,1876,1.0
74,1876,0.0
75,1876,0.0
76,1876,0.0
77,1876,4.0
78,1876,4.0
79,1876,4.0
80,1876,0.0
81,1876,1.0
82,1876,5.0
83,1876,0.0
84,1876,5.0
85,1876,31.0
86,1876,9.0
87,1876,0.0
88,1876,1.0
89,1876,0.0
90,1876,0.0
91,1876,7.0
92,1876,6.0
93,1876,0.0
94,1876,2.0
95,1876,6.0
96,1876,3.0
97,1876,0.0
98,1876,4.0
99,1876,0.0
100,1876,4.0
101,1876,2.0
102,1876,1.0
103,1876,2.0
104,1876,2.0
105,1876,2.0
106,1876,9.0
107,1876,0.0
108,1876,1.0
109,1876,7.0
110,1876,4.0
111,1876,2.0
112,1876,0.0
113,1876,3.0
114,1876,0.0
115,1876,0.0
116,1876,0.0
117,1876,1.0
118,1876,2.0
119,1876,3.0
120,1876,1.0
121,1876,5.0
122,1876,2.0
123,1876,1.0
124,1876,2.0
125,1876,2.0
126,1876,0.0
127,1876,0.0
128,1876,1.0
129,1876,2.0
130,1876,5.0
131,1876,0.0
132,1876,2.0
133,1876,0.0
134,1876,2.0
135,1876,0.0
136,1876,0.0
137,1876,1.0
138,1876,3.0
139,1876,0.0
140,1876,2.0
141,1876,1.0
142,1876,0.0
143,1876,1.0
144,1876,2.0
145,1876,0.0
146,1876,0.0
147,1876,6.0
148,1876,0.0
149,1876,0.0
150,1876,12.0
151,1876,9.0
152,1876,4.0
153,1876,0.0
154,1876,0.0
155,1876,0.0
156,1876,0.0
157,1876,0.0
158,1876,0.0
159,1876,3.0
160,1876,4.0
161,1876,5.0
162,1876,8.0
163,1876,15.0
164,1876,0.0
165,1876,0.0
166,1876,1.0
167,1876,5.0
168,1876,3.0
169,1876,7.0
170,1876,0.0
171,1876,6.0
172,1876,0.0
173,1876,0.0
174,1876,0.0
175,1876,0.0
176,1876,2.0
177,1876,1.0
178,1876,1.0
179,1876,0.0
180,1876,2.0
181,1876,0.0
182,1876,3.0
183,1876,0.0
184,1876,0.0
185,1876,0.0
186,1876,0.0
187,1876,0.0
188,1876,2.0
189,1876,0.0
190,1876,0.0
191,1876,0.0
192,1876,0.0
193,1876,1.0
194,1876,0.0
195,1876,1.0
196,1876,0.0
197,1876,0.0
198,1876,0.0
199,1876,0.0
0,1877,0.0
1,1877,2.0
2,1877,0.0
3,1877,2.0
4,1877,1.0
5,1877,1.0
6,1877,1.0
7,1877,0.0
8,1877,1.0
9,1877,7.0
10,1877,0.0
11,1877,1.0
12,1877,1.0
13,1877,1.0
14,1877,3.0
15,1877,9.0
16,1877,2.0
17,1877,1.0
18,1877,3.0
19,1877,1.0
20,1877,0.0
21,1877,0.0
22,1877,2.0
23,1877,0.0
24,1877,2.0
25,1877,1.0
26,1877,0.0
27,1877,0.0
28,1877,1.0
29,1877,2.0
30,1877,1.0
31,1877,0.0
32,1877,2.0
33,1877,4.0
34,1877,2.0
35,1877,2.0
36,1877,1.0
37,1877,1.0
38,1877,1.0
39,1877,1.0
40,1877,0.0
41,1877,1.0
42,1877,1.0
43,1877,1.0
44,1877,0.0
45,1877,0.0
46,1877,3.0
47,1877,1.0
48,1877,2.0
49,1877,0.0
50,1877,3.0
51,1877,6.0
52,1877,1.0
53,1877,60.0
54,1877,9.0
55,1877,1.0
56,1877,0.0
57,1877,0.0
58,1877,2.0
59,1877,0.0
60,1877,1.0
61,1877,35.0
62,1877,4.0
63,1877,1.0
64,1877,1.0
65,1877,1.0
66,1877,12.0
67,1877,5.0
68,1877,2.0
69,1877,1.0
70,1877,0.0
71,1877,2.0
72,1877,50.0
73,1877,2.0
74,1877,0.0
75,1877,5.0
76,1877,0.0
77,1877,1.0
78,1877,2.0
79,1877,0.0
80,1877,0.0
81,1877,0.0
82,1877,5.0
83,1877,0.0
84,1877,6.0
85,1877,42.0
86,1877,5.0
87,1877,0.0
88,1877,1.0
89,1877,0.0
90,1877,0.0
91,1877,8.0
92,1877,6.0
93,1877,0.0
94,1877,0.0
95,1877,8.0
96,1877,9.0
97,1877,0.0
98,1877,7.0
99,1877,0.0
100,1877,3.0
101,1877,1.0
102,1877,2.0
103,1877,3.0
104,1877,6.0
105,1877,3.0
106,1877,13.0
107,1877,3.0
108,1877,1.0
109,1877,8.0
110,1877,2.0
111,1877,3.0
112,1877,2.0
113,1877,4.0
114,1877,0.0
115,1877,0.0
116,1877,1.0
117,1877,2.0
118,1877,1.0
119,1877,3.0
120,1877,0.0
121,1877,3.0
122,1877,3.0
123,1877,0.0
124,1877,0.0
125,1877,1.0
126,1877,0.0
127,1877,1.0
128,1877,1.0
129,1877,1.0
130,1877,5.0
131,1877,0.0
132,1877,2.0
133,1877,3.0
134,1877,1.0
135,1877,0.0
136,1877,0.0
137,1877,2.0
138,1877,4.0
139,1877,0.0
140,1877,3.0
141,1877,0.0
142,1877,1.0
143,1877,0.0
144,1877,4.0
145,1877,6.0
146,1877,1.0
147,1877,9.0
148,1877,3.0
149,1877,4.0
150,1877,20.0
151,1877,20.0
152,1877,6.0
153,1877,0.0
154,1877,0.0
155,1877,0.0
156,1877,0.0
157,1877,0.0
158,1877,0.0
159,1877,5.0
160,1877,2.0
161,1877,5.0
162,1877,16.0
163,1877,19.0
164,1877,4.0
165,1877,0.0
166,1877,8.0
167,1877,17.0
168,1877,1.0
169,1877,12.0
170,1877,1.0
171,1877,3.0
172,1877,0.0
173,1877,0.0
174,1877,0.0
175,1877,0.0
176,1877,0.0
177,1877,0.0
178,1877,0.0
179,1877,0.0
180,1877,5.0
181,1877,0.0
182,1877,3.0
183,1877,0.0
184,1877,2.0
185,1877,0.0
186,1877,0.0
187,1877,1.0
188,1877,4.0
189,1877,0.0
190,1877,0.0
191,1877,1.0
192,1877,1.0
193,1877,1.0
194,1877,1.0
195,1877,2.0
196,1877,0.0
197,1877,0.0
198,1877,2.0
199,1877,0.0
0,1878,0.0
1,1878,0.0
2,1878,0.0
3,1878,4.0
4,1878,0.0
5,1878,2.0
6,1878,1.0
7,1878,1.0
8,1878,0.0
9,1878,5.0
10,1878,0.0
11,1878,0.0
12,1878,1.0
13,1878,2.0
14,1878,1.0
15,1878,3.0
16,1878,1.0
17,1878,1.0
18,1878,0.0
19,1878,0.0
20,1878,1.0
21,1878,0.0
22,1878,0.0
23,1878,1.0
24,1878,3.0
25,1878,0.0
26,1878,0.0
27,1878,0.0
28,1878,0.0
29,1878,0.0
30,1878,1.0
31,1878,1.0
32,1878,0.0
33,1878,4.0
34,1878,3.0
35,1878,11.0
36,1878,1.0
37,1878,2.0
38,1878,2.0
39,1878,0.0
40,1878,0.0
41,1878,0.0
42,1878,0.0
43,1878,1.0
44,1878,1.0
45,1878,0.0
46,1878,2.0
47,1878,0.0
48,1878,1.0
49,1878,1.0
50,1878,1.0
51,1878,3.0
52,1878,5.0
53,1878,135.0
54,1878,2.0
55,1878,1.0
56,1878,0.0
57,1878,1.0
58,1878,0.0
59,1878,0.0
60,1878,0.0
61,1878,40.0
62,1878,6.0
63,1878,2.0
64,1878,2.0
65,1878,1.0
66,1878,7.0
67,1878,12.0
68,1878,1.0
69,1878,1.0
70,1878,3.0
71,1878,6.0
72,1878,58.0
73,1878,3.0
74,1878,0.0
75,1878,2.0
76,1878,0.0
77,1878,3.0
78,1878,1.0
79,1878,1.0
80,1878,0.0
81,1878,3.0
82,1878,5.0
83,1878,0.0
84,1878,9.0
85,1878,49.0
86,1878,14.0
87,1878,0.0
88,1878,2.0
89,1878,1.0
90,1878,0.0
91,1878,10.0
92,1878,10.0
93,1878,1.0
94,1878,4.0
95,1878,9.0
96,1878,4.0
97,1878,1.0
98,1878,4.0
99,1878,2.0
100,1878,2.0
101,1878,0.0
102,1878,1.0
103,1878,2.0
104,1878,11.0
105,1878,0.0
106,1878,17.0
107,1878,8.0
108,1878,6.0
109,1878,9.0
110,1878,12.0
111,1878,6.0
112,1878,0.0
113,1878,4.0
114,1878,0.0
115,1878,0.0
116,1878,0.0
117,1878,2.0
118,1878,1.0
119,1878,2.0
120,1878,1.0
121,1878,5.0
122,1878,4.0
123,1878,0.0
124,1878,4.0
125,1878,2.0
126,1878,0.0
127,1878,0.0
128,1878,1.0
129,1878,2.0
130,1878,12.0
131,1878,0.0
132,1878,1.0
133,1878,0.0
134,1878,1.0
135,1878,0.0
136,1878,2.0
137,1878,2.0
138,1878,4.0
139,1878,0.0
140,1878,0.0
141,1878,0.0
142,1878,0.0
143,1878,4.0
144,1878,3.0
145,1878,4.0
146,1878,0.0
147,1878,5.0
148,1878,1.0
149,1878,5.0
150,1878,22.0
151,1878,13.0
152,1878,1.0
153,1878,0.0
154,1878,0.0
155,1878,2.0
156,1878,0.0
157,1878,1.0
158,1878,1.0
159,1878,4.0
160,1878,5.0
161,1878,10.0
162,1878,32.0
163,1878,9.0
164,1878,5.0
165,1878,0.0
166,1878,8.0
167,1878,24.0
168,1878,6.0
169,1878,20.0
170,1878,0.0
171,1878,11.0
172,1878,0.0
173,1878,0.0
174,1878,0.0
175,1878,0.0
176,1878,0.0
177,1878,2.0
178,1878,0.0
179,1878,2.0
180,1878,0.0
181,1878,0.0
182,1878,3.0
183,1878,0.0
184,1878,0.0
185,1878,1.0
186,1878,0.0
187,1878,0.0
188,1878,5.0
189,1878,1.0
190,1878,0.0
191,1878,1.0
192,1878,1.0
193,1878,1.0
194,1878,0.0
195,1878,0.0
196,1878,0.0
197,1878,0.0
198,1878,0.0
199,1878,0.0
0,1879,0.0
1,1879,0.0
2,1879,0.0
3,1879,0.0
4,1879,1.0
5,1879,0.0
6,1879,3.0
7,1879,0.0
8,1879,0.0
9,1879,0.0
10,1879,0.0
11,1879,0.0
12,1879,1.0
13,1879,1.0
14,1879,3.0
15,1879,8.0
16,1879,1.0
17,1879,0.0
18,1879,1.0
19,1879,1.0
20,1879,0.0
21,1879,0.0
22,1879,0.0
23,1879,1.0
24,1879,1.0
25,1879,0.0
26,1879,0.0
27,1879,0.0
28,1879,0.0
29,1879,0.0
30,1879,2.0
31,1879,0.0
32,1879,0.0
33,1879,10.0
34,1879,3.0
35,1879,0.0
36,1879,0.0
37,1879,0.0
38,1879,1.0
39,1879,2.0
40,1879,2.0
41,1879,0.0
42,1879,2.0
43,1879,3.0
44,1879,1.0
45,1879,2.0
46,1879,0.0
47,1879,2.0
48,1879,2.0
49,1879,0.0
50,1879,0.0
51,1879,2.0
52,1879,0.0
53,1879,18.0
54,1879,4.0
55,1879,1.0
56,1879,1.0
57,1879,0.0
58,1879,0.0
59,1879,0.0
60,1879,2.0
61,1879,15.0
62,1879,3.0
63,1879,0.0
64,1879,2.0
65,1879,0.0
66,1879,8.0
67,1879,0.0
68,1879,1.0
69,1879,0.0
70,1879,1.0
71,1879,2.0
72,1879,13.0
73,1879,2.0
74,1879,0.0
75,1879,1.0
76,1879,0.0
77,1879,2.0
78,1879,0.0
79,1879,0.0
80,1879,0.0
81,1879,3.0
82,1879,3.0
83,1879,0.0
84,1879,6.0
85,1879,27.0
86,1879,9.0
87,1879,0.0
88,1879,1.0
89,1879,2.0
90,1879,0.0
91,1879,1.0
92,1879,9.0
93,1879,0.0
94,1879,0.0
95,1879,10.0
96,1879,7.0
97,1879,0.0
98,1879,3.0
99,1879,0.0
100,1879,0.0
101,1879,0.0
102,1879,2.0
103,1879,6.0
104,1879,3.0
105,1879,0.0
106,1879,10.0
107,1879,0.0
108,1879,2.0
109,1879,5.0
110,1879,6.0
111,1879,5.0
112,1879,2.0
113,1879,3.0
114,1879,1.0
115,1879,0.0
116,1879,2.0
117,1879,1.0
118,1879,1.0
119,1879,4.0
120,1879,0.0
121,1879,3.0
122,1879,0.0
123,1879,1.0
124,1879,1.0
125,1879,3.0
126,1879,0.0
127,1879,0.0
128,1879,0.0
129,1879,0.0
130,1879,0.0
131,1879,0.0
132,1879,0.0
133,1879,0.0
134,1879,1.0
135,1879,0.0
136,1879,1.0
137,1879,0.0
138,1879,2.0
139,1879,1.0
140,1879,0.0
141,1879,0.0
142,1879,0.0
143,1879,3.0
144,1879,4.0
145,1879,1.0
146,1879,1.0
147,1879,1.0
148,1879,0.0
149,1879,0.0
150,1879,16.0
151,1879,16.0
152,1879,9.0
153,1879,0.0
154,1879,3.0
155,1879,3.0
156,1879,0.0
157,1879,0.0
158,1879,4.0
159,1879,3.0
160,1879,1.0
161,1879,3.0
162,1879,13.0
163,1879,6.0
164,1879,1.0
165,1879,0.0
166,1879,7.0
167,1879,2.0
168,1879,4.0
169,1879,9.0
170,1879,0.0
171,1879,6.0
172,1879,0.0
173,1879,0.0
174,1879,0.0
175,1879,2.0
176,1879,0.0
177,1879,0.0
178,1879,0.0
179,1879,0.0
180,1879,1.0
181,1879,0.0
182,1879,2.0
183,1879,0.0
184,1879,0.0
185,1879,0.0
186,1879,0.0
187,1879,0.0
188,1879,5.0
189,1879,0.0
190,1879,0.0
191,1879,0.0
192,1879,0.0
193,1879,0.0
194,1879,0.0
195,1879,0.0
196,1879,0.0
197,1879,0.0
198,1879,0.0
199,1879,0.0
0,1880,0.0
1,1880,1.0
2,1880,0.0
3,1880,0.0
4,1880,6.0
5,1880,0.0
6,1880,0.0
7,1880,0.0
8,1880,0.0
9,1880,4.0
10,1880,0.0
11,1880,0.0
12,1880,1.0
13,1880,3.0
14,1880,3.0
15,1880,0.0
16,1880,4.0
17,1880,1.0
18,1880,0.0
19,1880,0.0
20,1880,1.0
21,1880,0.0
22,1880,21.0
23,1880,0.0
24,1880,2.0
25,1880,0.0
26,1880,0.0
27,1880,0.0
28,1880,1.0
29,1880,0.0
30,1880,3.0
31,1880,0.0
32,1880,0.0
33,1880,9.0
34,1880,0.0
35,1880,10.0
36,1880,0.0
37,1880,0.0
38,1880,2.0
39,1880,0.0
40,1880,1.0
41,1880,1.0
42,1880,0.0
43,1880,0.0
44,1880,0.0
45,1880,1.0
46,1880,0.0
47,1880,0.0
48,1880,0.0
49,1880,0.0
50,1880,1.0
51,1880,4.0
52,1880,2.0
53,1880,0.0
54,1880,2.0
55,1880,0.0
56,1880,1.0
57,1880,0.0
58,1880,0.0
59,1880,0.0
60,1880,1.0
61,1880,15.0
62,1880,0.0
63,1880,0.0
64,1880,2.0
65,1880,0.0
66,1880,5.0
67,1880,0.0
68,1880,0.0
69,1880,2.0
70,1880,0.0
71,1880,3.0
72,1880,25.0
73,1880,1.0
74,1880,0.0
75,1880,1.0
76,1880,0.0
77,1880,4.0
78,1880,1.0
79,1880,0.0
80,1880,0.0
81,1880,0.0
82,1880,2.0
83,1880,0.0
84,1880,4.0
85,1880,24.0
86,1880,6.0
87,1880,1.0
88,1880,2.0
89,1880,0.0
90,1880,0.0
91,1880,3.0
92,1880,6.0
93,1880,0.0
94,1880,0.0
95,1880,6.0
96,1880,8.0
97,1880,1.0
98,1880,4.0
99,1880,0.0
100,1880,0.0
101,1880,0.0
102,1880,0.0
103,1880,1.0
104,1880,3.0
105,1880,0.0
106,1880,7.0
107,1880,0.0
108,1880,0.0
109,1880,6.0
110,1880,4.0
111,1880,0.0
112,1880,0.0
113,1880,3.0
114,1880,5.0
115,1880,0.0
116,1880,0.0
117,1880,0.0
118,1880,0.0
119,1880,2.0
120,1880,0.0
121,1880,0.0
122,1880,1.0
123,1880,1.0
124,1880,0.0
125,1880,1.0
126,1880,0.0
127,1880,0.0
128,1880,3.0
129,1880,0.0
130,1880,0.0
131,1880,1.0
132,1880,0.0
133,1880,0.0
134,1880,0.0
135,1880,0.0
136,1880,0.0
137,1880,1.0
138,1880,3.0
139,1880,0.0
140,1880,0.0
141,1880,1.0
142,1880,0.0
143,1880,1.0
144,1880,0.0
145,1880,1.0
146,1880,1.0
147,1880,3.0
148,1880,0.0
149,1880,3.0
150,1880,7.0
151,1880,11.0
152,1880,3.0
153,1880,0.0
154,1880,0.0
155,1880,0.0
156,1880,0.0
157,1880,1.0
158,1880,0.0
159,1880,3.0
160,1880,1.0
161,1880,3.0
162,1880,13.0
163,1880,7.0
164,1880,2.0
165,1880,0.0
166,1880,3.0
167,1880,4.0
168,1880,3.0
169,1880,5.0
170,1880,0.0
171,1880,2.0
172,1880,0.0
173,1880,0.0
174,1880,0.0
175,1880,0.0
176,1880,0.0
177,1880,0.0
178,1880,0.0
179,1880,1.0
180,1880,1.0
181,1880,0.0
182,1880,1.0
183,1880,0.0
184,1880,3.0
185,1880,0.0
186,1880,0.0
187,1880,0.0
188,1880,6.0
189,1880,0.0
190,1880,0.0
191,1880,0.0
192,1880,0.0
193,1880,1.0
194,1880,1.0
195,1880,1.0
196,1880,0.0
197,1880,0.0
198,1880,1.0
199,1880,1.0
0,1881,0.0
1,1881,1.0
2,1881,0.0
3,1881,1.0
4,1881,0.0
5,1881,3.0
6,1881,3.0
7,1881,0.0
8,1881,0.0
9,1881,6.0
10,1881,0.0
11,1881,0.0
12,1881,0.0
13,1881,5.0
14,1881,0.0
15,1881,5.0
16,1881,1.0
17,1881,1.0
18,1881,2.0
19,1881,0.0
20,1881,1.0
21,1881,0.0
22,1881,0.0
23,1881,2.0
24,1881,0.0
25,1881,0.0
26,1881,2.0
27,1881,0.0
28,1881,1.0
29,1881,1.0
30,1881,1.0
31,1881,2.0
32,1881,0.0
33,1881,3.0
34,1881,2.0
35,1881,10.0
36,1881,0.0
37,1881,1.0
38,1881,1.0
39,1881,0.0
40,1881,2.0
41,1881,0.0
42,1881,3.0
43,1881,0.0
44,1881,0.0
45,1881,0.0
46,1881,1.0
47,1881,0.0
48,1881,0.0
49,1881,0.0
50,1881,0.0
51,1881,4.0
52,1881,0.0
53,1881,30.0
54,1881,0.0
55,1881,0.0
56,1881,3.0
57,1881,0.0
58,1881,0.0
59,1881,0.0
60,1881,0.0
61,1881,18.0
62,1881,0.0
63,1881,1.0
64,1881,2.0
65,1881,1.0
66,1881,4.0
67,1881,6.0
68,1881,2.0
69,1881,1.0
70,1881,0.0
71,1881,4.0
72,1881,20.0
73,1881,0.0
74,1881,0.0
75,1881,1.0
76,1881,0.0
77,1881,6.0
78,1881,3.0
79,1881,0.0
80,1881,0.0
81,1881,1.0
82,1881,5.0
83,1881,0.0
84,1881,2.0
85,1881,33.0
86,1881,4.0
87,1881,1.0
88,1881,2.0
89,1881,0.0
90,1881,1.0
91,1881,3.0
92,1881,11.0
93,1881,0.0
94,1881,6.0
95,1881,4.0
96,1881,2.0
97,1881,0.0
98,1881,0.0
99,1881,1.0
100,1881,2.0
101,1881,0.0
102,1881,3.0
103,1881,3.0
104,1881,3.0
105,1881,1.0
106,1881,5.0
107,1881,1.0
108,1881,1.0
109,1881,13.0
110,1881,5.0
111,1881,4.0
112,1881,1.0
113,1881,3.0
114,1881,2.0
115,1881,2.0
116,1881,1.0
117,1881,0.0
118,1881,0.0
119,1881,3.0
120,1881,0.0
121,1881,1.0
122,1881,2.0
123,1881,1.0
124,1881,0.0
125,1881,1.0
126,1881,0.0
127,1881,0.0
128,1881,0.0
129,1881,1.0
130,1881,8.0
131,1881,0.0
132,1881,0.0
133,1881,0.0
134,1881,0.0
135,1881,0.0
136,1881,0.0
137,1881,0.0
138,1881,4.0
139,1881,0.0
140,1881,1.0
141,1881,2.0
142,1881,0.0
143,1881,0.0
144,1881,3.0
145,1881,4.0
146,1881,1.0
147,1881,2.0
148,1881,1.0
149,1881,3.0
150,1881,8.0
151,1881,7.0
152,1881,16.0
153,1881,0.0
154,1881,0.0
155,1881,1.0
156,1881,1.0
157,1881,0.0
158,1881,1.0
159,1881,3.0
160,1881,1.0
161,1881,3.0
162,1881,7.0
163,1881,9.0
164,1881,1.0
165,1881,0.0
166,1881,1.0
167,1881,3.0
168,1881,4.0
169,1881,7.0
170,1881,1.0
171,1881,1.0
172,1881,1.0
173,1881,0.0
174,1881,0.0
175,1881,1.0
176,1881,0.0
177,1881,0.0
178,1881,0.0
179,1881,0.0
180,1881,3.0
181,1881,0.0
182,1881,1.0
183,1881,0.0
184,1881,1.0
185,1881,0.0
186,1881,0.0
187,1881,0.0
188,1881,6.0
189,1881,0.0
190,1881,0.0
191,1881,0.0
192,1881,0.0
193,1881,1.0
194,1881,0.0
195,1881,1.0
196,1881,0.0
197,1881,0.0
198,1881,0.0
199,1881,0.0
0,1882,0.0
1,1882,0.0
2,1882,0.0
3,1882,1.0
4,1882,1.0
5,1882,3.0
6,1882,1.0
7,1882,0.0
8,1882,0.0
9,1882,2.0
10,1882,0.0
11,1882,1.0
12,1882,1.0
13,1882,0.0
14,1882,0.0
15,1882,8.0
16,1882,1.0
17,1882,0.0
18,1882,2.0
19,1882,1.0
20,1882,0.0
21,1882,0.0
22,1882,0.0
23,1882,0.0
24,1882,3.0
25,1882,0.0
26,1882,1.0
27,1882,0.0
28,1882,0.0
29,1882,0.0
30,1882,2.0
31,1882,1.0
32,1882,0.0
33,1882,0.0
34,1882,0.0
35,1882,7.0
36,1882,0.0
37,1882,3.0
38,1882,2.0
39,1882,1.0
40,1882,0.0
41,1882,0.0
42,1882,1.0
43,1882,0.0
44,1882,0.0
45,1882,0.0
46,1882,1.0
47,1882,0.0
48,1882,1.0
49,1882,0.0
50,1882,0.0
51,1882,1.0
52,1882,0.0
53,1882,41.0
54,1882,2.0
55,1882,0.0
56,1882,0.0
57,1882,1.0
58,1882,0.0
59,1882,0.0
60,1882,0.0
61,1882,16.0
62,1882,3.0
63,1882,0.0
64,1882,0.0
65,1882,0.0
66,1882,4.0
67,1882,2.0
68,1882,0.0
69,1882,0.0
70,1882,2.0
71,1882,5.0
72,1882,16.0
73,1882,1.0
74,1882,0.0
75,1882,2.0
76,1882,0.0
77,1882,4.0
78,1882,0.0
79,1882,0.0
80,1882,0.0
81,1882,3.0
82,1882,3.0
83,1882,0.0
84,1882,7.0
85,1882,36.0
86,1882,5.0
87,1882,1.0
88,1882,0.0
89,1882,1.0
90,1882,0.0
91,1882,2.0
92,1882,13.0
93,1882,0.0
94,1882,1.0
95,1882,3.0
96,1882,6.0
97,1882,1.0
98,1882,6.0
99,1882,0.0
100,1882,1.0
101,1882,0.0
102,1882,1.0
103,1882,2.0
104,1882,2.0
105,1882,1.0
106,1882,4.0
107,1882,0.0
108,1882,2.0
109,1882,3.0
110,1882,7.0
111,1882,0.0
112,1882,0.0
113,1882,1.0
114,1882,1.0
115,1882,0.0
116,1882,0.0
117,1882,0.0
118,1882,1.0
119,1882,2.0
120,1882,0.0
121,1882,1.0
122,1882,1.0
123,1882,1.0
124,1882,0.0
125,1882,1.0
126,1882,0.0
127,1882,0.0
128,1882,1.0
129,1882,2.0
130,1882,1.0
131,1882,0.0
132,1882,1.0
133,1882,1.0
134,1882,0.0
135,1882,0.0
136,1882,0.0
137,1882,2.0
138,1882,2.0
139,1882,7.0
140,1882,0.0
141,1882,3.0
142,1882,0.0
143,1882,1.0
144,1882,0.0
145,1882,4.0
146,1882,0.0
147,1882,3.0
148,1882,1.0
149,1882,1.0
150,1882,18.0
151,1882,19.0
152,1882,4.0
153,1882,1.0
154,1882,1.0
155,1882,1.0
156,1882,0.0
157,1882,1.0
158,1882,1.0
159,1882,4.0
160,1882,5.0
161,1882,3.0
162,1882,5.0
163,1882,7.0
164,1882,2.0
165,1882,0.0
166,1882,3.0
167,1882,5.0
168,1882,5.0
169,1882,9.0
170,1882,0.0
171,1882,1.0
172,1882,2.0
173,1882,4.0
174,1882,0.0
175,1882,1.0
176,1882,0.0
177,1882,0.0
178,1882,0.0
179,1882,2.0
180,1882,2.0
181,1882,0.0
182,1882,1.0
183,1882,0.0
184,1882,0.0
185,1882,0.0
186,1882,0.0
187,1882,2.0
188,1882,2.0
189,1882,0.0
190,1882,0.0
191,1882,0.0
192,1882,1.0
193,1882,0.0
194,1882,0.0
195,1882,0.0
196,1882,0.0
197,1882,0.0
198,1882,0.0
199,1882,0.0
0,1883,0.0
1,1883,2.0
2,1883,0.0
3,1883,0.0
4,1883,5.0
5,1883,6.0
6,1883,2.0
7,1883,2.0
8,1883,0.0
9,1883,6.0
10,1883,0.0
11,1883,0.0
12,1883,0.0
13,1883,1.0
14,1883,0.0
15,1883,0.0
16,1883,4.0
17,1883,4.0
18,1883,4.0
19,1883,4.0
20,1883,1.0
21,1883,0.0
22,1883,0.0
23,1883,1.0
24,1883,2.0
25,1883,0.0
26,1883,0.0
27,1883,0.0
28,1883,0.0
29,1883,0.0
30,1883,3.0
31,1883,1.0
32,1883,2.0
33,1883,1.0
34,1883,2.0
35,1883,5.0
36,1883,0.0
37,1883,3.0
38,1883,4.0
39,1883,1.0
40,1883,2.0
41,1883,1.0
42,1883,2.0
43,1883,0.0
44,1883,0.0
45,1883,1.0
46,1883,1.0
47,1883,0.0
48,1883,0.0
49,1883,0.0
50,1883,2.0
51,1883,1.0
52,1883,1.0
53,1883,38.0
54,1883,7.0
55,1883,0.0
56,1883,2.0
57,1883,0.0
58,1883,0.0
59,1883,0.0
60,1883,0.0
61,1883,33.0
62,1883,4.0
63,1883,1.0
64,1883,2.0
65,1883,2.0
66,1883,3.0
67,1883,1.0
68,1883,0.0
69,1883,0.0
70,1883,1.0
71,1883,4.0
72,1883,27.0
73,1883,0.0
74,1883,0.0
75,1883,0.0
76,1883,0.0
77,1883,9.0
78,1883,2.0
79,1883,0.0
80,1883,0.0
81,1883,0.0
82,1883,6.0
83,1883,0.0
84,1883,7.0
85,1883,45.0
86,1883,4.0
87,1883,1.0
88,1883,1.0
89,1883,1.0
90,1883,0.0
91,1883,3.0
92,1883,19.0
93,1883,0.0
94,1883,2.0
95,1883,7.0
96,1883,15.0
97,1883,1.0
98,1883,4.0
99,1883,0.0
100,1883,0.0
101,1883,0.0
102,1883,2.0
103,1883,1.0
104,1883,0.0
105,1883,2.0
106,1883,10.0
107,1883,2.0
108,1883,5.0
109,1883,7.0
110,1883,9.0
111,1883,7.0
112,1883,0.0
113,1883,2.0
114,1883,0.0
115,1883,1.0
116,1883,0.0
117,1883,2.0
118,1883,1.0
119,1883,2.0
120,1883,0.0
121,1883,4.0
122,1883,0.0
123,1883,1.0
124,1883,0.0
125,1883,1.0
126,1883,0.0
127,1883,0.0
128,1883,2.0
129,1883,0.0
130,1883,4.0
131,1883,1.0
132,1883,3.0
133,1883,0.0
134,1883,0.0
135,1883,0.0
136,1883,0.0
137,1883,4.0
138,1883,6.0
139,1883,0.0
140,1883,1.0
141,1883,0.0
142,1883,0.0
143,1883,3.0
144,1883,5.0
145,1883,1.0
146,1883,0.0
147,1883,2.0
148,1883,5.0
149,1883,0.0
150,1883,17.0
151,1883,15.0
152,1883,6.0
153,1883,0.0
154,1883,0.0
155,1883,0.0
156,1883,0.0
157,1883,0.0
158,1883,0.0
159,1883,5.0
160,1883,0.0
161,1883,5.0
162,1883,5.0
163,1883,2.0
164,1883,3.0
165,1883,0.0
166,1883,7.0
167,1883,9.0
168,1883,1.0
169,1883,5.0
170,1883,0.0
171,1883,5.0
172,1883,0.0
173,1883,1.0
174,1883,0.0
175,1883,2.0
176,1883,0.0
177,1883,1.0
178,1883,2.0
179,1883,1.0
180,1883,0.0
181,1883,0.0
182,1883,4.0
183,1883,0.0
184,1883,3.0
185,1883,1.0
186,1883,0.0
187,1883,2.0
188,1883,5.0
189,1883,0.0
190,1883,0.0
191,1883,0.0
192,1883,1.0
193,1883,3.0
194,1883,1.0
195,1883,1.0
196,1883,0.0
197,1883,0.0
198,1883,0.0
199,1883,0.0
0,1884,0.0
1,1884,4.0
2,1884,0.0
3,1884,0.0
4,1884,3.0
5,1884,2.0
6,1884,1.0
7,1884,1.0
8,1884,0.0
9,1884,5.0
10,1884,0.0
11,1884,0.0
12,1884,1.0
13,1884,5.0
14,1884,0.0
15,1884,4.0
16,1884,2.0
17,1884,1.0
18,1884,4.0
19,1884,0.0
20,1884,1.0
21,1884,0.0
22,1884,3.0
23,1884,1.0
24,1884,2.0
25,1884,0.0
26,1884,1.0
27,1884,0.0
28,1884,0.0
29,1884,1.0
30,1884,1.0
31,1884,0.0
32,1884,0.0
33,1884,2.0
34,1884,7.0
35,1884,3.0
36,1884,1.0
37,1884,0.0
38,1884,1.0
39,1884,0.0
40,1884,0.0
41,1884,0.0
42,1884,0.0
43,1884,4.0
44,1884,0.0
45,1884,2.0
46,1884,6.0
47,1884,2.0
48,1884,1.0
49,1884,0.0
50,1884,6.0
51,1884,5.0
52,1884,2.0
53,1884,84.0
54,1884,1.0
55,1884,1.0
56,1884,1.0
57,1884,0.0
58,1884,0.0
59,1884,0.0
60,1884,0.0
61,1884,27.0
62,1884,6.0
63,1884,3.0
64,1884,2.0
65,1884,0.0
66,1884,11.0
67,1884,3.0
68,1884,2.0
69,1884,0.0
70,1884,3.0
71,1884,4.0
72,1884,27.0
73,1884,3.0
74,1884,0.0
75,1884,4.0
76,1884,0.0
77,1884,5.0
78,1884,3.0
79,1884,0.0
80,1884,0.0
81,1884,1.0
82,1884,7.0
83,1884,0.0
84,1884,12.0
85,1884,63.0
86,1884,12.0
87,1884,1.0
88,1884,2.0
89,1884,0.0
90,1884,0.0
91,1884,11.0
92,1884,14.0
93,1884,1.0
94,1884,0.0
95,1884,4.0
96,1884,8.0
97,1884,0.0
98,1884,4.0
99,1884,0.0
100,1884,0.0
101,1884,0.0
102,1884,0.0
103,1884,4.0
104,1884,12.0
105,1884,2.0
106,1884,8.0
107,1884,1.0
108,1884,5.0
109,1884,8.0
110,1884,9.0
111,1884,3.0
112,1884,0.0
113,1884,2.0
114,1884,1.0
115,1884,0.0
116,1884,2.0
117,1884,1.0
118,1884,2.0
119,1884,6.0
120,1884,1.0
121,1884,0.0
122,1884,0.0
123,1884,0.0
124,1884,1.0
125,1884,2.0
126,1884,0.0
127,1884,0.0
128,1884,0.0
129,1884,0.0
130,1884,5.0
131,1884,2.0
132,1884,0.0
133,1884,0.0
134,1884,0.0
135,1884,0.0
136,1884,0.0
137,1884,2.0
138,1884,4.0
139,1884,0.0
140,1884,1.0
141,1884,2.0
142,1884,0.0
143,1884,3.0
144,1884,6.0
145,1884,3.0
146,1884,1.0
147,1884,2.0
148,1884,1.0
149,1884,1.0
150,1884,18.0
151,1884,21.0
152,1884,5.0
153,1884,1.0
154,1884,0.0
155,1884,2.0
156,1884,0.0
157,1884,0.0
158,1884,0.0
159,1884,3.0
160,1884,4.0
161,1884,7.0
162,1884,18.0
163,1884,10.0
164,1884,4.0
165,1884,0.0
166,1884,4.0
167,1884,23.0
168,1884,7.0
169,1884,13.0
170,1884,0.0
171,1884,4.0
172,1884,1.0
173,1884,3.0
174,1884,0.0
175,1884,2.0
176,1884,3.0
177,1884,0.0
178,1884,0.0
179,1884,2.0
180,1884,0.0
181,1884,0.0
182,1884,1.0
183,1884,0.0
184,1884,0.0
185,1884,0.0
186,1884,0.0
187,1884,0.0
188,1884,12.0
189,1884,1.0
190,1884,0.0
191,1884,2.0
192,1884,0.0
193,1884,0.0
194,1884,4.0
195,1884,0.0
196,1884,0.0
197,1884,0.0
198,1884,0.0
199,1884,0.0
0,1885,0.0
1,1885,1.0
2,1885,0.0
3,1885,0.0
4,1885,6.0
5,1885,1.0
6,1885,2.0
7,1885,2.0
8,1885,2.0
9,1885,1.0
10,1885,0.0
11,1885,0.0
12,1885,1.0
13,1885,4.0
14,1885,2.0
15,1885,5.0
16,1885,0.0
17,1885,0.0
18,1885,2.0
19,1885,1.0
20,1885,2.0
21,1885,0.0
22,1885,0.0
23,1885,1.0
24,1885,2.0
25,1885,1.0
26,1885,0.0
27,1885,0.0
28,1885,2.0
29,1885,3.0
30,1885,1.0
31,1885,2.0
32,1885,2.0
33,1885,0.0
34,1885,1.0
35,1885,7.0
36,1885,0.0
37,1885,2.0
38,1885,4.0
39,1885,1.0
40,1885,0.0
41,1885,0.0
42,1885,1.0
43,1885,0.0
44,1885,0.0
45,1885,0.0
46,1885,3.0
47,1885,0.0
48,1885,3.0
49,1885,2.0
50,1885,3.0
51,1885,5.0
52,1885,0.0
53,1885,69.0
54,1885,3.0
55,1885,1.0
56,1885,1.0
57,1885,0.0
58,1885,0.0
59,1885,0.0
60,1885,3.0
61,1885,57.0
62,1885,10.0
63,1885,0.0
64,1885,4.0
65,1885,0.0
66,1885,9.0
67,1885,1.0
68,1885,0.0
69,1885,1.0
70,1885,0.0
71,1885,2.0
72,1885,24.0
73,1885,4.0
74,1885,0.0
75,1885,0.0
76,1885,0.0
77,1885,11.0
78,1885,2.0
79,1885,1.0
80,1885,0.0
81,1885,0.0
82,1885,11.0
83,1885,0.0
84,1885,12.0
85,1885,63.0
86,1885,5.0
87,1885,2.0
88,1885,1.0
89,1885,2.0
90,1885,0.0
91,1885,8.0
92,1885,1.0
93,1885,0.0
94,1885,3.0
95,1885,7.0
96,1885,15.0
97,1885,1.0
98,1885,6.0
99,1885,0.0
100,1885,0.0
101,1885,0.0
102,1885,0.0
103,1885,8.0
104,1885,1.0
105,1885,0.0
106,1885,14.0
107,1885,4.0
108,1885,3.0
109,1885,8.0
110,1885,8.0
111,1885,3.0
112,1885,0.0
113,1885,0.0
114,1885,3.0
115,1885,0.0
116,1885,1.0
117,1885,0.0
118,1885,0.0
119,1885,5.0
120,1885,0.0
121,1885,3.0
122,1885,3.0
123,1885,1.0
124,1885,2.0
125,1885,0.0
126,1885,0.0
127,1885,0.0
128,1885,0.0
129,1885,1.0
130,1885,6.0
131,1885,2.0
132,1885,2.0
133,1885,0.0
134,1885,0.0
135,1885,0.0
136,1885,0.0
137,1885,0.0
138,1885,0.0
139,1885,0.0
140,1885,3.0
141,1885,0.0
142,1885,0.0
143,1885,1.0
144,1885,3.0
145,1885,6.0
146,1885,2.0
147,1885,1.0
148,1885,0.0
149,1885,2.0
150,1885,16.0
151,1885,18.0
152,1885,10.0
153,1885,1.0
154,1885,1.0
155,1885,0.0
156,1885,0.0
157,1885,0.0
158,1885,0.0
159,1885,6.0
160,1885,1.0
161,1885,7.0
162,1885,9.0
163,1885,9.0
164,1885,3.0
165,1885,0.0
166,1885,4.0
167,1885,9.0
168,1885,6.0
169,1885,16.0
170,1885,0.0
171,1885,6.0
172,1885,0.0
173,1885,2.0
174,1885,0.0
175,1885,1.0
176,1885,1.0
177,1885,0.0
178,1885,0.0
179,1885,0.0
180,1885,1.0
181,1885,0.0
182,1885,2.0
183,1885,0.0
184,1885,4.0
185,1885,0.0
186,1885,0.0
187,1885,0.0
188,1885,1.0
189,1885,0.0
190,1885,0.0
191,1885,3.0
192,1885,0.0
193,1885,0.0
194,1885,1.0
195,1885,1.0
196,1885,0.0
197,1885,0.0
198,1885,3.0
199,1885,0.0
0,1886,2.0
1,1886,0.0
2,1886,0.0
3,1886,0.0
4,1886,1.0
5,1886,0.0
6,1886,1.0
7,1886,1.0
8,1886,1.0
9,1886,1.0
10,1886,0.0
11,1886,0.0
12,1886,0.0
13,1886,2.0
14,1886,1.0
15,1886,0.0
16,1886,0.0
17,1886,0.0
18,1886,3.0
19,1886,0.0
20,1886,1.0
21,1886,0.0
22,1886,2.0
23,1886,0.0
24,1886,0.0
25,1886,0.0
26,1886,1.0
27,1886,0.0
28,1886,0.0
29,1886,0.0
30,1886,2.0
31,1886,0.0
32,1886,0.0
33,1886,1.0
34,1886,0.0
35,1886,4.0
36,1886,0.0
37,1886,0.0
38,1886,0.0
39,1886,6.0
40,1886,2.0
41,1886,0.0
42,1886,0.0
43,1886,0.0
44,1886,0.0
45,1886,0.0
46,1886,1.0
47,1886,1.0
48,1886,2.0
49,1886,0.0
50,1886,1.0
51,1886,2.0
52,1886,1.0
53,1886,34.0
54,1886,1.0
55,1886,0.0
56,1886,1.0
57,1886,0.0
58,1886,0.0
59,1886,0.0
60,1886,0.0
61,1886,17.0
62,1886,0.0
63,1886,0.0
64,1886,3.0
65,1886,0.0
66,1886,5.0
67,1886,7.0
68,1886,0.0
69,1886,0.0
70,1886,0.0
71,1886,3.0
72,1886,36.0
73,1886,2.0
74,1886,0.0
75,1886,1.0
76,1886,0.0
77,1886,3.0
78,1886,0.0
79,1886,0.0
80,1886,0.0
81,1886,0.0
82,1886,1.0
83,1886,0.0
84,1886,9.0
85,1886,27.0
86,1886,7.0
87,1886,0.0
88,1886,2.0
89,1886,1.0
90,1886,0.0
91,1886,2.0
92,1886,5.0
93,1886,0.0
94,1886,1.0
95,1886,6.0
96,1886,13.0
97,1886,0.0
98,1886,1.0
99,1886,0.0
100,1886,0.0
101,1886,2.0
102,1886,0.0
103,1886,0.0
104,1886,8.0
105,1886,1.0
106,1886,8.0
107,1886,1.0
108,1886,0.0
109,1886,7.0
110,1886,5.0
111,1886,5.0
112,1886,0.0
113,1886,1.0
114,1886,1.0
115,1886,0.0
116,1886,2.0
117,1886,1.0
118,1886,1.0
119,1886,7.0
120,1886,0.0
121,1886,1.0
122,1886,1.0
123,1886,0.0
124,1886,1.0
125,1886,0.0
126,1886,0.0
127,1886,0.0
128,1886,0.0
129,1886,0.0
130,1886,4.0
131,1886,0.0
132,1886,5.0
133,1886,0.0
134,1886,0.0
135,1886,0.0
136,1886,1.0
137,1886,0.0
138,1886,2.0
139,1886,0.0
140,1886,0.0
141,1886,3.0
142,1886,0.0
143,1886,2.0
144,1886,6.0
145,1886,5.0
146,1886,0.0
147,1886,3.0
148,1886,3.0
149,1886,3.0
150,1886,15.0
151,1886,16.0
152,1886,14.0
153,1886,1.0
154,1886,1.0
155,1886,1.0
156,1886,0.0
157,1886,3.0
158,1886,0.0
159,1886,5.0
160,1886,1.0
161,1886,9.0
162,1886,12.0
163,1886,7.0
164,1886,1.0
165,1886,0.0
166,1886,1.0
167,1886,12.0
168,1886,5.0
169,1886,8.0
170,1886,0.0
171,1886,2.0
172,1886,0.0
173,1886,0.0
174,1886,0.0
175,1886,2.0
176,1886,0.0
177,1886,1.0
178,1886,1.0
179,1886,0.0
180,1886,1.0
181,1886,0.0
182,1886,1.0
183,1886,0.0
184,1886,1.0
185,1886,0.0
186,1886,0.0
187,1886,1.0
188,1886,4.0
189,1886,0.0
190,1886,0.0
191,1886,0.0
192,1886,0.0
193,1886,1.0
194,1886,0.0
195,1886,2.0
196,1886,0.0
197,1886,0.0
198,1886,1.0
199,1886,0.0
0,1887,3.0
1,1887,0.0
2,1887,0.0
3,1887,1.0
4,1887,0.0
5,1887,2.0
6,1887,1.0
7,1887,2.0
8,1887,0.0
9,1887,1.0
10,1887,0.0
11,1887,0.0
12,1887,0.0
13,1887,0.0
14,1887,0.0
15,1887,1.0
16,1887,3.0
17,1887,1.0
18,1887,1.0
19,1887,1.0
20,1887,0.0
21,1887,0.0
22,1887,0.0
23,1887,0.0
24,1887,2.0
25,1887,0.0
26,1887,1.0
27,1887,0.0
28,1887,3.0
29,1887,1.0
30,1887,0.0
31,1887,0.0
32,1887,1.0
33,1887,0.0
34,1887,1.0
35,1887,6.0
36,1887,0.0
37,1887,2.0
38,1887,0.0
39,1887,0.0
40,1887,0.0
41,1887,0.0
42,1887,0.0
43,1887,0.0
44,1887,0.0
45,1887,0.0
46,1887,0.0
47,1887,0.0
48,1887,0.0
49,1887,0.0
50,1887,1.0
51,1887,4.0
52,1887,0.0
53,1887,62.0
54,1887,3.0
55,1887,0.0
56,1887,1.0
57,1887,0.0
58,1887,0.0
59,1887,0.0
60,1887,0.0
61,1887,12.0
62,1887,0.0
63,1887,0.0
64,1887,3.0
65,1887,0.0
66,1887,4.0
67,1887,2.0
68,1887,1.0
69,1887,0.0
70,1887,2.0
71,1887,0.0
72,1887,78.0
73,1887,1.0
74,1887,0.0
75,1887,0.0
76,1887,0.0
77,1887,1.0
78,1887,3.0
79,1887,1.0
80,1887,0.0
81,1887,0.0
82,1887,0.0
83,1887,0.0
84,1887,6.0
85,1887,32.0
86,1887,8.0
87,1887,0.0
88,1887,2.0
89,1887,0.0
90,1887,0.0
91,1887,3.0
92,1887,7.0
93,1887,0.0
94,1887,0.0
95,1887,2.0
96,1887,5.0
97,1887,0.0
98,1887,1.0
99,1887,0.0
100,1887,0.0
101,1887,0.0
102,1887,3.0
103,1887,2.0
104,1887,5.0
105,1887,4.0
106,1887,10.0
107,1887,1.0
108,1887,2.0
109,1887,4.0
110,1887,5.0
111,1887,2.0
112,1887,0.0
113,1887,7.0
114,1887,2.0
115,1887,0.0
116,1887,1.0
117,1887,1.0
118,1887,1.0
119,1887,3.0
120,1887,0.0
121,1887,1.0
122,1887,0.0
123,1887,0.0
124,1887,0.0
125,1887,0.0
126,1887,0.0
127,1887,0.0
128,1887,10.0
129,1887,2.0
130,1887,2.0
131,1887,0.0
132,1887,0.0
133,1887,0.0
134,1887,0.0
135,1887,0.0
136,1887,0.0
137,1887,0.0
138,1887,3.0
139,1887,0.0
140,1887,0.0
141,1887,0.0
142,1887,0.0
143,1887,1.0
144,1887,4.0
145,1887,1.0
146,1887,0.0
147,1887,2.0
148,1887,1.0
149,1887,0.0
150,1887,14.0
151,1887,16.0
152,1887,7.0
153,1887,0.0
154,1887,1.0
155,1887,0.0
156,1887,0.0
157,1887,0.0
158,1887,2.0
159,1887,2.0
160,1887,1.0
161,1887,2.0
162,1887,4.0
163,1887,7.0
164,1887,1.0
165,1887,0.0
166,1887,3.0
167,1887,4.0
168,1887,6.0
169,1887,12.0
170,1887,0.0
171,1887,2.0
172,1887,1.0
173,1887,2.0
174,1887,0.0
175,1887,2.0
176,1887,1.0
177,1887,0.0
178,1887,0.0
179,1887,1.0
180,1887,0.0
181,1887,0.0
182,1887,3.0
183,1887,0.0
184,1887,1.0
185,1887,0.0
186,1887,1.0
187,1887,1.0
188,1887,4.0
189,1887,0.0
190,1887,0.0
191,1887,0.0
192,1887,1.0
193,1887,1.0
194,1887,1.0
195,1887,1.0
196,1887,0.0
197,1887,0.0
198,1887,0.0
199,1887,0.0
0,1888,4.0
1,1888,1.0
2,1888,0.0
3,1888,0.0
4,1888,0.0
5,1888,1.0
6,1888,4.0
7,1888,3.0
8,1888,0.0
9,1888,1.0
10,1888,0.0
11,1888,0.0
12,1888,0.0
13,1888,0.0
14,1888,0.0
15,1888,3.0
16,1888,2.0
17,1888,1.0
18,1888,3.0
19,1888,0.0
20,1888,1.0
21,1888,0.0
22,1888,0.0
23,1888,0.0
24,1888,0.0
25,1888,0.0
26,1888,0.0
27,1888,0.0
28,1888,1.0
29,1888,1.0
30,1888,0.0
31,1888,0.0
32,1888,1.0
33,1888,0.0
34,1888,0.0
35,1888,9.0
36,1888,0.0
37,1888,0.0
38,1888,0.0
39,1888,1.0
40,1888,0.0
41,1888,0.0
42,1888,0.0
43,1888,0.0
44,1888,1.0
45,1888,0.0
46,1888,0.0
47,1888,1.0
48,1888,1.0
49,1888,0.0
50,1888,5.0
51,1888,4.0
52,1888,2.0
53,1888,21.0
54,1888,7.0
55,1888,0.0
56,1888,0.0
57,1888,0.0
58,1888,0.0
59,1888,0.0
60,1888,0.0
61,1888,18.0
62,1888,2.0
63,1888,1.0
64,1888,1.0
65,1888,1.0
66,1888,1.0
67,1888,4.0
68,1888,2.0
69,1888,0.0
70,1888,0.0
71,1888,2.0
72,1888,12.0
73,1888,1.0
74,1888,2.0
75,1888,2.0
76,1888,1.0
77,1888,4.0
78,1888,2.0
79,1888,3.0
80,1888,0.0
81,1888,0.0
82,1888,4.0
83,1888,0.0
84,1888,7.0
85,1888,26.0
86,1888,3.0
87,1888,0.0
88,1888,7.0
89,1888,0.0
90,1888,0.0
91,1888,5.0
92,1888,6.0
93,1888,0.0
94,1888,0.0
95,1888,9.0
96,1888,5.0
97,1888,0.0
98,1888,8.0
99,1888,0.0
100,1888,1.0
101,1888,0.0
102,1888,1.0
103,1888,0.0
104,1888,4.0
105,1888,0.0
106,1888,6.0
107,1888,2.0
108,1888,2.0
109,1888,11.0
110,1888,10.0
111,1888,2.0
112,1888,0.0
113,1888,2.0
114,1888,1.0
115,1888,0.0
116,1888,2.0
117,1888,0.0
118,1888,0.0
119,1888,2.0
120,1888,1.0
121,1888,7.0
122,1888,2.0
123,1888,0.0
124,1888,1.0
125,1888,0.0
126,1888,0.0
127,1888,2.0
128,1888,3.0
129,1888,1.0
130,1888,4.0
131,1888,0.0
132,1888,1.0
133,1888,0.0
134,1888,0.0
135,1888,0.0
136,1888,1.0
137,1888,1.0
138,1888,2.0
139,1888,0.0
140,1888,1.0
141,1888,2.0
142,1888,0.0
143,1888,2.0
144,1888,2.0
145,1888,5.0
146,1888,0.0
147,1888,1.0
148,1888,1.0
149,1888,2.0
150,1888,19.0
151,1888,22.0
152,1888,3.0
153,1888,0.0
154,1888,0.0
155,1888,0.0
156,1888,2.0
157,1888,6.0
158,1888,0.0
159,1888,3.0
160,1888,1.0
161,1888,1.0
162,1888,17.0
163,1888,8.0
164,1888,3.0
165,1888,0.0
166,1888,2.0
167,1888,9.0
168,1888,5.0
169,1888,15.0
170,1888,1.0
171,1888,3.0
172,1888,0.0
173,1888,1.0
174,1888,0.0
175,1888,3.0
176,1888,0.0
177,1888,0.0
178,1888,1.0
179,1888,0.0
180,1888,0.0
181,1888,0.0
182,1888,1.0
183,1888,0.0
184,1888,0.0
185,1888,0.0
186,1888,0.0
187,1888,1.0
188,1888,4.0
189,1888,0.0
190,1888,0.0
191,1888,0.0
192,1888,0.0
193,1888,1.0
194,1888,0.0
195,1888,0.0
196,1888,0.0
197,1888,0.0
198,1888,0.0
199,1888,0.0
0,1889,1.0
1,1889,1.0
2,1889,0.0
3,1889,0.0
4,1889,2.0
5,1889,1.0
6,1889,1.0
7,1889,1.0
8,1889,0.0
9,1889,2.0
10,1889,0.0
11,1889,0.0
12,1889,1.0
13,1889,0.0
14,1889,0.0
15,1889,7.0
16,1889,7.0
17,1889,1.0
18,1889,2.0
19,1889,0.0
20,1889,1.0
21,1889,0.0
22,1889,0.0
23,1889,0.0
24,1889,0.0
25,1889,0.0
26,1889,0.0
27,1889,0.0
28,1889,0.0
29,1889,1.0
30,1889,2.0
31,1889,0.0
32,1889,4.0
33,1889,4.0
34,1889,1.0
35,1889,5.0
36,1889,0.0
37,1889,1.0
38,1889,1.0
39,1889,0.0
40,1889,0.0
41,1889,1.0
42,1889,0.0
43,1889,0.0
44,1889,1.0
45,1889,0.0
46,1889,0.0
47,1889,0.0
48,1889,1.0
49,1889,2.0
50,1889,0.0
51,1889,0.0
52,1889,2.0
53,1889,29.0
54,1889,1.0
55,1889,0.0
56,1889,0.0
57,1889,2.0
58,1889,0.0
59,1889,0.0
60,1889,0.0
61,1889,11.0
62,1889,0.0
63,1889,0.0
64,1889,1.0
65,1889,0.0
66,1889,1.0
67,1889,10.0
68,1889,0.0
69,1889,1.0
70,1889,0.0
71,1889,4.0
72,1889,15.0
73,1889,1.0
74,1889,1.0
75,1889,0.0
76,1889,1.0
77,1889,4.0
78,1889,0.0
79,1889,1.0
80,1889,0.0
81,1889,1.0
82,1889,2.0
83,1889,0.0
84,1889,5.0
85,1889,28.0
86,1889,2.0
87,1889,1.0
88,1889,0.0
89,1889,2.0
90,1889,0.0
91,1889,0.0
92,1889,9.0
93,1889,0.0
94,1889,2.0
95,1889,2.0
96,1889,4.0
97,1889,0.0
98,1889,4.0
99,1889,0.0
100,1889,0.0
101,1889,0.0
102,1889,0.0
103,1889,1.0
104,1889,4.0
105,1889,0.0
106,1889,8.0
107,1889,3.0
108,1889,1.0
109,1889,4.0
110,1889,4.0
111,1889,0.0
112,1889,1.0
113,1889,2.0
114,1889,2.0
115,1889,0.0
116,1889,1.0
117,1889,0.0
118,1889,0.0
119,1889,0.0
120,1889,1.0
121,1889,3.0
122,1889,2.0
123,1889,0.0
124,1889,0.0
125,1889,0.0
126,1889,0.0
127,1889,1.0
128,1889,1.0
129,1889,6.0
130,1889,0.0
131,1889,0.0
132,1889,4.0
133,1889,1.0
134,1889,0.0
135,1889,0.0
136,1889,2.0
137,1889,1.0
138,1889,2.0
139,1889,0.0
140,1889,1.0
141,1889,2.0
142,1889,1.0
143,1889,1.0
144,1889,3.0
145,1889,4.0
146,1889,0.0
147,1889,7.0
148,1889,2.0
149,1889,0.0
150,1889,11.0
151,1889,6.0
152,1889,2.0
153,1889,0.0
154,1889,1.0
155,1889,2.0
156,1889,0.0
157,1889,0.0
158,1889,0.0
159,1889,3.0
160,1889,5.0
161,1889,5.0
162,1889,16.0
163,1889,19.0
164,1889,1.0
165,1889,0.0
166,1889,4.0
167,1889,5.0
168,1889,3.0
169,1889,9.0
170,1889,1.0
171,1889,4.0
172,1889,0.0
173,1889,1.0
174,1889,0.0
175,1889,0.0
176,1889,0.0
177,1889,1.0
178,1889,1.0
179,1889,0.0
180,1889,0.0
181,1889,0.0
182,1889,1.0
183,1889,0.0
184,1889,0.0
185,1889,0.0
186,1889,0.0
187,1889,0.0
188,1889,6.0
189,1889,0.0
190,1889,0.0
191,1889,0.0
192,1889,0.0
193,1889,2.0
194,1889,0.0
195,1889,0.0
196,1889,0.0
197,1889,0.0
198,1889,3.0
199,1889,0.0
0,1890,1.0
1,1890,0.0
2,1890,0.0
3,1890,1.0
4,1890,1.0
5,1890,0.0
6,1890,3.0
7,1890,1.0
8,1890,0.0
9,1890,7.0
10,1890,0.0
11,1890,0.0
12,1890,1.0
13,1890,0.0
14,1890,2.0
15,1890,0.0
16,1890,0.0
17,1890,4.0
18,1890,1.0
19,1890,0.0
20,1890,0.0
21,1890,0.0
22,1890,0.0
23,1890,2.0
24,1890,2.0
25,1890,1.0
26,1890,0.0
27,1890,0.0
28,1890,2.0
29,1890,0.0
30,1890,2.0
31,1890,2.0
32,1890,1.0
33,1890,3.0
34,1890,4.0
35,1890,12.0
36,1890,0.0
37,1890,5.0
38,1890,1.0
39,1890,1.0
40,1890,0.0
41,1890,0.0
42,1890,0.0
43,1890,0.0
44,1890,1.0
45,1890,1.0
46,1890,1.0
47,1890,0.0
48,1890,0.0
49,1890,1.0
50,1890,1.0
51,1890,4.0
52,1890,2.0
53,1890,44.0
54,1890,0.0
55,1890,0.0
56,1890,0.0
57,1890,0.0
58,1890,1.0
59,1890,0.0
60,1890,0.0
61,1890,16.0
62,1890,1.0
63,1890,1.0
64,1890,0.0
65,1890,0.0
66,1890,4.0
67,1890,2.0
68,1890,2.0
69,1890,0.0
70,1890,2.0
71,1890,9.0
72,1890,15.0
73,1890,2.0
74,1890,1.0
75,1890,3.0
76,1890,1.0
77,1890,4.0
78,1890,3.0
79,1890,0.0
80,1890,0.0
81,1890,0.0
82,1890,4.0
83,1890,0.0
84,1890,7.0
85,1890,36.0
86,1890,8.0
87,1890,0.0
88,1890,4.0
89,1890,1.0
90,1890,0.0
91,1890,5.0
92,1890,11.0
93,1890,0.0
94,1890,3.0
95,1890,3.0
96,1890,7.0
97,1890,0.0
98,1890,3.0
99,1890,0.0
100,1890,1.0
101,1890,0.0
102,1890,0.0
103,1890,1.0
104,1890,8.0
105,1890,1.0
106,1890,8.0
107,1890,0.0
108,1890,2.0
109,1890,9.0
110,1890,8.0
111,1890,3.0
112,1890,1.0
113,1890,2.0
114,1890,1.0
115,1890,0.0
116,1890,2.0
117,1890,3.0
118,1890,0.0
119,1890,2.0
120,1890,0.0
121,1890,4.0
122,1890,4.0
123,1890,0.0
124,1890,1.0
125,1890,0.0
126,1890,0.0
127,1890,2.0
128,1890,1.0
129,1890,0.0
130,1890,9.0
131,1890,0.0
132,1890,0.0
133,1890,0.0
134,1890,0.0
135,1890,0.0
136,1890,0.0
137,1890,0.0
138,1890,2.0
139,1890,1.0
140,1890,0.0
141,1890,2.0
142,1890,0.0
143,1890,2.0
144,1890,4.0
145,1890,3.0
146,1890,2.0
147,1890,3.0
148,1890,2.0
149,1890,1.0
150,1890,19.0
151,1890,13.0
152,1890,0.0
153,1890,1.0
154,1890,0.0
155,1890,1.0
156,1890,0.0
157,1890,2.0
158,1890,1.0
159,1890,3.0
160,1890,1.0
161,1890,0.0
162,1890,20.0
163,1890,7.0
164,1890,2.0
165,1890,0.0
166,1890,1.0
167,1890,17.0
168,1890,5.0
169,1890,17.0
170,1890,1.0
171,1890,5.0
172,1890,0.0
173,1890,2.0
174,1890,0.0
175,1890,2.0
176,1890,0.0
177,1890,0.0
178,1890,1.0
179,1890,1.0
180,1890,3.0
181,1890,0.0
182,1890,4.0
183,1890,0.0
184,1890,0.0
185,1890,0.0
186,1890,1.0
187,1890,2.0
188,1890,8.0
189,1890,1.0
190,1890,0.0
191,1890,0.0
192,1890,1.0
193,1890,1.0
194,1890,0.0
195,1890,0.0
196,1890,0.0
197,1890,0.0
198,1890,0.0
199,1890,0.0
0,1891,2.0
1,1891,2.0
2,1891,0.0
3,1891,1.0
4,1891,2.0
5,1891,1.0
6,1891,1.0
7,1891,0.0
8,1891,0.0
9,1891,7.0
10,1891,0.0
11,1891,0.0
12,1891,1.0
13,1891,1.0
14,1891,4.0
15,1891,0.0
16,1891,2.0
17,1891,0.0
18,1891,1.0
19,1891,1.0
20,1891,1.0
21,1891,1.0
22,1891,0.0
23,1891,1.0
24,1891,2.0
25,1891,0.0
26,1891,0.0
27,1891,0.0
28,1891,0.0
29,1891,0.0
30,1891,1.0
31,1891,0.0
32,1891,0.0
33,1891,0.0
34,1891,4.0
35,1891,7.0
36,1891,0.0
37,1891,0.0
38,1891,0.0
39,1891,0.0
40,1891,0.0
41,1891,0.0
42,1891,4.0
43,1891,0.0
44,1891,1.0
45,1891,0.0
46,1891,1.0
47,1891,4.0
48,1891,0.0
49,1891,1.0
50,1891,0.0
51,1891,7.0
52,1891,2.0
53,1891,109.0
54,1891,2.0
55,1891,0.0
56,1891,2.0
57,1891,0.0
58,1891,0.0
59,1891,0.0
60,1891,1.0
61,1891,34.0
62,1891,5.0
63,1891,0.0
64,1891,4.0
65,1891,0.0
66,1891,5.0
67,1891,6.0
68,1891,1.0
69,1891,0.0
70,1891,1.0
71,1891,4.0
72,1891,46.0
73,1891,2.0
74,1891,0.0
75,1891,5.0
76,1891,4.0
77,1891,7.0
78,1891,3.0
79,1891,2.0
80,1891,0.0
81,1891,1.0
82,1891,11.0
83,1891,0.0
84,1891,7.0
85,1891,65.0
86,1891,4.0
87,1891,1.0
88,1891,0.0
89,1891,0.0
90,1891,1.0
91,1891,9.0
92,1891,10.0
93,1891,0.0
94,1891,0.0
95,1891,5.0
96,1891,8.0
97,1891,0.0
98,1891,1.0
99,1891,1.0
100,1891,3.0
101,1891,0.0
102,1891,1.0
103,1891,2.0
104,1891,0.0
105,1891,3.0
106,1891,11.0
107,1891,0.0
108,1891,2.0
109,1891,4.0
110,1891,9.0
111,1891,3.0
112,1891,0.0
113,1891,6.0
114,1891,3.0
115,1891,0.0
116,1891,1.0
117,1891,1.0
118,1891,0.0
119,1891,7.0
120,1891,0.0
121,1891,3.0
122,1891,1.0
123,1891,0.0
124,1891,0.0
125,1891,0.0
126,1891,0.0
127,1891,4.0
128,1891,1.0
129,1891,3.0
130,1891,3.0
131,1891,0.0
132,1891,2.0
133,1891,1.0
134,1891,1.0
135,1891,0.0
136,1891,2.0
137,1891,0.0
138,1891,2.0
139,1891,1.0
140,1891,0.0
141,1891,2.0
142,1891,0.0
143,1891,2.0
144,1891,7.0
145,1891,0.0
146,1891,1.0
147,1891,5.0
148,1891,3.0
149,1891,0.0
150,1891,28.0
151,1891,12.0
152,1891,1.0
153,1891,0.0
154,1891,0.0
155,1891,2.0
156,1891,0.0
157,1891,0.0
158,1891,1.0
159,1891,1.0
160,1891,3.0
161,1891,0.0
162,1891,27.0
163,1891,15.0
164,1891,4.0
165,1891,0.0
166,1891,4.0
167,1891,14.0
168,1891,9.0
169,1891,14.0
170,1891,1.0
171,1891,4.0
172,1891,0.0
173,1891,0.0
174,1891,0.0
175,1891,1.0
176,1891,1.0
177,1891,1.0
178,1891,0.0
179,1891,1.0
180,1891,1.0
181,1891,0.0
182,1891,3.0
183,1891,1.0
184,1891,0.0
185,1891,1.0
186,1891,0.0
187,1891,0.0
188,1891,8.0
189,1891,0.0
190,1891,0.0
191,1891,4.0
192,1891,0.0
193,1891,2.0
194,1891,0.0
195,1891,0.0
196,1891,0.0
197,1891,0.0
198,1891,1.0
199,1891,0.0
0,1892,2.0
1,1892,1.0
2,1892,0.0
3,1892,3.0
4,1892,1.0
5,1892,1.0
6,1892,1.0
7,1892,2.0
8,1892,0.0
9,1892,4.0
10,1892,0.0
11,1892,0.0
12,1892,0.0
13,1892,3.0
14,1892,1.0
15,1892,2.0
16,1892,2.0
17,1892,1.0
18,1892,2.0
19,1892,1.0
20,1892,3.0
21,1892,0.0
22,1892,2.0
23,1892,2.0
24,1892,0.0
25,1892,0.0
26,1892,0.0
27,1892,0.0
28,1892,0.0
29,1892,0.0
30,1892,1.0
31,1892,2.0
32,1892,0.0
33,1892,0.0
34,1892,1.0
35,1892,14.0
36,1892,0.0
37,1892,6.0
38,1892,0.0
39,1892,1.0
40,1892,2.0
41,1892,0.0
42,1892,1.0
43,1892,0.0
44,1892,2.0
45,1892,0.0
46,1892,1.0
47,1892,2.0
48,1892,3.0
49,1892,2.0
50,1892,0.0
51,1892,5.0
52,1892,0.0
53,1892,126.0
54,1892,1.0
55,1892,0.0
56,1892,0.0
57,1892,0.0
58,1892,0.0
59,1892,0.0
60,1892,0.0
61,1892,38.0
62,1892,5.0
63,1892,3.0
64,1892,4.0
65,1892,0.0
66,1892,10.0
67,1892,6.0
68,1892,4.0
69,1892,0.0
70,1892,3.0
71,1892,8.0
72,1892,37.0
73,1892,1.0
74,1892,2.0
75,1892,1.0
76,1892,2.0
77,1892,1.0
78,1892,2.0
79,1892,1.0
80,1892,0.0
81,1892,1.0
82,1892,7.0
83,1892,0.0
84,1892,5.0
85,1892,54.0
86,1892,13.0
87,1892,1.0
88,1892,3.0
89,1892,0.0
90,1892,0.0
91,1892,4.0
92,1892,10.0
93,1892,0.0
94,1892,3.0
95,1892,3.0
96,1892,13.0
97,1892,0.0
98,1892,14.0
99,1892,0.0
100,1892,1.0
101,1892,0.0
102,1892,1.0
103,1892,3.0
104,1892,6.0
105,1892,6.0
106,1892,16.0
107,1892,0.0
108,1892,3.0
109,1892,3.0
110,1892,7.0
111,1892,8.0
112,1892,2.0
113,1892,5.0
114,1892,0.0
115,1892,1.0
116,1892,1.0
117,1892,1.0
118,1892,0.0
119,1892,5.0
120,1892,0.0
121,1892,1.0
122,1892,2.0
123,1892,0.0
124,1892,3.0
125,1892,0.0
126,1892,0.0
127,1892,5.0
128,1892,0.0
129,1892,2.0
130,1892,9.0
131,1892,1.0
132,1892,3.0
133,1892,0.0
134,1892,1.0
135,1892,0.0
136,1892,0.0
137,1892,2.0
138,1892,5.0
139,1892,3.0
140,1892,2.0
141,1892,0.0
142,1892,0.0
143,1892,0.0
144,1892,6.0
145,1892,2.0
146,1892,0.0
147,1892,6.0
148,1892,0.0
149,1892,1.0
150,1892,29.0
151,1892,14.0
152,1892,2.0
153,1892,0.0
154,1892,2.0
155,1892,2.0
156,1892,1.0
157,1892,1.0
158,1892,1.0
159,1892,5.0
160,1892,7.0
161,1892,0.0
162,1892,25.0
163,1892,19.0
164,1892,6.0
165,1892,0.0
166,1892,5.0
167,1892,13.0
168,1892,1.0
169,1892,22.0
170,1892,0.0
171,1892,7.0
172,1892,0.0
173,1892,0.0
174,1892,0.0
175,1892,3.0
176,1892,2.0
177,1892,0.0
178,1892,1.0
179,1892,0.0
180,1892,0.0
181,1892,0.0
182,1892,4.0
183,1892,0.0
184,1892,1.0
185,1892,1.0
186,1892,0.0
187,1892,0.0
188,1892,6.0
189,1892,0.0
190,1892,0.0
191,1892,0.0
192,1892,0.0
193,1892,3.0
194,1892,0.0
195,1892,0.0
196,1892,0.0
197,1892,0.0
198,1892,2.0
199,1892,0.0
0,1893,0.0
1,1893,1.0
2,1893,0.0
3,1893,1.0
4,1893,0.0
5,1893,2.0
6,1893,3.0
7,1893,0.0
8,1893,0.0
9,1893,7.0
10,1893,0.0
11,1893,0.0
12,1893,1.0
13,1893,0.0
14,1893,0.0
15,1893,4.0
16,1893,1.0
17,1893,0.0
18,1893,0.0
19,1893,1.0
20,1893,0.0
21,1893,1.0
22,1893,0.0
23,1893,0.0
24,1893,2.0
25,1893,0.0
26,1893,0.0
27,1893,0.0
28,1893,0.0
29,1893,1.0
30,1893,4.0
31,1893,2.0
32,1893,1.0
33,1893,3.0
34,1893,3.0
35,1893,6.0
36,1893,0.0
37,1893,8.0
38,1893,0.0
39,1893,4.0
40,1893,0.0
41,1893,3.0
42,1893,0.0
43,1893,0.0
44,1893,0.0
45,1893,3.0
46,1893,0.0
47,1893,0.0
48,1893,1.0
49,1893,0.0
50,1893,0.0
51,1893,3.0
52,1893,2.0
53,1893,24.0
54,1893,0.0
55,1893,0.0
56,1893,0.0
57,1893,0.0
58,1893,0.0
59,1893,0.0
60,1893,0.0
61,1893,14.0
62,1893,0.0
63,1893,0.0
64,1893,1.0
65,1893,0.0
66,1893,2.0
67,1893,3.0
68,1893,2.0
69,1893,0.0
70,1893,0.0
71,1893,3.0
72,1893,37.0
73,1893,0.0
74,1893,0.0
75,1893,0.0
76,1893,1.0
77,1893,2.0
78,1893,0.0
79,1893,1.0
80,1893,0.0
81,1893,1.0
82,1893,2.0
83,1893,0.0
84,1893,4.0
85,1893,30.0
86,1893,5.0
87,1893,1.0
88,1893,1.0
89,1893,0.0
90,1893,1.0
91,1893,5.0
92,1893,10.0
93,1893,2.0
94,1893,0.0
95,1893,12.0
96,1893,10.0
97,1893,0.0
98,1893,2.0
99,1893,0.0
100,1893,0.0
101,1893,0.0
102,1893,1.0
103,1893,7.0
104,1893,3.0
105,1893,2.0
106,1893,17.0
107,1893,0.0
108,1893,1.0
109,1893,5.0
110,1893,4.0
111,1893,1.0
112,1893,2.0
113,1893,6.0
114,1893,0.0
115,1893,0.0
116,1893,0.0
117,1893,0.0
118,1893,0.0
119,1893,4.0
120,1893,2.0
121,1893,2.0
122,1893,3.0
123,1893,0.0
124,1893,1.0
125,1893,0.0
126,1893,0.0
127,1893,6.0
128,1893,5.0
129,1893,1.0
130,1893,2.0
131,1893,0.0
132,1893,0.0
133,1893,0.0
134,1893,0.0
135,1893,0.0
136,1893,2.0
137,1893,1.0
138,1893,0.0
139,1893,1.0
140,1893,0.0
141,1893,2.0
142,1893,0.0
143,1893,0.0
144,1893,4.0
145,1893,7.0
146,1893,1.0
147,1893,2.0
148,1893,0.0
149,1893,1.0
150,1893,5.0
151,1893,7.0
152,1893,2.0
153,1893,0.0
154,1893,0.0
155,1893,0.0
156,1893,0.0
157,1893,2.0
158,1893,3.0
159,1893,2.0
160,1893,6.0
161,1893,0.0
162,1893,20.0
163,1893,11.0
164,1893,0.0
165,1893,0.0
166,1893,4.0
167,1893,12.0
168,1893,3.0
169,1893,82.0
170,1893,0.0
171,1893,2.0
172,1893,2.0
173,1893,2.0
174,1893,0.0
175,1893,0.0
176,1893,1.0
177,1893,0.0
178,1893,0.0
179,1893,0.0
180,1893,1.0
181,1893,0.0
182,1893,1.0
183,1893,0.0
184,1893,0.0
185,1893,0.0
186,1893,0.0
187,1893,1.0
188,1893,0.0
189,1893,2.0
190,1893,0.0
191,1893,0.0
192,1893,0.0
193,1893,1.0
194,1893,0.0
195,1893,1.0
196,1893,0.0
197,1893,0.0
198,1893,0.0
199,1893,0.0
0,1894,1.0
1,1894,0.0
2,1894,0.0
3,1894,1.0
4,1894,1.0
5,1894,0.0
6,1894,5.0
7,1894,1.0
8,1894,0.0
9,1894,3.0
10,1894,0.0
11,1894,0.0
12,1894,3.0
13,1894,0.0
14,1894,1.0
15,1894,3.0
16,1894,1.0
17,1894,1.0
18,1894,1.0
19,1894,0.0
20,1894,3.0
21,1894,0.0
22,1894,0.0
23,1894,0.0
24,1894,0.0
25,1894,0.0
26,1894,0.0
27,1894,0.0
28,1894,2.0
29,1894,1.0
30,1894,6.0
31,1894,3.0
32,1894,0.0
33,1894,22.0
34,1894,6.0
35,1894,3.0
36,1894,0.0
37,1894,1.0
38,1894,0.0
39,1894,0.0
40,1894,2.0
41,1894,4.0
42,1894,0.0
43,1894,0.0
44,1894,1.0
45,1894,0.0
46,1894,1.0
47,1894,3.0
48,1894,1.0
49,1894,0.0
50,1894,0.0
51,1894,4.0
52,1894,1.0
53,1894,0.0
54,1894,0.0
55,1894,2.0
56,1894,0.0
57,1894,0.0
58,1894,1.0
59,1894,0.0
60,1894,0.0
61,1894,23.0
62,1894,2.0
63,1894,0.0
64,1894,2.0
65,1894,3.0
66,1894,3.0
67,1894,2.0
68,1894,0.0
69,1894,0.0
70,1894,0.0
71,1894,1.0
72,1894,19.0
73,1894,1.0
74,1894,0.0
75,1894,1.0
76,1894,4.0
77,1894,2.0
78,1894,1.0
79,1894,3.0
80,1894,0.0
81,1894,0.0
82,1894,10.0
83,1894,0.0
84,1894,8.0
85,1894,37.0
86,1894,5.0
87,1894,0.0
88,1894,2.0
89,1894,0.0
90,1894,0.0
91,1894,5.0
92,1894,9.0
93,1894,0.0
94,1894,1.0
95,1894,8.0
96,1894,9.0
97,1894,0.0
98,1894,2.0
99,1894,0.0
100,1894,5.0
101,1894,0.0
102,1894,1.0
103,1894,1.0
104,1894,4.0
105,1894,2.0
106,1894,12.0
107,1894,0.0
108,1894,3.0
109,1894,4.0
110,1894,2.0
111,1894,4.0
112,1894,1.0
113,1894,2.0
114,1894,8.0
115,1894,1.0
116,1894,0.0
117,1894,2.0
118,1894,1.0
119,1894,2.0
120,1894,0.0
121,1894,0.0
122,1894,4.0
123,1894,0.0
124,1894,2.0
125,1894,2.0
126,1894,0.0
127,1894,2.0
128,1894,1.0
129,1894,5.0
130,1894,3.0
131,1894,2.0
132,1894,1.0
133,1894,0.0
134,1894,0.0
135,1894,0.0
136,1894,2.0
137,1894,2.0
138,1894,1.0
139,1894,0.0
140,1894,0.0
141,1894,2.0
142,1894,0.0
143,1894,0.0
144,1894,4.0
145,1894,4.0
146,1894,1.0
147,1894,1.0
148,1894,1.0
149,1894,2.0
150,1894,12.0
151,1894,5.0
152,1894,0.0
153,1894,0.0
154,1894,0.0
155,1894,0.0
156,1894,1.0
157,1894,1.0
158,1894,0.0
159,1894,5.0
160,1894,9.0
161,1894,0.0
162,1894,11.0
163,1894,4.0
164,1894,2.0
165,1894,0.0
166,1894,2.0
167,1894,8.0
168,1894,6.0
169,1894,2.0
170,1894,2.0
171,1894,7.0
172,1894,4.0
173,1894,1.0
174,1894,0.0
175,1894,1.0
176,1894,0.0
177,1894,2.0
178,1894,0.0
179,1894,0.0
180,1894,2.0
181,1894,0.0
182,1894,3.0
183,1894,0.0
184,1894,3.0
185,1894,0.0
186,1894,0.0
187,1894,0.0
188,1894,6.0
189,1894,1.0
190,1894,0.0
191,1894,0.0
192,1894,0.0
193,1894,1.0
194,1894,1.0
195,1894,1.0
196,1894,0.0
197,1894,0.0
198,1894,0.0
199,1894,0.0
0,1895,0.0
1,1895,0.0
2,1895,0.0
3,1895,1.0
4,1895,0.0
5,1895,0.0
6,1895,4.0
7,1895,0.0
8,1895,0.0
9,1895,5.0
10,1895,0.0
11,1895,1.0
12,1895,0.0
13,1895,4.0
14,1895,2.0
15,1895,8.0
16,1895,2.0
17,1895,2.0
18,1895,3.0
19,1895,1.0
20,1895,0.0
21,1895,0.0
22,1895,2.0
23,1895,0.0
24,1895,2.0
25,1895,0.0
26,1895,0.0
27,1895,0.0
28,1895,2.0
29,1895,1.0
30,1895,4.0
31,1895,1.0
32,1895,0.0
33,1895,0.0
34,1895,3.0
35,1895,3.0
36,1895,0.0
37,1895,1.0
38,1895,0.0
39,1895,1.0
40,1895,1.0
41,1895,2.0
42,1895,1.0
43,1895,0.0
44,1895,0.0
45,1895,0.0
46,1895,0.0
47,1895,0.0
48,1895,1.0
49,1895,0.0
50,1895,2.0
51,1895,3.0
52,1895,2.0
53,1895,0.0
54,1895,0.0
55,1895,1.0
56,1895,0.0
57,1895,0.0
58,1895,1.0
59,1895,0.0
60,1895,0.0
61,1895,17.0
62,1895,3.0
63,1895,2.0
64,1895,1.0
65,1895,0.0
66,1895,4.0
67,1895,7.0
68,1895,1.0
69,1895,2.0
70,1895,0.0
71,1895,3.0
72,1895,25.0
73,1895,1.0
74,1895,0.0
75,1895,2.0
76,1895,2.0
77,1895,9.0
78,1895,1.0
79,1895,2.0
80,1895,0.0
81,1895,1.0
82,1895,3.0
83,1895,0.0
84,1895,7.0
85,1895,27.0
86,1895,7.0
87,1895,1.0
88,1895,3.0
89,1895,2.0
90,1895,0.0
91,1895,1.0
92,1895,18.0
93,1895,1.0
94,1895,2.0
95,1895,13.0
96,1895,6.0
97,1895,0.0
98,1895,1.0
99,1895,0.0
100,1895,2.0
101,1895,2.0
102,1895,2.0
103,1895,3.0
104,1895,3.0
105,1895,3.0
106,1895,5.0
107,1895,0.0
108,1895,1.0
109,1895,5.0
110,1895,7.0
111,1895,2.0
112,1895,2.0
113,1895,2.0
114,1895,1.0
115,1895,0.0
116,1895,3.0
117,1895,1.0
118,1895,0.0
119,1895,4.0
120,1895,0.0
121,1895,1.0
122,1895,0.0
123,1895,0.0
124,1895,0.0
125,1895,5.0
126,1895,0.0
127,1895,0.0
128,1895,2.0
129,1895,0.0
130,1895,4.0
131,1895,0.0
132,1895,0.0
133,1895,0.0
134,1895,0.0
135,1895,0.0
136,1895,1.0
137,1895,1.0
138,1895,0.0
139,1895,2.0
140,1895,1.0
141,1895,3.0
142,1895,0.0
143,1895,0.0
144,1895,6.0
145,1895,0.0
146,1895,4.0
147,1895,0.0
148,1895,1.0
149,1895,1.0
150,1895,5.0
151,1895,6.0
152,1895,0.0
153,1895,0.0
154,1895,12.0
155,1895,0.0
156,1895,0.0
157,1895,0.0
158,1895,2.0
159,1895,1.0
160,1895,5.0
161,1895,0.0
162,1895,10.0
163,1895,17.0
164,1895,3.0
165,1895,0.0
166,1895,3.0
167,1895,15.0
168,1895,6.0
169,1895,5.0
170,1895,1.0
171,1895,26.0
172,1895,0.0
173,1895,3.0
174,1895,0.0
175,1895,0.0
176,1895,1.0
177,1895,0.0
178,1895,0.0
179,1895,1.0
180,1895,1.0
181,1895,0.0
182,1895,2.0
183,1895,0.0
184,1895,0.0
185,1895,0.0
186,1895,0.0
187,1895,1.0
188,1895,6.0
189,1895,0.0
190,1895,0.0
191,1895,0.0
192,1895,0.0
193,1895,1.0
194,1895,0.0
195,1895,2.0
196,1895,0.0
197,1895,0.0
198,1895,0.0
199,1895,0.0
0,1896,1.0
1,1896,1.0
2,1896,0.0
3,1896,0.0
4,1896,0.0
5,1896,0.0
6,1896,3.0
7,1896,2.0
8,1896,0.0
9,1896,13.0
10,1896,0.0
11,1896,0.0
12,1896,1.0
13,1896,3.0
14,1896,0.0
15,1896,8.0
16,1896,2.0
17,1896,0.0
18,1896,2.0
19,1896,2.0
20,1896,0.0
21,1896,0.0
22,1896,0.0
23,1896,2.0
24,1896,2.0
25,1896,0.0
26,1896,0.0
27,1896,1.0
28,1896,1.0
29,1896,0.0
30,1896,3.0
31,1896,0.0
32,1896,0.0
33,1896,0.0
34,1896,2.0
35,1896,3.0
36,1896,0.0
37,1896,6.0
38,1896,0.0
39,1896,1.0
40,1896,1.0
41,1896,5.0
42,1896,5.0
43,1896,0.0
44,1896,1.0
45,1896,1.0
46,1896,0.0
47,1896,0.0
48,1896,1.0
49,1896,0.0
50,1896,0.0
51,1896,4.0
52,1896,0.0
53,1896,0.0
54,1896,0.0
55,1896,0.0
56,1896,1.0
57,1896,1.0
58,1896,4.0
59,1896,0.0
60,1896,0.0
61,1896,17.0
62,1896,4.0
63,1896,0.0
64,1896,1.0
65,1896,0.0
66,1896,4.0
67,1896,2.0
68,1896,4.0
69,1896,0.0
70,1896,2.0
71,1896,0.0
72,1896,10.0
73,1896,0.0
74,1896,0.0
75,1896,1.0
76,1896,0.0
77,1896,4.0
78,1896,1.0
79,1896,0.0
80,1896,0.0
81,1896,0.0
82,1896,3.0
83,1896,0.0
84,1896,7.0
85,1896,35.0
86,1896,9.0
87,1896,0.0
88,1896,1.0
89,1896,0.0
90,1896,0.0
91,1896,7.0
92,1896,11.0
93,1896,0.0
94,1896,3.0
95,1896,10.0
96,1896,13.0
97,1896,0.0
98,1896,3.0
99,1896,0.0
100,1896,2.0
101,1896,2.0
102,1896,0.0
103,1896,0.0
104,1896,0.0
105,1896,0.0
106,1896,7.0
107,1896,0.0
108,1896,2.0
109,1896,3.0
110,1896,3.0
111,1896,1.0
112,1896,1.0
113,1896,0.0
114,1896,1.0
115,1896,0.0
116,1896,2.0
117,1896,0.0
118,1896,0.0
119,1896,1.0
120,1896,0.0
121,1896,1.0
122,1896,2.0
123,1896,0.0
124,1896,1.0
125,1896,1.0
126,1896,0.0
127,1896,0.0
128,1896,1.0
129,1896,1.0
130,1896,4.0
131,1896,0.0
132,1896,0.0
133,1896,0.0
134,1896,0.0
135,1896,0.0
136,1896,1.0
137,1896,0.0
138,1896,0.0
139,1896,1.0
140,1896,1.0
141,1896,0.0
142,1896,0.0
143,1896,3.0
144,1896,1.0
145,1896,6.0
146,1896,3.0
147,1896,2.0
148,1896,0.0
149,1896,0.0
150,1896,12.0
151,1896,5.0
152,1896,0.0
153,1896,2.0
154,1896,0.0
155,1896,1.0
156,1896,0.0
157,1896,1.0
158,1896,4.0
159,1896,2.0
160,1896,4.0
161,1896,0.0
162,1896,14.0
163,1896,8.0
164,1896,6.0
165,1896,0.0
166,1896,6.0
167,1896,3.0
168,1896,1.0
169,1896,16.0
170,1896,0.0
171,1896,1.0
172,1896,1.0
173,1896,1.0
174,1896,0.0
175,1896,0.0
176,1896,1.0
177,1896,0.0
178,1896,1.0
179,1896,0.0
180,1896,2.0
181,1896,0.0
182,1896,2.0
183,1896,0.0
184,1896,0.0
185,1896,2.0
186,1896,0.0
187,1896,1.0
188,1896,5.0
189,1896,0.0
190,1896,0.0
191,1896,0.0
192,1896,0.0
193,1896,3.0
194,1896,0.0
195,1896,1.0
196,1896,0.0
197,1896,0.0
198,1896,2.0
199,1896,1.0
0,1897,0.0
1,1897,1.0
2,1897,0.0
3,1897,2.0
4,1897,0.0
5,1897,0.0
6,1897,2.0
7,1897,0.0
8,1897,0.0
9,1897,2.0
10,1897,0.0
11,1897,0.0
12,1897,1.0
13,1897,1.0
14,1897,2.0
15,1897,7.0
16,1897,0.0
17,1897,1.0
18,1897,1.0
19,1897,0.0
20,1897,0.0
21,1897,0.0
22,1897,6.0
23,1897,1.0
24,1897,2.0
25,1897,0.0
26,1897,1.0
27,1897,0.0
28,1897,3.0
29,1897,0.0
30,1897,1.0
31,1897,2.0
32,1897,0.0
33,1897,0.0
34,1897,0.0
35,1897,12.0
36,1897,0.0
37,1897,6.0
38,1897,1.0
39,1897,1.0
40,1897,0.0
41,1897,0.0
42,1897,0.0
43,1897,0.0
44,1897,0.0
45,1897,0.0
46,1897,0.0
47,1897,1.0
48,1897,0.0
49,1897,0.0
50,1897,2.0
51,1897,7.0
52,1897,1.0
53,1897,58.0
54,1897,0.0
55,1897,0.0
56,1897,0.0
57,1897,0.0
58,1897,0.0
59,1897,0.0
60,1897,0.0
61,1897,21.0
62,1897,4.0
63,1897,1.0
64,1897,2.0
65,1897,1.0
66,1897,6.0
67,1897,6.0
68,1897,2.0
69,1897,1.0
70,1897,1.0
71,1897,2.0
72,1897,34.0
73,1897,1.0
74,1897,0.0
75,1897,2.0
76,1897,0.0
77,1897,8.0
78,1897,2.0
79,1897,1.0
80,1897,0.0
81,1897,1.0
82,1897,3.0
83,1897,0.0
84,1897,4.0
85,1897,41.0
86,1897,7.0
87,1897,0.0
88,1897,4.0
89,1897,1.0
90,1897,1.0
91,1897,2.0
92,1897,5.0
93,1897,0.0
94,1897,0.0
95,1897,15.0
96,1897,18.0
97,1897,1.0
98,1897,11.0
99,1897,0.0
100,1897,1.0
101,1897,0.0
102,1897,0.0
103,1897,2.0
104,1897,0.0
105,1897,2.0
106,1897,9.0
107,1897,0.0
108,1897,4.0
109,1897,6.0
110,1897,12.0
111,1897,4.0
112,1897,0.0
113,1897,1.0
114,1897,3.0
115,1897,1.0
116,1897,0.0
117,1897,1.0
118,1897,1.0
119,1897,2.0
120,1897,0.0
121,1897,3.0
122,1897,2.0
123,1897,2.0
124,1897,1.0
125,1897,1.0
126,1897,0.0
127,1897,1.0
128,1897,0.0
129,1897,1.0
130,1897,5.0
131,1897,1.0
132,1897,6.0
133,1897,1.0
134,1897,1.0
135,1897,0.0
136,1897,0.0
137,1897,1.0
138,1897,0.0
139,1897,0.0
140,1897,0.0
141,1897,0.0
142,1897,0.0
143,1897,2.0
144,1897,4.0
145,1897,0.0
146,1897,0.0
147,1897,2.0
148,1897,0.0
149,1897,1.0
150,1897,20.0
151,1897,5.0
152,1897,0.0
153,1897,0.0
154,1897,0.0
155,1897,0.0
156,1897,0.0
157,1897,1.0
158,1897,2.0
159,1897,4.0
160,1897,6.0
161,1897,0.0
162,1897,30.0
163,1897,15.0
164,1897,3.0
165,1897,0.0
166,1897,1.0
167,1897,8.0
168,1897,3.0
169,1897,7.0
170,1897,1.0
171,1897,1.0
172,1897,0.0
173,1897,2.0
174,1897,0.0
175,1897,0.0
176,1897,1.0
177,1897,0.0
178,1897,1.0
179,1897,0.0
180,1897,1.0
181,1897,0.0
182,1897,2.0
183,1897,0.0
184,1897,0.0
185,1897,0.0
186,1897,0.0
187,1897,0.0
188,1897,9.0
189,1897,0.0
190,1897,0.0
191,1897,0.0
192,1897,0.0
193,1897,1.0
194,1897,0.0
195,1897,0.0
196,1897,0.0
197,1897,0.0
198,1897,1.0
199,1897,0.0
0,1898,1.0
1,1898,1.0
2,1898,0.0
3,1898,0.0
4,1898,0.0
5,1898,0.0
6,1898,1.0
7,1898,3.0
8,1898,0.0
9,1898,1.0
10,1898,0.0
11,1898,0.0
12,1898,1.0
13,1898,1.0
14,1898,1.0
15,1898,2.0
16,1898,0.0
17,1898,0.0
18,1898,0.0
19,1898,2.0
20,1898,0.0
21,1898,0.0
22,1898,0.0
23,1898,1.0
24,1898,3.0
25,1898,1.0
26,1898,2.0
27,1898,0.0
28,1898,1.0
29,1898,0.0
30,1898,2.0
31,1898,0.0
32,1898,1.0
33,1898,0.0
34,1898,4.0
35,1898,13.0
36,1898,0.0
37,1898,2.0
38,1898,1.0
39,1898,0.0
40,1898,0.0
41,1898,3.0
42,1898,2.0
43,1898,0.0
44,1898,0.0
45,1898,1.0
46,1898,1.0
47,1898,5.0
48,1898,0.0
49,1898,1.0
50,1898,0.0
51,1898,2.0
52,1898,1.0
53,1898,55.0
54,1898,0.0
55,1898,2.0
56,1898,2.0
57,1898,0.0
58,1898,1.0
59,1898,0.0
60,1898,3.0
61,1898,39.0
62,1898,3.0
63,1898,0.0
64,1898,2.0
65,1898,1.0
66,1898,1.0
67,1898,5.0
68,1898,0.0
69,1898,0.0
70,1898,0.0
71,1898,2.0
72,1898,29.0
73,1898,0.0
74,1898,0.0
75,1898,3.0
76,1898,3.0
77,1898,5.0
78,1898,2.0
79,1898,2.0
80,1898,0.0
81,1898,1.0
82,1898,4.0
83,1898,0.0
84,1898,3.0
85,1898,60.0
86,1898,7.0
87,1898,0.0
88,1898,3.0
89,1898,0.0
90,1898,0.0
91,1898,8.0
92,1898,7.0
93,1898,0.0
94,1898,2.0
95,1898,10.0
96,1898,6.0
97,1898,0.0
98,1898,5.0
99,1898,2.0
100,1898,1.0
101,1898,1.0
102,1898,1.0
103,1898,4.0
104,1898,2.0
105,1898,5.0
106,1898,20.0
107,1898,0.0
108,1898,3.0
109,1898,12.0
110,1898,14.0
111,1898,1.0
112,1898,1.0
113,1898,1.0
114,1898,0.0
115,1898,0.0
116,1898,3.0
117,1898,1.0
118,1898,0.0
119,1898,2.0
120,1898,0.0
121,1898,4.0
122,1898,3.0
123,1898,0.0
124,1898,2.0
125,1898,3.0
126,1898,0.0
127,1898,5.0
128,1898,4.0
129,1898,6.0
130,1898,6.0
131,1898,1.0
132,1898,1.0
133,1898,0.0
134,1898,1.0
135,1898,0.0
136,1898,0.0
137,1898,2.0
138,1898,2.0
139,1898,0.0
140,1898,0.0
141,1898,4.0
142,1898,0.0
143,1898,1.0
144,1898,1.0
145,1898,4.0
146,1898,1.0
147,1898,3.0
148,1898,1.0
149,1898,4.0
150,1898,35.0
151,1898,12.0
152,1898,0.0
153,1898,1.0
154,1898,0.0
155,1898,1.0
156,1898,1.0
157,1898,3.0
158,1898,0.0
159,1898,5.0
160,1898,6.0
161,1898,0.0
162,1898,16.0
163,1898,14.0
164,1898,7.0
165,1898,0.0
166,1898,0.0
167,1898,9.0
168,1898,3.0
169,1898,4.0
170,1898,1.0
171,1898,1.0
172,1898,0.0
173,1898,2.0
174,1898,0.0
175,1898,1.0
176,1898,0.0
177,1898,1.0
178,1898,0.0
179,1898,0.0
180,1898,1.0
181,1898,0.0
182,1898,4.0
183,1898,1.0
184,1898,0.0
185,1898,0.0
186,1898,2.0
187,1898,1.0
188,1898,6.0
189,1898,0.0
190,1898,0.0
191,1898,0.0
192,1898,3.0
193,1898,2.0
194,1898,0.0
195,1898,0.0
196,1898,0.0
197,1898,0.0
198,1898,0.0
199,1898,0.0
0,1899,0.0
1,1899,2.0
2,1899,0.0
3,1899,0.0
4,1899,3.0
5,1899,2.0
6,1899,1.0
7,1899,3.0
8,1899,0.0
9,1899,9.0
10,1899,0.0
11,1899,0.0
12,1899,1.0
13,1899,1.0
14,1899,3.0
15,1899,0.0
16,1899,0.0
17,1899,0.0
18,1899,2.0
19,1899,2.0
20,1899,1.0
21,1899,0.0
22,1899,0.0
23,1899,0.0
24,1899,0.0
25,1899,1.0
26,1899,2.0
27,1899,0.0
28,1899,1.0
29,1899,1.0
30,1899,8.0
31,1899,0.0
32,1899,3.0
33,1899,5.0
34,1899,0.0
35,1899,14.0
36,1899,0.0
37,1899,1.0
38,1899,1.0
39,1899,4.0
40,1899,0.0
41,1899,5.0
42,1899,0.0
43,1899,0.0
44,1899,0.0
45,1899,1.0
46,1899,0.0
47,1899,1.0
48,1899,2.0
49,1899,0.0
50,1899,0.0
51,1899,6.0
52,1899,1.0
53,1899,0.0
54,1899,0.0
55,1899,0.0
56,1899,1.0
57,1899,0.0
58,1899,1.0
59,1899,0.0
60,1899,1.0
61,1899,42.0
62,1899,5.0
63,1899,1.0
64,1899,2.0
65,1899,0.0
66,1899,6.0
67,1899,3.0
68,1899,2.0
69,1899,0.0
70,1899,5.0
71,1899,8.0
72,1899,50.0
73,1899,0.0
74,1899,0.0
75,1899,3.0
76,1899,4.0
77,1899,4.0
78,1899,3.0
79,1899,0.0
80,1899,0.0
81,1899,4.0
82,1899,3.0
83,1899,0.0
84,1899,2.0
85,1899,48.0
86,1899,12.0
87,1899,0.0
88,1899,2.0
89,1899,1.0
90,1899,0.0
91,1899,6.0
92,1899,14.0
93,1899,0.0
94,1899,5.0
95,1899,13.0
96,1899,11.0
97,1899,0.0
98,1899,8.0
99,1899,0.0
100,1899,0.0
101,1899,0.0
102,1899,0.0
103,1899,2.0
104,1899,0.0
105,1899,1.0
106,1899,21.0
107,1899,0.0
108,1899,4.0
109,1899,1.0
110,1899,10.0
111,1899,1.0
112,1899,0.0
113,1899,2.0
114,1899,4.0
115,1899,1.0
116,1899,0.0
117,1899,1.0
118,1899,4.0
119,1899,4.0
120,1899,1.0
121,1899,3.0
122,1899,5.0
123,1899,3.0
124,1899,1.0
125,1899,0.0
126,1899,0.0
127,1899,2.0
128,1899,0.0
129,1899,1.0
130,1899,1.0
131,1899,1.0
132,1899,0.0
133,1899,0.0
134,1899,0.0
135,1899,0.0
136,1899,1.0
137,1899,3.0
138,1899,7.0
139,1899,0.0
140,1899,1.0
141,1899,2.0
142,1899,0.0
143,1899,0.0
144,1899,1.0
145,1899,7.0
146,1899,1.0
147,1899,19.0
148,1899,3.0
149,1899,3.0
150,1899,11.0
151,1899,9.0
152,1899,1.0
153,1899,0.0
154,1899,0.0
155,1899,0.0
156,1899,0.0
157,1899,2.0
158,1899,3.0
159,1899,4.0
160,1899,4.0
161,1899,0.0
162,1899,16.0
163,1899,11.0
164,1899,2.0
165,1899,0.0
166,1899,4.0
167,1899,8.0
168,1899,4.0
169,1899,19.0
170,1899,1.0
171,1899,5.0
172,1899,0.0
173,1899,0.0
174,1899,0.0
175,1899,0.0
176,1899,0.0
177,1899,1.0
178,1899,0.0
179,1899,0.0
180,1899,1.0
181,1899,0.0
182,1899,5.0
183,1899,0.0
184,1899,4.0
185,1899,0.0
186,1899,0.0
187,1899,1.0
188,1899,4.0
189,1899,0.0
190,1899,0.0
191,1899,0.0
192,1899,0.0
193,1899,1.0
194,1899,0.0
195,1899,3.0
196,1899,0.0
197,1899,0.0
198,1899,0.0
199,1899,0.0
0,1900,1.0
1,1900,0.0
2,1900,0.0
3,1900,0.0
4,1900,2.0
5,1900,1.0
6,1900,2.0
7,1900,0.0
8,1900,0.0
9,1900,2.0
10,1900,0.0
11,1900,0.0
12,1900,1.0
13,1900,1.0
14,1900,0.0
15,1900,0.0
16,1900,1.0
17,1900,1.0
18,1900,0.0
19,1900,0.0
20,1900,0.0
21,1900,0.0
22,1900,0.0
23,1900,0.0
24,1900,0.0
25,1900,0.0
26,1900,1.0
27,1900,0.0
28,1900,2.0
29,1900,0.0
30,1900,3.0
31,1900,2.0
32,1900,1.0
33,1900,7.0
34,1900,4.0
35,1900,8.0
36,1900,1.0
37,1900,6.0
38,1900,0.0
39,1900,1.0
40,1900,1.0
41,1900,3.0
42,1900,0.0
43,1900,0.0
44,1900,1.0
45,1900,1.0
46,1900,0.0
47,1900,1.0
48,1900,2.0
49,1900,0.0
50,1900,0.0
51,1900,4.0
52,1900,3.0
53,1900,2.0
54,1900,1.0
55,1900,1.0
56,1900,1.0
57,1900,0.0
58,1900,2.0
59,1900,0.0
60,1900,2.0
61,1900,19.0
62,1900,2.0
63,1900,0.0
64,1900,1.0
65,1900,0.0
66,1900,10.0
67,1900,10.0
68,1900,4.0
69,1900,0.0
70,1900,0.0
71,1900,1.0
72,1900,22.0
73,1900,0.0
74,1900,0.0
75,1900,2.0
76,1900,1.0
77,1900,2.0
78,1900,2.0
79,1900,2.0
80,1900,0.0
81,1900,2.0
82,1900,5.0
83,1900,0.0
84,1900,6.0
85,1900,36.0
86,1900,12.0
87,1900,2.0
88,1900,4.0
89,1900,1.0
90,1900,0.0
91,1900,13.0
92,1900,4.0
93,1900,0.0
94,1900,2.0
95,1900,14.0
96,1900,11.0
97,1900,1.0
98,1900,1.0
99,1900,0.0
100,1900,1.0
101,1900,0.0
102,1900,2.0
103,1900,3.0
104,1900,2.0
105,1900,3.0
106,1900,8.0
107,1900,0.0
108,1900,1.0
109,1900,6.0
110,1900,3.0
111,1900,0.0
112,1900,4.0
113,1900,4.0
114,1900,1.0
115,1900,0.0
116,1900,0.0
117,1900,1.0
118,1900,2.0
119,1900,2.0
120,1900,2.0
121,1900,2.0
122,1900,5.0
123,1900,0.0
124,1900,3.0
125,1900,0.0
126,1900,0.0
127,1900,0.0
128,1900,1.0
129,1900,3.0
130,1900,3.0
131,1900,0.0
132,1900,2.0
133,1900,1.0
134,1900,0.0
135,1900,0.0
136,1900,2.0
137,1900,2.0
138,1900,7.0
139,1900,3.0
140,1900,1.0
141,1900,1.0
142,1900,0.0
143,1900,0.0
144,1900,5.0
145,1900,0.0
146,1900,0.0
147,1900,2.0
148,1900,0.0
149,1900,1.0
150,1900,14.0
151,1900,11.0
152,1900,0.0
153,1900,0.0
154,1900,0.0
155,1900,1.0
156,1900,0.0
157,1900,2.0
158,1900,1.0
159,1900,1.0
160,1900,6.0
161,1900,0.0
162,1900,10.0
163,1900,14.0
164,1900,2.0
165,1900,0.0
166,1900,3.0
167,1900,8.0
168,1900,0.0
169,1900,11.0
170,1900,0.0
171,1900,2.0
172,1900,0.0
173,1900,0.0
174,1900,0.0
175,1900,0.0
176,1900,0.0
177,1900,2.0
178,1900,1.0
179,1900,0.0
180,1900,1.0
181,1900,0.0
182,1900,2.0
183,1900,0.0
184,1900,1.0
185,1900,1.0
186,1900,0.0
187,1900,0.0
188,1900,8.0
189,1900,0.0
190,1900,0.0
191,1900,0.0
192,1900,0.0
193,1900,0.0
194,1900,0.0
195,1900,0.0
196,1900,0.0
197,1900,0.0
198,1900,0.0
199,1900,0.0
0,1901,2.0
1,1901,1.0
2,1901,0.0
3,1901,1.0
4,1901,0.0
5,1901,0.0
6,1901,0.0
7,1901,0.0
8,1901,0.0
9,1901,6.0
10,1901,0.0
11,1901,0.0
12,1901,0.0
13,1901,2.0
14,1901,3.0
15,1901,0.0
16,1901,1.0
17,1901,1.0
18,1901,5.0
19,1901,0.0
20,1901,0.0
21,1901,0.0
22,1901,4.0
23,1901,1.0
24,1901,0.0
25,1901,0.0
26,1901,1.0
27,1901,0.0
28,1901,3.0
29,1901,0.0
30,1901,2.0
31,1901,2.0
32,1901,1.0
33,1901,0.0
34,1901,3.0
35,1901,4.0
36,1901,0.0
37,1901,1.0
38,1901,1.0
39,1901,0.0
40,1901,3.0
41,1901,2.0
42,1901,5.0
43,1901,0.0
44,1901,1.0
45,1901,1.0
46,1901,0.0
47,1901,0.0
48,1901,2.0
49,1901,0.0
50,1901,0.0
51,1901,5.0
52,1901,0.0
53,1901,0.0
54,1901,0.0
55,1901,0.0
56,1901,2.0
57,1901,0.0
58,1901,0.0
59,1901,0.0
60,1901,0.0
61,1901,25.0
62,1901,2.0
63,1901,1.0
64,1901,2.0
65,1901,0.0
66,1901,1.0
67,1901,6.0
68,1901,2.0
69,1901,0.0
70,1901,0.0
71,1901,6.0
72,1901,14.0
73,1901,3.0
74,1901,0.0
75,1901,0.0
76,1901,0.0
77,1901,9.0
78,1901,3.0
79,1901,0.0
80,1901,0.0
81,1901,1.0
82,1901,2.0
83,1901,0.0
84,1901,8.0
85,1901,29.0
86,1901,4.0
87,1901,1.0
88,1901,3.0
89,1901,1.0
90,1901,1.0
91,1901,7.0
92,1901,13.0
93,1901,0.0
94,1901,7.0
95,1901,5.0
96,1901,21.0
97,1901,1.0
98,1901,3.0
99,1901,0.0
100,1901,0.0
101,1901,0.0
102,1901,1.0
103,1901,5.0
104,1901,7.0
105,1901,4.0
106,1901,10.0
107,1901,0.0
108,1901,0.0
109,1901,4.0
110,1901,10.0
111,1901,2.0
112,1901,0.0
113,1901,7.0
114,1901,2.0
115,1901,0.0
116,1901,1.0
117,1901,1.0
118,1901,3.0
119,1901,2.0
120,1901,0.0
121,1901,1.0
122,1901,5.0
123,1901,1.0
124,1901,0.0
125,1901,0.0
126,1901,0.0
127,1901,1.0
128,1901,1.0
129,1901,2.0
130,1901,2.0
131,1901,0.0
132,1901,0.0
133,1901,0.0
134,1901,0.0
135,1901,0.0
136,1901,1.0
137,1901,1.0
138,1901,4.0
139,1901,0.0
140,1901,0.0
141,1901,1.0
142,1901,0.0
143,1901,1.0
144,1901,2.0
145,1901,3.0
146,1901,1.0
147,1901,2.0
148,1901,0.0
149,1901,1.0
150,1901,22.0
151,1901,14.0
152,1901,9.0
153,1901,1.0
154,1901,0.0
155,1901,1.0
156,1901,0.0
157,1901,3.0
158,1901,3.0
159,1901,3.0
160,1901,10.0
161,1901,0.0
162,1901,23.0
163,1901,14.0
164,1901,1.0
165,1901,0.0
166,1901,3.0
167,1901,13.0
168,1901,2.0
169,1901,19.0
170,1901,0.0
171,1901,3.0
172,1901,0.0
173,1901,0.0
174,1901,0.0
175,1901,1.0
176,1901,0.0
177,1901,2.0
178,1901,2.0
179,1901,2.0
180,1901,1.0
181,1901,0.0
182,1901,0.0
183,1901,0.0
184,1901,1.0
185,1901,0.0
186,1901,0.0
187,1901,0.0
188,1901,1.0
189,1901,0.0
190,1901,0.0
191,1901,0.0
192,1901,0.0
193,1901,0.0
194,1901,0.0
195,1901,2.0
196,1901,0.0
197,1901,0.0
198,1901,0.0
199,1901,0.0
0,1902,0.0
1,1902,3.0
2,1902,0.0
3,1902,0.0
4,1902,1.0
5,1902,3.0
6,1902,2.0
7,1902,1.0
8,1902,0.0
9,1902,3.0
10,1902,0.0
11,1902,2.0
12,1902,0.0
13,1902,0.0
14,1902,0.0
15,1902,1.0
16,1902,1.0
17,1902,3.0
18,1902,0.0
19,1902,0.0
20,1902,0.0
21,1902,0.0
22,1902,0.0
23,1902,0.0
24,1902,1.0
25,1902,0.0
26,1902,1.0
27,1902,0.0
28,1902,2.0
29,1902,1.0
30,1902,5.0
31,1902,1.0
32,1902,0.0
33,1902,0.0
34,1902,4.0
35,1902,5.0
36,1902,0.0
37,1902,1.0
38,1902,0.0
39,1902,1.0
40,1902,1.0
41,1902,3.0
42,1902,0.0
43,1902,0.0
44,1902,0.0
45,1902,0.0
46,1902,0.0
47,1902,2.0
48,1902,0.0
49,1902,0.0
50,1902,0.0
51,1902,7.0
52,1902,2.0
53,1902,0.0
54,1902,0.0
55,1902,0.0
56,1902,0.0
57,1902,0.0
58,1902,0.0
59,1902,0.0
60,1902,1.0
61,1902,16.0
62,1902,0.0
63,1902,0.0
64,1902,2.0
65,1902,1.0
66,1902,7.0
67,1902,3.0
68,1902,2.0
69,1902,0.0
70,1902,1.0
71,1902,0.0
72,1902,15.0
73,1902,1.0
74,1902,0.0
75,1902,1.0
76,1902,2.0
77,1902,7.0
78,1902,3.0
79,1902,1.0
80,1902,0.0
81,1902,3.0
82,1902,5.0
83,1902,0.0
84,1902,9.0
85,1902,20.0
86,1902,5.0
87,1902,1.0
88,1902,3.0
89,1902,0.0
90,1902,1.0
91,1902,6.0
92,1902,10.0
93,1902,1.0
94,1902,2.0
95,1902,7.0
96,1902,4.0
97,1902,0.0
98,1902,0.0
99,1902,0.0
100,1902,0.0
101,1902,1.0
102,1902,0.0
103,1902,1.0
104,1902,3.0
105,1902,0.0
106,1902,8.0
107,1902,0.0
108,1902,4.0
109,1902,3.0
110,1902,5.0
111,1902,1.0
112,1902,1.0
113,1902,1.0
114,1902,1.0
115,1902,0.0
116,1902,1.0
117,1902,1.0
118,1902,0.0
119,1902,0.0
120,1902,0.0
121,1902,1.0
122,1902,2.0
123,1902,0.0
124,1902,2.0
125,1902,0.0
126,1902,0.0
127,1902,0.0
128,1902,1.0
129,1902,0.0
130,1902,0.0
131,1902,0.0
132,1902,0.0
133,1902,0.0
134,1902,0.0
135,1902,0.0
136,1902,0.0
137,1902,0.0
138,1902,3.0
139,1902,0.0
140,1902,1.0
141,1902,1.0
142,1902,0.0
143,1902,3.0
144,1902,3.0
145,1902,1.0
146,1902,1.0
147,1902,2.0
148,1902,1.0
149,1902,3.0
150,1902,13.0
151,1902,10.0
152,1902,3.0
153,1902,0.0
154,1902,0.0
155,1902,1.0
156,1902,1.0
157,1902,0.0
158,1902,1.0
159,1902,3.0
160,1902,9.0
161,1902,0.0
162,1902,10.0
163,1902,5.0
164,1902,4.0
165,1902,0.0
166,1902,3.0
167,1902,5.0
168,1902,0.0
169,1902,7.0
170,1902,0.0
171,1902,4.0
172,1902,0.0
173,1902,0.0
174,1902,0.0
175,1902,0.0
176,1902,0.0
177,1902,0.0
178,1902,1.0
179,1902,0.0
180,1902,1.0
181,1902,0.0
182,1902,0.0
183,1902,0.0
184,1902,1.0
185,1902,0.0
186,1902,0.0
187,1902,0.0
188,1902,4.0
189,1902,0.0
190,1902,0.0
191,1902,0.0
192,1902,0.0
193,1902,1.0
194,1902,0.0
195,1902,1.0
196,1902,0.0
197,1902,0.0
198,1902,0.0
199,1902,0.0
0,1903,0.0
1,1903,3.0
2,1903,0.0
3,1903,1.0
4,1903,3.0
5,1903,1.0
6,1903,4.0
7,1903,0.0
8,1903,0.0
9,1903,1.0
10,1903,0.0
11,1903,0.0
12,1903,0.0
13,1903,6.0
14,1903,0.0
15,1903,3.0
16,1903,0.0
17,1903,0.0
18,1903,0.0
19,1903,0.0
20,1903,0.0
21,1903,0.0
22,1903,5.0
23,1903,1.0
24,1903,0.0
25,1903,0.0
26,1903,0.0
27,1903,0.0
28,1903,0.0
29,1903,0.0
30,1903,3.0
31,1903,6.0
32,1903,0.0
33,1903,2.0
34,1903,0.0
35,1903,4.0
36,1903,0.0
37,1903,1.0
38,1903,1.0
39,1903,2.0
40,1903,1.0
41,1903,3.0
42,1903,0.0
43,1903,0.0
44,1903,0.0
45,1903,0.0
46,1903,0.0
47,1903,4.0
48,1903,1.0
49,1903,5.0
50,1903,0.0
51,1903,4.0
52,1903,2.0
53,1903,38.0
54,1903,0.0
55,1903,1.0
56,1903,1.0
57,1903,1.0
58,1903,0.0
59,1903,0.0
60,1903,1.0
61,1903,18.0
62,1903,3.0
63,1903,0.0
64,1903,3.0
65,1903,0.0
66,1903,4.0
67,1903,0.0
68,1903,1.0
69,1903,0.0
70,1903,2.0
71,1903,3.0
72,1903,9.0
73,1903,2.0
74,1903,0.0
75,1903,0.0
76,1903,1.0
77,1903,7.0
78,1903,3.0
79,1903,1.0
80,1903,0.0
81,1903,0.0
82,1903,1.0
83,1903,0.0
84,1903,5.0
85,1903,43.0
86,1903,7.0
87,1903,0.0
88,1903,1.0
89,1903,0.0
90,1903,0.0
91,1903,7.0
92,1903,12.0
93,1903,0.0
94,1903,1.0
95,1903,8.0
96,1903,10.0
97,1903,0.0
98,1903,1.0
99,1903,0.0
100,1903,3.0
101,1903,0.0
102,1903,1.0
103,1903,7.0
104,1903,3.0
105,1903,1.0
106,1903,5.0
107,1903,0.0
108,1903,2.0
109,1903,9.0
110,1903,5.0
111,1903,1.0
112,1903,0.0
113,1903,1.0
114,1903,2.0
115,1903,0.0
116,1903,2.0
117,1903,0.0
118,1903,0.0
119,1903,4.0
120,1903,0.0
121,1903,3.0
122,1903,1.0
123,1903,0.0
124,1903,1.0
125,1903,0.0
126,1903,0.0
127,1903,1.0
128,1903,2.0
129,1903,0.0
130,1903,4.0
131,1903,0.0
132,1903,1.0
133,1903,0.0
134,1903,0.0
135,1903,0.0
136,1903,1.0
137,1903,1.0
138,1903,0.0
139,1903,0.0
140,1903,1.0
141,1903,1.0
142,1903,0.0
143,1903,1.0
144,1903,3.0
145,1903,3.0
146,1903,0.0
147,1903,2.0
148,1903,1.0
149,1903,0.0
150,1903,6.0
151,1903,12.0
152,1903,0.0
153,1903,2.0
154,1903,0.0
155,1903,1.0
156,1903,0.0
157,1903,1.0
158,1903,2.0
159,1903,4.0
160,1903,7.0
161,1903,0.0
162,1903,11.0
163,1903,13.0
164,1903,1.0
165,1903,0.0
166,1903,3.0
167,1903,9.0
168,1903,0.0
169,1903,9.0
170,1903,1.0
171,1903,4.0
172,1903,2.0
173,1903,2.0
174,1903,0.0
175,1903,0.0
176,1903,1.0
177,1903,0.0
178,1903,2.0
179,1903,0.0
180,1903,4.0
181,1903,0.0
182,1903,2.0
183,1903,0.0
184,1903,1.0
185,1903,1.0
186,1903,0.0
187,1903,3.0
188,1903,5.0
189,1903,0.0
190,1903,0.0
191,1903,2.0
192,1903,0.0
193,1903,1.0
194,1903,0.0
195,1903,0.0
196,1903,0.0
197,1903,0.0
198,1903,0.0
199,1903,2.0
0,1904,0.0
1,1904,4.0
2,1904,0.0
3,1904,1.0
4,1904,1.0
5,1904,2.0
6,1904,1.0
7,1904,1.0
8,1904,1.0
9,1904,1.0
10,1904,0.0
11,1904,0.0
12,1904,0.0
13,1904,0.0
14,1904,0.0
15,1904,2.0
16,1904,0.0
17,1904,4.0
18,1904,1.0
19,1904,0.0
20,1904,3.0
21,1904,0.0
22,1904,2.0
23,1904,0.0
24,1904,2.0
25,1904,0.0
26,1904,1.0
27,1904,0.0
28,1904,2.0
29,1904,1.0
30,1904,1.0
31,1904,2.0
32,1904,0.0
33,1904,4.0
34,1904,0.0
35,1904,6.0
36,1904,0.0
37,1904,0.0
38,1904,0.0
39,1904,0.0
40,1904,1.0
41,1904,1.0
42,1904,0.0
43,1904,0.0
44,1904,1.0
45,1904,2.0
46,1904,0.0
47,1904,1.0
48,1904,0.0
49,1904,0.0
50,1904,0.0
51,1904,3.0
52,1904,4.0
53,1904,60.0
54,1904,7.0
55,1904,0.0
56,1904,0.0
57,1904,0.0
58,1904,0.0
59,1904,0.0
60,1904,0.0
61,1904,30.0
62,1904,1.0
63,1904,1.0
64,1904,1.0
65,1904,2.0
66,1904,9.0
67,1904,6.0
68,1904,1.0
69,1904,0.0
70,1904,2.0
71,1904,6.0
72,1904,11.0
73,1904,3.0
74,1904,0.0
75,1904,3.0
76,1904,3.0
77,1904,2.0
78,1904,6.0
79,1904,1.0
80,1904,0.0
81,1904,2.0
82,1904,4.0
83,1904,0.0
84,1904,8.0
85,1904,32.0
86,1904,8.0
87,1904,1.0
88,1904,4.0
89,1904,0.0
90,1904,0.0
91,1904,3.0
92,1904,4.0
93,1904,0.0
94,1904,3.0
95,1904,10.0
96,1904,5.0
97,1904,1.0
98,1904,3.0
99,1904,0.0
100,1904,1.0
101,1904,0.0
102,1904,0.0
103,1904,0.0
104,1904,2.0
105,1904,3.0
106,1904,5.0
107,1904,0.0
108,1904,0.0
109,1904,6.0
110,1904,4.0
111,1904,2.0
112,1904,0.0
113,1904,7.0
114,1904,3.0
115,1904,0.0
116,1904,0.0
117,1904,1.0
118,1904,0.0
119,1904,0.0
120,1904,0.0
121,1904,1.0
122,1904,0.0
123,1904,2.0
124,1904,3.0
125,1904,0.0
126,1904,0.0
127,1904,2.0
128,1904,0.0
129,1904,0.0
130,1904,6.0
131,1904,1.0
132,1904,0.0
133,1904,0.0
134,1904,0.0
135,1904,0.0
136,1904,0.0
137,1904,0.0
138,1904,0.0
139,1904,1.0
140,1904,1.0
141,1904,0.0
142,1904,0.0
143,1904,4.0
144,1904,4.0
145,1904,3.0
146,1904,0.0
147,1904,2.0
148,1904,0.0
149,1904,0.0
150,1904,14.0
151,1904,15.0
152,1904,0.0
153,1904,0.0
154,1904,0.0
155,1904,2.0
156,1904,0.0
157,1904,0.0
158,1904,0.0
159,1904,3.0
160,1904,5.0
161,1904,0.0
162,1904,22.0
163,1904,12.0
164,1904,2.0
165,1904,0.0
166,1904,2.0
167,1904,14.0
168,1904,3.0
169,1904,24.0
170,1904,1.0
171,1904,3.0
172,1904,1.0
173,1904,2.0
174,1904,0.0
175,1904,1.0
176,1904,1.0
177,1904,0.0
178,1904,1.0
179,1904,2.0
180,1904,1.0
181,1904,0.0
182,1904,3.0
183,1904,0.0
184,1904,0.0
185,1904,0.0
186,1904,0.0
187,1904,1.0
188,1904,3.0
189,1904,0.0
190,1904,0.0
191,1904,1.0
192,1904,0.0
193,1904,2.0
194,1904,0.0
195,1904,1.0
196,1904,0.0
197,1904,0.0
198,1904,0.0
199,1904,0.0
0,1905,2.0
1,1905,1.0
2,1905,0.0
3,1905,1.0
4,1905,0.0
5,1905,0.0
6,1905,0.0
7,1905,0.0
8,1905,0.0
9,1905,7.0
10,1905,0.0
11,1905,1.0
12,1905,0.0
13,1905,2.0
14,1905,0.0
15,1905,12.0
16,1905,5.0
17,1905,2.0
18,1905,5.0
19,1905,3.0
20,1905,1.0
21,1905,0.0
22,1905,0.0
23,1905,1.0
24,1905,1.0
25,1905,1.0
26,1905,1.0
27,1905,0.0
28,1905,1.0
29,1905,1.0
30,1905,0.0
31,1905,5.0
32,1905,0.0
33,1905,0.0
34,1905,0.0
35,1905,0.0
36,1905,0.0
37,1905,1.0
38,1905,0.0
39,1905,2.0
40,1905,1.0
41,1905,1.0
42,1905,0.0
43,1905,0.0
44,1905,0.0
45,1905,0.0
46,1905,0.0
47,1905,0.0
48,1905,0.0
49,1905,2.0
50,1905,0.0
51,1905,1.0
52,1905,1.0
53,1905,52.0
54,1905,1.0
55,1905,2.0
56,1905,0.0
57,1905,0.0
58,1905,1.0
59,1905,0.0
60,1905,1.0
61,1905,48.0
62,1905,1.0
63,1905,1.0
64,1905,3.0
65,1905,0.0
66,1905,5.0
67,1905,5.0
68,1905,5.0
69,1905,1.0
70,1905,4.0
71,1905,1.0
72,1905,18.0
73,1905,2.0
74,1905,0.0
75,1905,0.0
76,1905,1.0
77,1905,4.0
78,1905,2.0
79,1905,1.0
80,1905,0.0
81,1905,5.0
82,1905,5.0
83,1905,0.0
84,1905,10.0
85,1905,37.0
86,1905,7.0
87,1905,2.0
88,1905,0.0
89,1905,2.0
90,1905,0.0
91,1905,10.0
92,1905,17.0
93,1905,1.0
94,1905,1.0
95,1905,7.0
96,1905,5.0
97,1905,3.0
98,1905,4.0
99,1905,0.0
100,1905,1.0
101,1905,1.0
102,1905,0.0
103,1905,1.0
104,1905,5.0
105,1905,0.0
106,1905,15.0
107,1905,0.0
108,1905,1.0
109,1905,4.0
110,1905,10.0
111,1905,2.0
112,1905,0.0
113,1905,6.0
114,1905,1.0
115,1905,0.0
116,1905,4.0
117,1905,4.0
118,1905,1.0
119,1905,4.0
120,1905,0.0
121,1905,1.0
122,1905,0.0
123,1905,2.0
124,1905,3.0
125,1905,0.0
126,1905,0.0
127,1905,2.0
128,1905,2.0
129,1905,1.0
130,1905,9.0
131,1905,2.0
132,1905,1.0
133,1905,0.0
134,1905,1.0
135,1905,0.0
136,1905,1.0
137,1905,3.0
138,1905,8.0
139,1905,2.0
140,1905,0.0
141,1905,1.0
142,1905,0.0
143,1905,2.0
144,1905,3.0
145,1905,5.0
146,1905,3.0
147,1905,15.0
148,1905,2.0
149,1905,0.0
150,1905,18.0
151,1905,11.0
152,1905,1.0
153,1905,0.0
154,1905,0.0
155,1905,3.0
156,1905,1.0
157,1905,6.0
158,1905,2.0
159,1905,6.0
160,1905,8.0
161,1905,0.0
162,1905,25.0
163,1905,16.0
164,1905,5.0
165,1905,0.0
166,1905,4.0
167,1905,8.0
168,1905,1.0
169,1905,21.0
170,1905,0.0
171,1905,4.0
172,1905,0.0
173,1905,2.0
174,1905,0.0
175,1905,0.0
176,1905,1.0
177,1905,0.0
178,1905,1.0
179,1905,2.0
180,1905,1.0
181,1905,0.0
182,1905,3.0
183,1905,0.0
184,1905,1.0
185,1905,1.0
186,1905,0.0
187,1905,0.0
188,1905,7.0
189,1905,0.0
190,1905,0.0
191,1905,0.0
192,1905,0.0
193,1905,1.0
194,1905,0.0
195,1905,0.0
196,1905,0.0
197,1905,0.0
198,1905,0.0
199,1905,0.0
0,1906,0.0
1,1906,1.0
2,1906,0.0
3,1906,1.0
4,1906,4.0
5,1906,2.0
6,1906,0.0
7,1906,0.0
8,1906,0.0
9,1906,9.0
10,1906,0.0
11,1906,0.0
12,1906,4.0
13,1906,5.0
14,1906,0.0
15,1906,2.0
16,1906,3.0
17,1906,1.0
18,1906,1.0
19,1906,0.0
20,1906,1.0
21,1906,0.0
22,1906,0.0
23,1906,0.0
24,1906,0.0
25,1906,1.0
26,1906,1.0
27,1906,0.0
28,1906,2.0
29,1906,0.0
30,1906,4.0
31,1906,1.0
32,1906,0.0
33,1906,4.0
34,1906,1.0
35,1906,2.0
36,1906,2.0
37,1906,1.0
38,1906,1.0
39,1906,3.0
40,1906,0.0
41,1906,2.0
42,1906,0.0
43,1906,1.0
44,1906,1.0
45,1906,2.0
46,1906,0.0
47,1906,1.0
48,1906,1.0
49,1906,0.0
50,1906,0.0
51,1906,5.0
52,1906,2.0
53,1906,56.0
54,1906,0.0
55,1906,0.0
56,1906,1.0
57,1906,2.0
58,1906,0.0
59,1906,0.0
60,1906,0.0
61,1906,56.0
62,1906,1.0
63,1906,2.0
64,1906,3.0
65,1906,1.0
66,1906,6.0
67,1906,1.0
68,1906,5.0
69,1906,0.0
70,1906,0.0
71,1906,7.0
72,1906,33.0
73,1906,4.0
74,1906,0.0
75,1906,1.0
76,1906,2.0
77,1906,3.0
78,1906,0.0
79,1906,2.0
80,1906,0.0
81,1906,2.0
82,1906,8.0
83,1906,0.0
84,1906,5.0
85,1906,64.0
86,1906,9.0
87,1906,1.0
88,1906,0.0
89,1906,0.0
90,1906,1.0
91,1906,16.0
92,1906,19.0
93,1906,0.0
94,1906,1.0
95,1906,13.0
96,1906,12.0
97,1906,0.0
98,1906,8.0
99,1906,0.0
100,1906,3.0
101,1906,1.0
102,1906,1.0
103,1906,8.0
104,1906,1.0
105,1906,3.0
106,1906,13.0
107,1906,2.0
108,1906,1.0
109,1906,7.0
110,1906,5.0
111,1906,0.0
112,1906,0.0
113,1906,5.0
114,1906,1.0
115,1906,0.0
116,1906,2.0
117,1906,1.0
118,1906,0.0
119,1906,6.0
120,1906,1.0
121,1906,0.0
122,1906,1.0
123,1906,0.0
124,1906,3.0
125,1906,0.0
126,1906,0.0
127,1906,0.0
128,1906,2.0
129,1906,0.0
130,1906,1.0
131,1906,1.0
132,1906,2.0
133,1906,2.0
134,1906,0.0
135,1906,0.0
136,1906,2.0
137,1906,1.0
138,1906,8.0
139,1906,0.0
140,1906,2.0
141,1906,2.0
142,1906,0.0
143,1906,1.0
144,1906,3.0
145,1906,3.0
146,1906,1.0
147,1906,4.0
148,1906,2.0
149,1906,1.0
150,1906,22.0
151,1906,15.0
152,1906,0.0
153,1906,0.0
154,1906,0.0
155,1906,1.0
156,1906,3.0
157,1906,1.0
158,1906,2.0
159,1906,6.0
160,1906,5.0
161,1906,3.0
162,1906,15.0
163,1906,8.0
164,1906,1.0
165,1906,0.0
166,1906,5.0
167,1906,10.0
168,1906,0.0
169,1906,15.0
170,1906,0.0
171,1906,3.0
172,1906,1.0
173,1906,2.0
174,1906,0.0
175,1906,0.0
176,1906,0.0
177,1906,0.0
178,1906,0.0
179,1906,1.0
180,1906,1.0
181,1906,0.0
182,1906,0.0
183,1906,0.0
184,1906,0.0
185,1906,0.0
186,1906,0.0
187,1906,1.0
188,1906,9.0
189,1906,2.0
190,1906,0.0
191,1906,1.0
192,1906,0.0
193,1906,1.0
194,1906,0.0
195,1906,0.0
196,1906,0.0
197,1906,0.0
198,1906,3.0
199,1906,1.0
0,1907,1.0
1,1907,1.0
2,1907,0.0
3,1907,2.0
4,1907,0.0
5,1907,0.0
6,1907,1.0
7,1907,0.0
8,1907,0.0
9,1907,0.0
10,1907,0.0
11,1907,0.0
12,1907,1.0
13,1907,1.0
14,1907,2.0
15,1907,4.0
16,1907,2.0
17,1907,0.0
18,1907,1.0
19,1907,1.0
20,1907,2.0
21,1907,0.0
22,1907,1.0
23,1907,1.0
24,1907,0.0
25,1907,1.0
26,1907,1.0
27,1907,0.0
28,1907,0.0
29,1907,0.0
30,1907,4.0
31,1907,0.0
32,1907,0.0
33,1907,0.0
34,1907,2.0
35,1907,4.0
36,1907,0.0
37,1907,0.0
38,1907,0.0
39,1907,4.0
40,1907,0.0
41,1907,1.0
42,1907,0.0
43,1907,0.0
44,1907,0.0
45,1907,0.0
46,1907,0.0
47,1907,0.0
48,1907,1.0
49,1907,0.0
50,1907,0.0
51,1907,3.0
52,1907,0.0
53,1907,6.0
54,1907,2.0
55,1907,0.0
56,1907,0.0
57,1907,1.0
58,1907,0.0
59,1907,0.0
60,1907,0.0
61,1907,30.0
62,1907,0.0
63,1907,0.0
64,1907,1.0
65,1907,0.0
66,1907,6.0
67,1907,5.0
68,1907,3.0
69,1907,0.0
70,1907,1.0
71,1907,4.0
72,1907,20.0
73,1907,2.0
74,1907,0.0
75,1907,3.0
76,1907,1.0
77,1907,5.0
78,1907,0.0
79,1907,0.0
80,1907,0.0
81,1907,2.0
82,1907,12.0
83,1907,0.0
84,1907,2.0
85,1907,30.0
86,1907,6.0
87,1907,1.0
88,1907,0.0
89,1907,0.0
90,1907,0.0
91,1907,10.0
92,1907,13.0
93,1907,0.0
94,1907,0.0
95,1907,12.0
96,1907,8.0
97,1907,0.0
98,1907,0.0
99,1907,0.0
100,1907,1.0
101,1907,0.0
102,1907,0.0
103,1907,4.0
104,1907,1.0
105,1907,4.0
106,1907,10.0
107,1907,2.0
108,1907,2.0
109,1907,3.0
110,1907,6.0
111,1907,4.0
112,1907,3.0
113,1907,1.0
114,1907,1.0
115,1907,2.0
116,1907,1.0
117,1907,0.0
118,1907,0.0
119,1907,4.0
120,1907,0.0
121,1907,1.0
122,1907,1.0
123,1907,0.0
124,1907,0.0
125,1907,0.0
126,1907,0.0
127,1907,0.0
128,1907,1.0
129,1907,0.0
130,1907,1.0
131,1907,2.0
132,1907,4.0
133,1907,0.0
134,1907,0.0
135,1907,0.0
136,1907,0.0
137,1907,0.0
138,1907,3.0
139,1907,0.0
140,1907,2.0
141,1907,1.0
142,1907,0.0
143,1907,0.0
144,1907,3.0
145,1907,5.0
146,1907,0.0
147,1907,0.0
148,1907,2.0
149,1907,0.0
150,1907,7.0
151,1907,6.0
152,1907,0.0
153,1907,0.0
154,1907,0.0
155,1907,1.0
156,1907,1.0
157,1907,7.0
158,1907,0.0
159,1907,3.0
160,1907,3.0
161,1907,9.0
162,1907,11.0
163,1907,13.0
164,1907,1.0
165,1907,0.0
166,1907,3.0
167,1907,8.0
168,1907,2.0
169,1907,10.0
170,1907,0.0
171,1907,2.0
172,1907,0.0
173,1907,0.0
174,1907,0.0
175,1907,0.0
176,1907,1.0
177,1907,0.0
178,1907,1.0
179,1907,0.0
180,1907,1.0
181,1907,0.0
182,1907,1.0
183,1907,0.0
184,1907,2.0
185,1907,0.0
186,1907,0.0
187,1907,0.0
188,1907,3.0
189,1907,0.0
190,1907,0.0
191,1907,0.0
192,1907,0.0
193,1907,2.0
194,1907,0.0
195,1907,0.0
196,1907,0.0
197,1907,0.0
198,1907,0.0
199,1907,0.0
0,1908,3.0
1,1908,1.0
2,1908,0.0
3,1908,1.0
4,1908,0.0
5,1908,0.0
6,1908,1.0
7,1908,5.0
8,1908,0.0
9,1908,4.0
10,1908,0.0
11,1908,0.0
12,1908,1.0
13,1908,2.0
14,1908,0.0
15,1908,7.0
16,1908,2.0
17,1908,0.0
18,1908,0.0
19,1908,3.0
20,1908,0.0
21,1908,1.0
22,1908,2.0
23,1908,0.0
24,1908,0.0
25,1908,0.0
26,1908,0.0
27,1908,0.0
28,1908,1.0
29,1908,0.0
30,1908,2.0
31,1908,0.0
32,1908,0.0
33,1908,0.0
34,1908,0.0
35,1908,5.0
36,1908,0.0
37,1908,3.0
38,1908,0.0
39,1908,1.0
40,1908,0.0
41,1908,0.0
42,1908,2.0
43,1908,0.0
44,1908,0.0
45,1908,0.0
46,1908,0.0
47,1908,0.0
48,1908,1.0
49,1908,0.0
50,1908,0.0
51,1908,7.0
52,1908,1.0
53,1908,43.0
54,1908,0.0
55,1908,0.0
56,1908,0.0
57,1908,0.0
58,1908,0.0
59,1908,2.0
60,1908,0.0
61,1908,29.0
62,1908,1.0
63,1908,1.0
64,1908,1.0
65,1908,2.0
66,1908,7.0
67,1908,6.0
68,1908,1.0
69,1908,1.0
70,1908,2.0
71,1908,3.0
72,1908,15.0
73,1908,2.0
74,1908,0.0
75,1908,0.0
76,1908,0.0
77,1908,3.0
78,1908,3.0
79,1908,1.0
80,1908,0.0
81,1908,1.0
82,1908,12.0
83,1908,0.0
84,1908,4.0
85,1908,40.0
86,1908,9.0
87,1908,0.0
88,1908,0.0
89,1908,0.0
90,1908,0.0
91,1908,7.0
92,1908,12.0
93,1908,0.0
94,1908,0.0
95,1908,8.0
96,1908,10.0
97,1908,2.0
98,1908,2.0
99,1908,1.0
100,1908,2.0
101,1908,1.0
102,1908,0.0
103,1908,2.0
104,1908,1.0
105,1908,4.0
106,1908,5.0
107,1908,1.0
108,1908,4.0
109,1908,4.0
110,1908,8.0
111,1908,0.0
112,1908,2.0
113,1908,1.0
114,1908,2.0
115,1908,0.0
116,1908,4.0
117,1908,0.0
118,1908,0.0
119,1908,2.0
120,1908,0.0
121,1908,0.0
122,1908,2.0
123,1908,1.0
124,1908,8.0
125,1908,1.0
126,1908,0.0
127,1908,1.0
128,1908,0.0
129,1908,2.0
130,1908,3.0
131,1908,0.0
132,1908,0.0
133,1908,0.0
134,1908,1.0
135,1908,0.0
136,1908,2.0
137,1908,2.0
138,1908,5.0
139,1908,1.0
140,1908,0.0
141,1908,1.0
142,1908,0.0
143,1908,2.0
144,1908,4.0
145,1908,1.0
146,1908,1.0
147,1908,2.0
148,1908,0.0
149,1908,0.0
150,1908,5.0
151,1908,5.0
152,1908,0.0
153,1908,4.0
154,1908,0.0
155,1908,0.0
156,1908,0.0
157,1908,0.0
158,1908,3.0
159,1908,3.0
160,1908,2.0
161,1908,7.0
162,1908,9.0
163,1908,9.0
164,1908,0.0
165,1908,0.0
166,1908,2.0
167,1908,8.0
168,1908,2.0
169,1908,9.0
170,1908,1.0
171,1908,0.0
172,1908,0.0
173,1908,0.0
174,1908,0.0
175,1908,0.0
176,1908,2.0
177,1908,0.0
178,1908,3.0
179,1908,2.0
180,1908,2.0
181,1908,0.0
182,1908,1.0
183,1908,0.0
184,1908,0.0
185,1908,0.0
186,1908,0.0
187,1908,0.0
188,1908,3.0
189,1908,0.0
190,1908,0.0
191,1908,0.0
192,1908,0.0
193,1908,0.0
194,1908,1.0
195,1908,0.0
196,1908,0.0
197,1908,0.0
198,1908,1.0
199,1908,0.0
0,1909,2.0
1,1909,0.0
2,1909,0.0
3,1909,0.0
4,1909,0.0
5,1909,0.0
6,1909,0.0
7,1909,0.0
8,1909,0.0
9,1909,7.0
10,1909,0.0
11,1909,0.0
12,1909,1.0
13,1909,1.0
14,1909,2.0
15,1909,0.0
16,1909,0.0
17,1909,0.0
18,1909,1.0
19,1909,0.0
20,1909,0.0
21,1909,0.0
22,1909,3.0
23,1909,0.0
24,1909,2.0
25,1909,0.0
26,1909,1.0
27,1909,0.0
28,1909,0.0
29,1909,0.0
30,1909,1.0
31,1909,0.0
32,1909,2.0
33,1909,3.0
34,1909,2.0
35,1909,15.0
36,1909,0.0
37,1909,4.0
38,1909,1.0
39,1909,1.0
40,1909,0.0
41,1909,2.0
42,1909,0.0
43,1909,0.0
44,1909,0.0
45,1909,6.0
46,1909,3.0
47,1909,0.0
48,1909,2.0
49,1909,0.0
50,1909,5.0
51,1909,1.0
52,1909,1.0
53,1909,48.0
54,1909,0.0
55,1909,0.0
56,1909,0.0
57,1909,0.0
58,1909,2.0
59,1909,2.0
60,1909,0.0
61,1909,18.0
62,1909,0.0
63,1909,0.0
64,1909,2.0
65,1909,0.0
66,1909,4.0
67,1909,2.0
68,1909,0.0
69,1909,0.0
70,1909,2.0
71,1909,3.0
72,1909,26.0
73,1909,1.0
74,1909,0.0
75,1909,0.0
76,1909,1.0
77,1909,4.0
78,1909,2.0
79,1909,0.0
80,1909,0.0
81,1909,1.0
82,1909,0.0
83,1909,0.0
84,1909,7.0
85,1909,31.0
86,1909,6.0
87,1909,2.0
88,1909,1.0
89,1909,0.0
90,1909,0.0
91,1909,11.0
92,1909,5.0
93,1909,0.0
94,1909,0.0
95,1909,12.0
96,1909,4.0
97,1909,0.0
98,1909,2.0
99,1909,0.0
100,1909,0.0
101,1909,1.0
102,1909,1.0
103,1909,0.0
104,1909,0.0
105,1909,3.0
106,1909,11.0
107,1909,2.0
108,1909,1.0
109,1909,4.0
110,1909,6.0
111,1909,0.0
112,1909,0.0
113,1909,1.0
114,1909,0.0
115,1909,0.0
116,1909,0.0
117,1909,1.0
118,1909,0.0
119,1909,2.0
120,1909,0.0
121,1909,1.0
122,1909,2.0
123,1909,2.0
124,1909,0.0
125,1909,2.0
126,1909,3.0
127,1909,2.0
128,1909,1.0
129,1909,2.0
130,1909,2.0
131,1909,0.0
132,1909,0.0
133,1909,0.0
134,1909,0.0
135,1909,0.0
136,1909,0.0
137,1909,0.0
138,1909,6.0
139,1909,0.0
140,1909,0.0
141,1909,0.0
142,1909,0.0
143,1909,4.0
144,1909,3.0
145,1909,0.0
146,1909,0.0
147,1909,4.0
148,1909,0.0
149,1909,1.0
150,1909,13.0
151,1909,7.0
152,1909,0.0
153,1909,1.0
154,1909,0.0
155,1909,1.0
156,1909,0.0
157,1909,0.0
158,1909,1.0
159,1909,5.0
160,1909,3.0
161,1909,3.0
162,1909,9.0
163,1909,13.0
164,1909,2.0
165,1909,0.0
166,1909,2.0
167,1909,6.0
168,1909,5.0
169,1909,10.0
170,1909,0.0
171,1909,6.0
172,1909,0.0
173,1909,0.0
174,1909,0.0
175,1909,0.0
176,1909,0.0
177,1909,0.0
178,1909,0.0
179,1909,0.0
180,1909,1.0
181,1909,0.0
182,1909,5.0
183,1909,0.0
184,1909,0.0
185,1909,0.0
186,1909,0.0
187,1909,1.0
188,1909,3.0
189,1909,0.0
190,1909,1.0
191,1909,0.0
192,1909,0.0
193,1909,1.0
194,1909,1.0
195,1909,1.0
196,1909,0.0
197,1909,0.0
198,1909,1.0
199,1909,0.0
0,1910,3.0
1,1910,2.0
2,1910,0.0
3,1910,1.0
4,1910,0.0
5,1910,1.0
6,1910,0.0
7,1910,1.0
8,1910,0.0
9,1910,1.0
10,1910,0.0
11,1910,0.0
12,1910,1.0
13,1910,1.0
14,1910,1.0
15,1910,2.0
16,1910,1.0
17,1910,0.0
18,1910,4.0
19,1910,2.0
20,1910,0.0
21,1910,0.0
22,1910,2.0
23,1910,1.0
24,1910,1.0
25,1910,0.0
26,1910,0.0
27,1910,0.0
28,1910,1.0
29,1910,1.0
30,1910,1.0
31,1910,1.0
32,1910,1.0
33,1910,15.0
34,1910,0.0
35,1910,7.0
36,1910,0.0
37,1910,0.0
38,1910,1.0
39,1910,2.0
40,1910,1.0
41,1910,1.0
42,1910,2.0
43,1910,4.0
44,1910,0.0
45,1910,1.0
46,1910,0.0
47,1910,0.0
48,1910,0.0
49,1910,4.0
50,1910,0.0
51,1910,2.0
52,1910,1.0
53,1910,47.0
54,1910,2.0
55,1910,0.0
56,1910,4.0
57,1910,0.0
58,1910,0.0
59,1910,0.0
60,1910,3.0
61,1910,18.0
62,1910,6.0
63,1910,0.0
64,1910,2.0
65,1910,1.0
66,1910,7.0
67,1910,8.0
68,1910,0.0
69,1910,0.0
70,1910,1.0
71,1910,2.0
72,1910,19.0
73,1910,1.0
74,1910,0.0
75,1910,2.0
76,1910,4.0
77,1910,3.0
78,1910,1.0
79,1910,0.0
80,1910,0.0
81,1910,1.0
82,1910,0.0
83,1910,0.0
84,1910,4.0
85,1910,45.0
86,1910,8.0
87,1910,0.0
88,1910,1.0
89,1910,0.0
90,1910,0.0
91,1910,9.0
92,1910,16.0
93,1910,0.0
94,1910,0.0
95,1910,7.0
96,1910,1.0
97,1910,0.0
98,1910,3.0
99,1910,1.0
100,1910,3.0
101,1910,0.0
102,1910,1.0
103,1910,0.0
104,1910,0.0
105,1910,1.0
106,1910,2.0
107,1910,1.0
108,1910,3.0
109,1910,3.0
110,1910,1.0
111,1910,2.0
112,1910,0.0
113,1910,5.0
114,1910,1.0
115,1910,0.0
116,1910,1.0
117,1910,0.0
118,1910,0.0
119,1910,0.0
120,1910,0.0
121,1910,1.0
122,1910,3.0
123,1910,0.0
124,1910,0.0
125,1910,4.0
126,1910,1.0
127,1910,0.0
128,1910,0.0
129,1910,4.0
130,1910,3.0
131,1910,0.0
132,1910,0.0
133,1910,0.0
134,1910,1.0
135,1910,0.0
136,1910,0.0
137,1910,2.0
138,1910,3.0
139,1910,0.0
140,1910,3.0
141,1910,1.0
142,1910,0.0
143,1910,1.0
144,1910,0.0
145,1910,0.0
146,1910,0.0
147,1910,7.0
148,1910,1.0
149,1910,0.0
150,1910,9.0
151,1910,9.0
152,1910,0.0
153,1910,1.0
154,1910,0.0
155,1910,0.0
156,1910,2.0
157,1910,1.0
158,1910,2.0
159,1910,2.0
160,1910,4.0
161,1910,5.0
162,1910,6.0
163,1910,7.0
164,1910,4.0
165,1910,0.0
166,1910,2.0
167,1910,5.0
168,1910,2.0
169,1910,13.0
170,1910,0.0
171,1910,1.0
172,1910,0.0
173,1910,0.0
174,1910,0.0
175,1910,4.0
176,1910,0.0
177,1910,0.0
178,1910,0.0
179,1910,1.0
180,1910,2.0
181,1910,0.0
182,1910,2.0
183,1910,1.0
184,1910,0.0
185,1910,0.0
186,1910,0.0
187,1910,0.0
188,1910,5.0
189,1910,0.0
190,1910,0.0
191,1910,1.0
192,1910,0.0
193,1910,0.0
194,1910,0.0
195,1910,1.0
196,1910,0.0
197,1910,0.0
198,1910,2.0
199,1910,0.0
0,1911,1.0
1,1911,2.0
2,1911,0.0
3,1911,6.0
4,1911,0.0
5,1911,0.0
6,1911,5.0
7,1911,0.0
8,1911,0.0
9,1911,1.0
10,1911,0.0
11,1911,0.0
12,1911,6.0
13,1911,1.0
14,1911,1.0
15,1911,2.0
16,1911,1.0
17,1911,0.0
18,1911,1.0
19,1911,0.0
20,1911,3.0
21,1911,0.0
22,1911,0.0
23,1911,1.0
24,1911,3.0
25,1911,1.0
26,1911,0.0
27,1911,1.0
28,1911,1.0
29,1911,2.0
30,1911,3.0
31,1911,2.0
32,1911,0.0
33,1911,1.0
34,1911,4.0
35,1911,2.0
36,1911,0.0
37,1911,1.0
38,1911,1.0
39,1911,1.0
40,1911,3.0
41,1911,1.0
42,1911,0.0
43,1911,1.0
44,1911,0.0
45,1911,0.0
46,1911,3.0
47,1911,4.0
48,1911,2.0
49,1911,0.0
50,1911,1.0
51,1911,2.0
52,1911,4.0
53,1911,39.0
54,1911,1.0
55,1911,1.0
56,1911,0.0
57,1911,0.0
58,1911,0.0
59,1911,3.0
60,1911,0.0
61,1911,18.0
62,1911,4.0
63,1911,0.0
64,1911,0.0
65,1911,0.0
66,1911,4.0
67,1911,2.0
68,1911,0.0
69,1911,0.0
70,1911,1.0
71,1911,4.0
72,1911,13.0
73,1911,2.0
74,1911,0.0
75,1911,2.0
76,1911,0.0
77,1911,5.0
78,1911,2.0
79,1911,0.0
80,1911,0.0
81,1911,1.0
82,1911,5.0
83,1911,0.0
84,1911,4.0
85,1911,28.0
86,1911,5.0
87,1911,1.0
88,1911,0.0
89,1911,0.0
90,1911,0.0
91,1911,11.0
92,1911,10.0
93,1911,0.0
94,1911,0.0
95,1911,8.0
96,1911,1.0
97,1911,0.0
98,1911,2.0
99,1911,1.0
100,1911,0.0
101,1911,0.0
102,1911,1.0
103,1911,4.0
104,1911,0.0
105,1911,1.0
106,1911,7.0
107,1911,2.0
108,1911,1.0
109,1911,4.0
110,1911,9.0
111,1911,1.0
112,1911,0.0
113,1911,0.0
114,1911,1.0
115,1911,0.0
116,1911,1.0
117,1911,0.0
118,1911,1.0
119,1911,2.0
120,1911,1.0
121,1911,1.0
122,1911,0.0
123,1911,0.0
124,1911,1.0
125,1911,0.0
126,1911,2.0
127,1911,1.0
128,1911,1.0
129,1911,2.0
130,1911,7.0
131,1911,2.0
132,1911,0.0
133,1911,0.0
134,1911,2.0
135,1911,0.0
136,1911,1.0
137,1911,0.0
138,1911,4.0
139,1911,1.0
140,1911,1.0
141,1911,2.0
142,1911,0.0
143,1911,2.0
144,1911,5.0
145,1911,7.0
146,1911,1.0
147,1911,0.0
148,1911,0.0
149,1911,0.0
150,1911,13.0
151,1911,7.0
152,1911,0.0
153,1911,0.0
154,1911,0.0
155,1911,1.0
156,1911,1.0
157,1911,0.0
158,1911,0.0
159,1911,3.0
160,1911,4.0
161,1911,4.0
162,1911,3.0
163,1911,9.0
164,1911,4.0
165,1911,0.0
166,1911,2.0
167,1911,5.0
168,1911,2.0
169,1911,16.0
170,1911,1.0
171,1911,4.0
172,1911,0.0
173,1911,1.0
174,1911,0.0
175,1911,0.0
176,1911,0.0
177,1911,1.0
178,1911,0.0
179,1911,2.0
180,1911,1.0
181,1911,0.0
182,1911,4.0
183,1911,0.0
184,1911,0.0
185,1911,0.0
186,1911,0.0
187,1911,1.0
188,1911,3.0
189,1911,0.0
190,1911,1.0
191,1911,0.0
192,1911,0.0
193,1911,0.0
194,1911,1.0
195,1911,1.0
196,1911,0.0
197,1911,0.0
198,1911,2.0
199,1911,0.0
0,1912,0.0
1,1912,2.0
2,1912,0.0
3,1912,3.0
4,1912,2.0
5,1912,1.0
6,1912,3.0
7,1912,0.0
8,1912,0.0
9,1912,4.0
10,1912,0.0
11,1912,0.0
12,1912,0.0
13,1912,1.0
14,1912,1.0
15,1912,3.0
16,1912,0.0
17,1912,0.0
18,1912,0.0
19,1912,0.0
20,1912,1.0
21,1912,0.0
22,1912,0.0
23,1912,1.0
24,1912,1.0
25,1912,0.0
26,1912,0.0
27,1912,0.0
28,1912,2.0
29,1912,0.0
30,1912,2.0
31,1912,1.0
32,1912,1.0
33,1912,2.0
34,1912,4.0
35,1912,6.0
36,1912,0.0
37,1912,1.0
38,1912,4.0
39,1912,2.0
40,1912,1.0
41,1912,1.0
42,1912,0.0
43,1912,0.0
44,1912,0.0
45,1912,1.0
46,1912,4.0
47,1912,0.0
48,1912,0.0
49,1912,3.0
50,1912,2.0
51,1912,3.0
52,1912,1.0
53,1912,59.0
54,1912,1.0
55,1912,0.0
56,1912,1.0
57,1912,1.0
58,1912,1.0
59,1912,3.0
60,1912,0.0
61,1912,37.0
62,1912,3.0
63,1912,3.0
64,1912,0.0
65,1912,0.0
66,1912,3.0
67,1912,3.0
68,1912,3.0
69,1912,1.0
70,1912,2.0
71,1912,3.0
72,1912,25.0
73,1912,1.0
74,1912,0.0
75,1912,0.0
76,1912,3.0
77,1912,2.0
78,1912,1.0
79,1912,0.0
80,1912,0.0
81,1912,3.0
82,1912,6.0
83,1912,0.0
84,1912,4.0
85,1912,40.0
86,1912,6.0
87,1912,2.0
88,1912,0.0
89,1912,0.0
90,1912,0.0
91,1912,8.0
92,1912,20.0
93,1912,0.0
94,1912,0.0
95,1912,7.0
96,1912,8.0
97,1912,0.0
98,1912,7.0
99,1912,0.0
100,1912,4.0
101,1912,0.0
102,1912,0.0
103,1912,0.0
104,1912,2.0
105,1912,3.0
106,1912,12.0
107,1912,4.0
108,1912,2.0
109,1912,1.0
110,1912,9.0
111,1912,1.0
112,1912,1.0
113,1912,3.0
114,1912,2.0
115,1912,0.0
116,1912,4.0
117,1912,0.0
118,1912,0.0
119,1912,3.0
120,1912,0.0
121,1912,5.0
122,1912,1.0
123,1912,0.0
124,1912,1.0
125,1912,3.0
126,1912,1.0
127,1912,0.0
128,1912,2.0
129,1912,0.0
130,1912,4.0
131,1912,1.0
132,1912,1.0
133,1912,0.0
134,1912,0.0
135,1912,0.0
136,1912,1.0
137,1912,2.0
138,1912,8.0
139,1912,0.0
140,1912,0.0
141,1912,2.0
142,1912,0.0
143,1912,6.0
144,1912,0.0
145,1912,5.0
146,1912,1.0
147,1912,4.0
148,1912,0.0
149,1912,1.0
150,1912,10.0
151,1912,11.0
152,1912,0.0
153,1912,1.0
154,1912,1.0
155,1912,2.0
156,1912,2.0
157,1912,0.0
158,1912,1.0
159,1912,4.0
160,1912,5.0
161,1912,2.0
162,1912,11.0
163,1912,13.0
164,1912,3.0
165,1912,0.0
166,1912,2.0
167,1912,3.0
168,1912,5.0
169,1912,37.0
170,1912,2.0
171,1912,2.0
172,1912,0.0
173,1912,1.0
174,1912,0.0
175,1912,0.0
176,1912,0.0
177,1912,0.0
178,1912,0.0
179,1912,0.0
180,1912,1.0
181,1912,0.0
182,1912,2.0
183,1912,0.0
184,1912,0.0
185,1912,0.0
186,1912,0.0
187,1912,0.0
188,1912,5.0
189,1912,0.0
190,1912,1.0
191,1912,0.0
192,1912,0.0
193,1912,5.0
194,1912,1.0
195,1912,0.0
196,1912,1.0
197,1912,0.0
198,1912,1.0
199,1912,0.0
0,1913,1.0
1,1913,1.0
2,1913,0.0
3,1913,1.0
4,1913,3.0
5,1913,3.0
6,1913,0.0
7,1913,1.0
8,1913,0.0
9,1913,0.0
10,1913,0.0
11,1913,0.0
12,1913,1.0
13,1913,0.0
14,1913,0.0
15,1913,0.0
16,1913,2.0
17,1913,1.0
18,1913,0.0
19,1913,1.0
20,1913,0.0
21,1913,2.0
22,1913,2.0
23,1913,0.0
24,1913,0.0
25,1913,0.0
26,1913,1.0
27,1913,0.0
28,1913,1.0
29,1913,1.0
30,1913,2.0
31,1913,2.0
32,1913,1.0
33,1913,3.0
34,1913,0.0
35,1913,6.0
36,1913,1.0
37,1913,4.0
38,1913,0.0
39,1913,1.0
40,1913,0.0
41,1913,0.0
42,1913,1.0
43,1913,0.0
44,1913,0.0
45,1913,0.0
46,1913,5.0
47,1913,0.0
48,1913,3.0
49,1913,0.0
50,1913,0.0
51,1913,4.0
52,1913,3.0
53,1913,59.0
54,1913,2.0
55,1913,0.0
56,1913,0.0
57,1913,0.0
58,1913,1.0
59,1913,0.0
60,1913,1.0
61,1913,38.0
62,1913,3.0
63,1913,0.0
64,1913,3.0
65,1913,0.0
66,1913,9.0
67,1913,7.0
68,1913,2.0
69,1913,3.0
70,1913,0.0
71,1913,1.0
72,1913,24.0
73,1913,2.0
74,1913,0.0
75,1913,1.0
76,1913,2.0
77,1913,8.0
78,1913,3.0
79,1913,2.0
80,1913,0.0
81,1913,2.0
82,1913,2.0
83,1913,0.0
84,1913,5.0
85,1913,54.0
86,1913,10.0
87,1913,2.0
88,1913,1.0
89,1913,0.0
90,1913,0.0
91,1913,16.0
92,1913,15.0
93,1913,2.0
94,1913,2.0
95,1913,10.0
96,1913,10.0
97,1913,2.0
98,1913,10.0
99,1913,0.0
100,1913,1.0
101,1913,0.0
102,1913,1.0
103,1913,0.0
104,1913,0.0
105,1913,2.0
106,1913,6.0
107,1913,5.0
108,1913,1.0
109,1913,6.0
110,1913,10.0
111,1913,4.0
112,1913,1.0
113,1913,2.0
114,1913,0.0
115,1913,0.0
116,1913,2.0
117,1913,1.0
118,1913,1.0
119,1913,2.0
120,1913,0.0
121,1913,2.0
122,1913,2.0
123,1913,0.0
124,1913,1.0
125,1913,1.0
126,1913,1.0
127,1913,1.0
128,1913,1.0
129,1913,1.0
130,1913,8.0
131,1913,1.0
132,1913,1.0
133,1913,1.0
134,1913,1.0
135,1913,0.0
136,1913,2.0
137,1913,1.0
138,1913,5.0
139,1913,0.0
140,1913,0.0
141,1913,4.0
142,1913,0.0
143,1913,3.0
144,1913,5.0
145,1913,4.0
146,1913,0.0
147,1913,0.0
148,1913,0.0
149,1913,0.0
150,1913,9.0
151,1913,16.0
152,1913,0.0
153,1913,1.0
154,1913,2.0
155,1913,1.0
156,1913,0.0
157,1913,1.0
158,1913,1.0
159,1913,7.0
160,1913,5.0
161,1913,4.0
162,1913,17.0
163,1913,15.0
164,1913,2.0
165,1913,0.0
166,1913,9.0
167,1913,9.0
168,1913,3.0
169,1913,24.0
170,1913,0.0
171,1913,3.0
172,1913,0.0
173,1913,0.0
174,1913,0.0
175,1913,0.0
176,1913,2.0
177,1913,0.0
178,1913,0.0
179,1913,1.0
180,1913,3.0
181,1913,0.0
182,1913,3.0
183,1913,0.0
184,1913,2.0
185,1913,0.0
186,1913,0.0
187,1913,0.0
188,1913,5.0
189,1913,1.0
190,1913,0.0
191,1913,0.0
192,1913,0.0
193,1913,0.0
194,1913,2.0
195,1913,1.0
196,1913,0.0
197,1913,0.0
198,1913,0.0
199,1913,1.0
0,1914,2.0
1,1914,1.0
2,1914,0.0
3,1914,0.0
4,1914,1.0
5,1914,1.0
6,1914,0.0
7,1914,1.0
8,1914,0.0
9,1914,1.0
10,1914,0.0
11,1914,0.0
12,1914,0.0
13,1914,1.0
14,1914,0.0
15,1914,3.0
16,1914,1.0
17,1914,0.0
18,1914,0.0
19,1914,0.0
20,1914,0.0
21,1914,0.0
22,1914,0.0
23,1914,0.0
24,1914,0.0
25,1914,0.0
26,1914,0.0
27,1914,0.0
28,1914,1.0
29,1914,1.0
30,1914,1.0
31,1914,0.0
32,1914,1.0
33,1914,6.0
34,1914,1.0
35,1914,13.0
36,1914,0.0
37,1914,1.0
38,1914,1.0
39,1914,0.0
40,1914,0.0
41,1914,1.0
42,1914,0.0
43,1914,1.0
44,1914,1.0
45,1914,0.0
46,1914,0.0
47,1914,0.0
48,1914,1.0
49,1914,0.0
50,1914,0.0
51,1914,3.0
52,1914,4.0
53,1914,34.0
54,1914,3.0
55,1914,3.0
56,1914,0.0
57,1914,0.0
58,1914,2.0
59,1914,1.0
60,1914,0.0
61,1914,21.0
62,1914,2.0
63,1914,2.0
64,1914,0.0
65,1914,0.0
66,1914,9.0
67,1914,6.0
68,1914,1.0
69,1914,0.0
70,1914,2.0
71,1914,4.0
72,1914,17.0
73,1914,1.0
74,1914,0.0
75,1914,1.0
76,1914,1.0
77,1914,9.0
78,1914,2.0
79,1914,1.0
80,1914,0.0
81,1914,0.0
82,1914,4.0
83,1914,0.0
84,1914,6.0
85,1914,40.0
86,1914,6.0
87,1914,0.0
88,1914,0.0
89,1914,0.0
90,1914,1.0
91,1914,8.0
92,1914,13.0
93,1914,0.0
94,1914,1.0
95,1914,9.0
96,1914,9.0
97,1914,0.0
98,1914,3.0
99,1914,0.0
100,1914,1.0
101,1914,0.0
102,1914,0.0
103,1914,2.0
104,1914,0.0
105,1914,3.0
106,1914,7.0
107,1914,2.0
108,1914,3.0
109,1914,8.0
110,1914,4.0
111,1914,1.0
112,1914,1.0
113,1914,1.0
114,1914,1.0
115,1914,1.0
116,1914,1.0
117,1914,0.0
118,1914,0.0
119,1914,0.0
120,1914,0.0
121,1914,1.0
122,1914,1.0
123,1914,0.0
124,1914,0.0
125,1914,3.0
126,1914,5.0
127,1914,0.0
128,1914,2.0
129,1914,0.0
130,1914,2.0
131,1914,1.0
132,1914,0.0
133,1914,1.0
134,1914,0.0
135,1914,0.0
136,1914,0.0
137,1914,0.0
138,1914,3.0
139,1914,1.0
140,1914,0.0
141,1914,1.0
142,1914,0.0
143,1914,1.0
144,1914,3.0
145,1914,2.0
146,1914,1.0
147,1914,3.0
148,1914,1.0
149,1914,1.0
150,1914,10.0
151,1914,22.0
152,1914,0.0
153,1914,0.0
154,1914,0.0
155,1914,0.0
156,1914,0.0
157,1914,0.0
158,1914,1.0
159,1914,3.0
160,1914,0.0
161,1914,9.0
162,1914,6.0
163,1914,19.0
164,1914,3.0
165,1914,0.0
166,1914,5.0
167,1914,8.0
168,1914,12.0
169,1914,11.0
170,1914,0.0
171,1914,2.0
172,1914,0.0
173,1914,1.0
174,1914,0.0
175,1914,2.0
176,1914,0.0
177,1914,1.0
178,1914,0.0
179,1914,1.0
180,1914,0.0
181,1914,0.0
182,1914,1.0
183,1914,0.0
184,1914,0.0
185,1914,0.0
186,1914,0.0
187,1914,0.0
188,1914,8.0
189,1914,0.0
190,1914,0.0
191,1914,0.0
192,1914,0.0
193,1914,1.0
194,1914,1.0
195,1914,0.0
196,1914,1.0
197,1914,0.0
198,1914,0.0
199,1914,0.0
0,1915,0.0
1,1915,1.0
2,1915,0.0
3,1915,1.0
4,1915,1.0
5,1915,0.0
6,1915,2.0
7,1915,0.0
8,1915,0.0
9,1915,0.0
10,1915,4.0
11,1915,0.0
12,1915,1.0
13,1915,2.0
14,1915,0.0
15,1915,1.0
16,1915,2.0
17,1915,1.0
18,1915,5.0
19,1915,0.0
20,1915,0.0
21,1915,0.0
22,1915,3.0
23,1915,0.0
24,1915,1.0
25,1915,0.0
26,1915,2.0
27,1915,0.0
28,1915,0.0
29,1915,3.0
30,1915,3.0
31,1915,0.0
32,1915,1.0
33,1915,5.0
34,1915,1.0
35,1915,4.0
36,1915,0.0
37,1915,0.0
38,1915,0.0
39,1915,0.0
40,1915,0.0
41,1915,2.0
42,1915,1.0
43,1915,0.0
44,1915,0.0
45,1915,0.0
46,1915,1.0
47,1915,2.0
48,1915,3.0
49,1915,1.0
50,1915,0.0
51,1915,4.0
52,1915,1.0
53,1915,30.0
54,1915,0.0
55,1915,0.0
56,1915,1.0
57,1915,0.0
58,1915,2.0
59,1915,5.0
60,1915,0.0
61,1915,25.0
62,1915,3.0
63,1915,1.0
64,1915,1.0
65,1915,0.0
66,1915,5.0
67,1915,4.0
68,1915,2.0
69,1915,0.0
70,1915,6.0
71,1915,1.0
72,1915,16.0
73,1915,1.0
74,1915,0.0
75,1915,2.0
76,1915,1.0
77,1915,4.0
78,1915,1.0
79,1915,0.0
80,1915,0.0
81,1915,0.0
82,1915,2.0
83,1915,0.0
84,1915,8.0
85,1915,29.0
86,1915,9.0
87,1915,0.0
88,1915,2.0
89,1915,0.0
90,1915,0.0
91,1915,4.0
92,1915,9.0
93,1915,0.0
94,1915,3.0
95,1915,0.0
96,1915,5.0
97,1915,1.0
98,1915,2.0
99,1915,0.0
100,1915,0.0
101,1915,0.0
102,1915,2.0
103,1915,0.0
104,1915,0.0
105,1915,1.0
106,1915,8.0
107,1915,1.0
108,1915,2.0
109,1915,6.0
110,1915,6.0
111,1915,2.0
112,1915,0.0
113,1915,1.0
114,1915,1.0
115,1915,0.0
116,1915,2.0
117,1915,0.0
118,1915,0.0
119,1915,1.0
120,1915,0.0
121,1915,0.0
122,1915,3.0
123,1915,2.0
124,1915,1.0
125,1915,1.0
126,1915,1.0
127,1915,0.0
128,1915,0.0
129,1915,0.0
130,1915,1.0
131,1915,0.0
132,1915,0.0
133,1915,0.0
134,1915,0.0
135,1915,2.0
136,1915,0.0
137,1915,0.0
138,1915,4.0
139,1915,1.0
140,1915,0.0
141,1915,0.0
142,1915,0.0
143,1915,5.0
144,1915,5.0
145,1915,0.0
146,1915,3.0
147,1915,4.0
148,1915,1.0
149,1915,1.0
150,1915,0.0
151,1915,12.0
152,1915,0.0
153,1915,0.0
154,1915,2.0
155,1915,1.0
156,1915,0.0
157,1915,0.0
158,1915,2.0
159,1915,1.0
160,1915,5.0
161,1915,5.0
162,1915,5.0
163,1915,9.0
164,1915,2.0
165,1915,0.0
166,1915,1.0
167,1915,3.0
168,1915,6.0
169,1915,7.0
170,1915,1.0
171,1915,7.0
172,1915,1.0
173,1915,0.0
174,1915,0.0
175,1915,0.0
176,1915,1.0
177,1915,1.0
178,1915,0.0
179,1915,2.0
180,1915,1.0
181,1915,0.0
182,1915,0.0
183,1915,0.0
184,1915,3.0
185,1915,0.0
186,1915,0.0
187,1915,0.0
188,1915,1.0
189,1915,1.0
190,1915,0.0
191,1915,2.0
192,1915,0.0
193,1915,1.0
194,1915,0.0
195,1915,0.0
196,1915,0.0
197,1915,0.0
198,1915,1.0
199,1915,0.0
0,1916,0.0
1,1916,2.0
2,1916,0.0
3,1916,0.0
4,1916,0.0
5,1916,0.0
6,1916,1.0
7,1916,0.0
8,1916,0.0
9,1916,0.0
10,1916,11.0
11,1916,0.0
12,1916,1.0
13,1916,1.0
14,1916,1.0
15,1916,9.0
16,1916,1.0
17,1916,0.0
18,1916,2.0
19,1916,0.0
20,1916,1.0
21,1916,0.0
22,1916,1.0
23,1916,0.0
24,1916,0.0
25,1916,1.0
26,1916,2.0
27,1916,0.0
28,1916,0.0
29,1916,0.0
30,1916,3.0
31,1916,0.0
32,1916,2.0
33,1916,3.0
34,1916,2.0
35,1916,16.0
36,1916,0.0
37,1916,0.0
38,1916,0.0
39,1916,0.0
40,1916,1.0
41,1916,4.0
42,1916,0.0
43,1916,1.0
44,1916,0.0
45,1916,1.0
46,1916,0.0
47,1916,0.0
48,1916,0.0
49,1916,3.0
50,1916,0.0
51,1916,4.0
52,1916,0.0
53,1916,32.0
54,1916,1.0
55,1916,0.0
56,1916,1.0
57,1916,1.0
58,1916,0.0
59,1916,1.0
60,1916,0.0
61,1916,14.0
62,1916,3.0
63,1916,0.0
64,1916,1.0
65,1916,3.0
66,1916,4.0
67,1916,4.0
68,1916,2.0
69,1916,0.0
70,1916,1.0
71,1916,4.0
72,1916,16.0
73,1916,1.0
74,1916,0.0
75,1916,1.0
76,1916,0.0
77,1916,6.0
78,1916,0.0
79,1916,2.0
80,1916,0.0
81,1916,1.0
82,1916,3.0
83,1916,0.0
84,1916,6.0
85,1916,30.0
86,1916,3.0
87,1916,1.0
88,1916,4.0
89,1916,0.0
90,1916,2.0
91,1916,3.0
92,1916,15.0
93,1916,0.0
94,1916,3.0
95,1916,3.0
96,1916,4.0
97,1916,0.0
98,1916,0.0
99,1916,0.0
100,1916,0.0
101,1916,0.0
102,1916,0.0
103,1916,0.0
104,1916,0.0
105,1916,1.0
106,1916,8.0
107,1916,1.0
108,1916,3.0
109,1916,8.0
110,1916,9.0
111,1916,1.0
112,1916,3.0
113,1916,1.0
114,1916,1.0
115,1916,0.0
116,1916,1.0
117,1916,1.0
118,1916,1.0
119,1916,2.0
120,1916,0.0
121,1916,0.0
122,1916,2.0
123,1916,1.0
124,1916,1.0
125,1916,1.0
126,1916,2.0
127,1916,1.0
128,1916,2.0
129,1916,17.0
130,1916,1.0
131,1916,0.0
132,1916,2.0
133,1916,0.0
134,1916,1.0
135,1916,0.0
136,1916,1.0
137,1916,0.0
138,1916,6.0
139,1916,0.0
140,1916,0.0
141,1916,0.0
142,1916,0.0
143,1916,0.0
144,1916,2.0
145,1916,0.0
146,1916,4.0
147,1916,3.0
148,1916,0.0
149,1916,1.0
150,1916,4.0
151,1916,18.0
152,1916,0.0
153,1916,0.0
154,1916,3.0
155,1916,0.0
156,1916,0.0
157,1916,1.0
158,1916,0.0
159,1916,3.0
160,1916,5.0
161,1916,3.0
162,1916,14.0
163,1916,16.0
164,1916,1.0
165,1916,0.0
166,1916,1.0
167,1916,5.0
168,1916,8.0
169,1916,6.0
170,1916,0.0
171,1916,9.0
172,1916,1.0
173,1916,1.0
174,1916,0.0
175,1916,0.0
176,1916,0.0
177,1916,0.0
178,1916,0.0
179,1916,0.0
180,1916,0.0
181,1916,0.0
182,1916,4.0
183,1916,0.0
184,1916,0.0
185,1916,0.0
186,1916,0.0
187,1916,0.0
188,1916,4.0
189,1916,0.0
190,1916,0.0
191,1916,0.0
192,1916,0.0
193,1916,2.0
194,1916,2.0
195,1916,0.0
196,1916,1.0
197,1916,0.0
198,1916,0.0
199,1916,0.0
0,1917,1.0
1,1917,2.0
2,1917,0.0
3,1917,3.0
4,1917,1.0
5,1917,1.0
6,1917,1.0
7,1917,0.0
8,1917,0.0
9,1917,0.0
10,1917,8.0
11,1917,0.0
12,1917,0.0
13,1917,4.0
14,1917,1.0
15,1917,2.0
16,1917,2.0
17,1917,0.0
18,1917,21.0
19,1917,2.0
20,1917,0.0
21,1917,0.0
22,1917,0.0
23,1917,1.0
24,1917,4.0
25,1917,0.0
26,1917,1.0
27,1917,0.0
28,1917,0.0
29,1917,1.0
30,1917,4.0
31,1917,0.0
32,1917,0.0
33,1917,2.0
34,1917,1.0
35,1917,6.0
36,1917,0.0
37,1917,0.0
38,1917,0.0
39,1917,3.0
40,1917,0.0
41,1917,3.0
42,1917,0.0
43,1917,0.0
44,1917,0.0
45,1917,0.0
46,1917,2.0
47,1917,0.0
48,1917,0.0
49,1917,4.0
50,1917,0.0
51,1917,7.0
52,1917,0.0
53,1917,43.0
54,1917,5.0
55,1917,1.0
56,1917,0.0
57,1917,0.0
58,1917,2.0
59,1917,0.0
60,1917,1.0
61,1917,10.0
62,1917,1.0
63,1917,1.0
64,1917,1.0
65,1917,0.0
66,1917,1.0
67,1917,9.0
68,1917,2.0
69,1917,1.0
70,1917,3.0
71,1917,2.0
72,1917,12.0
73,1917,0.0
74,1917,0.0
75,1917,1.0
76,1917,2.0
77,1917,5.0
78,1917,3.0
79,1917,0.0
80,1917,0.0
81,1917,0.0
82,1917,2.0
83,1917,0.0
84,1917,2.0
85,1917,27.0
86,1917,4.0
87,1917,0.0
88,1917,0.0
89,1917,0.0
90,1917,0.0
91,1917,5.0
92,1917,20.0
93,1917,0.0
94,1917,0.0
95,1917,3.0
96,1917,4.0
97,1917,0.0
98,1917,0.0
99,1917,3.0
100,1917,1.0
101,1917,0.0
102,1917,0.0
103,1917,0.0
104,1917,1.0
105,1917,2.0
106,1917,8.0
107,1917,3.0
108,1917,1.0
109,1917,1.0
110,1917,5.0
111,1917,2.0
112,1917,0.0
113,1917,2.0
114,1917,0.0
115,1917,0.0
116,1917,0.0
117,1917,0.0
118,1917,1.0
119,1917,4.0
120,1917,0.0
121,1917,1.0
122,1917,4.0
123,1917,0.0
124,1917,0.0
125,1917,1.0
126,1917,0.0
127,1917,1.0
128,1917,0.0
129,1917,0.0
130,1917,3.0
131,1917,0.0
132,1917,0.0
133,1917,0.0
134,1917,0.0
135,1917,0.0
136,1917,0.0
137,1917,0.0
138,1917,2.0
139,1917,1.0
140,1917,2.0
141,1917,0.0
142,1917,0.0
143,1917,0.0
144,1917,2.0
145,1917,0.0
146,1917,1.0
147,1917,2.0
148,1917,0.0
149,1917,2.0
150,1917,1.0
151,1917,7.0
152,1917,0.0
153,1917,0.0
154,1917,0.0
155,1917,1.0
156,1917,3.0
157,1917,0.0
158,1917,1.0
159,1917,1.0
160,1917,7.0
161,1917,4.0
162,1917,11.0
163,1917,10.0
164,1917,3.0
165,1917,0.0
166,1917,6.0
167,1917,3.0
168,1917,6.0
169,1917,3.0
170,1917,0.0
171,1917,0.0
172,1917,0.0
173,1917,0.0
174,1917,0.0
175,1917,0.0
176,1917,0.0
177,1917,2.0
178,1917,0.0
179,1917,2.0
180,1917,0.0
181,1917,0.0
182,1917,1.0
183,1917,0.0
184,1917,1.0
185,1917,0.0
186,1917,0.0
187,1917,0.0
188,1917,4.0
189,1917,2.0
190,1917,1.0
191,1917,2.0
192,1917,1.0
193,1917,0.0
194,1917,1.0
195,1917,0.0
196,1917,0.0
197,1917,0.0
198,1917,1.0
199,1917,0.0
0,1918,2.0
1,1918,2.0
2,1918,7.0
3,1918,0.0
4,1918,5.0
5,1918,0.0
6,1918,2.0
7,1918,2.0
8,1918,0.0
9,1918,3.0
10,1918,11.0
11,1918,0.0
12,1918,5.0
13,1918,0.0
14,1918,1.0
15,1918,0.0
16,1918,0.0
17,1918,0.0
18,1918,0.0
19,1918,0.0
20,1918,0.0
21,1918,0.0
22,1918,0.0
23,1918,1.0
24,1918,0.0
25,1918,1.0
26,1918,1.0
27,1918,0.0
28,1918,3.0
29,1918,0.0
30,1918,5.0
31,1918,0.0
32,1918,0.0
33,1918,0.0
34,1918,1.0
35,1918,3.0
36,1918,0.0
37,1918,1.0
38,1918,3.0
39,1918,1.0
40,1918,0.0
41,1918,0.0
42,1918,1.0
43,1918,0.0
44,1918,1.0
45,1918,1.0
46,1918,2.0
47,1918,0.0
48,1918,1.0
49,1918,0.0
50,1918,0.0
51,1918,5.0
52,1918,0.0
53,1918,45.0
54,1918,0.0
55,1918,0.0
56,1918,0.0
57,1918,3.0
58,1918,1.0
59,1918,1.0
60,1918,0.0
61,1918,40.0
62,1918,2.0
63,1918,1.0
64,1918,1.0
65,1918,0.0
66,1918,5.0
67,1918,1.0
68,1918,0.0
69,1918,0.0
70,1918,2.0
71,1918,5.0
72,1918,12.0
73,1918,2.0
74,1918,0.0
75,1918,1.0
76,1918,2.0
77,1918,5.0
78,1918,6.0
79,1918,0.0
80,1918,0.0
81,1918,1.0
82,1918,7.0
83,1918,0.0
84,1918,3.0
85,1918,36.0
86,1918,6.0
87,1918,0.0
88,1918,1.0
89,1918,1.0
90,1918,1.0
91,1918,5.0
92,1918,18.0
93,1918,1.0
94,1918,2.0
95,1918,6.0
96,1918,8.0
97,1918,0.0
98,1918,0.0
99,1918,0.0
100,1918,3.0
101,1918,0.0
102,1918,1.0
103,1918,0.0
104,1918,0.0
105,1918,3.0
106,1918,16.0
107,1918,1.0
108,1918,1.0
109,1918,3.0
110,1918,4.0
111,1918,1.0
112,1918,0.0
113,1918,2.0
114,1918,3.0
115,1918,1.0
116,1918,1.0
117,1918,0.0
118,1918,1.0
119,1918,5.0
120,1918,0.0
121,1918,3.0
122,1918,3.0
123,1918,1.0
124,1918,1.0
125,1918,0.0
126,1918,0.0
127,1918,1.0
128,1918,0.0
129,1918,0.0
130,1918,4.0
131,1918,1.0
132,1918,1.0
133,1918,0.0
134,1918,1.0
135,1918,0.0
136,1918,1.0
137,1918,4.0
138,1918,5.0
139,1918,0.0
140,1918,0.0
141,1918,1.0
142,1918,0.0
143,1918,1.0
144,1918,3.0
145,1918,7.0
146,1918,0.0
147,1918,4.0
148,1918,0.0
149,1918,1.0
150,1918,6.0
151,1918,14.0
152,1918,0.0
153,1918,0.0
154,1918,0.0
155,1918,0.0
156,1918,0.0
157,1918,2.0
158,1918,3.0
159,1918,3.0
160,1918,7.0
161,1918,6.0
162,1918,9.0
163,1918,27.0
164,1918,0.0
165,1918,0.0
166,1918,3.0
167,1918,4.0
168,1918,5.0
169,1918,3.0
170,1918,0.0
171,1918,0.0
172,1918,0.0
173,1918,4.0
174,1918,2.0
175,1918,2.0
176,1918,1.0
177,1918,4.0
178,1918,0.0
179,1918,2.0
180,1918,2.0
181,1918,0.0
182,1918,4.0
183,1918,0.0
184,1918,0.0
185,1918,0.0
186,1918,0.0
187,1918,0.0
188,1918,7.0
189,1918,0.0
190,1918,0.0
191,1918,1.0
192,1918,0.0
193,1918,2.0
194,1918,1.0
195,1918,0.0
196,1918,0.0
197,1918,0.0
198,1918,9.0
199,1918,0.0
0,1919,0.0
1,1919,5.0
2,1919,9.0
3,1919,1.0
4,1919,1.0
5,1919,6.0
6,1919,1.0
7,1919,0.0
8,1919,0.0
9,1919,2.0
10,1919,10.0
11,1919,0.0
12,1919,1.0
13,1919,4.0
14,1919,1.0
15,1919,0.0
16,1919,3.0
17,1919,1.0
18,1919,0.0
19,1919,0.0
20,1919,0.0
21,1919,0.0
22,1919,0.0
23,1919,1.0
24,1919,0.0
25,1919,1.0
26,1919,0.0
27,1919,0.0
28,1919,0.0
29,1919,1.0
30,1919,3.0
31,1919,1.0
32,1919,2.0
33,1919,10.0
34,1919,3.0
35,1919,10.0
36,1919,0.0
37,1919,3.0
38,1919,2.0
39,1919,2.0
40,1919,2.0
41,1919,4.0
42,1919,1.0
43,1919,1.0
44,1919,1.0
45,1919,1.0
46,1919,1.0
47,1919,4.0
48,1919,0.0
49,1919,0.0
50,1919,0.0
51,1919,9.0
52,1919,1.0
53,1919,73.0
54,1919,1.0
55,1919,0.0
56,1919,1.0
57,1919,0.0
58,1919,2.0
59,1919,0.0
60,1919,0.0
61,1919,43.0
62,1919,2.0
63,1919,0.0
64,1919,1.0
65,1919,1.0
66,1919,5.0
67,1919,5.0
68,1919,4.0
69,1919,0.0
70,1919,1.0
71,1919,6.0
72,1919,41.0
73,1919,3.0
74,1919,2.0
75,1919,2.0
76,1919,5.0
77,1919,12.0
78,1919,1.0
79,1919,0.0
80,1919,0.0
81,1919,2.0
82,1919,6.0
83,1919,0.0
84,1919,5.0
85,1919,52.0
86,1919,7.0
87,1919,1.0
88,1919,1.0
89,1919,1.0
90,1919,0.0
91,1919,20.0
92,1919,21.0
93,1919,0.0
94,1919,1.0
95,1919,16.0
96,1919,3.0
97,1919,0.0
98,1919,5.0
99,1919,1.0
100,1919,3.0
101,1919,1.0
102,1919,1.0
103,1919,2.0
104,1919,5.0
105,1919,4.0
106,1919,14.0
107,1919,2.0
108,1919,0.0
109,1919,8.0
110,1919,10.0
111,1919,4.0
112,1919,1.0
113,1919,7.0
114,1919,0.0
115,1919,1.0
116,1919,0.0
117,1919,2.0
118,1919,0.0
119,1919,3.0
120,1919,0.0
121,1919,1.0
122,1919,6.0
123,1919,0.0
124,1919,5.0
125,1919,5.0
126,1919,2.0
127,1919,3.0
128,1919,0.0
129,1919,0.0
130,1919,11.0
131,1919,2.0
132,1919,0.0
133,1919,1.0
134,1919,0.0
135,1919,0.0
136,1919,4.0
137,1919,1.0
138,1919,1.0
139,1919,3.0
140,1919,0.0
141,1919,3.0
142,1919,0.0
143,1919,4.0
144,1919,6.0
145,1919,5.0
146,1919,1.0
147,1919,2.0
148,1919,0.0
149,1919,3.0
150,1919,4.0
151,1919,7.0
152,1919,0.0
153,1919,0.0
154,1919,2.0
155,1919,1.0
156,1919,0.0
157,1919,0.0
158,1919,3.0
159,1919,7.0
160,1919,5.0
161,1919,3.0
162,1919,7.0
163,1919,13.0
164,1919,2.0
165,1919,0.0
166,1919,12.0
167,1919,2.0
168,1919,8.0
169,1919,8.0
170,1919,0.0
171,1919,0.0
172,1919,0.0
173,1919,0.0
174,1919,2.0
175,1919,2.0
176,1919,0.0
177,1919,1.0
178,1919,0.0
179,1919,0.0
180,1919,2.0
181,1919,0.0
182,1919,1.0
183,1919,0.0
184,1919,1.0
185,1919,0.0
186,1919,0.0
187,1919,2.0
188,1919,5.0
189,1919,0.0
190,1919,0.0
191,1919,0.0
192,1919,0.0
193,1919,3.0
194,1919,2.0
195,1919,0.0
196,1919,3.0
197,1919,0.0
198,1919,0.0
199,1919,0.0
0,1920,0.0
1,1920,1.0
2,1920,21.0
3,1920,3.0
4,1920,0.0
5,1920,1.0
6,1920,2.0
7,1920,0.0
8,1920,0.0
9,1920,1.0
10,1920,12.0
11,1920,0.0
12,1920,4.0
13,1920,3.0
14,1920,0.0
15,1920,0.0
16,1920,2.0
17,1920,2.0
18,1920,0.0
19,1920,1.0
20,1920,0.0
21,1920,0.0
22,1920,0.0
23,1920,1.0
24,1920,0.0
25,1920,0.0
26,1920,1.0
27,1920,0.0
28,1920,6.0
29,1920,1.0
30,1920,1.0
31,1920,2.0
32,1920,2.0
33,1920,10.0
34,1920,1.0
35,1920,11.0
36,1920,1.0
37,1920,4.0
38,1920,0.0
39,1920,4.0
40,1920,0.0
41,1920,2.0
42,1920,1.0
43,1920,3.0
44,1920,1.0
45,1920,0.0
46,1920,0.0
47,1920,8.0
48,1920,0.0
49,1920,2.0
50,1920,0.0
51,1920,7.0
52,1920,2.0
53,1920,62.0
54,1920,5.0
55,1920,0.0
56,1920,0.0
57,1920,1.0
58,1920,3.0
59,1920,3.0
60,1920,0.0
61,1920,40.0
62,1920,3.0
63,1920,1.0
64,1920,4.0
65,1920,0.0
66,1920,13.0
67,1920,3.0
68,1920,1.0
69,1920,1.0
70,1920,3.0
71,1920,6.0
72,1920,41.0
73,1920,1.0
74,1920,2.0
75,1920,1.0
76,1920,3.0
77,1920,4.0
78,1920,2.0
79,1920,0.0
80,1920,0.0
81,1920,1.0
82,1920,7.0
83,1920,0.0
84,1920,7.0
85,1920,52.0
86,1920,9.0
87,1920,0.0
88,1920,3.0
89,1920,1.0
90,1920,0.0
91,1920,8.0
92,1920,20.0
93,1920,0.0
94,1920,0.0
95,1920,6.0
96,1920,11.0
97,1920,1.0
98,1920,7.0
99,1920,2.0
100,1920,2.0
101,1920,0.0
102,1920,1.0
103,1920,4.0
104,1920,1.0
105,1920,4.0
106,1920,12.0
107,1920,6.0
108,1920,1.0
109,1920,6.0
110,1920,4.0
111,1920,1.0
112,1920,1.0
113,1920,4.0
114,1920,1.0
115,1920,1.0
116,1920,2.0
117,1920,0.0
118,1920,1.0
119,1920,2.0
120,1920,0.0
121,1920,0.0
122,1920,4.0
123,1920,0.0
124,1920,2.0
125,1920,3.0
126,1920,2.0
127,1920,1.0
128,1920,0.0
129,1920,0.0
130,1920,3.0
131,1920,2.0
132,1920,3.0
133,1920,1.0
134,1920,2.0
135,1920,0.0
136,1920,3.0
137,1920,3.0
138,1920,13.0
139,1920,0.0
140,1920,1.0
141,1920,0.0
142,1920,0.0
143,1920,4.0
144,1920,1.0
145,1920,8.0
146,1920,3.0
147,1920,8.0
148,1920,0.0
149,1920,3.0
150,1920,4.0
151,1920,25.0
152,1920,0.0
153,1920,0.0
154,1920,1.0
155,1920,4.0
156,1920,0.0
157,1920,3.0
158,1920,1.0
159,1920,4.0
160,1920,6.0
161,1920,6.0
162,1920,13.0
163,1920,18.0
164,1920,3.0
165,1920,0.0
166,1920,12.0
167,1920,12.0
168,1920,8.0
169,1920,13.0
170,1920,1.0
171,1920,5.0
172,1920,1.0
173,1920,1.0
174,1920,2.0
175,1920,1.0
176,1920,0.0
177,1920,0.0
178,1920,0.0
179,1920,2.0
180,1920,1.0
181,1920,0.0
182,1920,6.0
183,1920,0.0
184,1920,2.0
185,1920,0.0
186,1920,0.0
187,1920,1.0
188,1920,4.0
189,1920,0.0
190,1920,2.0
191,1920,1.0
192,1920,0.0
193,1920,1.0
194,1920,2.0
195,1920,1.0
196,1920,0.0
197,1920,0.0
198,1920,1.0
199,1920,0.0
0,1921,0.0
1,1921,2.0
2,1921,7.0
3,1921,1.0
4,1921,0.0
5,1921,3.0
6,1921,0.0
7,1921,0.0
8,1921,0.0
9,1921,6.0
10,1921,5.0
11,1921,1.0
12,1921,0.0
13,1921,0.0
14,1921,0.0
15,1921,2.0
16,1921,2.0
17,1921,0.0
18,1921,0.0
19,1921,0.0
20,1921,5.0
21,1921,0.0
22,1921,0.0
23,1921,1.0
24,1921,4.0
25,1921,0.0
26,1921,0.0
27,1921,0.0
28,1921,2.0
29,1921,0.0
30,1921,2.0
31,1921,0.0
32,1921,0.0
33,1921,0.0
34,1921,5.0
35,1921,1.0
36,1921,0.0
37,1921,0.0
38,1921,0.0
39,1921,1.0
40,1921,0.0
41,1921,4.0
42,1921,0.0
43,1921,0.0
44,1921,1.0
45,1921,1.0
46,1921,0.0
47,1921,2.0
48,1921,0.0
49,1921,1.0
50,1921,1.0
51,1921,4.0
52,1921,0.0
53,1921,30.0
54,1921,2.0
55,1921,0.0
56,1921,1.0
57,1921,0.0
58,1921,0.0
59,1921,0.0
60,1921,0.0
61,1921,20.0
62,1921,3.0
63,1921,0.0
64,1921,1.0
65,1921,0.0
66,1921,3.0
67,1921,4.0
68,1921,2.0
69,1921,0.0
70,1921,3.0
71,1921,2.0
72,1921,12.0
73,1921,0.0
74,1921,0.0
75,1921,1.0
76,1921,1.0
77,1921,1.0
78,1921,2.0
79,1921,0.0
80,1921,0.0
81,1921,2.0
82,1921,8.0
83,1921,0.0
84,1921,3.0
85,1921,41.0
86,1921,8.0
87,1921,0.0
88,1921,6.0
89,1921,1.0
90,1921,1.0
91,1921,10.0
92,1921,15.0
93,1921,0.0
94,1921,3.0
95,1921,4.0
96,1921,6.0
97,1921,0.0
98,1921,2.0
99,1921,0.0
100,1921,0.0
101,1921,0.0
102,1921,2.0
103,1921,4.0
104,1921,0.0
105,1921,3.0
106,1921,14.0
107,1921,4.0
108,1921,2.0
109,1921,5.0
110,1921,5.0
111,1921,0.0
112,1921,4.0
113,1921,2.0
114,1921,1.0
115,1921,0.0
116,1921,3.0
117,1921,0.0
118,1921,0.0
119,1921,4.0
120,1921,2.0
121,1921,2.0
122,1921,1.0
123,1921,3.0
124,1921,2.0
125,1921,0.0
126,1921,1.0
127,1921,2.0
128,1921,0.0
129,1921,3.0
130,1921,0.0
131,1921,0.0
132,1921,0.0
133,1921,0.0
134,1921,0.0
135,1921,1.0
136,1921,0.0
137,1921,1.0
138,1921,7.0
139,1921,0.0
140,1921,0.0
141,1921,2.0
142,1921,1.0
143,1921,1.0
144,1921,4.0
145,1921,0.0
146,1921,1.0
147,1921,3.0
148,1921,0.0
149,1921,0.0
150,1921,1.0
151,1921,6.0
152,1921,0.0
153,1921,0.0
154,1921,2.0
155,1921,2.0
156,1921,2.0
157,1921,0.0
158,1921,1.0
159,1921,4.0
160,1921,1.0
161,1921,4.0
162,1921,26.0
163,1921,11.0
164,1921,3.0
165,1921,0.0
166,1921,0.0
167,1921,6.0
168,1921,11.0
169,1921,11.0
170,1921,0.0
171,1921,0.0
172,1921,1.0
173,1921,3.0
174,1921,3.0
175,1921,1.0
176,1921,3.0
177,1921,0.0
178,1921,0.0
179,1921,0.0
180,1921,1.0
181,1921,0.0
182,1921,5.0
183,1921,0.0
184,1921,0.0
185,1921,0.0
186,1921,0.0
187,1921,0.0
188,1921,3.0
189,1921,1.0
190,1921,0.0
191,1921,0.0
192,1921,0.0
193,1921,2.0
194,1921,1.0
195,1921,0.0
196,1921,0.0
197,1921,0.0
198,1921,2.0
199,1921,0.0
0,1922,0.0
1,1922,0.0
2,1922,12.0
3,1922,0.0
4,1922,4.0
5,1922,1.0
6,1922,0.0
7,1922,0.0
8,1922,0.0
9,1922,3.0
10,1922,8.0
11,1922,0.0
12,1922,0.0
13,1922,6.0
14,1922,1.0
15,1922,2.0
16,1922,1.0
17,1922,0.0
18,1922,0.0
19,1922,0.0
20,1922,1.0
21,1922,1.0
22,1922,1.0
23,1922,2.0
24,1922,2.0
25,1922,0.0
26,1922,1.0
27,1922,0.0
28,1922,1.0
29,1922,0.0
30,1922,2.0
31,1922,0.0
32,1922,3.0
33,1922,2.0
34,1922,0.0
35,1922,0.0
36,1922,0.0
37,1922,3.0
38,1922,0.0
39,1922,2.0
40,1922,0.0
41,1922,2.0
42,1922,0.0
43,1922,0.0
44,1922,0.0
45,1922,4.0
46,1922,5.0
47,1922,1.0
48,1922,0.0
49,1922,4.0
50,1922,0.0
51,1922,4.0
52,1922,0.0
53,1922,39.0
54,1922,2.0
55,1922,1.0
56,1922,0.0
57,1922,0.0
58,1922,0.0
59,1922,2.0
60,1922,0.0
61,1922,28.0
62,1922,2.0
63,1922,1.0
64,1922,1.0
65,1922,1.0
66,1922,3.0
67,1922,3.0
68,1922,0.0
69,1922,1.0
70,1922,0.0
71,1922,0.0
72,1922,21.0
73,1922,2.0
74,1922,0.0
75,1922,0.0
76,1922,1.0
77,1922,4.0
78,1922,2.0
79,1922,0.0
80,1922,0.0
81,1922,1.0
82,1922,3.0
83,1922,0.0
84,1922,9.0
85,1922,39.0
86,1922,10.0
87,1922,0.0
88,1922,1.0
89,1922,0.0
90,1922,0.0
91,1922,6.0
92,1922,20.0
93,1922,0.0
94,1922,0.0
95,1922,4.0
96,1922,10.0
97,1922,0.0
98,1922,2.0
99,1922,1.0
100,1922,0.0
101,1922,2.0
102,1922,1.0
103,1922,2.0
104,1922,0.0
105,1922,2.0
106,1922,7.0
107,1922,4.0
108,1922,2.0
109,1922,7.0
110,1922,8.0
111,1922,3.0
112,1922,0.0
113,1922,2.0
114,1922,2.0
115,1922,1.0
116,1922,1.0
117,1922,0.0
118,1922,0.0
119,1922,4.0
120,1922,0.0
121,1922,1.0
122,1922,2.0
123,1922,2.0
124,1922,0.0
125,1922,4.0
126,1922,2.0
127,1922,1.0
128,1922,0.0
129,1922,1.0
130,1922,0.0
131,1922,2.0
132,1922,0.0
133,1922,0.0
134,1922,1.0
135,1922,0.0
136,1922,0.0
137,1922,2.0
138,1922,1.0
139,1922,0.0
140,1922,1.0
141,1922,0.0
142,1922,0.0
143,1922,1.0
144,1922,3.0
145,1922,0.0
146,1922,1.0
147,1922,3.0
148,1922,0.0
149,1922,2.0
150,1922,0.0
151,1922,14.0
152,1922,0.0
153,1922,0.0
154,1922,0.0
155,1922,0.0
156,1922,0.0
157,1922,0.0
158,1922,1.0
159,1922,2.0
160,1922,4.0
161,1922,6.0
162,1922,23.0
163,1922,16.0
164,1922,2.0
165,1922,0.0
166,1922,0.0
167,1922,8.0
168,1922,16.0
169,1922,10.0
170,1922,1.0
171,1922,1.0
172,1922,0.0
173,1922,6.0
174,1922,2.0
175,1922,3.0
176,1922,2.0
177,1922,0.0
178,1922,0.0
179,1922,0.0
180,1922,1.0
181,1922,0.0
182,1922,1.0
183,1922,0.0
184,1922,0.0
185,1922,1.0
186,1922,0.0
187,1922,1.0
188,1922,6.0
189,1922,0.0
190,1922,0.0
191,1922,1.0
192,1922,0.0
193,1922,2.0
194,1922,0.0
195,1922,0.0
196,1922,0.0
197,1922,0.0
198,1922,4.0
199,1922,0.0
0,1923,0.0
1,1923,0.0
2,1923,11.0
3,1923,1.0
4,1923,0.0
5,1923,2.0
6,1923,0.0
7,1923,0.0
8,1923,0.0
9,1923,0.0
10,1923,6.0
11,1923,0.0
12,1923,0.0
13,1923,0.0
14,1923,0.0
15,1923,3.0
16,1923,2.0
17,1923,0.0
18,1923,0.0
19,1923,1.0
20,1923,0.0
21,1923,0.0
22,1923,0.0
23,1923,1.0
24,1923,0.0
25,1923,0.0
26,1923,2.0
27,1923,0.0
28,1923,0.0
29,1923,1.0
30,1923,2.0
31,1923,2.0
32,1923,0.0
33,1923,10.0
34,1923,1.0
35,1923,9.0
36,1923,0.0
37,1923,1.0
38,1923,1.0
39,1923,3.0
40,1923,0.0
41,1923,3.0
42,1923,0.0
43,1923,0.0
44,1923,0.0
45,1923,2.0
46,1923,4.0
47,1923,3.0
48,1923,3.0
49,1923,1.0
50,1923,0.0
51,1923,3.0
52,1923,0.0
53,1923,31.0
54,1923,1.0
55,1923,4.0
56,1923,0.0
57,1923,0.0
58,1923,0.0
59,1923,1.0
60,1923,0.0
61,1923,24.0
62,1923,3.0
63,1923,1.0
64,1923,1.0
65,1923,0.0
66,1923,3.0
67,1923,6.0
68,1923,0.0
69,1923,0.0
70,1923,0.0
71,1923,3.0
72,1923,15.0
73,1923,1.0
74,1923,0.0
75,1923,1.0
76,1923,3.0
77,1923,5.0
78,1923,0.0
79,1923,0.0
80,1923,20.0
81,1923,0.0
82,1923,8.0
83,1923,0.0
84,1923,2.0
85,1923,34.0
86,1923,5.0
87,1923,0.0
88,1923,0.0
89,1923,0.0
90,1923,0.0
91,1923,7.0
92,1923,12.0
93,1923,0.0
94,1923,2.0
95,1923,0.0
96,1923,2.0
97,1923,0.0
98,1923,5.0
99,1923,1.0
100,1923,2.0
101,1923,0.0
102,1923,1.0
103,1923,0.0
104,1923,0.0
105,1923,1.0
106,1923,3.0
107,1923,3.0
108,1923,4.0
109,1923,4.0
110,1923,7.0
111,1923,1.0
112,1923,1.0
113,1923,0.0
114,1923,2.0
115,1923,0.0
116,1923,1.0
117,1923,0.0
118,1923,2.0
119,1923,1.0
120,1923,1.0
121,1923,0.0
122,1923,3.0
123,1923,1.0
124,1923,2.0
125,1923,1.0
126,1923,1.0
127,1923,0.0
128,1923,1.0
129,1923,3.0
130,1923,1.0
131,1923,1.0
132,1923,4.0
133,1923,0.0
134,1923,0.0
135,1923,0.0
136,1923,0.0
137,1923,1.0
138,1923,2.0
139,1923,1.0
140,1923,0.0
141,1923,0.0
142,1923,0.0
143,1923,1.0
144,1923,2.0
145,1923,2.0
146,1923,0.0
147,1923,3.0
148,1923,0.0
149,1923,0.0
150,1923,0.0
151,1923,8.0
152,1923,0.0
153,1923,2.0
154,1923,0.0
155,1923,0.0
156,1923,0.0
157,1923,0.0
158,1923,3.0
159,1923,1.0
160,1923,4.0
161,1923,2.0
162,1923,19.0
163,1923,12.0
164,1923,0.0
165,1923,0.0
166,1923,0.0
167,1923,2.0
168,1923,4.0
169,1923,6.0
170,1923,0.0
171,1923,0.0
172,1923,1.0
173,1923,2.0
174,1923,0.0
175,1923,1.0
176,1923,1.0
177,1923,0.0
178,1923,0.0
179,1923,2.0
180,1923,0.0
181,1923,0.0
182,1923,1.0
183,1923,0.0
184,1923,0.0
185,1923,0.0
186,1923,0.0
187,1923,0.0
188,1923,2.0
189,1923,0.0
190,1923,0.0
191,1923,0.0
192,1923,0.0
193,1923,1.0
194,1923,1.0
195,1923,1.0
196,1923,0.0
197,1923,0.0
198,1923,0.0
199,1923,0.0
0,1924,0.0
1,1924,0.0
2,1924,13.0
3,1924,0.0
4,1924,3.0
5,1924,2.0
6,1924,1.0
7,1924,0.0
8,1924,0.0
9,1924,5.0
10,1924,5.0
11,1924,0.0
12,1924,1.0
13,1924,3.0
14,1924,0.0
15,1924,2.0
16,1924,1.0
17,1924,1.0
18,1924,1.0
19,1924,0.0
20,1924,0.0
21,1924,0.0
22,1924,3.0
23,1924,2.0
24,1924,0.0
25,1924,1.0
26,1924,1.0
27,1924,0.0
28,1924,1.0
29,1924,0.0
30,1924,3.0
31,1924,1.0
32,1924,0.0
33,1924,2.0
34,1924,0.0
35,1924,3.0
36,1924,0.0
37,1924,0.0
38,1924,1.0
39,1924,0.0
40,1924,0.0
41,1924,0.0
42,1924,0.0
43,1924,0.0
44,1924,1.0
45,1924,1.0
46,1924,1.0
47,1924,1.0
48,1924,1.0
49,1924,1.0
50,1924,1.0
51,1924,4.0
52,1924,1.0
53,1924,26.0
54,1924,0.0
55,1924,0.0
56,1924,0.0
57,1924,0.0
58,1924,0.0
59,1924,0.0
60,1924,0.0
61,1924,19.0
62,1924,4.0
63,1924,0.0
64,1924,2.0
65,1924,0.0
66,1924,1.0
67,1924,2.0
68,1924,1.0
69,1924,0.0
70,1924,0.0
71,1924,0.0
72,1924,7.0
73,1924,0.0
74,1924,0.0
75,1924,0.0
76,1924,0.0
77,1924,1.0
78,1924,1.0
79,1924,1.0
80,1924,27.0
81,1924,1.0
82,1924,5.0
83,1924,0.0
84,1924,7.0
85,1924,39.0
86,1924,7.0
87,1924,1.0
88,1924,4.0
89,1924,1.0
90,1924,2.0
91,1924,3.0
92,1924,13.0
93,1924,1.0
94,1924,1.0
95,1924,13.0
96,1924,2.0
97,1924,0.0
98,1924,6.0
99,1924,0.0
100,1924,3.0
101,1924,0.0
102,1924,0.0
103,1924,0.0
104,1924,1.0
105,1924,2.0
106,1924,0.0
107,1924,0.0
108,1924,2.0
109,1924,4.0
110,1924,8.0
111,1924,0.0
112,1924,0.0
113,1924,1.0
114,1924,0.0
115,1924,0.0
116,1924,2.0
117,1924,0.0
118,1924,2.0
119,1924,3.0
120,1924,0.0
121,1924,4.0
122,1924,4.0
123,1924,0.0
124,1924,3.0
125,1924,2.0
126,1924,1.0
127,1924,0.0
128,1924,3.0
129,1924,1.0
130,1924,3.0
131,1924,1.0
132,1924,1.0
133,1924,1.0
134,1924,0.0
135,1924,0.0
136,1924,0.0
137,1924,0.0
138,1924,1.0
139,1924,0.0
140,1924,0.0
141,1924,1.0
142,1924,0.0
143,1924,0.0
144,1924,2.0
145,1924,2.0
146,1924,0.0
147,1924,2.0
148,1924,1.0
149,1924,1.0
150,1924,0.0
151,1924,11.0
152,1924,0.0
153,1924,1.0
154,1924,1.0
155,1924,1.0
156,1924,0.0
157,1924,2.0
158,1924,0.0
159,1924,2.0
160,1924,3.0
161,1924,1.0
162,1924,5.0
163,1924,10.0
164,1924,0.0
165,1924,0.0
166,1924,0.0
167,1924,2.0
168,1924,0.0
169,1924,17.0
170,1924,1.0
171,1924,3.0
172,1924,0.0
173,1924,0.0
174,1924,0.0
175,1924,0.0
176,1924,0.0
177,1924,0.0
178,1924,0.0
179,1924,1.0
180,1924,2.0
181,1924,0.0
182,1924,2.0
183,1924,0.0
184,1924,0.0
185,1924,0.0
186,1924,0.0
187,1924,1.0
188,1924,3.0
189,1924,0.0
190,1924,0.0
191,1924,0.0
192,1924,1.0
193,1924,2.0
194,1924,0.0
195,1924,1.0
196,1924,0.0
197,1924,0.0
198,1924,4.0
199,1924,0.0
0,1925,1.0
1,1925,0.0
2,1925,16.0
3,1925,9.0
4,1925,0.0
5,1925,0.0
6,1925,0.0
7,1925,1.0
8,1925,0.0
9,1925,6.0
10,1925,10.0
11,1925,0.0
12,1925,0.0
13,1925,3.0
14,1925,0.0
15,1925,0.0
16,1925,0.0
17,1925,0.0
18,1925,2.0
19,1925,0.0
20,1925,0.0
21,1925,0.0
22,1925,2.0
23,1925,1.0
24,1925,0.0
25,1925,1.0
26,1925,0.0
27,1925,0.0
28,1925,0.0
29,1925,2.0
30,1925,0.0
31,1925,1.0
32,1925,0.0
33,1925,2.0
34,1925,0.0
35,1925,0.0
36,1925,0.0
37,1925,2.0
38,1925,0.0
39,1925,0.0
40,1925,0.0
41,1925,2.0
42,1925,3.0
43,1925,0.0
44,1925,0.0
45,1925,3.0
46,1925,2.0
47,1925,0.0
48,1925,0.0
49,1925,4.0
50,1925,0.0
51,1925,7.0
52,1925,1.0
53,1925,61.0
54,1925,0.0
55,1925,0.0
56,1925,0.0
57,1925,0.0
58,1925,1.0
59,1925,1.0
60,1925,3.0
61,1925,29.0
62,1925,5.0
63,1925,1.0
64,1925,1.0
65,1925,0.0
66,1925,3.0
67,1925,1.0
68,1925,3.0
69,1925,1.0
70,1925,3.0
71,1925,7.0
72,1925,7.0
73,1925,2.0
74,1925,3.0
75,1925,0.0
76,1925,0.0
77,1925,7.0
78,1925,3.0
79,1925,0.0
80,1925,23.0
81,1925,2.0
82,1925,6.0
83,1925,0.0
84,1925,7.0
85,1925,43.0
86,1925,8.0
87,1925,0.0
88,1925,1.0
89,1925,0.0
90,1925,2.0
91,1925,4.0
92,1925,11.0
93,1925,0.0
94,1925,0.0
95,1925,6.0
96,1925,6.0
97,1925,0.0
98,1925,7.0
99,1925,0.0
100,1925,0.0
101,1925,0.0
102,1925,0.0
103,1925,3.0
104,1925,2.0
105,1925,2.0
106,1925,0.0
107,1925,1.0
108,1925,2.0
109,1925,3.0
110,1925,4.0
111,1925,0.0
112,1925,0.0
113,1925,1.0
114,1925,0.0
115,1925,0.0
116,1925,3.0
117,1925,5.0
118,1925,0.0
119,1925,1.0
120,1925,0.0
121,1925,2.0
122,1925,5.0
123,1925,1.0
124,1925,1.0
125,1925,2.0
126,1925,2.0
127,1925,2.0
128,1925,0.0
129,1925,2.0
130,1925,0.0
131,1925,0.0
132,1925,0.0
133,1925,0.0
134,1925,1.0
135,1925,0.0
136,1925,2.0
137,1925,1.0
138,1925,2.0
139,1925,0.0
140,1925,0.0
141,1925,0.0
142,1925,0.0
143,1925,3.0
144,1925,1.0
145,1925,5.0
146,1925,2.0
147,1925,0.0
148,1925,1.0
149,1925,2.0
150,1925,0.0
151,1925,9.0
152,1925,6.0
153,1925,2.0
154,1925,1.0
155,1925,1.0
156,1925,0.0
157,1925,2.0
158,1925,0.0
159,1925,6.0
160,1925,4.0
161,1925,6.0
162,1925,15.0
163,1925,7.0
164,1925,3.0
165,1925,0.0
166,1925,9.0
167,1925,0.0
168,1925,5.0
169,1925,15.0
170,1925,0.0
171,1925,4.0
172,1925,2.0
173,1925,0.0
174,1925,0.0
175,1925,2.0
176,1925,0.0
177,1925,0.0
178,1925,0.0
179,1925,0.0
180,1925,1.0
181,1925,0.0
182,1925,3.0
183,1925,0.0
184,1925,2.0
185,1925,0.0
186,1925,0.0
187,1925,5.0
188,1925,7.0
189,1925,0.0
190,1925,0.0
191,1925,0.0
192,1925,0.0
193,1925,1.0
194,1925,3.0
195,1925,0.0
196,1925,0.0
197,1925,0.0
198,1925,3.0
199,1925,0.0
0,1926,1.0
1,1926,3.0
2,1926,12.0
3,1926,0.0
4,1926,5.0
5,1926,1.0
6,1926,1.0
7,1926,0.0
8,1926,0.0
9,1926,3.0
10,1926,11.0
11,1926,0.0
12,1926,1.0
13,1926,3.0
14,1926,0.0
15,1926,3.0
16,1926,4.0
17,1926,0.0
18,1926,3.0
19,1926,0.0
20,1926,0.0
21,1926,0.0
22,1926,8.0
23,1926,0.0
24,1926,1.0
25,1926,0.0
26,1926,2.0
27,1926,0.0
28,1926,3.0
29,1926,2.0
30,1926,2.0
31,1926,0.0
32,1926,0.0
33,1926,6.0
34,1926,1.0
35,1926,0.0
36,1926,0.0
37,1926,0.0
38,1926,1.0
39,1926,0.0
40,1926,0.0
41,1926,2.0
42,1926,2.0
43,1926,0.0
44,1926,0.0
45,1926,0.0
46,1926,5.0
47,1926,0.0
48,1926,0.0
49,1926,2.0
50,1926,0.0
51,1926,7.0
52,1926,4.0
53,1926,57.0
54,1926,0.0
55,1926,1.0
56,1926,0.0
57,1926,1.0
58,1926,0.0
59,1926,0.0
60,1926,1.0
61,1926,42.0
62,1926,4.0
63,1926,1.0
64,1926,3.0
65,1926,1.0
66,1926,4.0
67,1926,6.0
68,1926,2.0
69,1926,1.0
70,1926,3.0
71,1926,5.0
72,1926,25.0
73,1926,1.0
74,1926,2.0
75,1926,0.0
76,1926,4.0
77,1926,19.0
78,1926,2.0
79,1926,0.0
80,1926,25.0
81,1926,3.0
82,1926,11.0
83,1926,0.0
84,1926,8.0
85,1926,52.0
86,1926,3.0
87,1926,0.0
88,1926,1.0
89,1926,1.0
90,1926,1.0
91,1926,4.0
92,1926,12.0
93,1926,0.0
94,1926,4.0
95,1926,5.0
96,1926,13.0
97,1926,0.0
98,1926,6.0
99,1926,0.0
100,1926,1.0
101,1926,0.0
102,1926,1.0
103,1926,3.0
104,1926,7.0
105,1926,0.0
106,1926,11.0
107,1926,4.0
108,1926,4.0
109,1926,6.0
110,1926,9.0
111,1926,3.0
112,1926,2.0
113,1926,2.0
114,1926,2.0
115,1926,1.0
116,1926,2.0
117,1926,0.0
118,1926,0.0
119,1926,2.0
120,1926,0.0
121,1926,1.0
122,1926,4.0
123,1926,0.0
124,1926,1.0
125,1926,1.0
126,1926,3.0
127,1926,0.0
128,1926,0.0
129,1926,2.0
130,1926,5.0
131,1926,0.0
132,1926,0.0
133,1926,0.0
134,1926,2.0
135,1926,0.0
136,1926,1.0
137,1926,1.0
138,1926,5.0
139,1926,5.0
140,1926,1.0
141,1926,0.0
142,1926,0.0
143,1926,3.0
144,1926,3.0
145,1926,9.0
146,1926,0.0
147,1926,0.0
148,1926,0.0
149,1926,1.0
150,1926,0.0
151,1926,15.0
152,1926,4.0
153,1926,0.0
154,1926,3.0
155,1926,3.0
156,1926,1.0
157,1926,1.0
158,1926,2.0
159,1926,6.0
160,1926,4.0
161,1926,6.0
162,1926,31.0
163,1926,9.0
164,1926,2.0
165,1926,0.0
166,1926,2.0
167,1926,10.0
168,1926,7.0
169,1926,19.0
170,1926,0.0
171,1926,6.0
172,1926,1.0
173,1926,1.0
174,1926,0.0
175,1926,1.0
176,1926,3.0
177,1926,0.0
178,1926,1.0
179,1926,1.0
180,1926,0.0
181,1926,0.0
182,1926,1.0
183,1926,0.0
184,1926,1.0
185,1926,3.0
186,1926,0.0
187,1926,1.0
188,1926,6.0
189,1926,0.0
190,1926,1.0
191,1926,1.0
192,1926,0.0
193,1926,3.0
194,1926,1.0
195,1926,1.0
196,1926,0.0
197,1926,0.0
198,1926,3.0
199,1926,0.0
0,1927,3.0
1,1927,0.0
2,1927,10.0
3,1927,0.0
4,1927,2.0
5,1927,0.0
6,1927,0.0
7,1927,0.0
8,1927,0.0
9,1927,0.0
10,1927,0.0
11,1927,0.0
12,1927,0.0
13,1927,1.0
14,1927,1.0
15,1927,6.0
16,1927,2.0
17,1927,1.0
18,1927,1.0
19,1927,0.0
20,1927,1.0
21,1927,0.0
22,1927,0.0
23,1927,0.0
24,1927,0.0
25,1927,0.0
26,1927,0.0
27,1927,0.0
28,1927,0.0
29,1927,1.0
30,1927,3.0
31,1927,4.0
32,1927,2.0
33,1927,2.0
34,1927,3.0
35,1927,0.0
36,1927,0.0
37,1927,1.0
38,1927,1.0
39,1927,1.0
40,1927,0.0
41,1927,0.0
42,1927,0.0
43,1927,0.0
44,1927,0.0
45,1927,1.0
46,1927,2.0
47,1927,0.0
48,1927,0.0
49,1927,0.0
50,1927,0.0
51,1927,3.0
52,1927,1.0
53,1927,76.0
54,1927,0.0
55,1927,0.0
56,1927,1.0
57,1927,0.0
58,1927,2.0
59,1927,2.0
60,1927,0.0
61,1927,39.0
62,1927,6.0
63,1927,0.0
64,1927,3.0
65,1927,0.0
66,1927,6.0
67,1927,3.0
68,1927,2.0
69,1927,0.0
70,1927,3.0
71,1927,4.0
72,1927,20.0
73,1927,0.0
74,1927,0.0
75,1927,2.0
76,1927,1.0
77,1927,11.0
78,1927,0.0
79,1927,0.0
80,1927,35.0
81,1927,1.0
82,1927,10.0
83,1927,0.0
84,1927,5.0
85,1927,61.0
86,1927,5.0
87,1927,0.0
88,1927,0.0
89,1927,0.0
90,1927,0.0
91,1927,5.0
92,1927,21.0
93,1927,0.0
94,1927,2.0
95,1927,7.0
96,1927,3.0
97,1927,0.0
98,1927,5.0
99,1927,0.0
100,1927,2.0
101,1927,0.0
102,1927,0.0
103,1927,0.0
104,1927,3.0
105,1927,6.0
106,1927,14.0
107,1927,0.0
108,1927,3.0
109,1927,10.0
110,1927,6.0
111,1927,0.0
112,1927,0.0
113,1927,3.0
114,1927,3.0
115,1927,0.0
116,1927,1.0
117,1927,1.0
118,1927,1.0
119,1927,2.0
120,1927,1.0
121,1927,4.0
122,1927,3.0
123,1927,0.0
124,1927,0.0
125,1927,0.0
126,1927,2.0
127,1927,4.0
128,1927,1.0
129,1927,0.0
130,1927,4.0
131,1927,1.0
132,1927,1.0
133,1927,0.0
134,1927,1.0
135,1927,0.0
136,1927,0.0
137,1927,2.0
138,1927,6.0
139,1927,0.0
140,1927,0.0
141,1927,0.0
142,1927,0.0
143,1927,1.0
144,1927,2.0
145,1927,0.0
146,1927,1.0
147,1927,1.0
148,1927,1.0
149,1927,2.0
150,1927,4.0
151,1927,10.0
152,1927,6.0
153,1927,4.0
154,1927,4.0
155,1927,0.0
156,1927,0.0
157,1927,0.0
158,1927,0.0
159,1927,3.0
160,1927,1.0
161,1927,4.0
162,1927,21.0
163,1927,9.0
164,1927,4.0
165,1927,0.0
166,1927,0.0
167,1927,3.0
168,1927,6.0
169,1927,17.0
170,1927,2.0
171,1927,2.0
172,1927,0.0
173,1927,2.0
174,1927,0.0
175,1927,1.0
176,1927,2.0
177,1927,0.0
178,1927,0.0
179,1927,0.0
180,1927,1.0
181,1927,0.0
182,1927,6.0
183,1927,1.0
184,1927,1.0
185,1927,0.0
186,1927,0.0
187,1927,0.0
188,1927,4.0
189,1927,0.0
190,1927,1.0
191,1927,1.0
192,1927,1.0
193,1927,1.0
194,1927,0.0
195,1927,0.0
196,1927,0.0
197,1927,0.0
198,1927,2.0
199,1927,0.0
0,1928,0.0
1,1928,1.0
2,1928,7.0
3,1928,3.0
4,1928,3.0
5,1928,0.0
6,1928,2.0
7,1928,1.0
8,1928,0.0
9,1928,7.0
10,1928,5.0
11,1928,0.0
12,1928,1.0
13,1928,1.0
14,1928,1.0
15,1928,6.0
16,1928,5.0
17,1928,0.0
18,1928,0.0
19,1928,1.0
20,1928,0.0
21,1928,0.0
22,1928,0.0
23,1928,0.0
24,1928,0.0
25,1928,2.0
26,1928,0.0
27,1928,0.0
28,1928,1.0
29,1928,1.0
30,1928,2.0
31,1928,1.0
32,1928,0.0
33,1928,8.0
34,1928,2.0
35,1928,8.0
36,1928,1.0
37,1928,2.0
38,1928,3.0
39,1928,3.0
40,1928,0.0
41,1928,1.0
42,1928,0.0
43,1928,0.0
44,1928,0.0
45,1928,0.0
46,1928,3.0
47,1928,1.0
48,1928,0.0
49,1928,0.0
50,1928,0.0
51,1928,1.0
52,1928,2.0
53,1928,32.0
54,1928,1.0
55,1928,1.0
56,1928,2.0
57,1928,0.0
58,1928,0.0
59,1928,0.0
60,1928,0.0
61,1928,25.0
62,1928,1.0
63,1928,1.0
64,1928,3.0
65,1928,0.0
66,1928,4.0
67,1928,0.0
68,1928,0.0
69,1928,0.0
70,1928,0.0
71,1928,6.0
72,1928,36.0
73,1928,2.0
74,1928,5.0
75,1928,0.0
76,1928,3.0
77,1928,4.0
78,1928,2.0
79,1928,0.0
80,1928,19.0
81,1928,1.0
82,1928,7.0
83,1928,0.0
84,1928,1.0
85,1928,48.0
86,1928,9.0
87,1928,0.0
88,1928,0.0
89,1928,0.0
90,1928,2.0
91,1928,3.0
92,1928,12.0
93,1928,0.0
94,1928,0.0
95,1928,9.0
96,1928,8.0
97,1928,1.0
98,1928,6.0
99,1928,0.0
100,1928,0.0
101,1928,2.0
102,1928,0.0
103,1928,0.0
104,1928,0.0
105,1928,2.0
106,1928,9.0
107,1928,3.0
108,1928,3.0
109,1928,8.0
110,1928,7.0
111,1928,0.0
112,1928,4.0
113,1928,3.0
114,1928,0.0
115,1928,0.0
116,1928,1.0
117,1928,0.0
118,1928,1.0
119,1928,3.0
120,1928,0.0
121,1928,2.0
122,1928,0.0
123,1928,0.0
124,1928,0.0
125,1928,0.0
126,1928,0.0
127,1928,1.0
128,1928,2.0
129,1928,2.0
130,1928,4.0
131,1928,0.0
132,1928,0.0
133,1928,0.0
134,1928,0.0
135,1928,0.0
136,1928,0.0
137,1928,1.0
138,1928,5.0
139,1928,0.0
140,1928,1.0
141,1928,3.0
142,1928,0.0
143,1928,4.0
144,1928,1.0
145,1928,5.0
146,1928,0.0
147,1928,2.0
148,1928,0.0
149,1928,0.0
150,1928,3.0
151,1928,12.0
152,1928,3.0
153,1928,0.0
154,1928,1.0
155,1928,1.0
156,1928,0.0
157,1928,0.0
158,1928,0.0
159,1928,1.0
160,1928,6.0
161,1928,3.0
162,1928,14.0
163,1928,20.0
164,1928,2.0
165,1928,0.0
166,1928,5.0
167,1928,4.0
168,1928,1.0
169,1928,13.0
170,1928,1.0
171,1928,4.0
172,1928,0.0
173,1928,2.0
174,1928,0.0
175,1928,0.0
176,1928,1.0
177,1928,0.0
178,1928,0.0
179,1928,0.0
180,1928,1.0
181,1928,0.0
182,1928,2.0
183,1928,0.0
184,1928,0.0
185,1928,0.0
186,1928,0.0
187,1928,3.0
188,1928,6.0
189,1928,1.0
190,1928,0.0
191,1928,2.0
192,1928,0.0
193,1928,1.0
194,1928,1.0
195,1928,1.0
196,1928,0.0
197,1928,0.0
198,1928,0.0
199,1928,0.0
0,1929,2.0
1,1929,2.0
2,1929,6.0
3,1929,0.0
4,1929,0.0
5,1929,6.0
6,1929,1.0
7,1929,3.0
8,1929,0.0
9,1929,5.0
10,1929,5.0
11,1929,0.0
12,1929,6.0
13,1929,0.0
14,1929,2.0
15,1929,6.0
16,1929,1.0
17,1929,1.0
18,1929,3.0
19,1929,0.0
20,1929,0.0
21,1929,0.0
22,1929,1.0
23,1929,0.0
24,1929,1.0
25,1929,1.0
26,1929,0.0
27,1929,0.0
28,1929,1.0
29,1929,0.0
30,1929,0.0
31,1929,5.0
32,1929,1.0
33,1929,3.0
34,1929,0.0
35,1929,3.0
36,1929,0.0
37,1929,2.0
38,1929,2.0
39,1929,1.0
40,1929,0.0
41,1929,1.0
42,1929,0.0
43,1929,4.0
44,1929,0.0
45,1929,3.0
46,1929,0.0
47,1929,1.0
48,1929,2.0
49,1929,5.0
50,1929,0.0
51,1929,4.0
52,1929,0.0
53,1929,24.0
54,1929,0.0
55,1929,0.0
56,1929,2.0
57,1929,0.0
58,1929,0.0
59,1929,0.0
60,1929,0.0
61,1929,36.0
62,1929,2.0
63,1929,0.0
64,1929,5.0
65,1929,2.0
66,1929,5.0
67,1929,8.0
68,1929,2.0
69,1929,0.0
70,1929,0.0
71,1929,5.0
72,1929,8.0
73,1929,2.0
74,1929,1.0
75,1929,0.0
76,1929,0.0
77,1929,4.0
78,1929,3.0
79,1929,0.0
80,1929,20.0
81,1929,2.0
82,1929,6.0
83,1929,0.0
84,1929,5.0
85,1929,41.0
86,1929,8.0
87,1929,0.0
88,1929,1.0
89,1929,1.0
90,1929,1.0
91,1929,4.0
92,1929,13.0
93,1929,0.0
94,1929,0.0
95,1929,10.0
96,1929,3.0
97,1929,1.0
98,1929,2.0
99,1929,0.0
100,1929,0.0
101,1929,2.0
102,1929,2.0
103,1929,0.0
104,1929,0.0
105,1929,0.0
106,1929,8.0
107,1929,1.0
108,1929,2.0
109,1929,1.0
110,1929,6.0
111,1929,1.0
112,1929,2.0
113,1929,2.0
114,1929,1.0
115,1929,0.0
116,1929,0.0
117,1929,0.0
118,1929,0.0
119,1929,0.0
120,1929,0.0
121,1929,0.0
122,1929,4.0
123,1929,0.0
124,1929,1.0
125,1929,0.0
126,1929,2.0
127,1929,1.0
128,1929,0.0
129,1929,1.0
130,1929,6.0
131,1929,3.0
132,1929,1.0
133,1929,1.0
134,1929,0.0
135,1929,0.0
136,1929,2.0
137,1929,1.0
138,1929,6.0
139,1929,1.0
140,1929,0.0
141,1929,1.0
142,1929,0.0
143,1929,0.0
144,1929,4.0
145,1929,0.0
146,1929,0.0
147,1929,2.0
148,1929,2.0
149,1929,2.0
150,1929,1.0
151,1929,2.0
152,1929,7.0
153,1929,1.0
154,1929,1.0
155,1929,0.0
156,1929,1.0
157,1929,2.0
158,1929,0.0
159,1929,4.0
160,1929,6.0
161,1929,3.0
162,1929,15.0
163,1929,5.0
164,1929,1.0
165,1929,0.0
166,1929,3.0
167,1929,1.0
168,1929,2.0
169,1929,9.0
170,1929,0.0
171,1929,3.0
172,1929,1.0
173,1929,1.0
174,1929,1.0
175,1929,0.0
176,1929,0.0
177,1929,0.0
178,1929,0.0
179,1929,0.0
180,1929,3.0
181,1929,0.0
182,1929,2.0
183,1929,0.0
184,1929,2.0
185,1929,1.0
186,1929,0.0
187,1929,0.0
188,1929,4.0
189,1929,1.0
190,1929,1.0
191,1929,0.0
192,1929,1.0
193,1929,0.0
194,1929,1.0
195,1929,0.0
196,1929,1.0
197,1929,0.0
198,1929,3.0
199,1929,1.0
0,1930,0.0
1,1930,1.0
2,1930,18.0
3,1930,1.0
4,1930,1.0
5,1930,0.0
6,1930,1.0
7,1930,4.0
8,1930,0.0
9,1930,1.0
10,1930,5.0
11,1930,0.0
12,1930,2.0
13,1930,3.0
14,1930,4.0
15,1930,4.0
16,1930,0.0
17,1930,2.0
18,1930,1.0
19,1930,0.0
20,1930,0.0
21,1930,0.0
22,1930,0.0
23,1930,1.0
24,1930,0.0
25,1930,0.0
26,1930,1.0
27,1930,0.0
28,1930,4.0
29,1930,0.0
30,1930,1.0
31,1930,0.0
32,1930,0.0
33,1930,4.0
34,1930,1.0
35,1930,0.0
36,1930,2.0
37,1930,5.0
38,1930,0.0
39,1930,1.0
40,1930,3.0
41,1930,1.0
42,1930,0.0
43,1930,0.0
44,1930,0.0
45,1930,4.0
46,1930,0.0
47,1930,0.0
48,1930,1.0
49,1930,2.0
50,1930,0.0
51,1930,5.0
52,1930,1.0
53,1930,24.0
54,1930,1.0
55,1930,0.0
56,1930,0.0
57,1930,1.0
58,1930,1.0
59,1930,1.0
60,1930,3.0
61,1930,12.0
62,1930,6.0
63,1930,1.0
64,1930,1.0
65,1930,0.0
66,1930,6.0
67,1930,6.0
68,1930,6.0
69,1930,0.0
70,1930,2.0
71,1930,3.0
72,1930,23.0
73,1930,2.0
74,1930,1.0
75,1930,1.0
76,1930,0.0
77,1930,3.0
78,1930,3.0
79,1930,0.0
80,1930,12.0
81,1930,0.0
82,1930,7.0
83,1930,0.0
84,1930,6.0
85,1930,34.0
86,1930,4.0
87,1930,0.0
88,1930,0.0
89,1930,1.0
90,1930,1.0
91,1930,6.0
92,1930,8.0
93,1930,0.0
94,1930,0.0
95,1930,6.0
96,1930,9.0
97,1930,0.0
98,1930,1.0
99,1930,0.0
100,1930,0.0
101,1930,1.0
102,1930,0.0
103,1930,0.0
104,1930,0.0
105,1930,0.0
106,1930,3.0
107,1930,1.0
108,1930,2.0
109,1930,7.0
110,1930,4.0
111,1930,0.0
112,1930,3.0
113,1930,2.0
114,1930,1.0
115,1930,0.0
116,1930,1.0
117,1930,2.0
118,1930,0.0
119,1930,0.0
120,1930,0.0
121,1930,0.0
122,1930,0.0
123,1930,1.0
124,1930,2.0
125,1930,1.0
126,1930,0.0
127,1930,0.0
128,1930,0.0
129,1930,0.0
130,1930,3.0
131,1930,0.0
132,1930,0.0
133,1930,0.0
134,1930,1.0
135,1930,0.0
136,1930,0.0
137,1930,0.0
138,1930,5.0
139,1930,0.0
140,1930,0.0
141,1930,1.0
142,1930,0.0
143,1930,2.0
144,1930,2.0
145,1930,4.0
146,1930,0.0
147,1930,4.0
148,1930,0.0
149,1930,3.0
150,1930,5.0
151,1930,3.0
152,1930,10.0
153,1930,0.0
154,1930,0.0
155,1930,0.0
156,1930,1.0
157,1930,1.0
158,1930,2.0
159,1930,3.0
160,1930,4.0
161,1930,8.0
162,1930,17.0
163,1930,9.0
164,1930,3.0
165,1930,0.0
166,1930,4.0
167,1930,0.0
168,1930,2.0
169,1930,5.0
170,1930,0.0
171,1930,1.0
172,1930,1.0
173,1930,1.0
174,1930,0.0
175,1930,0.0
176,1930,0.0
177,1930,2.0
178,1930,0.0
179,1930,0.0
180,1930,3.0
181,1930,0.0
182,1930,2.0
183,1930,0.0
184,1930,0.0
185,1930,0.0
186,1930,0.0
187,1930,0.0
188,1930,2.0
189,1930,0.0
190,1930,2.0
191,1930,4.0
192,1930,0.0
193,1930,1.0
194,1930,2.0
195,1930,0.0
196,1930,0.0
197,1930,0.0
198,1930,0.0
199,1930,0.0
0,1931,0.0
1,1931,3.0
2,1931,7.0
3,1931,0.0
4,1931,4.0
5,1931,2.0
6,1931,1.0
7,1931,1.0
8,1931,0.0
9,1931,0.0
10,1931,3.0
11,1931,0.0
12,1931,0.0
13,1931,1.0
14,1931,0.0
15,1931,1.0
16,1931,0.0
17,1931,1.0
18,1931,6.0
19,1931,0.0
20,1931,0.0
21,1931,0.0
22,1931,2.0
23,1931,0.0
24,1931,0.0
25,1931,0.0
26,1931,1.0
27,1931,0.0
28,1931,0.0
29,1931,1.0
30,1931,6.0
31,1931,2.0
32,1931,3.0
33,1931,3.0
34,1931,4.0
35,1931,0.0
36,1931,0.0
37,1931,0.0
38,1931,1.0
39,1931,1.0
40,1931,2.0
41,1931,0.0
42,1931,0.0
43,1931,0.0
44,1931,0.0
45,1931,7.0
46,1931,0.0
47,1931,7.0
48,1931,0.0
49,1931,1.0
50,1931,0.0
51,1931,6.0
52,1931,2.0
53,1931,25.0
54,1931,2.0
55,1931,0.0
56,1931,2.0
57,1931,0.0
58,1931,0.0
59,1931,2.0
60,1931,2.0
61,1931,21.0
62,1931,0.0
63,1931,1.0
64,1931,1.0
65,1931,1.0
66,1931,1.0
67,1931,1.0
68,1931,1.0
69,1931,0.0
70,1931,2.0
71,1931,1.0
72,1931,13.0
73,1931,2.0
74,1931,1.0
75,1931,2.0
76,1931,0.0
77,1931,4.0
78,1931,1.0
79,1931,0.0
80,1931,12.0
81,1931,0.0
82,1931,6.0
83,1931,0.0
84,1931,3.0
85,1931,44.0
86,1931,3.0
87,1931,1.0
88,1931,1.0
89,1931,1.0
90,1931,1.0
91,1931,5.0
92,1931,5.0
93,1931,0.0
94,1931,1.0
95,1931,3.0
96,1931,4.0
97,1931,1.0
98,1931,6.0
99,1931,0.0
100,1931,0.0
101,1931,0.0
102,1931,3.0
103,1931,0.0
104,1931,0.0
105,1931,0.0
106,1931,5.0
107,1931,0.0
108,1931,5.0
109,1931,1.0
110,1931,7.0
111,1931,0.0
112,1931,1.0
113,1931,1.0
114,1931,0.0
115,1931,0.0
116,1931,0.0
117,1931,0.0
118,1931,0.0
119,1931,1.0
120,1931,0.0
121,1931,2.0
122,1931,0.0
123,1931,0.0
124,1931,1.0
125,1931,0.0
126,1931,3.0
127,1931,0.0
128,1931,0.0
129,1931,1.0
130,1931,1.0
131,1931,2.0
132,1931,2.0
133,1931,0.0
134,1931,0.0
135,1931,0.0
136,1931,1.0
137,1931,1.0
138,1931,4.0
139,1931,2.0
140,1931,1.0
141,1931,1.0
142,1931,1.0
143,1931,5.0
144,1931,1.0
145,1931,1.0
146,1931,0.0
147,1931,0.0
148,1931,0.0
149,1931,0.0
150,1931,4.0
151,1931,13.0
152,1931,4.0
153,1931,0.0
154,1931,0.0
155,1931,0.0
156,1931,0.0
157,1931,0.0
158,1931,1.0
159,1931,5.0
160,1931,5.0
161,1931,3.0
162,1931,9.0
163,1931,3.0
164,1931,0.0
165,1931,0.0
166,1931,4.0
167,1931,7.0
168,1931,1.0
169,1931,5.0
170,1931,0.0
171,1931,0.0
172,1931,4.0
173,1931,1.0
174,1931,0.0
175,1931,0.0
176,1931,0.0
177,1931,0.0
178,1931,0.0
179,1931,1.0
180,1931,3.0
181,1931,0.0
182,1931,1.0
183,1931,0.0
184,1931,1.0
185,1931,0.0
186,1931,0.0
187,1931,0.0
188,1931,1.0
189,1931,0.0
190,1931,0.0
191,1931,0.0
192,1931,0.0
193,1931,1.0
194,1931,3.0
195,1931,1.0
196,1931,0.0
197,1931,0.0
198,1931,0.0
199,1931,0.0
0,1932,0.0
1,1932,3.0
2,1932,6.0
3,1932,0.0
4,1932,4.0
5,1932,3.0
6,1932,3.0
7,1932,0.0
8,1932,0.0
9,1932,4.0
10,1932,4.0
11,1932,0.0
12,1932,0.0
13,1932,1.0
14,1932,0.0
15,1932,2.0
16,1932,2.0
17,1932,0.0
18,1932,3.0
19,1932,0.0
20,1932,3.0
21,1932,1.0
22,1932,10.0
23,1932,3.0
24,1932,0.0
25,1932,2.0
26,1932,2.0
27,1932,0.0
28,1932,0.0
29,1932,3.0
30,1932,2.0
31,1932,1.0
32,1932,1.0
33,1932,4.0
34,1932,3.0
35,1932,0.0
36,1932,1.0
37,1932,6.0
38,1932,1.0
39,1932,5.0
40,1932,2.0
41,1932,0.0
42,1932,0.0
43,1932,0.0
44,1932,0.0
45,1932,2.0
46,1932,5.0
47,1932,3.0
48,1932,2.0
49,1932,5.0
50,1932,0.0
51,1932,10.0
52,1932,2.0
53,1932,37.0
54,1932,0.0
55,1932,0.0
56,1932,0.0
57,1932,0.0
58,1932,1.0
59,1932,1.0
60,1932,0.0
61,1932,29.0
62,1932,0.0
63,1932,1.0
64,1932,4.0
65,1932,1.0
66,1932,4.0
67,1932,2.0
68,1932,2.0
69,1932,0.0
70,1932,1.0
71,1932,0.0
72,1932,25.0
73,1932,0.0
74,1932,0.0
75,1932,1.0
76,1932,0.0
77,1932,1.0
78,1932,1.0
79,1932,0.0
80,1932,16.0
81,1932,0.0
82,1932,5.0
83,1932,0.0
84,1932,10.0
85,1932,42.0
86,1932,0.0
87,1932,0.0
88,1932,3.0
89,1932,2.0
90,1932,2.0
91,1932,1.0
92,1932,26.0
93,1932,0.0
94,1932,0.0
95,1932,9.0
96,1932,10.0
97,1932,0.0
98,1932,3.0
99,1932,0.0
100,1932,0.0
101,1932,2.0
102,1932,4.0
103,1932,1.0
104,1932,0.0
105,1932,0.0
106,1932,7.0
107,1932,2.0
108,1932,1.0
109,1932,13.0
110,1932,6.0
111,1932,0.0
112,1932,2.0
113,1932,1.0
114,1932,3.0
115,1932,2.0
116,1932,2.0
117,1932,1.0
118,1932,0.0
119,1932,6.0
120,1932,1.0
121,1932,0.0
122,1932,0.0
123,1932,1.0
124,1932,1.0
125,1932,0.0
126,1932,2.0
127,1932,0.0
128,1932,2.0
129,1932,1.0
130,1932,2.0
131,1932,0.0
132,1932,1.0
133,1932,0.0
134,1932,0.0
135,1932,0.0
136,1932,0.0
137,1932,0.0
138,1932,3.0
139,1932,2.0
140,1932,1.0
141,1932,4.0
142,1932,0.0
143,1932,3.0
144,1932,2.0
145,1932,2.0
146,1932,0.0
147,1932,2.0
148,1932,2.0
149,1932,0.0
150,1932,7.0
151,1932,12.0
152,1932,5.0
153,1932,0.0
154,1932,0.0
155,1932,1.0
156,1932,1.0
157,1932,3.0
158,1932,0.0
159,1932,3.0
160,1932,10.0
161,1932,3.0
162,1932,10.0
163,1932,12.0
164,1932,1.0
165,1932,0.0
166,1932,1.0
167,1932,8.0
168,1932,5.0
169,1932,7.0
170,1932,0.0
171,1932,5.0
172,1932,0.0
173,1932,2.0
174,1932,1.0
175,1932,1.0
176,1932,0.0
177,1932,0.0
178,1932,0.0
179,1932,1.0
180,1932,0.0
181,1932,0.0
182,1932,3.0
183,1932,0.0
184,1932,0.0
185,1932,2.0
186,1932,0.0
187,1932,0.0
188,1932,4.0
189,1932,0.0
190,1932,1.0
191,1932,0.0
192,1932,0.0
193,1932,1.0
194,1932,1.0
195,1932,3.0
196,1932,0.0
197,1932,0.0
198,1932,0.0
199,1932,0.0
0,1933,0.0
1,1933,2.0
2,1933,13.0
3,1933,1.0
4,1933,4.0
5,1933,0.0
6,1933,0.0
7,1933,1.0
8,1933,0.0
9,1933,2.0
10,1933,4.0
11,1933,0.0
12,1933,6.0
13,1933,4.0
14,1933,2.0
15,1933,6.0
16,1933,4.0
17,1933,0.0
18,1933,2.0
19,1933,2.0
20,1933,0.0
21,1933,0.0
22,1933,1.0
23,1933,0.0
24,1933,0.0
25,1933,0.0
26,1933,2.0
27,1933,0.0
28,1933,0.0
29,1933,1.0
30,1933,2.0
31,1933,1.0
32,1933,0.0
33,1933,8.0
34,1933,4.0
35,1933,5.0
36,1933,0.0
37,1933,0.0
38,1933,0.0
39,1933,1.0
40,1933,2.0
41,1933,1.0
42,1933,2.0
43,1933,2.0
44,1933,1.0
45,1933,1.0
46,1933,1.0
47,1933,2.0
48,1933,0.0
49,1933,1.0
50,1933,1.0
51,1933,3.0
52,1933,3.0
53,1933,53.0
54,1933,2.0
55,1933,0.0
56,1933,0.0
57,1933,0.0
58,1933,0.0
59,1933,1.0
60,1933,2.0
61,1933,34.0
62,1933,3.0
63,1933,0.0
64,1933,3.0
65,1933,0.0
66,1933,5.0
67,1933,5.0
68,1933,0.0
69,1933,0.0
70,1933,1.0
71,1933,1.0
72,1933,20.0
73,1933,2.0
74,1933,1.0
75,1933,0.0
76,1933,4.0
77,1933,4.0
78,1933,0.0
79,1933,0.0
80,1933,26.0
81,1933,2.0
82,1933,3.0
83,1933,1.0
84,1933,10.0
85,1933,45.0
86,1933,4.0
87,1933,1.0
88,1933,2.0
89,1933,0.0
90,1933,0.0
91,1933,6.0
92,1933,28.0
93,1933,0.0
94,1933,0.0
95,1933,10.0
96,1933,9.0
97,1933,0.0
98,1933,4.0
99,1933,0.0
100,1933,0.0
101,1933,0.0
102,1933,2.0
103,1933,1.0
104,1933,0.0
105,1933,4.0
106,1933,15.0
107,1933,0.0
108,1933,0.0
109,1933,7.0
110,1933,7.0
111,1933,5.0
112,1933,1.0
113,1933,3.0
114,1933,2.0
115,1933,0.0
116,1933,1.0
117,1933,1.0
118,1933,2.0
119,1933,1.0
120,1933,0.0
121,1933,1.0
122,1933,3.0
123,1933,1.0
124,1933,3.0
125,1933,0.0
126,1933,5.0
127,1933,1.0
128,1933,0.0
129,1933,5.0
130,1933,3.0
131,1933,0.0
132,1933,3.0
133,1933,0.0
134,1933,1.0
135,1933,0.0
136,1933,0.0
137,1933,1.0
138,1933,5.0
139,1933,0.0
140,1933,0.0
141,1933,0.0
142,1933,0.0
143,1933,2.0
144,1933,2.0
145,1933,5.0
146,1933,1.0
147,1933,5.0
148,1933,0.0
149,1933,1.0
150,1933,8.0
151,1933,16.0
152,1933,4.0
153,1933,2.0
154,1933,0.0
155,1933,0.0
156,1933,0.0
157,1933,1.0
158,1933,0.0
159,1933,1.0
160,1933,5.0
161,1933,8.0
162,1933,16.0
163,1933,23.0
164,1933,5.0
165,1933,0.0
166,1933,10.0
167,1933,7.0
168,1933,10.0
169,1933,24.0
170,1933,1.0
171,1933,7.0
172,1933,0.0
173,1933,0.0
174,1933,1.0
175,1933,1.0
176,1933,2.0
177,1933,0.0
178,1933,0.0
179,1933,2.0
180,1933,3.0
181,1933,0.0
182,1933,4.0
183,1933,0.0
184,1933,0.0
185,1933,2.0
186,1933,0.0
187,1933,0.0
188,1933,7.0
189,1933,0.0
190,1933,0.0
191,1933,0.0
192,1933,0.0
193,1933,1.0
194,1933,0.0
195,1933,0.0
196,1933,1.0
197,1933,0.0
198,1933,0.0
199,1933,0.0
0,1934,0.0
1,1934,2.0
2,1934,20.0
3,1934,1.0
4,1934,1.0
5,1934,2.0
6,1934,0.0
7,1934,0.0
8,1934,0.0
9,1934,2.0
10,1934,1.0
11,1934,0.0
12,1934,5.0
13,1934,0.0
14,1934,3.0
15,1934,0.0
16,1934,0.0
17,1934,0.0
18,1934,8.0
19,1934,4.0
20,1934,0.0
21,1934,0.0
22,1934,4.0
23,1934,2.0
24,1934,0.0
25,1934,1.0
26,1934,0.0
27,1934,1.0
28,1934,2.0
29,1934,0.0
30,1934,3.0
31,1934,5.0
32,1934,6.0
33,1934,9.0
34,1934,0.0
35,1934,7.0
36,1934,0.0
37,1934,0.0
38,1934,1.0
39,1934,2.0
40,1934,0.0
41,1934,3.0
42,1934,0.0
43,1934,0.0
44,1934,3.0
45,1934,2.0
46,1934,1.0
47,1934,2.0
48,1934,0.0
49,1934,1.0
50,1934,1.0
51,1934,5.0
52,1934,2.0
53,1934,43.0
54,1934,2.0
55,1934,0.0
56,1934,0.0
57,1934,2.0
58,1934,0.0
59,1934,0.0
60,1934,0.0
61,1934,49.0
62,1934,2.0
63,1934,1.0
64,1934,2.0
65,1934,0.0
66,1934,11.0
67,1934,8.0
68,1934,3.0
69,1934,0.0
70,1934,3.0
71,1934,9.0
72,1934,40.0
73,1934,1.0
74,1934,0.0
75,1934,1.0
76,1934,4.0
77,1934,6.0
78,1934,3.0
79,1934,1.0
80,1934,38.0
81,1934,2.0
82,1934,6.0
83,1934,0.0
84,1934,11.0
85,1934,71.0
86,1934,7.0
87,1934,2.0
88,1934,3.0
89,1934,2.0
90,1934,0.0
91,1934,10.0
92,1934,22.0
93,1934,0.0
94,1934,0.0
95,1934,12.0
96,1934,10.0
97,1934,1.0
98,1934,4.0
99,1934,0.0
100,1934,0.0
101,1934,2.0
102,1934,1.0
103,1934,2.0
104,1934,0.0
105,1934,6.0
106,1934,18.0
107,1934,1.0
108,1934,1.0
109,1934,8.0
110,1934,9.0
111,1934,7.0
112,1934,2.0
113,1934,3.0
114,1934,4.0
115,1934,0.0
116,1934,1.0
117,1934,0.0
118,1934,0.0
119,1934,0.0
120,1934,0.0
121,1934,0.0
122,1934,3.0
123,1934,1.0
124,1934,1.0
125,1934,0.0
126,1934,3.0
127,1934,0.0
128,1934,3.0
129,1934,2.0
130,1934,5.0
131,1934,0.0
132,1934,1.0
133,1934,0.0
134,1934,2.0
135,1934,0.0
136,1934,1.0
137,1934,1.0
138,1934,6.0
139,1934,0.0
140,1934,0.0
141,1934,0.0
142,1934,0.0
143,1934,1.0
144,1934,7.0
145,1934,5.0
146,1934,0.0
147,1934,0.0
148,1934,2.0
149,1934,2.0
150,1934,3.0
151,1934,16.0
152,1934,2.0
153,1934,4.0
154,1934,0.0
155,1934,0.0
156,1934,0.0
157,1934,1.0
158,1934,2.0
159,1934,4.0
160,1934,8.0
161,1934,9.0
162,1934,16.0
163,1934,16.0
164,1934,3.0
165,1934,0.0
166,1934,5.0
167,1934,7.0
168,1934,3.0
169,1934,16.0
170,1934,0.0
171,1934,13.0
172,1934,3.0
173,1934,0.0
174,1934,1.0
175,1934,4.0
176,1934,2.0
177,1934,1.0
178,1934,5.0
179,1934,0.0
180,1934,4.0
181,1934,0.0
182,1934,5.0
183,1934,2.0
184,1934,1.0
185,1934,1.0
186,1934,0.0
187,1934,2.0
188,1934,10.0
189,1934,0.0
190,1934,0.0
191,1934,1.0
192,1934,0.0
193,1934,0.0
194,1934,1.0
195,1934,1.0
196,1934,0.0
197,1934,0.0
198,1934,3.0
199,1934,0.0
0,1935,0.0
1,1935,0.0
2,1935,15.0
3,1935,2.0
4,1935,0.0
5,1935,0.0
6,1935,0.0
7,1935,0.0
8,1935,0.0
9,1935,4.0
10,1935,1.0
11,1935,0.0
12,1935,0.0
13,1935,7.0
14,1935,0.0
15,1935,5.0
16,1935,3.0
17,1935,3.0
18,1935,0.0
19,1935,1.0
20,1935,0.0
21,1935,0.0
22,1935,2.0
23,1935,1.0
24,1935,1.0
25,1935,0.0
26,1935,1.0
27,1935,0.0
28,1935,0.0
29,1935,3.0
30,1935,7.0
31,1935,0.0
32,1935,1.0
33,1935,3.0
34,1935,3.0
35,1935,0.0
36,1935,0.0
37,1935,1.0
38,1935,2.0
39,1935,3.0
40,1935,2.0
41,1935,2.0
42,1935,0.0
43,1935,2.0
44,1935,0.0
45,1935,0.0
46,1935,0.0
47,1935,0.0
48,1935,0.0
49,1935,4.0
50,1935,1.0
51,1935,3.0
52,1935,0.0
53,1935,41.0
54,1935,0.0
55,1935,1.0
56,1935,1.0
57,1935,0.0
58,1935,1.0
59,1935,3.0
60,1935,0.0
61,1935,25.0
62,1935,4.0
63,1935,1.0
64,1935,5.0
65,1935,1.0
66,1935,3.0
67,1935,5.0
68,1935,3.0
69,1935,0.0
70,1935,2.0
71,1935,7.0
72,1935,18.0
73,1935,2.0
74,1935,0.0
75,1935,1.0
76,1935,4.0
77,1935,2.0
78,1935,5.0
79,1935,0.0
80,1935,30.0
81,1935,0.0
82,1935,9.0
83,1935,0.0
84,1935,9.0
85,1935,34.0
86,1935,6.0
87,1935,0.0
88,1935,3.0
89,1935,1.0
90,1935,0.0
91,1935,3.0
92,1935,14.0
93,1935,0.0
94,1935,1.0
95,1935,13.0
96,1935,8.0
97,1935,1.0
98,1935,8.0
99,1935,2.0
100,1935,0.0
101,1935,1.0
102,1935,2.0
103,1935,3.0
104,1935,0.0
105,1935,1.0
106,1935,7.0
107,1935,1.0
108,1935,4.0
109,1935,11.0
110,1935,8.0
111,1935,3.0
112,1935,3.0
113,1935,1.0
114,1935,1.0
115,1935,0.0
116,1935,0.0
117,1935,2.0
118,1935,0.0
119,1935,2.0
120,1935,0.0
121,1935,2.0
122,1935,2.0
123,1935,1.0
124,1935,1.0
125,1935,1.0
126,1935,0.0
127,1935,1.0
128,1935,1.0
129,1935,0.0
130,1935,3.0
131,1935,2.0
132,1935,1.0
133,1935,1.0
134,1935,1.0
135,1935,0.0
136,1935,0.0
137,1935,0.0
138,1935,6.0
139,1935,0.0
140,1935,2.0
141,1935,0.0
142,1935,1.0
143,1935,3.0
144,1935,6.0
145,1935,5.0
146,1935,2.0
147,1935,3.0
148,1935,0.0
149,1935,0.0
150,1935,15.0
151,1935,16.0
152,1935,9.0
153,1935,0.0
154,1935,0.0
155,1935,0.0
156,1935,0.0
157,1935,0.0
158,1935,2.0
159,1935,3.0
160,1935,4.0
161,1935,6.0
162,1935,8.0
163,1935,10.0
164,1935,3.0
165,1935,0.0
166,1935,7.0
167,1935,5.0
168,1935,8.0
169,1935,7.0
170,1935,1.0
171,1935,2.0
172,1935,0.0
173,1935,2.0
174,1935,4.0
175,1935,1.0
176,1935,1.0
177,1935,1.0
178,1935,0.0
179,1935,0.0
180,1935,0.0
181,1935,0.0
182,1935,1.0
183,1935,0.0
184,1935,1.0
185,1935,0.0
186,1935,0.0
187,1935,0.0
188,1935,1.0
189,1935,1.0
190,1935,0.0
191,1935,0.0
192,1935,0.0
193,1935,2.0
194,1935,0.0
195,1935,0.0
196,1935,0.0
197,1935,0.0
198,1935,0.0
199,1935,0.0
0,1936,0.0
1,1936,1.0
2,1936,7.0
3,1936,1.0
4,1936,1.0
5,1936,3.0
6,1936,2.0
7,1936,0.0
8,1936,0.0
9,1936,0.0
10,1936,9.0
11,1936,0.0
12,1936,1.0
13,1936,2.0
14,1936,0.0
15,1936,2.0
16,1936,0.0
17,1936,0.0
18,1936,2.0
19,1936,0.0
20,1936,0.0
21,1936,0.0
22,1936,0.0
23,1936,1.0
24,1936,1.0
25,1936,0.0
26,1936,0.0
27,1936,0.0
28,1936,0.0
29,1936,1.0
30,1936,1.0
31,1936,1.0
32,1936,2.0
33,1936,0.0
34,1936,0.0
35,1936,0.0
36,1936,0.0
37,1936,3.0
38,1936,1.0
39,1936,2.0
40,1936,0.0
41,1936,1.0
42,1936,0.0
43,1936,1.0
44,1936,1.0
45,1936,2.0
46,1936,1.0
47,1936,1.0
48,1936,1.0
49,1936,1.0
50,1936,1.0
51,1936,0.0
52,1936,1.0
53,1936,38.0
54,1936,3.0
55,1936,0.0
56,1936,1.0
57,1936,0.0
58,1936,0.0
59,1936,0.0
60,1936,0.0
61,1936,15.0
62,1936,3.0
63,1936,0.0
64,1936,1.0
65,1936,1.0
66,1936,1.0
67,1936,3.0
68,1936,2.0
69,1936,2.0
70,1936,3.0
71,1936,2.0
72,1936,49.0
73,1936,2.0
74,1936,0.0
75,1936,0.0
76,1936,1.0
77,1936,3.0
78,1936,1.0
79,1936,1.0
80,1936,7.0
81,1936,1.0
82,1936,10.0
83,1936,0.0
84,1936,8.0
85,1936,46.0
86,1936,1.0
87,1936,0.0
88,1936,1.0
89,1936,0.0
90,1936,0.0
91,1936,2.0
92,1936,10.0
93,1936,0.0
94,1936,0.0
95,1936,3.0
96,1936,5.0
97,1936,0.0
98,1936,7.0
99,1936,1.0
100,1936,9.0
101,1936,1.0
102,1936,0.0
103,1936,1.0
104,1936,0.0
105,1936,1.0
106,1936,5.0
107,1936,3.0
108,1936,2.0
109,1936,2.0
110,1936,8.0
111,1936,1.0
112,1936,0.0
113,1936,2.0
114,1936,3.0
115,1936,0.0
116,1936,1.0
117,1936,0.0
118,1936,1.0
119,1936,2.0
120,1936,1.0
121,1936,0.0
122,1936,3.0
123,1936,3.0
124,1936,1.0
125,1936,1.0
126,1936,0.0
127,1936,2.0
128,1936,2.0
129,1936,0.0
130,1936,4.0
131,1936,1.0
132,1936,1.0
133,1936,0.0
134,1936,0.0
135,1936,0.0
136,1936,0.0
137,1936,2.0
138,1936,6.0
139,1936,0.0
140,1936,0.0
141,1936,1.0
142,1936,0.0
143,1936,3.0
144,1936,2.0
145,1936,2.0
146,1936,0.0
147,1936,6.0
148,1936,0.0
149,1936,0.0
150,1936,11.0
151,1936,6.0
152,1936,11.0
153,1936,1.0
154,1936,0.0
155,1936,1.0
156,1936,0.0
157,1936,1.0
158,1936,1.0
159,1936,2.0
160,1936,10.0
161,1936,6.0
162,1936,9.0
163,1936,13.0
164,1936,2.0
165,1936,0.0
166,1936,1.0
167,1936,2.0
168,1936,6.0
169,1936,5.0
170,1936,0.0
171,1936,1.0
172,1936,2.0
173,1936,4.0
174,1936,0.0
175,1936,3.0
176,1936,1.0
177,1936,0.0
178,1936,1.0
179,1936,0.0
180,1936,0.0
181,1936,0.0
182,1936,1.0
183,1936,0.0
184,1936,1.0
185,1936,0.0
186,1936,0.0
187,1936,1.0
188,1936,0.0
189,1936,1.0
190,1936,0.0
191,1936,0.0
192,1936,0.0
193,1936,4.0
194,1936,0.0
195,1936,1.0
196,1936,0.0
197,1936,0.0
198,1936,1.0
199,1936,1.0
0,1937,0.0
1,1937,4.0
2,1937,5.0
3,1937,1.0
4,1937,7.0
5,1937,1.0
6,1937,2.0
7,1937,0.0
8,1937,0.0
9,1937,1.0
10,1937,9.0
11,1937,0.0
12,1937,0.0
13,1937,0.0
14,1937,1.0
15,1937,0.0
16,1937,0.0
17,1937,0.0
18,1937,1.0
19,1937,0.0
20,1937,3.0
21,1937,0.0
22,1937,1.0
23,1937,1.0
24,1937,0.0
25,1937,0.0
26,1937,3.0
27,1937,0.0
28,1937,0.0
29,1937,0.0
30,1937,5.0
31,1937,2.0
32,1937,0.0
33,1937,10.0
34,1937,2.0
35,1937,0.0
36,1937,0.0
37,1937,1.0
38,1937,0.0
39,1937,1.0
40,1937,0.0
41,1937,0.0
42,1937,0.0
43,1937,0.0
44,1937,1.0
45,1937,1.0
46,1937,0.0
47,1937,0.0
48,1937,0.0
49,1937,1.0
50,1937,0.0
51,1937,2.0
52,1937,2.0
53,1937,16.0
54,1937,0.0
55,1937,0.0
56,1937,0.0
57,1937,1.0
58,1937,2.0
59,1937,2.0
60,1937,0.0
61,1937,24.0
62,1937,3.0
63,1937,0.0
64,1937,1.0
65,1937,0.0
66,1937,1.0
67,1937,1.0
68,1937,2.0
69,1937,1.0
70,1937,0.0
71,1937,7.0
72,1937,30.0
73,1937,1.0
74,1937,0.0
75,1937,0.0
76,1937,1.0
77,1937,8.0
78,1937,2.0
79,1937,0.0
80,1937,21.0
81,1937,0.0
82,1937,5.0
83,1937,0.0
84,1937,13.0
85,1937,33.0
86,1937,6.0
87,1937,9.0
88,1937,0.0
89,1937,0.0
90,1937,0.0
91,1937,2.0
92,1937,12.0
93,1937,0.0
94,1937,0.0
95,1937,6.0
96,1937,0.0
97,1937,1.0
98,1937,3.0
99,1937,0.0
100,1937,0.0
101,1937,0.0
102,1937,0.0
103,1937,1.0
104,1937,0.0
105,1937,3.0
106,1937,8.0
107,1937,1.0
108,1937,0.0
109,1937,12.0
110,1937,9.0
111,1937,0.0
112,1937,0.0
113,1937,1.0
114,1937,3.0
115,1937,0.0
116,1937,2.0
117,1937,0.0
118,1937,0.0
119,1937,4.0
120,1937,0.0
121,1937,0.0
122,1937,1.0
123,1937,0.0
124,1937,1.0
125,1937,2.0
126,1937,1.0
127,1937,3.0
128,1937,0.0
129,1937,2.0
130,1937,2.0
131,1937,0.0
132,1937,0.0
133,1937,0.0
134,1937,0.0
135,1937,0.0
136,1937,2.0
137,1937,0.0
138,1937,3.0
139,1937,2.0
140,1937,0.0
141,1937,1.0
142,1937,0.0
143,1937,0.0
144,1937,0.0
145,1937,2.0
146,1937,2.0
147,1937,2.0
148,1937,1.0
149,1937,0.0
150,1937,3.0
151,1937,14.0
152,1937,5.0
153,1937,0.0
154,1937,0.0
155,1937,0.0
156,1937,0.0
157,1937,1.0
158,1937,2.0
159,1937,3.0
160,1937,2.0
161,1937,4.0
162,1937,5.0
163,1937,19.0
164,1937,3.0
165,1937,0.0
166,1937,4.0
167,1937,1.0
168,1937,6.0
169,1937,4.0
170,1937,1.0
171,1937,2.0
172,1937,3.0
173,1937,1.0
174,1937,1.0
175,1937,0.0
176,1937,0.0
177,1937,0.0
178,1937,0.0
179,1937,1.0
180,1937,0.0
181,1937,0.0
182,1937,1.0
183,1937,0.0
184,1937,1.0
185,1937,0.0
186,1937,0.0
187,1937,1.0
188,1937,5.0
189,1937,0.0
190,1937,0.0
191,1937,0.0
192,1937,1.0
193,1937,0.0
194,1937,2.0
195,1937,0.0
196,1937,0.0
197,1937,0.0
198,1937,0.0
199,1937,0.0
0,1938,2.0
1,1938,1.0
2,1938,5.0
3,1938,0.0
4,1938,1.0
5,1938,2.0
6,1938,0.0
7,1938,0.0
8,1938,0.0
9,1938,4.0
10,1938,7.0
11,1938,0.0
12,1938,5.0
13,1938,0.0
14,1938,1.0
15,1938,0.0
16,1938,2.0
17,1938,0.0
18,1938,2.0
19,1938,0.0
20,1938,0.0
21,1938,0.0
22,1938,1.0
23,1938,0.0
24,1938,0.0
25,1938,0.0
26,1938,0.0
27,1938,0.0
28,1938,0.0
29,1938,0.0
30,1938,3.0
31,1938,0.0
32,1938,1.0
33,1938,0.0
34,1938,4.0
35,1938,8.0
36,1938,0.0
37,1938,1.0
38,1938,0.0
39,1938,0.0
40,1938,1.0
41,1938,0.0
42,1938,2.0
43,1938,0.0
44,1938,0.0
45,1938,1.0
46,1938,0.0
47,1938,2.0
48,1938,0.0
49,1938,0.0
50,1938,2.0
51,1938,0.0
52,1938,2.0
53,1938,23.0
54,1938,0.0
55,1938,0.0
56,1938,0.0
57,1938,0.0
58,1938,0.0
59,1938,0.0
60,1938,0.0
61,1938,18.0
62,1938,2.0
63,1938,0.0
64,1938,4.0
65,1938,0.0
66,1938,4.0
67,1938,3.0
68,1938,0.0
69,1938,0.0
70,1938,0.0
71,1938,4.0
72,1938,16.0
73,1938,1.0
74,1938,1.0
75,1938,2.0
76,1938,1.0
77,1938,7.0
78,1938,2.0
79,1938,0.0
80,1938,15.0
81,1938,1.0
82,1938,3.0
83,1938,0.0
84,1938,4.0
85,1938,18.0
86,1938,4.0
87,1938,0.0
88,1938,0.0
89,1938,0.0
90,1938,2.0
91,1938,1.0
92,1938,22.0
93,1938,0.0
94,1938,0.0
95,1938,8.0
96,1938,1.0
97,1938,0.0
98,1938,6.0
99,1938,0.0
100,1938,0.0
101,1938,1.0
102,1938,0.0
103,1938,1.0
104,1938,0.0
105,1938,1.0
106,1938,3.0
107,1938,1.0
108,1938,2.0
109,1938,0.0
110,1938,4.0
111,1938,2.0
112,1938,0.0
113,1938,0.0
114,1938,0.0
115,1938,2.0
116,1938,1.0
117,1938,0.0
118,1938,1.0
119,1938,0.0
120,1938,0.0
121,1938,0.0
122,1938,4.0
123,1938,0.0
124,1938,0.0
125,1938,0.0
126,1938,1.0
127,1938,1.0
128,1938,2.0
129,1938,1.0
130,1938,4.0
131,1938,0.0
132,1938,0.0
133,1938,0.0
134,1938,0.0
135,1938,0.0
136,1938,0.0
137,1938,0.0
138,1938,2.0
139,1938,1.0
140,1938,0.0
141,1938,0.0
142,1938,0.0
143,1938,2.0
144,1938,0.0
145,1938,3.0
146,1938,0.0
147,1938,8.0
148,1938,0.0
149,1938,1.0
150,1938,0.0
151,1938,17.0
152,1938,6.0
153,1938,2.0
154,1938,0.0
155,1938,0.0
156,1938,0.0
157,1938,1.0
158,1938,2.0
159,1938,5.0
160,1938,7.0
161,1938,6.0
162,1938,5.0
163,1938,9.0
164,1938,2.0
165,1938,0.0
166,1938,2.0
167,1938,6.0
168,1938,11.0
169,1938,8.0
170,1938,0.0
171,1938,2.0
172,1938,1.0
173,1938,0.0
174,1938,1.0
175,1938,3.0
176,1938,0.0
177,1938,0.0
178,1938,0.0
179,1938,0.0
180,1938,0.0
181,1938,0.0
182,1938,3.0
183,1938,0.0
184,1938,1.0
185,1938,0.0
186,1938,0.0
187,1938,0.0
188,1938,6.0
189,1938,1.0
190,1938,1.0
191,1938,0.0
192,1938,0.0
193,1938,0.0
194,1938,1.0
195,1938,0.0
196,1938,0.0
197,1938,0.0
198,1938,0.0
199,1938,0.0
0,1939,0.0
1,1939,5.0
2,1939,12.0
3,1939,0.0
4,1939,0.0
5,1939,0.0
6,1939,0.0
7,1939,0.0
8,1939,0.0
9,1939,1.0
10,1939,10.0
11,1939,0.0
12,1939,0.0
13,1939,1.0
14,1939,0.0
15,1939,1.0
16,1939,0.0
17,1939,0.0
18,1939,0.0
19,1939,0.0
20,1939,0.0
21,1939,0.0
22,1939,3.0
23,1939,0.0
24,1939,1.0
25,1939,1.0
26,1939,0.0
27,1939,0.0
28,1939,1.0
29,1939,0.0
30,1939,0.0
31,1939,0.0
32,1939,0.0
33,1939,0.0
34,1939,5.0
35,1939,3.0
36,1939,0.0
37,1939,3.0
38,1939,1.0
39,1939,1.0
40,1939,2.0
41,1939,0.0
42,1939,2.0
43,1939,0.0
44,1939,1.0
45,1939,0.0
46,1939,1.0
47,1939,0.0
48,1939,0.0
49,1939,1.0
50,1939,1.0
51,1939,1.0
52,1939,0.0
53,1939,33.0
54,1939,0.0
55,1939,2.0
56,1939,2.0
57,1939,1.0
58,1939,1.0
59,1939,2.0
60,1939,1.0
61,1939,26.0
62,1939,10.0
63,1939,0.0
64,1939,6.0
65,1939,1.0
66,1939,5.0
67,1939,4.0
68,1939,3.0
69,1939,0.0
70,1939,1.0
71,1939,2.0
72,1939,15.0
73,1939,1.0
74,1939,0.0
75,1939,2.0
76,1939,1.0
77,1939,2.0
78,1939,0.0
79,1939,0.0
80,1939,11.0
81,1939,2.0
82,1939,6.0
83,1939,0.0
84,1939,5.0
85,1939,33.0
86,1939,3.0
87,1939,0.0
88,1939,3.0
89,1939,0.0
90,1939,2.0
91,1939,4.0
92,1939,23.0
93,1939,0.0
94,1939,1.0
95,1939,8.0
96,1939,3.0
97,1939,2.0
98,1939,9.0
99,1939,0.0
100,1939,0.0
101,1939,1.0
102,1939,0.0
103,1939,0.0
104,1939,0.0
105,1939,4.0
106,1939,8.0
107,1939,1.0
108,1939,1.0
109,1939,3.0
110,1939,7.0
111,1939,3.0
112,1939,0.0
113,1939,2.0
114,1939,3.0
115,1939,0.0
116,1939,1.0
117,1939,0.0
118,1939,0.0
119,1939,2.0
120,1939,0.0
121,1939,1.0
122,1939,3.0
123,1939,0.0
124,1939,3.0
125,1939,0.0
126,1939,1.0
127,1939,2.0
128,1939,1.0
129,1939,0.0
130,1939,4.0
131,1939,0.0
132,1939,1.0
133,1939,0.0
134,1939,0.0
135,1939,0.0
136,1939,1.0
137,1939,1.0
138,1939,4.0
139,1939,0.0
140,1939,1.0
141,1939,1.0
142,1939,1.0
143,1939,3.0
144,1939,3.0
145,1939,3.0
146,1939,0.0
147,1939,5.0
148,1939,0.0
149,1939,2.0
150,1939,0.0
151,1939,9.0
152,1939,12.0
153,1939,0.0
154,1939,0.0
155,1939,1.0
156,1939,0.0
157,1939,1.0
158,1939,3.0
159,1939,4.0
160,1939,6.0
161,1939,5.0
162,1939,9.0
163,1939,11.0
164,1939,4.0
165,1939,0.0
166,1939,4.0
167,1939,9.0
168,1939,5.0
169,1939,9.0
170,1939,0.0
171,1939,2.0
172,1939,0.0
173,1939,3.0
174,1939,0.0
175,1939,3.0
176,1939,2.0
177,1939,0.0
178,1939,0.0
179,1939,0.0
180,1939,3.0
181,1939,0.0
182,1939,1.0
183,1939,0.0
184,1939,3.0
185,1939,1.0
186,1939,0.0
187,1939,1.0
188,1939,6.0
189,1939,0.0
190,1939,0.0
191,1939,0.0
192,1939,0.0
193,1939,1.0
194,1939,0.0
195,1939,0.0
196,1939,4.0
197,1939,0.0
198,1939,0.0
199,1939,0.0
0,1940,2.0
1,1940,2.0
2,1940,9.0
3,1940,0.0
4,1940,1.0
5,1940,1.0
6,1940,0.0
7,1940,1.0
8,1940,0.0
9,1940,7.0
10,1940,7.0
11,1940,0.0
12,1940,2.0
13,1940,1.0
14,1940,0.0
15,1940,0.0
16,1940,2.0
17,1940,0.0
18,1940,4.0
19,1940,0.0
20,1940,0.0
21,1940,0.0
22,1940,0.0
23,1940,2.0
24,1940,1.0
25,1940,0.0
26,1940,1.0
27,1940,0.0
28,1940,1.0
29,1940,0.0
30,1940,0.0
31,1940,0.0
32,1940,2.0
33,1940,1.0
34,1940,1.0
35,1940,9.0
36,1940,1.0
37,1940,3.0
38,1940,0.0
39,1940,0.0
40,1940,0.0
41,1940,1.0
42,1940,0.0
43,1940,3.0
44,1940,0.0
45,1940,0.0
46,1940,3.0
47,1940,1.0
48,1940,0.0
49,1940,1.0
50,1940,0.0
51,1940,6.0
52,1940,2.0
53,1940,66.0
54,1940,0.0
55,1940,0.0
56,1940,5.0
57,1940,1.0
58,1940,0.0
59,1940,0.0
60,1940,1.0
61,1940,34.0
62,1940,5.0
63,1940,0.0
64,1940,3.0
65,1940,0.0
66,1940,4.0
67,1940,2.0
68,1940,6.0
69,1940,1.0
70,1940,1.0
71,1940,4.0
72,1940,17.0
73,1940,4.0
74,1940,0.0
75,1940,0.0
76,1940,1.0
77,1940,3.0
78,1940,2.0
79,1940,0.0
80,1940,19.0
81,1940,0.0
82,1940,6.0
83,1940,0.0
84,1940,8.0
85,1940,48.0
86,1940,3.0
87,1940,1.0
88,1940,1.0
89,1940,0.0
90,1940,1.0
91,1940,5.0
92,1940,22.0
93,1940,0.0
94,1940,2.0
95,1940,3.0
96,1940,6.0
97,1940,0.0
98,1940,9.0
99,1940,0.0
100,1940,0.0
101,1940,0.0
102,1940,0.0
103,1940,3.0
104,1940,0.0
105,1940,4.0
106,1940,20.0
107,1940,3.0
108,1940,2.0
109,1940,5.0
110,1940,8.0
111,1940,3.0
112,1940,0.0
113,1940,1.0
114,1940,2.0
115,1940,0.0
116,1940,1.0
117,1940,1.0
118,1940,0.0
119,1940,5.0
120,1940,1.0
121,1940,2.0
122,1940,1.0
123,1940,2.0
124,1940,0.0
125,1940,0.0
126,1940,3.0
127,1940,0.0
128,1940,4.0
129,1940,2.0
130,1940,6.0
131,1940,4.0
132,1940,1.0
133,1940,1.0
134,1940,0.0
135,1940,0.0
136,1940,1.0
137,1940,1.0
138,1940,3.0
139,1940,2.0
140,1940,0.0
141,1940,14.0
142,1940,0.0
143,1940,6.0
144,1940,7.0
145,1940,4.0
146,1940,1.0
147,1940,1.0
148,1940,0.0
149,1940,0.0
150,1940,9.0
151,1940,10.0
152,1940,7.0
153,1940,3.0
154,1940,0.0
155,1940,0.0
156,1940,0.0
157,1940,0.0
158,1940,0.0
159,1940,3.0
160,1940,8.0
161,1940,5.0
162,1940,17.0
163,1940,8.0
164,1940,3.0
165,1940,0.0
166,1940,9.0
167,1940,4.0
168,1940,6.0
169,1940,25.0
170,1940,2.0
171,1940,6.0
172,1940,0.0
173,1940,0.0
174,1940,0.0
175,1940,0.0
176,1940,0.0
177,1940,1.0
178,1940,0.0
179,1940,1.0
180,1940,0.0
181,1940,1.0
182,1940,3.0
183,1940,0.0
184,1940,0.0
185,1940,0.0
186,1940,0.0
187,1940,0.0
188,1940,4.0
189,1940,0.0
190,1940,1.0
191,1940,1.0
192,1940,0.0
193,1940,0.0
194,1940,0.0
195,1940,0.0
196,1940,0.0
197,1940,0.0
198,1940,2.0
199,1940,0.0
0,1941,1.0
1,1941,0.0
2,1941,14.0
3,1941,0.0
4,1941,1.0
5,1941,0.0
6,1941,0.0
7,1941,1.0
8,1941,0.0
9,1941,3.0
10,1941,8.0
11,1941,0.0
12,1941,1.0
13,1941,2.0
14,1941,0.0
15,1941,0.0
16,1941,2.0
17,1941,1.0
18,1941,1.0
19,1941,1.0
20,1941,0.0
21,1941,0.0
22,1941,0.0
23,1941,0.0
24,1941,2.0
25,1941,1.0
26,1941,1.0
27,1941,1.0
28,1941,0.0
29,1941,2.0
30,1941,1.0
31,1941,2.0
32,1941,2.0
33,1941,9.0
34,1941,2.0
35,1941,6.0
36,1941,2.0
37,1941,0.0
38,1941,2.0
39,1941,3.0
40,1941,0.0
41,1941,1.0
42,1941,0.0
43,1941,1.0
44,1941,1.0
45,1941,0.0
46,1941,1.0
47,1941,0.0
48,1941,3.0
49,1941,6.0
50,1941,2.0
51,1941,8.0
52,1941,4.0
53,1941,114.0
54,1941,0.0
55,1941,1.0
56,1941,2.0
57,1941,1.0
58,1941,0.0
59,1941,2.0
60,1941,0.0
61,1941,37.0
62,1941,13.0
63,1941,0.0
64,1941,2.0
65,1941,0.0
66,1941,1.0
67,1941,2.0
68,1941,3.0
69,1941,0.0
70,1941,0.0
71,1941,1.0
72,1941,40.0
73,1941,2.0
74,1941,2.0
75,1941,0.0
76,1941,3.0
77,1941,7.0
78,1941,2.0
79,1941,2.0
80,1941,38.0
81,1941,2.0
82,1941,7.0
83,1941,1.0
84,1941,15.0
85,1941,43.0
86,1941,13.0
87,1941,1.0
88,1941,5.0
89,1941,1.0
90,1941,2.0
91,1941,7.0
92,1941,14.0
93,1941,1.0
94,1941,0.0
95,1941,9.0
96,1941,0.0
97,1941,0.0
98,1941,12.0
99,1941,0.0
100,1941,0.0
101,1941,0.0
102,1941,1.0
103,1941,3.0
104,1941,0.0
105,1941,6.0
106,1941,14.0
107,1941,4.0
108,1941,1.0
109,1941,9.0
110,1941,7.0
111,1941,5.0
112,1941,0.0
113,1941,1.0
114,1941,3.0
115,1941,2.0
116,1941,1.0
117,1941,0.0
118,1941,0.0
119,1941,5.0
120,1941,1.0
121,1941,2.0
122,1941,1.0
123,1941,0.0
124,1941,2.0
125,1941,0.0
126,1941,2.0
127,1941,0.0
128,1941,2.0
129,1941,1.0
130,1941,2.0
131,1941,2.0
132,1941,5.0
133,1941,0.0
134,1941,0.0
135,1941,0.0
136,1941,2.0
137,1941,0.0
138,1941,9.0
139,1941,0.0
140,1941,2.0
141,1941,1.0
142,1941,0.0
143,1941,1.0
144,1941,3.0
145,1941,3.0
146,1941,0.0
147,1941,8.0
148,1941,2.0
149,1941,0.0
150,1941,5.0
151,1941,12.0
152,1941,10.0
153,1941,1.0
154,1941,0.0
155,1941,0.0
156,1941,0.0
157,1941,1.0
158,1941,0.0
159,1941,10.0
160,1941,7.0
161,1941,5.0
162,1941,28.0
163,1941,12.0
164,1941,4.0
165,1941,0.0
166,1941,3.0
167,1941,4.0
168,1941,5.0
169,1941,21.0
170,1941,0.0
171,1941,2.0
172,1941,1.0
173,1941,0.0
174,1941,0.0
175,1941,0.0
176,1941,0.0
177,1941,0.0
178,1941,2.0
179,1941,1.0
180,1941,2.0
181,1941,0.0
182,1941,2.0
183,1941,0.0
184,1941,1.0
185,1941,0.0
186,1941,0.0
187,1941,1.0
188,1941,2.0
189,1941,1.0
190,1941,0.0
191,1941,0.0
192,1941,0.0
193,1941,3.0
194,1941,0.0
195,1941,1.0
196,1941,0.0
197,1941,0.0
198,1941,0.0
199,1941,0.0
